{ "credit": "www.sebxter.pl", "textures": { "0": "item/samsung_galaxy_s20", "1": "item/samsung_galaxy_s20_back", "particle": "item/samsung_galaxy_s20" }, "elements": [ { "name": "samsung_galaxy_s20_6", "from": [4.9375, 0, 7.5], "to": [5.1875, 0.25, 8.5], "rotation": {"angle": 0, "axis": "y", "origin": [16.1875, 18, 7.5]}, "faces": { "north": {"uv": [11.25, 15.75, 11, 15.5], "rotation": 180, "texture": "#0"}, "east": {"uv": [11.25, 15.5, 11, 15.75], "texture": "#0"}, "south": {"uv": [11.25, 15.5, 11, 15.75], "texture": "#1"}, "west": {"uv": [11.25, 15.5, 11, 15.75], "texture": "#0"}, "up": {"uv": [11, 15.5, 11.25, 15.75], "rotation": 180, "texture": "#0"}, "down": {"uv": [11.25, 15.5, 11, 15.75], "texture": "#0"} } }, { "name": "samsung_galaxy_s20_5", "from": [11.1875, 0, 7.5], "to": [11.4375, 0.25, 8.5], "rotation": {"angle": 0, "axis": "y", "origin": [16.1875, 18, 7.5]}, "faces": { "north": {"uv": [5, 15.75, 4.75, 15.5], "rotation": 180, "texture": "#0"}, "east": {"uv": [5, 15.5, 4.75, 15.75], "texture": "#0"}, "south": {"uv": [5, 15.5, 4.75, 15.75], "texture": "#1"}, "west": {"uv": [5, 15.5, 4.75, 15.75], "texture": "#0"}, "up": {"uv": [4.75, 15.5, 5, 15.75], "rotation": 180, "texture": "#0"}, "down": {"uv": [5, 15.5, 4.75, 15.75], "texture": "#0"} } }, { "name": "samsung_galaxy_s20_4", "from": [4.4375, 8.75, 7.5], "to": [4.6875, 9.75, 8.5], "rotation": {"angle": 0, "axis": "y", "origin": [16.1875, 18, 7.5]}, "faces": { "north": {"uv": [11.75, 7, 11.5, 6], "rotation": 180, "texture": "#0"}, "east": {"uv": [11.75, 6, 11.5, 7], "texture": "#0"}, "south": {"uv": [11.75, 6, 11.5, 7], "texture": "#1"}, "west": {"uv": [11.75, 6, 11.5, 7], "texture": "#0"}, "up": {"uv": [11.5, 6, 11.75, 6.25], "rotation": 180, "texture": "#0"}, "down": {"uv": [11.75, 6.75, 11.5, 7], "texture": "#0"} } }, { "name": "samsung_galaxy_s20_3", "from": [4.4375, 10.5, 7.5], "to": [4.6875, 12.25, 8.5], "rotation": {"angle": 0, "axis": "y", "origin": [16.1875, 18, 7.5]}, "faces": { "north": {"uv": [11.75, 5.25, 11.5, 3.5], "rotation": 180, "texture": "#0"}, "east": {"uv": [11.75, 3.5, 11.5, 5.25], "texture": "#0"}, "south": {"uv": [11.75, 3.5, 11.5, 5.25], "texture": "#1"}, "west": {"uv": [11.75, 3.5, 11.5, 5.25], "texture": "#0"}, "up": {"uv": [11.5, 3.5, 11.75, 3.75], "rotation": 180, "texture": "#0"}, "down": {"uv": [11.75, 5, 11.5, 5.25], "texture": "#0"} } }, { "name": "samsung_galaxy_s20_2", "from": [4.6875, 0.25, 7.5], "to": [5.1875, 15.25, 8.5], "rotation": {"angle": 0, "axis": "y", "origin": [16.1875, 18, 7.5]}, "faces": { "north": {"uv": [11.5, 15.5, 11, 0.5], "rotation": 180, "texture": "#0"}, "east": {"uv": [11.25, 0.5, 11, 15.5], "texture": "#0"}, "south": {"uv": [11.5, 0.5, 11, 15.5], "texture": "#1"}, "west": {"uv": [11.5, 0.5, 11.25, 15.5], "texture": "#0"}, "up": {"uv": [11, 0.5, 11.5, 0.75], "rotation": 180, "texture": "#0"}, "down": {"uv": [11.5, 15.25, 11, 15.5], "texture": "#0"} } }, { "name": "samsung_galaxy_s20_1", "from": [11.1875, 0.25, 7.5], "to": [11.6875, 15.25, 8.5], "rotation": {"angle": 0, "axis": "y", "origin": [16.1875, 18, 7.5]}, "faces": { "north": {"uv": [5, 15.5, 4.5, 0.5], "rotation": 180, "texture": "#0"}, "east": {"uv": [4.75, 0.5, 4.5, 15.5], "texture": "#0"}, "south": {"uv": [5, 0.5, 4.5, 15.5], "texture": "#1"}, "west": {"uv": [5, 0.5, 4.75, 15.5], "texture": "#0"}, "up": {"uv": [4.5, 0.5, 5, 0.75], "rotation": 180, "texture": "#0"}, "down": {"uv": [5, 15.25, 4.5, 15.5], "texture": "#0"} } }, { "name": "samsung_galaxy_s20_0", "from": [5.1875, 0, 7.5], "to": [11.1875, 15.5, 8.5], "rotation": {"angle": 0, "axis": "y", "origin": [16.1875, 18, 7.5]}, "faces": { "north": {"uv": [11, 15.75, 5, 0.25], "rotation": 180, "texture": "#0"}, "east": {"uv": [5.25, 0.25, 5, 15.75], "texture": "#0"}, "south": {"uv": [11, 0.25, 5, 15.75], "texture": "#1"}, "west": {"uv": [11, 0.25, 10.75, 15.75], "texture": "#0"}, "up": {"uv": [5, 0.25, 11, 0.5], "rotation": 180, "texture": "#0"}, "down": {"uv": [11, 15.5, 5, 15.75], "texture": "#0"} } } ], "gui_light": "front", "display": { "thirdperson_righthand": { "rotation": [0, -180, 0], "translation": [0, 2, 0.5], "scale": [0.35, 0.35, 0.35] }, "thirdperson_lefthand": { "rotation": [0, -180, 0], "translation": [0, 2, 0.5], "scale": [0.35, 0.35, 0.35] }, "firstperson_righthand": { "rotation": [0, -180, 0], "translation": [0.5, 4.5, 0], "scale": [0.6, 0.6, 0.6] }, "firstperson_lefthand": { "rotation": [0, -180, 0], "translation": [0.5, 4.5, 0], "scale": [0.6, 0.6, 0.6] }, "ground": { "translation": [0, 2, 0], "scale": [0.5, 0.5, 0.5] }, "gui": { "rotation": [0, -180, 0], "translation": [0, 0.25, 0] } } }