{ "credit": "www.sebxter.pl", "textures": { "0": "item/xiaomi_mi_10", "1": "item/xiaomi_mi_10_back", "particle": "item/xiaomi_mi_10" }, "elements": [ { "name": "xiaomi_mi_10_4", "from": [4.25, 0.75, 7.5], "to": [4.5, 15.25, 8.5], "rotation": {"angle": 0, "axis": "y", "origin": [16, 16, 7.5]}, "faces": { "north": {"uv": [11.75, 15.25, 11.5, 0.75], "rotation": 180, "texture": "#0"}, "east": {"uv": [11.75, 0.75, 11.5, 15.25], "texture": "#0"}, "south": {"uv": [11.75, 0.75, 11.5, 15.25], "texture": "#1"}, "west": {"uv": [11.75, 0.75, 11.5, 15.25], "texture": "#0"}, "up": {"uv": [11.5, 0.75, 11.75, 1], "rotation": 180, "texture": "#0"}, "down": {"uv": [11.75, 15, 11.5, 15.25], "texture": "#0"} } }, { "name": "xiaomi_mi_10_3", "from": [11.5, 0.75, 7.5], "to": [11.75, 15.25, 8.5], "rotation": {"angle": 0, "axis": "y", "origin": [16, 16, 7.5]}, "faces": { "north": {"uv": [4.5, 15.25, 4.25, 0.75], "rotation": 180, "texture": "#0"}, "east": {"uv": [4.5, 0.75, 4.25, 15.25], "texture": "#0"}, "south": {"uv": [4.5, 0.75, 4.25, 15.25], "texture": "#1"}, "west": {"uv": [4.5, 0.75, 4.25, 15.25], "texture": "#0"}, "up": {"uv": [4.25, 0.75, 4.5, 1], "rotation": 180, "texture": "#0"}, "down": {"uv": [4.5, 15, 4.25, 15.25], "texture": "#0"} } }, { "name": "xiaomi_mi_10_2", "from": [4.5, 0.25, 7.5], "to": [5, 15.75, 8.5], "rotation": {"angle": 0, "axis": "y", "origin": [16, 16, 7.5]}, "faces": { "north": {"uv": [11.5, 15.75, 11, 0.25], "rotation": 180, "texture": "#0"}, "east": {"uv": [11.25, 0.25, 11, 15.75], "texture": "#0"}, "south": {"uv": [11.5, 0.25, 11, 15.75], "texture": "#1"}, "west": {"uv": [11.5, 0.25, 11.25, 15.75], "texture": "#0"}, "up": {"uv": [11, 0.25, 11.5, 0.5], "rotation": 180, "texture": "#0"}, "down": {"uv": [11.5, 15.5, 11, 15.75], "texture": "#0"} } }, { "name": "xiaomi_mi_10_1", "from": [11, 0.25, 7.5], "to": [11.5, 15.75, 8.5], "rotation": {"angle": 0, "axis": "y", "origin": [16, 16, 7.5]}, "faces": { "north": {"uv": [5, 15.75, 4.5, 0.25], "rotation": 180, "texture": "#0"}, "east": {"uv": [4.75, 0.25, 4.5, 15.75], "texture": "#0"}, "south": {"uv": [5, 0.25, 4.5, 15.75], "texture": "#1"}, "west": {"uv": [5, 0.25, 4.75, 15.75], "texture": "#0"}, "up": {"uv": [4.5, 0.25, 5, 0.5], "rotation": 180, "texture": "#0"}, "down": {"uv": [5, 15.5, 4.5, 15.75], "texture": "#0"} } }, { "name": "xiaomi_mi_10_0", "from": [5, 0, 7.5], "to": [11, 16, 8.5], "rotation": {"angle": 0, "axis": "y", "origin": [16, 16, 7.5]}, "faces": { "north": {"uv": [11, 16, 5, 0], "rotation": 180, "texture": "#0"}, "east": {"uv": [5.25, 0, 5, 16], "texture": "#0"}, "south": {"uv": [11, 0, 5, 16], "texture": "#1"}, "west": {"uv": [11, 0, 10.75, 16], "texture": "#0"}, "up": {"uv": [5, 0, 11, 0.25], "rotation": 180, "texture": "#0"}, "down": {"uv": [11, 15.75, 5, 16], "texture": "#0"} } } ], "gui_light": "front", "display": { "thirdperson_righthand": { "rotation": [0, -180, 0], "translation": [0, 2, 0.5], "scale": [0.35, 0.35, 0.35] }, "thirdperson_lefthand": { "rotation": [0, -180, 0], "translation": [0, 2, 0.5], "scale": [0.35, 0.35, 0.35] }, "firstperson_righthand": { "rotation": [0, -180, 0], "translation": [0.5, 4.5, 0], "scale": [0.6, 0.6, 0.6] }, "firstperson_lefthand": { "rotation": [0, -180, 0], "translation": [0.5, 4.5, 0], "scale": [0.6, 0.6, 0.6] }, "ground": { "translation": [0, 2, 0], "scale": [0.5, 0.5, 0.5] }, "gui": { "rotation": [0, -180, 0] } } }