{ "credit": "Made with Blockbench", "textures": { "0": "block/wool_colored_white", "1": "block/wool_colored_silver", "particle": "block/wool_colored_white" }, "elements": [ { "from": [8, 0, 6.9], "to": [9, 0.2, 8], "rotation": {"angle": 0, "axis": "y", "origin": [16, 8, 15]}, "faces": { "north": {"uv": [0, 0, 1, 0.1], "texture": "#1"}, "east": {"uv": [0, 0, 1, 0.1], "texture": "#1"}, "south": {"uv": [0, 0, 1, 0.1], "texture": "#1"}, "west": {"uv": [0, 0, 1, 0.1], "texture": "#1"}, "up": {"uv": [0, 0, 1, 0.1], "texture": "#1"}, "down": {"uv": [0, 0, 1, 0.1], "texture": "#1"} } }, { "from": [7.8, -0.5, 6.7], "to": [9.2, 0, 8.2], "rotation": {"angle": 0, "axis": "y", "origin": [16, 7.8, 15]}, "faces": { "north": {"uv": [0, 0, 1.8, 0.5], "texture": "#1"}, "east": {"uv": [0, 0, 1.8, 0.5], "texture": "#1"}, "south": {"uv": [0, 0, 1.8, 0.5], "texture": "#1"}, "west": {"uv": [0, 0, 1.8, 0.5], "texture": "#1"}, "up": {"uv": [0, 0, 1.8, 0.5], "texture": "#1"}, "down": {"uv": [0, 0, 1.8, 0.5], "texture": "#1"} } }, { "from": [7.8, 3.2, 6.7], "to": [9.2, 3.7, 8.2], "rotation": {"angle": 0, "axis": "y", "origin": [16, 11.5, 15]}, "faces": { "north": {"uv": [0, 0, 1.8, 0.5], "texture": "#1"}, "east": {"uv": [0, 0, 1.8, 0.5], "texture": "#1"}, "south": {"uv": [0, 0, 1.8, 0.5], "texture": "#1"}, "west": {"uv": [0, 0, 1.8, 0.5], "texture": "#1"}, "up": {"uv": [0, 0, 1.8, 0.5], "texture": "#1"}, "down": {"uv": [0, 0, 1.8, 0.5], "texture": "#1"} } }, { "from": [8.1, 3.7, 7.2], "to": [9, 6.5, 7.7], "rotation": {"angle": 0, "axis": "y", "origin": [16, 12, 14.9]}, "faces": { "north": {"uv": [0, 0, 3.4, 1.8], "texture": "#0"}, "east": {"uv": [0, 0, 3.4, 1.8], "texture": "#0"}, "south": {"uv": [0, 0, 3.4, 1.8], "texture": "#0"}, "west": {"uv": [0, 0, 3.4, 1.8], "texture": "#0"}, "up": {"uv": [0, 0, 3.4, 1.8], "texture": "#0"}, "down": {"uv": [0, 0, 3.4, 1.8], "texture": "#0"} } }, { "from": [8.2, 6.5, 7.2], "to": [8.4, 7.9, 7.7], "rotation": {"angle": 0, "axis": "y", "origin": [16.4, 14.8, 14.9]}, "faces": { "north": {"uv": [0, 0, 3.4, 1.8], "texture": "#0"}, "east": {"uv": [0, 0, 3.4, 1.8], "texture": "#0"}, "south": {"uv": [0, 0, 3.4, 1.8], "texture": "#0"}, "west": {"uv": [0, 0, 3.4, 1.8], "texture": "#0"}, "up": {"uv": [0, 0, 3.4, 1.8], "texture": "#0"}, "down": {"uv": [0, 0, 3.4, 1.8], "texture": "#0"} } }, { "from": [8.1, 6.5, 7.2], "to": [8.3, 8.3, 7.7], "rotation": {"angle": 0, "axis": "y", "origin": [16.2, 14.8, 14.9]}, "faces": { "north": {"uv": [0, 0, 3.4, 1.8], "texture": "#0"}, "east": {"uv": [0, 0, 3.4, 1.8], "texture": "#0"}, "south": {"uv": [0, 0, 3.4, 1.8], "texture": "#0"}, "west": {"uv": [0, 0, 3.4, 1.8], "texture": "#0"}, "up": {"uv": [0, 0, 3.4, 1.8], "texture": "#0"}, "down": {"uv": [0, 0, 3.4, 1.8], "texture": "#0"} } }, { "from": [8.4, 6.5, 7.2], "to": [8.6, 7.4, 7.7], "rotation": {"angle": 0, "axis": "y", "origin": [16.6, 14.8, 14.9]}, "faces": { "north": {"uv": [0, 0, 3.4, 1.8], "texture": "#0"}, "east": {"uv": [0, 0, 3.4, 1.8], "texture": "#0"}, "south": {"uv": [0, 0, 3.4, 1.8], "texture": "#0"}, "west": {"uv": [0, 0, 3.4, 1.8], "texture": "#0"}, "up": {"uv": [0, 0, 3.4, 1.8], "texture": "#0"}, "down": {"uv": [0, 0, 3.4, 1.8], "texture": "#0"} } }, { "from": [8.6, 6.5, 7.2], "to": [8.8, 6.9, 7.7], "rotation": {"angle": 0, "axis": "y", "origin": [16.8, 14.8, 14.9]}, "faces": { "north": {"uv": [0, 0, 3.4, 1.8], "texture": "#0"}, "east": {"uv": [0, 0, 3.4, 1.8], "texture": "#0"}, "south": {"uv": [0, 0, 3.4, 1.8], "texture": "#0"}, "west": {"uv": [0, 0, 3.4, 1.8], "texture": "#0"}, "up": {"uv": [0, 0, 3.4, 1.8], "texture": "#0"}, "down": {"uv": [0, 0, 3.4, 1.8], "texture": "#0"} } }, { "from": [5.01476, 8.92967, 7.2], "to": [5.21476, 10.82967, 7.7], "rotation": {"angle": 22.5, "axis": "z", "origin": [13.21476, 17.22967, 14.9]}, "faces": { "north": {"uv": [0, 0, 3.4, 1.8], "texture": "#0"}, "east": {"uv": [0, 0, 3.4, 1.8], "texture": "#0"}, "south": {"uv": [0, 0, 3.4, 1.8], "texture": "#0"}, "west": {"uv": [0, 0, 3.4, 1.8], "texture": "#0"}, "up": {"uv": [0, 0, 3.4, 1.8], "texture": "#0"}, "down": {"uv": [0, 0, 3.4, 1.8], "texture": "#0"} } }, { "from": [8, 0.8, 6.9], "to": [9, 1, 8], "rotation": {"angle": 0, "axis": "y", "origin": [16, 8.8, 15]}, "faces": { "north": {"uv": [0, 0, 1, 0.1], "texture": "#1"}, "east": {"uv": [0, 0, 1, 0.1], "texture": "#1"}, "south": {"uv": [0, 0, 1, 0.1], "texture": "#1"}, "west": {"uv": [0, 0, 1, 0.1], "texture": "#1"}, "up": {"uv": [0, 0, 1, 0.1], "texture": "#1"}, "down": {"uv": [0, 0, 1, 0.1], "texture": "#1"} } }, { "from": [8, 0.4, 6.9], "to": [9, 0.6, 8], "rotation": {"angle": 0, "axis": "y", "origin": [16, 8.4, 15]}, "faces": { "north": {"uv": [0, 0, 1, 0.1], "texture": "#1"}, "east": {"uv": [0, 0, 1, 0.1], "texture": "#1"}, "south": {"uv": [0, 0, 1, 0.1], "texture": "#1"}, "west": {"uv": [0, 0, 1, 0.1], "texture": "#1"}, "up": {"uv": [0, 0, 1, 0.1], "texture": "#1"}, "down": {"uv": [0, 0, 1, 0.1], "texture": "#1"} } }, { "from": [8, 1.2, 6.9], "to": [9, 1.4, 8], "rotation": {"angle": 0, "axis": "y", "origin": [16, 9.2, 15]}, "faces": { "north": {"uv": [0, 0, 1, 0.1], "texture": "#1"}, "east": {"uv": [0, 0, 1, 0.1], "texture": "#1"}, "south": {"uv": [0, 0, 1, 0.1], "texture": "#1"}, "west": {"uv": [0, 0, 1, 0.1], "texture": "#1"}, "up": {"uv": [0, 0, 1, 0.1], "texture": "#1"}, "down": {"uv": [0, 0, 1, 0.1], "texture": "#1"} } }, { "from": [8, 1.6, 6.9], "to": [9, 1.8, 8], "rotation": {"angle": 0, "axis": "y", "origin": [16, 9.6, 15]}, "faces": { "north": {"uv": [0, 0, 1, 0.1], "texture": "#1"}, "east": {"uv": [0, 0, 1, 0.1], "texture": "#1"}, "south": {"uv": [0, 0, 1, 0.1], "texture": "#1"}, "west": {"uv": [0, 0, 1, 0.1], "texture": "#1"}, "up": {"uv": [0, 0, 1, 0.1], "texture": "#1"}, "down": {"uv": [0, 0, 1, 0.1], "texture": "#1"} } }, { "from": [8, 2, 6.9], "to": [9, 2.2, 8], "rotation": {"angle": 0, "axis": "y", "origin": [16, 10, 15]}, "faces": { "north": {"uv": [0, 0, 1, 0.1], "texture": "#1"}, "east": {"uv": [0, 0, 1, 0.1], "texture": "#1"}, "south": {"uv": [0, 0, 1, 0.1], "texture": "#1"}, "west": {"uv": [0, 0, 1, 0.1], "texture": "#1"}, "up": {"uv": [0, 0, 1, 0.1], "texture": "#1"}, "down": {"uv": [0, 0, 1, 0.1], "texture": "#1"} } }, { "from": [8, 2.4, 6.9], "to": [9, 2.6, 8], "rotation": {"angle": 0, "axis": "y", "origin": [16, 10.4, 15]}, "faces": { "north": {"uv": [0, 0, 1, 0.1], "texture": "#1"}, "east": {"uv": [0, 0, 1, 0.1], "texture": "#1"}, "south": {"uv": [0, 0, 1, 0.1], "texture": "#1"}, "west": {"uv": [0, 0, 1, 0.1], "texture": "#1"}, "up": {"uv": [0, 0, 1, 0.1], "texture": "#1"}, "down": {"uv": [0, 0, 1, 0.1], "texture": "#1"} } }, { "from": [8, 2.8, 6.9], "to": [9, 3, 8], "rotation": {"angle": 0, "axis": "y", "origin": [16, 10.8, 15]}, "faces": { "north": {"uv": [0, 0, 1, 0.1], "texture": "#1"}, "east": {"uv": [0, 0, 1, 0.1], "texture": "#1"}, "south": {"uv": [0, 0, 1, 0.1], "texture": "#1"}, "west": {"uv": [0, 0, 1, 0.1], "texture": "#1"}, "up": {"uv": [0, 0, 1, 0.1], "texture": "#1"}, "down": {"uv": [0, 0, 1, 0.1], "texture": "#1"} } }, { "from": [7.9, 3.1, 6.9], "to": [9.1, 3.3, 8.1], "rotation": {"angle": 0, "axis": "y", "origin": [16, 11.1, 15]}, "faces": { "north": {"uv": [0, 0, 1.2, 0.2], "texture": "#1"}, "east": {"uv": [0, 0, 1.2, 0.2], "texture": "#1"}, "south": {"uv": [0, 0, 1.2, 0.2], "texture": "#1"}, "west": {"uv": [0, 0, 1.2, 0.2], "texture": "#1"}, "up": {"uv": [0, 0, 1.2, 0.2], "texture": "#1"}, "down": {"uv": [0, 0, 1.2, 0.2], "texture": "#1"} } }, { "from": [8.2, 0.2, 7.1], "to": [8.8, 3.3, 7.8], "rotation": {"angle": 0, "axis": "y", "origin": [16, 8.2, 15]}, "faces": { "north": {"uv": [0, 0, 0.6, 3.1], "texture": "#0"}, "east": {"uv": [0, 0, 0.6, 3.1], "texture": "#0"}, "south": {"uv": [0, 0, 0.6, 3.1], "texture": "#0"}, "west": {"uv": [0, 0, 0.6, 3.1], "texture": "#0"}, "up": {"uv": [0, 0, 0.6, 3.1], "texture": "#0"}, "down": {"uv": [0, 0, 0.6, 3.1], "texture": "#0"} } } ], "display": { "thirdperson_righthand": { "rotation": [0, 106, 0], "translation": [0.75, 7.5, 1], "scale": [1.5, 1.53, 1.56] }, "firstperson_righthand": { "rotation": [-41, 101, -11], "translation": [-3.5, 8.75, 2.5] }, "ground": { "rotation": [90, -180, -9], "translation": [0, -2.75, 5.75] }, "gui": { "rotation": [0, 0, -40], "translation": [4, 6.25, 0], "scale": [1.69, 1.69, 1.64] }, "fixed": { "translation": [0, 3.75, 0] } } }