{ "credit": "Made with Blockbench", "textures": { "0": "guns/nulls_tan", "1": "guns/nulls_light_black", "particle": "guns/nulls_tan" }, "elements": [ { "name": "Back", "from": [7, 8, -10], "to": [9, 9.3, 2.4], "rotation": {"angle": -22.5, "axis": "x", "origin": [8, 8, 8]}, "faces": { "north": {"uv": [0, 0, 2, 1.3], "texture": "#0"}, "east": {"uv": [0, 0, 12.4, 1.3], "texture": "#0"}, "south": {"uv": [0, 0, 2, 1.3], "texture": "#0"}, "west": {"uv": [0, 0, 12.4, 1.3], "texture": "#0"}, "up": {"uv": [0, 0, 2, 12.4], "texture": "#0"}, "down": {"uv": [0, 0, 2, 12.4], "texture": "#0"} } }, { "name": "Back", "from": [7, -4, -5.5], "to": [9, -2, -4], "rotation": {"angle": 22.5, "axis": "x", "origin": [8, 8, 8]}, "faces": { "north": {"uv": [0, 0, 2, 2], "texture": "#0"}, "east": {"uv": [0, 0, 1.5, 2], "texture": "#0"}, "south": {"uv": [0, 0, 2, 2], "texture": "#0"}, "west": {"uv": [0, 0, 1.5, 2], "texture": "#0"}, "up": {"uv": [0, 0, 2, 1.5], "texture": "#0"}, "down": {"uv": [0, 0, 2, 1.5], "texture": "#0"} } }, { "name": "Back", "from": [7, 2.8, -8.5], "to": [9, 5, -6], "faces": { "north": {"uv": [0, 0, 2, 2.2], "texture": "#0"}, "east": {"uv": [0, 0, 2.5, 2.2], "texture": "#0"}, "south": {"uv": [0, 0, 2, 2.2], "texture": "#0"}, "west": {"uv": [0, 0, 2.5, 2.2], "texture": "#0"}, "up": {"uv": [0, 0, 2, 2.5], "texture": "#0"}, "down": {"uv": [0, 0, 2, 2.5], "texture": "#0"} } }, { "name": "Back", "from": [7, 8.5, -8.7], "to": [9, 12.3, -6.2], "rotation": {"angle": -22.5, "axis": "x", "origin": [8, 8, 8]}, "faces": { "north": {"uv": [0, 0, 2, 3.8], "texture": "#0"}, "east": {"uv": [0, 0, 2.5, 3.8], "texture": "#0"}, "south": {"uv": [0, 0, 2, 3.8], "texture": "#0"}, "west": {"uv": [0, 0, 2.5, 3.8], "texture": "#0"}, "up": {"uv": [0, 0, 2, 2.5], "texture": "#0"}, "down": {"uv": [0, 0, 2, 2.5], "texture": "#0"} } }, { "name": "Back", "from": [7, 3.5, -6.8], "to": [9, 6.6, -2.9], "faces": { "north": {"uv": [0, 0, 2, 3.1], "texture": "#0"}, "east": {"uv": [0, 0, 3.9, 3.1], "texture": "#0"}, "south": {"uv": [0, 0, 2, 3.1], "texture": "#0"}, "west": {"uv": [0, 0, 3.9, 3.1], "texture": "#0"}, "up": {"uv": [0, 0, 2, 3.9], "texture": "#0"}, "down": {"uv": [0, 0, 2, 3.9], "texture": "#0"} } }, { "name": "Back", "from": [7, 4.6, -2.9], "to": [9, 6.8, -0.1], "faces": { "north": {"uv": [0, 0, 2, 2.2], "texture": "#0"}, "east": {"uv": [0, 0, 2.8, 2.2], "texture": "#0"}, "south": {"uv": [0, 0, 2, 2.2], "texture": "#0"}, "west": {"uv": [0, 0, 2.8, 2.2], "texture": "#0"}, "up": {"uv": [0, 0, 2, 2.8], "texture": "#0"}, "down": {"uv": [0, 0, 2, 2.8], "texture": "#0"} } }, { "name": "Back", "from": [7, 0.1, 3.2], "to": [9, 1.5, 4.6], "rotation": {"angle": 45, "axis": "x", "origin": [8, 8, 8]}, "faces": { "north": {"uv": [0, 0, 2, 1.4], "texture": "#0"}, "east": {"uv": [0, 0, 1.4, 1.4], "texture": "#0"}, "south": {"uv": [0, 0, 2, 1.4], "texture": "#0"}, "west": {"uv": [0, 0, 1.4, 1.4], "texture": "#0"}, "up": {"uv": [0, 0, 2, 1.4], "texture": "#0"}, "down": {"uv": [0, 0, 2, 1.4], "texture": "#0"} } }, { "name": "Frame", "from": [7, 8, 2.4], "to": [9, 9.3, 5.9], "rotation": {"angle": -22.5, "axis": "x", "origin": [8, 8, 8]}, "faces": { "north": {"uv": [0, 0, 2, 1.3], "texture": "#0"}, "east": {"uv": [0, 0, 3.5, 1.3], "texture": "#0"}, "south": {"uv": [0, 0, 2, 1.3], "texture": "#0"}, "west": {"uv": [0, 0, 3.5, 1.3], "texture": "#0"}, "up": {"uv": [0, 0, 2, 3.5], "texture": "#0"}, "down": {"uv": [0, 0, 2, 3.5], "texture": "#0"} } }, { "name": "Frame", "from": [7, 6.6, 5.5], "to": [9, 8.4, 9.9], "faces": { "north": {"uv": [0, 0, 2, 1.8], "texture": "#1"}, "east": {"uv": [0, 0, 4.4, 1.8], "texture": "#1"}, "south": {"uv": [0, 0, 2, 1.8], "texture": "#1"}, "west": {"uv": [0, 0, 4.4, 1.8], "texture": "#1"}, "up": {"uv": [0, 0, 2, 4.4], "texture": "#1"}, "down": {"uv": [0, 0, 2, 4.4], "texture": "#1"} } }, { "name": "Hammer", "from": [7.6, 7.8, 3.9], "to": [8.4, 8.2, 6.2], "faces": { "north": {"uv": [0, 0, 0.8, 0.4], "texture": "#1"}, "east": {"uv": [0, 0, 0.3, 0.4], "texture": "#1"}, "south": {"uv": [0, 0, 0.8, 0.4], "texture": "#1"}, "west": {"uv": [0, 0, 0.3, 0.4], "texture": "#1"}, "up": {"uv": [0, 0, 0.8, 0.3], "texture": "#1"}, "down": {"uv": [0, 0, 0.8, 0.3], "texture": "#1"} } }, { "name": "Hammer", "from": [7.6, 7.6, 3.7], "to": [8.4, 8.4, 4], "faces": { "north": {"uv": [0, 0, 0.8, 0.4], "texture": "#1"}, "east": {"uv": [0, 0, 0.3, 0.4], "texture": "#1"}, "south": {"uv": [0, 0, 0.8, 0.4], "texture": "#1"}, "west": {"uv": [0, 0, 0.3, 0.4], "texture": "#1"}, "up": {"uv": [0, 0, 0.8, 0.3], "texture": "#1"}, "down": {"uv": [0, 0, 0.8, 0.3], "texture": "#1"} } }, { "name": "Frame", "from": [7, 6.6, 9.9], "to": [9, 8, 12.7], "faces": { "north": {"uv": [0, 0, 2, 1.4], "texture": "#0"}, "east": {"uv": [0, 0, 7.8, 1.4], "texture": "#0"}, "south": {"uv": [0, 0, 2, 1.4], "texture": "#0"}, "west": {"uv": [0, 0, 7.8, 1.4], "texture": "#0"}, "up": {"uv": [0, 0, 2, 7.8], "texture": "#0"}, "down": {"uv": [0, 0, 2, 7.8], "texture": "#0"} } }, { "name": "Frame", "from": [7.1, 8.4, 9], "to": [8.9, 8.6, 9.8], "faces": { "north": {"uv": [0, 0, 1.8, 0.2], "texture": "#1"}, "east": {"uv": [0, 0, 0.8, 0.2], "texture": "#1"}, "south": {"uv": [0, 0, 1.8, 0.2], "texture": "#1"}, "west": {"uv": [0, 0, 0.8, 0.2], "texture": "#1"}, "up": {"uv": [0, 0, 1.8, 0.8], "texture": "#1"}, "down": {"uv": [0, 0, 1.8, 0.8], "texture": "#1"} } }, { "name": "Barrel", "from": [7.5, 6.5, 11.5], "to": [8.5, 8.1, 15.5], "faces": { "north": {"uv": [0, 0, 0.6, 0.6], "texture": "#0"}, "east": {"uv": [0, 0, 12, 0.6], "texture": "#0"}, "south": {"uv": [0, 0, 0.6, 0.6], "texture": "#0"}, "west": {"uv": [0, 0, 12, 0.6], "texture": "#0"}, "up": {"uv": [0, 0, 0.6, 12], "texture": "#0"}, "down": {"uv": [0, 0, 0.6, 12], "texture": "#0"} } }, { "name": "Barrel", "from": [8, 7, 9.9], "to": [9, 8.1, 28.5], "rotation": {"angle": 45, "axis": "z", "origin": [8, 8, 8]}, "faces": { "north": {"uv": [0, 0, 0.8, 0.8], "texture": "#1"}, "east": {"uv": [0, 0, 12.1, 0.8], "texture": "#1"}, "south": {"uv": [0, 0, 0.8, 0.8], "texture": "#1"}, "west": {"uv": [0, 0, 13.1, 1.8], "texture": "#1"}, "up": {"uv": [0, 0, 0.8, 12.1], "texture": "#1"}, "down": {"uv": [0, 0, 0.8, 13.1], "texture": "#1"} } }, { "name": "Frame", "from": [7, 6.6, 4.4], "to": [9, 7.1, 5.9], "faces": { "north": {"uv": [0, 0, 2, 1.3], "texture": "#1"}, "east": {"uv": [0, 0, 3.5, 1.3], "texture": "#1"}, "south": {"uv": [0, 0, 2, 1.3], "texture": "#1"}, "west": {"uv": [0, 0, 3.5, 1.3], "texture": "#1"}, "up": {"uv": [0, 0, 2, 3.5], "texture": "#1"}, "down": {"uv": [0, 0, 2, 3.5], "texture": "#1"} } }, { "name": "Trigger", "from": [7.4, 6, 4.1], "to": [8.6, 8, 8.9], "rotation": {"angle": -22.5, "axis": "x", "origin": [8, 8, 8]}, "faces": { "north": {"uv": [0, 0, 2, 1.3], "texture": "#1"}, "east": {"uv": [0, 0, 3.5, 1.3], "texture": "#1"}, "south": {"uv": [0, 0, 2, 1.3], "texture": "#1"}, "west": {"uv": [0, 0, 3.5, 1.3], "texture": "#1"}, "up": {"uv": [0, 0, 2, 3.5], "texture": "#1"}, "down": {"uv": [0, 0, 2, 3.5], "texture": "#1"} } }, { "name": "Trigger", "from": [7.4, 4.5, 2.5], "to": [8.6, 6.5, 2.7], "faces": { "north": {"uv": [0, 0, 2, 1.3], "texture": "#1"}, "east": {"uv": [0, 0, 3.5, 1.3], "texture": "#1"}, "south": {"uv": [0, 0, 2, 1.3], "texture": "#1"}, "west": {"uv": [0, 0, 3.5, 1.3], "texture": "#1"}, "up": {"uv": [0, 0, 2, 3.5], "texture": "#1"}, "down": {"uv": [0, 0, 2, 3.5], "texture": "#1"} } }, { "name": "Trigger", "from": [7.4, 6, 3.2], "to": [8.6, 6.2, 5.7], "rotation": {"angle": -22.5, "axis": "x", "origin": [8, 8, 8]}, "faces": { "north": {"uv": [0, 0, 2, 1.3], "texture": "#1"}, "east": {"uv": [0, 0, 3.5, 1.3], "texture": "#1"}, "south": {"uv": [0, 0, 2, 1.3], "texture": "#1"}, "west": {"uv": [0, 0, 3.5, 1.3], "texture": "#1"}, "up": {"uv": [0, 0, 2, 3.5], "texture": "#1"}, "down": {"uv": [0, 0, 2, 3.5], "texture": "#1"} } }, { "name": "Trigger", "from": [7.4, 4.3, 2.5], "to": [8.6, 4.5, 4.4], "faces": { "north": {"uv": [0, 0, 2, 1.3], "texture": "#1"}, "east": {"uv": [0, 0, 3.5, 1.3], "texture": "#1"}, "south": {"uv": [0, 0, 2, 1.3], "texture": "#1"}, "west": {"uv": [0, 0, 3.5, 1.3], "texture": "#1"}, "up": {"uv": [0, 0, 2, 3.5], "texture": "#1"}, "down": {"uv": [0, 0, 2, 3.5], "texture": "#1"} } }, { "name": "Trigger", "from": [7.4, 7.8, 3.3], "to": [8.6, 8, 3.8], "rotation": {"angle": -45, "axis": "x", "origin": [8, 8, 8]}, "faces": { "north": {"uv": [0, 0, 2, 1.3], "texture": "#1"}, "east": {"uv": [0, 0, 3.5, 1.3], "texture": "#1"}, "south": {"uv": [0, 0, 2, 1.3], "texture": "#1"}, "west": {"uv": [0, 0, 3.5, 1.3], "texture": "#1"}, "up": {"uv": [0, 0, 2, 3.5], "texture": "#1"}, "down": {"uv": [0, 0, 2, 3.5], "texture": "#1"} } }, { "name": "Trigger", "from": [7.4, 7.8, 2.1], "to": [8.6, 8, 4.1], "rotation": {"angle": -22.5, "axis": "x", "origin": [8, 8, 8]}, "faces": { "north": {"uv": [0, 0, 2, 1.3], "texture": "#0"}, "east": {"uv": [0, 0, 3.5, 1.3], "texture": "#0"}, "south": {"uv": [0, 0, 2, 1.3], "texture": "#0"}, "west": {"uv": [0, 0, 3.5, 1.3], "texture": "#0"}, "up": {"uv": [0, 0, 2, 3.5], "texture": "#0"}, "down": {"uv": [0, 0, 2, 3.5], "texture": "#0"} } }, { "name": "Trigger", "from": [7.6, 7.1, 2.6], "to": [8.4, 8.3, 2.8], "rotation": {"angle": -22.5, "axis": "x", "origin": [8, 8, 8]}, "faces": { "north": {"uv": [0, 0, 2, 1.3], "texture": "#1"}, "east": {"uv": [0, 0, 3.5, 1.3], "texture": "#1"}, "south": {"uv": [0, 0, 2, 1.3], "texture": "#1"}, "west": {"uv": [0, 0, 3.5, 1.3], "texture": "#1"}, "up": {"uv": [0, 0, 2, 3.5], "texture": "#1"}, "down": {"uv": [0, 0, 2, 3.5], "texture": "#1"} } }, { "name": "Barrel", "from": [7, 7, 9.9], "to": [8, 8.1, 28.5], "rotation": {"angle": -45, "axis": "z", "origin": [8, 8, 8]}, "faces": { "north": {"uv": [0, 0, 0.8, 0.8], "texture": "#1"}, "east": {"uv": [0, 0, 12.1, 0.8], "texture": "#1"}, "south": {"uv": [0, 0, 0.8, 0.8], "texture": "#1"}, "west": {"uv": [0, 0, 13.1, 1.8], "texture": "#1"}, "up": {"uv": [0, 0, 0.8, 12.1], "texture": "#1"}, "down": {"uv": [0, 0, 0.8, 13.1], "texture": "#1"} } } ], "display": { "thirdperson_righthand": { "rotation": [180, 0, 180], "translation": [0, 2, -2], "scale": [0.75, 0.75, 0.75] }, "firstperson_righthand": { "rotation": [180, 0, 180], "translation": [-9, 7.25, -8] }, "firstperson_lefthand": { "rotation": [43, -180, -180], "translation": [80, 0, 0] }, "ground": { "scale": [0.6, 0.6, 0.6] }, "gui": { "rotation": [90, 120, -90], "translation": [-1.25, 1.25, 0], "scale": [0.5, 0.5, 0.5] }, "fixed": { "rotation": [0, 90, 0] } } }