{ "credit": "Made with Blockbench", "textures": { "0": "guns/nulls_light_gray", "1": "guns/awm/skins/gold" }, "elements": [ { "name": "Back", "from": [7, 3, -12], "to": [9, 9, -10.9], "faces": { "north": {"uv": [0, 0, 2, 6], "texture": "#0"}, "east": {"uv": [0, 0, 1.1, 6], "texture": "#0"}, "south": {"uv": [0, 0, 2, 6], "texture": "#0"}, "west": {"uv": [0, 0, 1.1, 6], "texture": "#0"}, "up": {"uv": [0, 0, 2, 1.1], "texture": "#0"}, "down": {"uv": [0, 0, 2, 1.1], "texture": "#0"} } }, { "name": "Back", "from": [7.7, 11.4, -11.5], "to": [8.3, 12.9, -10.4], "rotation": {"angle": -22.5, "axis": "x", "origin": [8, 8, 8]}, "faces": { "north": {"uv": [0, 0, 0.6, 1.5], "texture": "#0"}, "east": {"uv": [0, 0, 1.1, 1.5], "texture": "#0"}, "south": {"uv": [0, 0, 0.6, 1.5], "texture": "#0"}, "west": {"uv": [0, 0, 1.1, 1.5], "texture": "#0"}, "up": {"uv": [0, 0, 0.6, 1.1], "texture": "#0"}, "down": {"uv": [0, 0, 0.6, 1.1], "texture": "#0"} } }, { "name": "Back", "from": [7.7, -2.5, -8.6], "to": [8.3, -1.5, -7.5], "rotation": {"angle": 22.5, "axis": "x", "origin": [8, 8, 8]}, "faces": { "north": {"uv": [0, 0, 0.6, 1], "texture": "#0"}, "east": {"uv": [0, 0, 1.1, 1], "texture": "#0"}, "south": {"uv": [0, 0, 0.6, 1], "texture": "#0"}, "west": {"uv": [0, 0, 1.1, 1], "texture": "#0"}, "up": {"uv": [0, 0, 0.6, 1.1], "texture": "#0"}, "down": {"uv": [0, 0, 0.6, 1.1], "texture": "#0"} } }, { "name": "Back", "from": [7.7, -1.5, -7.7], "to": [8.3, 0, -7.5], "rotation": {"angle": 22.5, "axis": "x", "origin": [8, 8, 8]}, "faces": { "north": {"uv": [0, 0, 0.6, 1.5], "texture": "#0"}, "east": {"uv": [0, 0, 0.2, 1.5], "texture": "#0"}, "south": {"uv": [0, 0, 0.6, 1.5], "texture": "#0"}, "west": {"uv": [0, 0, 0.2, 1.5], "texture": "#0"}, "up": {"uv": [0, 0, 0.6, 0.2], "texture": "#0"}, "down": {"uv": [0, 0, 0.6, 0.2], "texture": "#0"} } }, { "name": "Back", "from": [7.7, -1, -9.2], "to": [8.3, 0, -7.7], "rotation": {"angle": 22.5, "axis": "x", "origin": [8, 8, 8]}, "faces": { "north": {"uv": [0, 0, 0.6, 1], "texture": "#0"}, "east": {"uv": [0, 0, 1.5, 1], "texture": "#0"}, "south": {"uv": [0, 0, 0.6, 1], "texture": "#0"}, "west": {"uv": [0, 0, 1.5, 1], "texture": "#0"}, "up": {"uv": [0, 0, 0.6, 1.5], "texture": "#0"}, "down": {"uv": [0, 0, 0.6, 1.5], "texture": "#0"} } }, { "name": "Back", "from": [7.7, -2, -9.2], "to": [8.3, -1, -8.2], "rotation": {"angle": 22.5, "axis": "x", "origin": [8, 8, 8]}, "faces": { "north": {"uv": [0, 0, 0.6, 1], "texture": "#0"}, "east": {"uv": [0, 0, 1, 1], "texture": "#0"}, "south": {"uv": [0, 0, 0.6, 1], "texture": "#0"}, "west": {"uv": [0, 0, 1, 1], "texture": "#0"}, "up": {"uv": [0, 0, 0.6, 1], "texture": "#0"}, "down": {"uv": [0, 0, 0.6, 1], "texture": "#0"} } }, { "name": "Back", "from": [7.2, 7, -11], "to": [8.8, 9, -10.6], "faces": { "north": {"uv": [0, 0, 1.6, 2], "texture": "#0"}, "east": {"uv": [0, 0, 0.4, 2], "texture": "#0"}, "south": {"uv": [0, 0, 1.6, 2], "texture": "#0"}, "west": {"uv": [0, 0, 0.4, 2], "texture": "#0"}, "up": {"uv": [0, 0, 1.6, 0.4], "texture": "#0"}, "down": {"uv": [0, 0, 1.6, 0.4], "texture": "#0"} } }, { "name": "Back", "from": [7.2, 7.1, -10.1], "to": [8.8, 9, -9.9], "faces": { "north": {"uv": [0, 0, 1.6, 1.9], "texture": "#0"}, "east": {"uv": [0, 0, 0.2, 1.9], "texture": "#0"}, "south": {"uv": [0, 0, 1.6, 1.9], "texture": "#0"}, "west": {"uv": [0, 0, 0.2, 1.9], "texture": "#0"}, "up": {"uv": [0, 0, 1.6, 0.2], "texture": "#0"}, "down": {"uv": [0, 0, 1.6, 0.2], "texture": "#0"} } }, { "name": "Back", "from": [7.2, 13.1, -10.1], "to": [8.8, 14.2, -3.9], "rotation": {"angle": -22.5, "axis": "x", "origin": [8, 8, 8]}, "faces": { "north": {"uv": [0, 0, 1.6, 1.1], "texture": "#0"}, "east": {"uv": [0, 0, 6.2, 1.1], "texture": "#0"}, "south": {"uv": [0, 0, 1.6, 1.1], "texture": "#0"}, "west": {"uv": [0, 0, 6.2, 1.1], "texture": "#0"}, "up": {"uv": [0, 0, 1.6, 6.2], "texture": "#0"}, "down": {"uv": [0, 0, 1.6, 6.2], "texture": "#0"} } }, { "name": "Back", "from": [7.2, 8.2, -9.6], "to": [8.8, 9.3, -4.4], "faces": { "north": {"uv": [0, 0, 1.6, 1.1], "texture": "#0"}, "east": {"uv": [0, 0, 5.2, 1.1], "texture": "#0"}, "south": {"uv": [0, 0, 1.6, 1.1], "texture": "#0"}, "west": {"uv": [0, 0, 5.2, 1.1], "texture": "#0"}, "up": {"uv": [0, 0, 1.6, 5.2], "texture": "#0"}, "down": {"uv": [0, 0, 1.6, 5.2], "texture": "#0"} } }, { "name": "Back", "from": [7.2, 14.2, -8.2], "to": [8.8, 15, -6.5], "rotation": {"angle": -22.5, "axis": "x", "origin": [8, 8, 8]}, "faces": { "north": {"uv": [0, 0, 1.6, 0.8], "texture": "#0"}, "east": {"uv": [0, 0, 1.7, 0.8], "texture": "#0"}, "south": {"uv": [0, 0, 1.6, 0.8], "texture": "#0"}, "west": {"uv": [0, 0, 1.7, 0.8], "texture": "#0"}, "up": {"uv": [0, 0, 1.6, 1.7], "texture": "#0"}, "down": {"uv": [0, 0, 1.6, 1.7], "texture": "#0"} } }, { "name": "Back", "from": [7.2, 15.7, -9.2], "to": [8.8, 15.9, -7.8], "rotation": {"angle": -22.5, "axis": "x", "origin": [8, 8, 8]}, "faces": { "north": {"uv": [0, 0, 1.6, 0.2], "texture": "#0"}, "east": {"uv": [0, 0, 1.4, 0.2], "texture": "#0"}, "south": {"uv": [0, 0, 1.6, 0.2], "texture": "#0"}, "west": {"uv": [0, 0, 1.4, 0.2], "texture": "#0"}, "up": {"uv": [0, 0, 1.6, 1.4], "texture": "#0"}, "down": {"uv": [0, 0, 1.6, 1.4], "texture": "#0"} } }, { "name": "Back", "from": [7.2, 16.7, -3.1], "to": [8.8, 18.2, -0.5], "rotation": {"angle": -45, "axis": "x", "origin": [8, 8, 8]}, "faces": { "north": {"uv": [0, 0, 1.6, 1.5], "texture": "#0"}, "east": {"uv": [0, 0, 2.6, 1.5], "texture": "#0"}, "south": {"uv": [0, 0, 1.6, 1.5], "texture": "#0"}, "west": {"uv": [0, 0, 2.6, 1.5], "texture": "#0"}, "up": {"uv": [0, 0, 1.6, 2.6], "texture": "#0"}, "down": {"uv": [0, 0, 1.6, 2.6], "texture": "#0"} } }, { "name": "Handle", "from": [7.2, 5.7, -6.1], "to": [8.8, 8.1, -4.1], "faces": { "north": {"uv": [0, 0, 1.6, 2.4], "texture": "#0"}, "east": {"uv": [0, 0, 2, 2.4], "texture": "#0"}, "south": {"uv": [0, 0, 1.6, 2.4], "texture": "#0"}, "west": {"uv": [0, 0, 2, 2.4], "texture": "#0"}, "up": {"uv": [0, 0, 1.6, 2], "texture": "#0"}, "down": {"uv": [0, 0, 1.6, 2], "texture": "#0"} } }, { "name": "Handle", "from": [7.2, -3.7, -4.2], "to": [8.8, 1.7, -2.2], "rotation": {"angle": 22.5, "axis": "x", "origin": [8, 8, 8]}, "faces": { "north": {"uv": [0, 0, 1.6, 5.4], "texture": "#0"}, "east": {"uv": [0, 0, 2, 5.4], "texture": "#0"}, "south": {"uv": [0, 0, 1.6, 5.4], "texture": "#0"}, "west": {"uv": [0, 0, 2, 5.4], "texture": "#0"}, "up": {"uv": [0, 0, 1.6, 2], "texture": "#0"}, "down": {"uv": [0, 0, 1.6, 2], "texture": "#0"} } }, { "name": "Handle", "from": [7.2, -3.7, -3.2], "to": [8.8, -3.5, -1.7], "rotation": {"angle": 22.5, "axis": "x", "origin": [8, 8, 8]}, "faces": { "north": {"uv": [0, 0, 1.6, 0.2], "texture": "#0"}, "east": {"uv": [0, 0, 1.5, 0.2], "texture": "#0"}, "south": {"uv": [0, 0, 1.6, 0.2], "texture": "#0"}, "west": {"uv": [0, 0, 1.5, 0.2], "texture": "#0"}, "up": {"uv": [0, 0, 1.6, 1.5], "texture": "#0"}, "down": {"uv": [0, 0, 1.6, 1.5], "texture": "#0"} } }, { "name": "Handle", "from": [7.2, 10.2, -4.3], "to": [8.8, 12.6, -3.3], "rotation": {"angle": -22.5, "axis": "x", "origin": [8, 8, 8]}, "faces": { "north": {"uv": [0, 0, 1.6, 2.4], "texture": "#0"}, "east": {"uv": [0, 0, 1, 2.4], "texture": "#0"}, "south": {"uv": [0, 0, 1.6, 2.4], "texture": "#0"}, "west": {"uv": [0, 0, 1, 2.4], "texture": "#0"}, "up": {"uv": [0, 0, 1.6, 1], "texture": "#0"}, "down": {"uv": [0, 0, 1.6, 1], "texture": "#0"} } }, { "name": "Body", "from": [7.1, -1.4, -1.4], "to": [8.9, 0.8, 0.6], "rotation": {"angle": 45, "axis": "x", "origin": [8, 8, 8]}, "faces": { "north": {"uv": [0, 0, 1.8, 2.2], "texture": "#1"}, "east": {"uv": [0, 0, 2, 2.2], "texture": "#1"}, "south": {"uv": [0, 0, 1.8, 2.2], "texture": "#1"}, "west": {"uv": [0, 0, 2, 2.2], "texture": "#1"}, "up": {"uv": [0, 0, 1.8, 2], "texture": "#1"}, "down": {"uv": [0, 0, 1.8, 2], "texture": "#1"} } }, { "name": "Body", "from": [7.1, 5.9, -4.4], "to": [8.9, 7.1, -3.4], "faces": { "north": {"uv": [0, 0, 1.8, 1.2], "texture": "#1"}, "east": {"uv": [0, 0, 1, 1.2], "texture": "#1"}, "south": {"uv": [0, 0, 1.8, 1.2], "texture": "#1"}, "west": {"uv": [0, 0, 1, 1.2], "texture": "#1"}, "up": {"uv": [0, 0, 1.8, 1], "texture": "#1"}, "down": {"uv": [0, 0, 1.8, 1], "texture": "#1"} } }, { "name": "Body", "from": [7.1, 7.2, -3.7], "to": [8.9, 9.5, 5.3], "faces": { "north": {"uv": [0, 0, 1.8, 2.3], "texture": "#1"}, "east": {"uv": [0, 0, 9, 2.3], "texture": "#1"}, "south": {"uv": [0, 0, 1.8, 2.3], "texture": "#1"}, "west": {"uv": [0, 0, 9, 2.3], "texture": "#1"}, "up": {"uv": [0, 0, 1.8, 9], "texture": "#1"}, "down": {"uv": [0, 0, 1.8, 9], "texture": "#1"} } }, { "name": "Trigger", "from": [7.6, 14.1, -1.8], "to": [8.4, 14.5, -1.5], "rotation": {"angle": -45, "axis": "x", "origin": [8, 8, 8]}, "faces": { "north": {"uv": [0, 0, 0.8, 0.4], "texture": "#1"}, "east": {"uv": [0, 0, 0.3, 0.4], "texture": "#1"}, "south": {"uv": [0, 0, 0.8, 0.4], "texture": "#1"}, "west": {"uv": [0, 0, 0.3, 0.4], "texture": "#1"}, "up": {"uv": [0, 0, 0.8, 0.3], "texture": "#1"}, "down": {"uv": [0, 0, 0.8, 0.3], "texture": "#1"} } }, { "name": "Trigger", "from": [7.6, 5.4, -3.2], "to": [8.4, 5.7, -1.3], "faces": { "north": {"uv": [0, 0, 0.8, 0.3], "texture": "#1"}, "east": {"uv": [0, 0, 1.9, 0.3], "texture": "#1"}, "south": {"uv": [0, 0, 0.8, 0.3], "texture": "#1"}, "west": {"uv": [0, 0, 1.9, 0.3], "texture": "#1"}, "up": {"uv": [0, 0, 0.8, 1.9], "texture": "#1"}, "down": {"uv": [0, 0, 0.8, 1.9], "texture": "#1"} } }, { "name": "Trigger", "from": [7.6, 12.7, -0.4], "to": [8.4, 13, 1.4], "rotation": {"angle": -45, "axis": "x", "origin": [8, 8, 8]}, "faces": { "north": {"uv": [0, 0, 0.8, 0.3], "texture": "#1"}, "east": {"uv": [0, 0, 1.8, 0.3], "texture": "#1"}, "south": {"uv": [0, 0, 0.8, 0.3], "texture": "#1"}, "west": {"uv": [0, 0, 1.8, 0.3], "texture": "#1"}, "up": {"uv": [0, 0, 0.8, 1.8], "texture": "#1"}, "down": {"uv": [0, 0, 0.8, 1.8], "texture": "#1"} } }, { "name": "Trigger", "from": [7.6, 9.8, -0.3], "to": [8.4, 11.1, 1.5], "rotation": {"angle": -22.5, "axis": "x", "origin": [8, 8, 8]}, "faces": { "north": {"uv": [0, 0, 0.8, 1.3], "texture": "#1"}, "east": {"uv": [0, 0, 1.8, 1.3], "texture": "#1"}, "south": {"uv": [0, 0, 0.8, 1.3], "texture": "#1"}, "west": {"uv": [0, 0, 1.8, 1.3], "texture": "#1"}, "up": {"uv": [0, 0, 0.8, 1.8], "texture": "#1"}, "down": {"uv": [0, 0, 0.8, 1.8], "texture": "#1"} } }, { "name": "Trigger", "from": [7.6, 6.3, -0.7], "to": [8.4, 7.2, -0.4], "faces": { "north": {"uv": [0, 0, 0.8, 0.9], "texture": "#1"}, "east": {"uv": [0, 0, 0.3, 0.9], "texture": "#1"}, "south": {"uv": [0, 0, 0.8, 0.9], "texture": "#1"}, "west": {"uv": [0, 0, 0.3, 0.9], "texture": "#1"}, "up": {"uv": [0, 0, 0.8, 0.3], "texture": "#1"}, "down": {"uv": [0, 0, 0.8, 0.3], "texture": "#1"} } }, { "name": "Trigger", "from": [7.6, 13.1, 0.9], "to": [8.4, 14, 1.4], "rotation": {"angle": -45, "axis": "x", "origin": [8, 8, 8]}, "faces": { "north": {"uv": [0, 0, 0.8, 0.9], "texture": "#1"}, "east": {"uv": [0, 0, 0.5, 0.9], "texture": "#1"}, "south": {"uv": [0, 0, 0.8, 0.9], "texture": "#1"}, "west": {"uv": [0, 0, 0.5, 0.9], "texture": "#1"}, "up": {"uv": [0, 0, 0.8, 0.5], "texture": "#1"}, "down": {"uv": [0, 0, 0.8, 0.5], "texture": "#1"} } }, { "name": "Trigger", "from": [7.6, 6.3, -2.7], "to": [8.4, 7.2, -2.4], "faces": { "north": {"uv": [0, 0, 0.8, 0.9], "texture": "#1"}, "east": {"uv": [0, 0, 0.3, 0.9], "texture": "#1"}, "south": {"uv": [0, 0, 0.8, 0.9], "texture": "#1"}, "west": {"uv": [0, 0, 0.3, 0.9], "texture": "#1"}, "up": {"uv": [0, 0, 0.8, 0.3], "texture": "#1"}, "down": {"uv": [0, 0, 0.8, 0.3], "texture": "#1"} } }, { "name": "Trigger", "from": [7.6, 10.1, -2.5], "to": [8.4, 10.5, -2.2], "rotation": {"angle": -22.5, "axis": "x", "origin": [8, 8, 8]}, "faces": { "north": {"uv": [0, 0, 0.8, 0.4], "texture": "#1"}, "east": {"uv": [0, 0, 0.3, 0.4], "texture": "#1"}, "south": {"uv": [0, 0, 0.8, 0.4], "texture": "#1"}, "west": {"uv": [0, 0, 0.3, 0.4], "texture": "#1"}, "up": {"uv": [0, 0, 0.8, 0.3], "texture": "#1"}, "down": {"uv": [0, 0, 0.8, 0.3], "texture": "#1"} } }, { "name": "Body", "from": [7.3, 9.5, -3.5], "to": [8.7, 9.9, -1.3], "faces": { "north": {"uv": [0, 0, 1.4, 0.4], "texture": "#0"}, "east": {"uv": [0, 0, 2.2, 0.4], "texture": "#0"}, "south": {"uv": [0, 0, 1.4, 0.4], "texture": "#0"}, "west": {"uv": [0, 0, 2.2, 0.4], "texture": "#0"}, "up": {"uv": [0, 0, 1.4, 2.2], "texture": "#0"}, "down": {"uv": [0, 0, 1.4, 2.2], "texture": "#0"} } }, { "name": "Body", "from": [7.3, 1.2, -1.5], "to": [8.7, 1.7, -1], "rotation": {"angle": 45, "axis": "x", "origin": [8, 8, 8]}, "faces": { "north": {"uv": [0, 0, 1.4, 0.5], "texture": "#0"}, "east": {"uv": [0, 0, 0.5, 0.5], "texture": "#0"}, "south": {"uv": [0, 0, 1.4, 0.5], "texture": "#0"}, "west": {"uv": [0, 0, 0.5, 0.5], "texture": "#0"}, "up": {"uv": [0, 0, 1.4, 0.5], "texture": "#0"}, "down": {"uv": [0, 0, 1.4, 0.5], "texture": "#0"} } }, { "name": "Body", "from": [7.3, 9.5, -0.9], "to": [8.7, 9.7, 4.8], "faces": { "north": {"uv": [0, 0, 1.4, 0.2], "texture": "#0"}, "east": {"uv": [0, 0, 5.7, 0.2], "texture": "#0"}, "south": {"uv": [0, 0, 1.4, 0.2], "texture": "#0"}, "west": {"uv": [0, 0, 5.7, 0.2], "texture": "#0"}, "up": {"uv": [0, 0, 1.4, 5.7], "texture": "#0"}, "down": {"uv": [0, 0, 1.4, 5.7], "texture": "#0"} } }, { "name": "Barrel", "from": [7.6, 7.3, 5.3], "to": [8.4, 8.1, 23.3], "faces": { "north": {"uv": [0, 0, 0.8, 0.8], "texture": "#1"}, "east": {"uv": [0, 0, 11, 1.3], "texture": "#1"}, "south": {"uv": [0, 0, 0.8, 0.8], "texture": "#1"}, "west": {"uv": [0, 0, 13, 1.3], "texture": "#1"}, "up": {"uv": [0, 0, 1.8, 10], "texture": "#1"}, "down": {"uv": [0, 0, 1.8, 13], "texture": "#1"} } }, { "name": "Barrel", "from": [7.1, 8.2, 5.3], "to": [8.9, 9.5, 23.3], "faces": { "north": {"uv": [0, 0, 1.8, 1.3], "texture": "#1"}, "east": {"uv": [0, 0, 11, 1.3], "texture": "#1"}, "south": {"uv": [0, 0, 1.8, 1.3], "texture": "#1"}, "west": {"uv": [0, 0, 13, 1.3], "texture": "#1"}, "up": {"uv": [0, 0, 1.8, 10], "texture": "#1"}, "down": {"uv": [0, 0, 1.8, 13], "texture": "#1"} } }, { "name": "Barrel", "from": [7.6, 7.2, 21.5], "to": [8.6, 8.2, 22.9], "faces": { "north": {"uv": [0, 0, 1, 1], "texture": "#1"}, "east": {"uv": [0, 0, 1.4, 1], "texture": "#1"}, "south": {"uv": [0, 0, 1, 1], "texture": "#1"}, "west": {"uv": [0, 0, 1.4, 1], "texture": "#1"}, "up": {"uv": [0, 0, 1, 1.4], "texture": "#1"}, "down": {"uv": [0, 0, 1, 1.4], "texture": "#1"} } }, { "name": "Barrel", "from": [7.6, 7.2, 13.5], "to": [8.6, 8.2, 14.9], "faces": { "north": {"uv": [0, 0, 1, 1], "texture": "#1"}, "east": {"uv": [0, 0, 1.4, 1], "texture": "#1"}, "south": {"uv": [0, 0, 1, 1], "texture": "#1"}, "west": {"uv": [0, 0, 1.4, 1], "texture": "#1"}, "up": {"uv": [0, 0, 1, 1.4], "texture": "#1"}, "down": {"uv": [0, 0, 1, 1.4], "texture": "#1"} } }, { "name": "Barrel", "from": [6.8, 6.7, 5.2], "to": [9.2, 8.5, 13.6], "faces": { "north": {"uv": [0, 0, 2.4, 1.8], "texture": "#0"}, "east": {"uv": [0, 0, 8.4, 1.8], "texture": "#0"}, "south": {"uv": [0, 0, 2.4, 1.8], "texture": "#0"}, "west": {"uv": [0, 0, 8.4, 1.8], "texture": "#0"}, "up": {"uv": [0, 0, 2.4, 8.4], "texture": "#0"}, "down": {"uv": [0, 0, 2.4, 8.4], "texture": "#0"} } }, { "name": "Barrel", "from": [7.6, 3.6, 21.6], "to": [8.6, 4.6, 21.8], "rotation": {"angle": -22.5, "axis": "x", "origin": [8, 8, 8]}, "faces": { "north": {"uv": [0, 0, 1, 1], "texture": "#1"}, "east": {"uv": [0, 0, 0.2, 1], "texture": "#1"}, "south": {"uv": [0, 0, 1, 1], "texture": "#1"}, "west": {"uv": [0, 0, 0.2, 1], "texture": "#1"}, "up": {"uv": [0, 0, 1, 0.2], "texture": "#1"}, "down": {"uv": [0, 0, 1, 0.2], "texture": "#1"} } }, { "name": "Barrel", "from": [7.6, 14, 19.3], "to": [8.6, 15, 19.5], "rotation": {"angle": 22.5, "axis": "x", "origin": [8, 8, 8]}, "faces": { "north": {"uv": [0, 0, 1, 1], "texture": "#1"}, "east": {"uv": [0, 0, 0.2, 1], "texture": "#1"}, "south": {"uv": [0, 0, 1, 1], "texture": "#1"}, "west": {"uv": [0, 0, 0.2, 1], "texture": "#1"}, "up": {"uv": [0, 0, 1, 0.2], "texture": "#1"}, "down": {"uv": [0, 0, 1, 0.2], "texture": "#1"} } }, { "name": "Barrel", "from": [7.6, 10, 21.1], "to": [8.6, 10.2, 22], "faces": { "north": {"uv": [0, 0, 1, 0.2], "texture": "#1"}, "east": {"uv": [0, 0, 0.9, 0.2], "texture": "#1"}, "south": {"uv": [0, 0, 1, 0.2], "texture": "#1"}, "west": {"uv": [0, 0, 0.9, 0.2], "texture": "#1"}, "up": {"uv": [0, 0, 1, 0.9], "texture": "#1"}, "down": {"uv": [0, 0, 1, 0.9], "texture": "#1"} } } ], "display": { "thirdperson_righthand": { "rotation": [180, 0, 180], "translation": [0, 1.1, -4], "scale": [0.75, 0.75, 0.75] }, "firstperson_righthand": { "rotation": [-179, 0, 180], "translation": [-8.85, 5.75, -9.5] }, "firstperson_lefthand": { "translation": [80, 0, 0] }, "ground": { "scale": [0.6, 0.6, 0.6] }, "gui": { "rotation": [-96, 49, 90], "translation": [0.5, 1.25, 0], "scale": [0.5, 0.5, 0.5] }, "fixed": { "rotation": [0, 90, 0] } } }