{ "credit": "Made with Blockbench", "textures": { "0": "guns/nulls_white", "1": "guns/nulls_tan" }, "elements": [ { "name": "Mag", "from": [7, 2, 5.3], "to": [9, 8, 8.7], "rotation": {"angle": 22.5, "axis": "x", "origin": [8, 8, 8]}, "faces": { "north": {"uv": [0, 0, 2, 6], "texture": "#0"}, "east": {"uv": [0, 0, 3.4, 6], "texture": "#0"}, "south": {"uv": [0, 0, 2, 6], "texture": "#0"}, "west": {"uv": [0, 0, 3.4, 6], "texture": "#0"}, "up": {"uv": [0, 0, 2, 3.4], "texture": "#0"}, "down": {"uv": [0, 0, 2, 3.4], "texture": "#0"} } }, { "name": "Mag", "from": [7, 2, 8.7], "to": [9, 2.2, 9.2], "rotation": {"angle": 22.5, "axis": "x", "origin": [8, 8, 8]}, "faces": { "north": {"uv": [0, 0, 2, 0.2], "texture": "#0"}, "east": {"uv": [0, 0, 0.5, 0.2], "texture": "#0"}, "south": {"uv": [0, 0, 2, 0.2], "texture": "#0"}, "west": {"uv": [0, 0, 0.5, 0.2], "texture": "#0"}, "up": {"uv": [0, 0, 2, 0.5], "texture": "#0"}, "down": {"uv": [0, 0, 2, 0.5], "texture": "#0"} } }, { "name": "Body", "from": [7, 7.7, 5.3], "to": [9, 10.7, 8.7], "faces": { "north": {"uv": [0, 0, 2, 3], "texture": "#0"}, "east": {"uv": [0, 0, 3.4, 3], "texture": "#0"}, "south": {"uv": [0, 0, 2, 3], "texture": "#0"}, "west": {"uv": [0, 0, 3.4, 3], "texture": "#0"}, "up": {"uv": [0, 0, 2, 3.4], "texture": "#0"}, "down": {"uv": [0, 0, 2, 3.4], "texture": "#0"} } }, { "name": "Hammer", "from": [7, 9.7, 5.4], "to": [9, 11.5, 6.8], "rotation": {"angle": -22.5, "axis": "x", "origin": [8, 8, 8]}, "faces": { "north": {"uv": [0, 0, 2, 1.8], "texture": "#0"}, "east": {"uv": [0, 0, 1.4, 1.8], "texture": "#0"}, "south": {"uv": [0, 0, 2, 1.8], "texture": "#0"}, "west": {"uv": [0, 0, 1.4, 1.8], "texture": "#0"}, "up": {"uv": [0, 0, 2, 1.4], "texture": "#0"}, "down": {"uv": [0, 0, 2, 1.4], "texture": "#0"} } }, { "name": "Hammer", "from": [7.3, 6.7, 4.9], "to": [9.3, 8.7, 5.3], "faces": { "north": {"uv": [0, 0, 2, 2], "texture": "#0"}, "east": {"uv": [0, 0, 0.4, 2], "texture": "#0"}, "south": {"uv": [0, 0, 2, 2], "texture": "#0"}, "west": {"uv": [0, 0, 0.4, 2], "texture": "#0"}, "up": {"uv": [0, 0, 2, 0.4], "texture": "#0"}, "down": {"uv": [0, 0, 2, 0.4], "texture": "#0"} } }, { "name": "Hammer", "from": [7, 10.7, 6.4], "to": [8.4, 12.5, 7.1], "rotation": {"angle": -45, "axis": "x", "origin": [8, 8, 8]}, "faces": { "north": {"uv": [0, 0, 1.4, 1.8], "texture": "#0"}, "east": {"uv": [0, 0, 0.7, 1.8], "texture": "#0"}, "south": {"uv": [0, 0, 1.4, 1.8], "texture": "#0"}, "west": {"uv": [0, 0, 0.7, 1.8], "texture": "#0"}, "up": {"uv": [0, 0, 1.4, 0.7], "texture": "#0"}, "down": {"uv": [0, 0, 1.4, 0.7], "texture": "#0"} } }, { "name": "Hammer", "from": [7, 9.8, 2.8], "to": [9, 10.2, 3.9], "faces": { "north": {"uv": [0, 0, 2, 0.4], "texture": "#0"}, "east": {"uv": [0, 0, 1.1, 0.4], "texture": "#0"}, "south": {"uv": [0, 0, 2, 0.4], "texture": "#0"}, "west": {"uv": [0, 0, 1.1, 0.4], "texture": "#0"}, "up": {"uv": [0, 0, 2, 1.1], "texture": "#0"}, "down": {"uv": [0, 0, 2, 1.1], "texture": "#0"} } }, { "name": "Hammer", "from": [7, 11.5, 4.5], "to": [9, 11.9, 6.8], "rotation": {"angle": -22.5, "axis": "x", "origin": [8, 8, 8]}, "faces": { "north": {"uv": [0, 0, 2, 0.4], "texture": "#0"}, "east": {"uv": [0, 0, 2.3, 0.4], "texture": "#0"}, "south": {"uv": [0, 0, 2, 0.4], "texture": "#0"}, "west": {"uv": [0, 0, 2.3, 0.4], "texture": "#0"}, "up": {"uv": [0, 0, 2, 2.3], "texture": "#0"}, "down": {"uv": [0, 0, 2, 2.3], "texture": "#0"} } }, { "name": "Hammer", "from": [7, 12.3, 6.5], "to": [9, 12.7, 7.8], "rotation": {"angle": -45, "axis": "x", "origin": [8, 8, 8]}, "faces": { "north": {"uv": [0, 0, 2, 0.4], "texture": "#0"}, "east": {"uv": [0, 0, 1.3, 0.4], "texture": "#0"}, "south": {"uv": [0, 0, 2, 0.4], "texture": "#0"}, "west": {"uv": [0, 0, 1.3, 0.4], "texture": "#0"}, "up": {"uv": [0, 0, 2, 1.3], "texture": "#0"}, "down": {"uv": [0, 0, 2, 1.3], "texture": "#0"} } }, { "name": "Hammer", "from": [7, 10.7, 4.4], "to": [9, 12.1, 8.7], "faces": { "north": {"uv": [0, 0, 2, 1.4], "texture": "#0"}, "east": {"uv": [0, 0, 4.3, 1.4], "texture": "#0"}, "south": {"uv": [0, 0, 2, 1.4], "texture": "#0"}, "west": {"uv": [0, 0, 4.3, 1.4], "texture": "#0"}, "up": {"uv": [0, 0, 2, 4.3], "texture": "#0"}, "down": {"uv": [0, 0, 2, 4.3], "texture": "#0"} } }, { "name": "Trigger", "from": [7, 7.5, 8.5], "to": [9, 8.1, 9.9], "rotation": {"angle": -22.5, "axis": "x", "origin": [8, 8, 8]}, "faces": { "north": {"uv": [0, 0, 2, 0.6], "texture": "#0"}, "east": {"uv": [0, 0, 1.4, 0.6], "texture": "#0"}, "south": {"uv": [0, 0, 2, 0.6], "texture": "#0"}, "west": {"uv": [0, 0, 1.4, 0.6], "texture": "#0"}, "up": {"uv": [0, 0, 2, 1.4], "texture": "#0"}, "down": {"uv": [0, 0, 2, 1.4], "texture": "#0"} } }, { "name": "Trigger", "from": [7, 8.3, 8.7], "to": [9, 12.1, 10], "faces": { "north": {"uv": [0, 0, 2, 3.8], "texture": "#0"}, "east": {"uv": [0, 0, 1.3, 3.8], "texture": "#0"}, "south": {"uv": [0, 0, 2, 3.8], "texture": "#0"}, "west": {"uv": [0, 0, 1.3, 3.8], "texture": "#0"}, "up": {"uv": [0, 0, 2, 1.3], "texture": "#0"}, "down": {"uv": [0, 0, 2, 1.3], "texture": "#0"} } }, { "name": "Trigger", "from": [7.8, 8.5, 9.7], "to": [8.2, 11.9, 11], "faces": { "north": {"uv": [0, 0, 0.4, 3.4], "texture": "#0"}, "east": {"uv": [0, 0, 1.3, 3.4], "texture": "#0"}, "south": {"uv": [0, 0, 0.4, 3.4], "texture": "#0"}, "west": {"uv": [0, 0, 1.3, 3.4], "texture": "#0"}, "up": {"uv": [0, 0, 0.4, 1.3], "texture": "#0"}, "down": {"uv": [0, 0, 0.4, 1.3], "texture": "#0"} } }, { "name": "Trigger", "from": [7.8, 7.2, 10.9], "to": [8.2, 8.6, 11.5], "rotation": {"angle": -22.5, "axis": "x", "origin": [8, 8, 8]}, "faces": { "north": {"uv": [0, 0, 0.4, 1.4], "texture": "#0"}, "east": {"uv": [0, 0, 0.6, 1.4], "texture": "#0"}, "south": {"uv": [0, 0, 0.4, 1.4], "texture": "#0"}, "west": {"uv": [0, 0, 0.6, 1.4], "texture": "#0"}, "up": {"uv": [0, 0, 0.4, 0.6], "texture": "#0"}, "down": {"uv": [0, 0, 0.4, 0.6], "texture": "#0"} } }, { "name": "Trigger", "from": [7.8, 11.8, 9], "to": [8.2, 12.8, 9.6], "rotation": {"angle": 22.5, "axis": "x", "origin": [8, 8, 8]}, "faces": { "north": {"uv": [0, 0, 0.4, 1], "texture": "#0"}, "east": {"uv": [0, 0, 0.6, 1], "texture": "#0"}, "south": {"uv": [0, 0, 0.4, 1], "texture": "#0"}, "west": {"uv": [0, 0, 0.6, 1], "texture": "#0"}, "up": {"uv": [0, 0, 0.4, 0.6], "texture": "#0"}, "down": {"uv": [0, 0, 0.4, 0.6], "texture": "#0"} } }, { "name": "Trigger", "from": [7.5, 8.3, 10], "to": [8.5, 8.7, 13.8], "faces": { "north": {"uv": [0, 0, 1, 0.4], "texture": "#0"}, "east": {"uv": [0, 0, 3.8, 0.4], "texture": "#0"}, "south": {"uv": [0, 0, 1, 0.4], "texture": "#0"}, "west": {"uv": [0, 0, 3.8, 0.4], "texture": "#0"}, "up": {"uv": [0, 0, 1, 3.8], "texture": "#0"}, "down": {"uv": [0, 0, 1, 3.8], "texture": "#0"} } }, { "name": "Trigger", "from": [7.5, 11.7, 10], "to": [8.5, 12.1, 18.8], "faces": { "north": {"uv": [0, 0, 1, 0.4], "texture": "#0"}, "east": {"uv": [0, 0, 8.8, 0.4], "texture": "#0"}, "south": {"uv": [0, 0, 1, 0.4], "texture": "#0"}, "west": {"uv": [0, 0, 8.8, 0.4], "texture": "#0"}, "up": {"uv": [0, 0, 1, 8.8], "texture": "#0"}, "down": {"uv": [0, 0, 1, 8.8], "texture": "#0"} } }, { "name": "Trigger", "from": [7.5, 6.6, 9.9], "to": [8.5, 8, 10.3], "rotation": {"angle": -45, "axis": "x", "origin": [8, 8, 8]}, "faces": { "north": {"uv": [0, 0, 1, 1.4], "texture": "#0"}, "east": {"uv": [0, 0, 0.4, 1.4], "texture": "#0"}, "south": {"uv": [0, 0, 1, 1.4], "texture": "#0"}, "west": {"uv": [0, 0, 0.4, 1.4], "texture": "#0"}, "up": {"uv": [0, 0, 1, 0.4], "texture": "#0"}, "down": {"uv": [0, 0, 1, 0.4], "texture": "#0"} } }, { "name": "Trigger", "from": [7.5, 11.2, 6.8], "to": [8.5, 12.6, 7.2], "rotation": {"angle": 45, "axis": "x", "origin": [8, 8, 8]}, "faces": { "north": {"uv": [0, 0, 1, 1.4], "texture": "#0"}, "east": {"uv": [0, 0, 0.4, 1.4], "texture": "#0"}, "south": {"uv": [0, 0, 1, 1.4], "texture": "#0"}, "west": {"uv": [0, 0, 0.4, 1.4], "texture": "#0"}, "up": {"uv": [0, 0, 1, 0.4], "texture": "#0"}, "down": {"uv": [0, 0, 1, 0.4], "texture": "#0"} } }, { "name": "Trigger", "from": [7.5, 4.1, 12.3], "to": [8.5, 4.5, 13.1], "rotation": {"angle": -45, "axis": "x", "origin": [8, 8, 8]}, "faces": { "north": {"uv": [0, 0, 1, 0.4], "texture": "#0"}, "east": {"uv": [0, 0, 0.8, 0.4], "texture": "#0"}, "south": {"uv": [0, 0, 1, 0.4], "texture": "#0"}, "west": {"uv": [0, 0, 0.8, 0.4], "texture": "#0"}, "up": {"uv": [0, 0, 1, 0.8], "texture": "#0"}, "down": {"uv": [0, 0, 1, 0.8], "texture": "#0"} } }, { "name": "Trigger", "from": [7.5, 8.9, 14], "to": [8.5, 11.7, 14.4], "faces": { "north": {"uv": [0, 0, 1, 2.8], "texture": "#0"}, "east": {"uv": [0, 0, 0.4, 2.8], "texture": "#0"}, "south": {"uv": [0, 0, 1, 2.8], "texture": "#0"}, "west": {"uv": [0, 0, 0.4, 2.8], "texture": "#0"}, "up": {"uv": [0, 0, 1, 0.4], "texture": "#0"}, "down": {"uv": [0, 0, 1, 0.4], "texture": "#0"} } }, { "name": "Trigger", "from": [7.5, 5.9, 14.5], "to": [8.5, 6.9, 14.9], "rotation": {"angle": -45, "axis": "x", "origin": [8, 8, 8]}, "faces": { "north": {"uv": [0, 0, 1, 1], "texture": "#0"}, "east": {"uv": [0, 0, 0.4, 1], "texture": "#0"}, "south": {"uv": [0, 0, 1, 1], "texture": "#0"}, "west": {"uv": [0, 0, 0.4, 1], "texture": "#0"}, "up": {"uv": [0, 0, 1, 0.4], "texture": "#0"}, "down": {"uv": [0, 0, 1, 0.4], "texture": "#0"} } }, { "name": "Body", "from": [7, 12.1, 4.4], "to": [9, 14.1, 22.8], "faces": { "north": {"uv": [0, 0, 2, 2], "texture": "#0"}, "east": {"uv": [2, 1, 13.4, 5], "texture": "#0"}, "south": {"uv": [3, 4, 10, 8], "texture": "#0"}, "west": {"uv": [0, 0, 12.4, 3], "texture": "#0"}, "up": {"uv": [0, 0, 2, 8.4], "texture": "#0"}, "down": {"uv": [0, 0, 2, 8], "texture": "#0"} } }, { "name": "Body", "from": [7, 14.4, 9.3], "to": [9, 14.9, 10.3], "rotation": {"angle": -45, "axis": "x", "origin": [8, 8, 8]}, "faces": { "north": {"uv": [0, 0, 2, 0.5], "texture": "#0"}, "east": {"uv": [0, 0, 1, 0.5], "texture": "#0"}, "south": {"uv": [0, 0, 2, 0.5], "texture": "#0"}, "west": {"uv": [0, 0, 1, 0.5], "texture": "#0"}, "up": {"uv": [0, 0, 2, 1], "texture": "#0"}, "down": {"uv": [0, 0, 2, 1], "texture": "#0"} } }, { "name": "Hammer", "from": [7, 11.8, 1.3], "to": [9, 12.1, 2.3], "rotation": {"angle": 22.5, "axis": "x", "origin": [8, 8, 8]}, "faces": { "north": {"uv": [0, 0, 2, 0.3], "texture": "#0"}, "east": {"uv": [0, 0, 1, 0.3], "texture": "#0"}, "south": {"uv": [0, 0, 2, 0.3], "texture": "#0"}, "west": {"uv": [0, 0, 1, 0.3], "texture": "#0"}, "up": {"uv": [0, 0, 2, 1], "texture": "#0"}, "down": {"uv": [0, 0, 2, 1], "texture": "#0"} } }, { "name": "Hammer", "from": [7, 13.8, 3.9], "to": [9, 14.1, 4.4], "faces": { "north": {"uv": [0, 0, 2, 0.3], "texture": "#0"}, "east": {"uv": [0, 0, 0.5, 0.3], "texture": "#0"}, "south": {"uv": [0, 0, 2, 0.3], "texture": "#0"}, "west": {"uv": [0, 0, 0.5, 0.3], "texture": "#0"}, "up": {"uv": [0, 0, 2, 0.5], "texture": "#0"}, "down": {"uv": [0, 0, 2, 0.5], "texture": "#0"} } }, { "name": "Body", "from": [7.5, 14.5, 5.1], "to": [8.5, 15.1, 10.7], "faces": { "north": {"uv": [0, 0, 1, 0.6], "texture": "#0"}, "east": {"uv": [0, 0, 5.6, 0.6], "texture": "#0"}, "south": {"uv": [0, 0, 1, 0.6], "texture": "#0"}, "west": {"uv": [0, 0, 5.6, 0.6], "texture": "#0"}, "up": {"uv": [0, 0, 1, 5.6], "texture": "#0"}, "down": {"uv": [0, 0, 1, 5.6], "texture": "#0"} } }, { "name": "Body", "from": [7.5, 15.1, 5.9], "to": [8.5, 15.7, 6.2], "faces": { "north": {"uv": [0, 0, 1, 0.6], "texture": "#0"}, "east": {"uv": [0, 0, 0.3, 0.6], "texture": "#0"}, "south": {"uv": [0, 0, 1, 0.6], "texture": "#0"}, "west": {"uv": [0, 0, 0.3, 0.6], "texture": "#0"}, "up": {"uv": [0, 0, 1, 0.3], "texture": "#0"}, "down": {"uv": [0, 0, 1, 0.3], "texture": "#0"} } }, { "name": "Body", "from": [7.5, 13.7, 3.1], "to": [8.5, 14.3, 3.3], "rotation": {"angle": 22.5, "axis": "x", "origin": [8, 8, 8]}, "faces": { "north": {"uv": [0, 0, 1, 0.6], "texture": "#0"}, "east": {"uv": [0, 0, 0.2, 0.6], "texture": "#0"}, "south": {"uv": [0, 0, 1, 0.6], "texture": "#0"}, "west": {"uv": [0, 0, 0.2, 0.6], "texture": "#0"}, "up": {"uv": [0, 0, 1, 0.2], "texture": "#0"}, "down": {"uv": [0, 0, 1, 0.2], "texture": "#0"} } }, { "name": "Trigger", "from": [7.5, 14.9, 8.7], "to": [8.5, 15.9, 10.1], "rotation": {"angle": 45, "axis": "x", "origin": [8, 8, 8]}, "faces": { "north": {"uv": [0, 0, 1, 1], "texture": "#0"}, "east": {"uv": [0, 0, 1.4, 1], "texture": "#0"}, "south": {"uv": [0, 0, 1, 1], "texture": "#0"}, "west": {"uv": [0, 0, 1.4, 1], "texture": "#0"}, "up": {"uv": [0, 0, 1, 1.4], "texture": "#0"}, "down": {"uv": [0, 0, 1, 1.4], "texture": "#0"} } }, { "name": "Body", "from": [7.3, 14.1, 4.8], "to": [8.7, 14.5, 22.8], "faces": { "north": {"uv": [0, 0, 1.4, 0.4], "texture": "#0"}, "east": {"uv": [0, 0, 12, 0.4], "texture": "#0"}, "south": {"uv": [0, 0, 1.4, 0.4], "texture": "#0"}, "west": {"uv": [0, 0, 15, 1.4], "texture": "#0"}, "up": {"uv": [0, 0, 1.4, 14], "texture": "#0"}, "down": {"uv": [0, 0, 1.4, 15], "texture": "#0"} } }, { "name": "Body", "from": [7.5, 14.5, 13.9], "to": [8.5, 15.1, 22.8], "faces": { "north": {"uv": [0, 0, 1, 0.6], "texture": "#0"}, "east": {"uv": [0, 0, 8.9, 0.6], "texture": "#0"}, "south": {"uv": [0, 0, 1, 0.6], "texture": "#0"}, "west": {"uv": [0, 0, 8.9, 0.6], "texture": "#0"}, "up": {"uv": [0, 0, 1, 8.9], "texture": "#0"}, "down": {"uv": [0, 0, 1, 8.9], "texture": "#0"} } }, { "name": "Body", "from": [7.5, 14.5, 10.7], "to": [8.5, 14.8, 13.9], "faces": { "north": {"uv": [0, 0, 1, 0.3], "texture": "#0"}, "east": {"uv": [0, 0, 3.2, 0.3], "texture": "#0"}, "south": {"uv": [0, 0, 1, 0.3], "texture": "#0"}, "west": {"uv": [0, 0, 3.2, 0.3], "texture": "#0"}, "up": {"uv": [0, 0, 1, 3.2], "texture": "#0"}, "down": {"uv": [0, 0, 1, 3.2], "texture": "#0"} } }, { "name": "Body", "from": [7.5, 12, 15.4], "to": [8.5, 12.3, 16.2], "rotation": {"angle": -22.5, "axis": "x", "origin": [8, 8, 8]}, "faces": { "north": {"uv": [0, 0, 1, 0.3], "texture": "#0"}, "east": {"uv": [0, 0, 0.8, 0.3], "texture": "#0"}, "south": {"uv": [0, 0, 1, 0.3], "texture": "#0"}, "west": {"uv": [0, 0, 0.8, 0.3], "texture": "#0"}, "up": {"uv": [0, 0, 1, 0.8], "texture": "#0"}, "down": {"uv": [0, 0, 1, 0.8], "texture": "#0"} } }, { "name": "Body", "from": [7.5, 15.3, 7.8], "to": [8.5, 15.6, 8.6], "rotation": {"angle": 22.5, "axis": "x", "origin": [8, 8, 8]}, "faces": { "north": {"uv": [0, 0, 1, 0.3], "texture": "#0"}, "east": {"uv": [0, 0, 0.8, 0.3], "texture": "#0"}, "south": {"uv": [0, 0, 1, 0.3], "texture": "#0"}, "west": {"uv": [0, 0, 0.8, 0.3], "texture": "#0"}, "up": {"uv": [0, 0, 1, 0.8], "texture": "#0"}, "down": {"uv": [0, 0, 1, 0.8], "texture": "#0"} } }, { "name": "Body", "from": [7.5, 19.7, 17.8], "to": [8.5, 20, 18.6], "rotation": {"angle": 22.5, "axis": "x", "origin": [8, 8, 8]}, "faces": { "north": {"uv": [0, 0, 1, 0.3], "texture": "#0"}, "east": {"uv": [0, 0, 0.8, 0.3], "texture": "#0"}, "south": {"uv": [0, 0, 1, 0.3], "texture": "#0"}, "west": {"uv": [0, 0, 0.8, 0.3], "texture": "#0"}, "up": {"uv": [0, 0, 1, 0.8], "texture": "#0"}, "down": {"uv": [0, 0, 1, 0.8], "texture": "#0"} } }, { "name": "Mag", "from": [9, 2, 5.5], "to": [9.2, 9.6, 8.5], "rotation": {"angle": 22.5, "axis": "x", "origin": [8, 8, 8]}, "faces": { "north": {"uv": [0, 0, 0.2, 7.6], "texture": "#1"}, "east": {"uv": [13, 2, 16, 9.6], "texture": "#1"}, "south": {"uv": [0, 0, 0.2, 7.6], "texture": "#1"}, "west": {"uv": [0, 0, 3, 7.6], "texture": "#1"}, "up": {"uv": [0, 0, 0.2, 3], "texture": "#1"}, "down": {"uv": [0, 0, 0.2, 3], "texture": "#1"} } }, { "name": "Mag", "from": [6.8, 2, 5.5], "to": [7, 9.6, 8.5], "rotation": {"angle": 22.5, "axis": "x", "origin": [8, 8, 8]}, "faces": { "north": {"uv": [0, 0, 0.2, 7.6], "texture": "#1"}, "east": {"uv": [5, 1, 8, 8.6], "texture": "#1"}, "south": {"uv": [1, 0, 1.2, 7.6], "texture": "#1"}, "west": {"uv": [0, 5, 3, 12.6], "texture": "#1"}, "up": {"uv": [0, 0, 0.2, 3], "texture": "#1"}, "down": {"uv": [0, 0, 0.2, 3], "texture": "#1"} } }, { "name": "Mag", "from": [9, 9.3, 6.1], "to": [9.2, 11.6, 9.1], "faces": { "north": {"uv": [1, 0, 1.2, 2.3], "texture": "#1"}, "east": {"uv": [3, 1, 0, 3.3], "texture": "#1"}, "south": {"uv": [0, 0, 0.2, 2.3], "texture": "#1"}, "west": {"uv": [0, 0, 3, 2.3], "texture": "#1"}, "up": {"uv": [0, 0, 0.2, 3], "texture": "#1"}, "down": {"uv": [0, 0, 0.2, 3], "texture": "#1"} } }, { "name": "Mag", "from": [6.8, 9.3, 6.1], "to": [7, 11.6, 9.1], "faces": { "north": {"uv": [0, 0, 0.2, 3.3], "texture": "#1"}, "east": {"uv": [3, 0, 6, 2.3], "texture": "#1"}, "south": {"uv": [0, 0, 0.2, 2.3], "texture": "#1"}, "west": {"uv": [0, 2, 3, 4.3], "texture": "#1"}, "up": {"uv": [0, 0, 0.2, 3], "texture": "#1"}, "down": {"uv": [0, 0, 0.2, 3], "texture": "#1"} } } ], "display": { "thirdperson_righthand": { "rotation": [180, 0, 180], "translation": [0, -1, 0.4], "scale": [0.6, 0.6, 0.6] }, "firstperson_righthand": { "rotation": [180, 0, 180], "translation": [-9, 3.7, 4.25], "scale": [0.6, 0.6, 0.6] }, "firstperson_lefthand": { "translation": [-80, 0, 0] }, "ground": { "scale": [0.6, 0.6, 0.6] }, "gui": { "rotation": [-7, 90, 0], "translation": [-3.75, -1.35, 0.4], "scale": [0.7, 0.7, 0.7] }, "fixed": { "rotation": [0, 90, 0] } } }