{ "credit": "Made with Blockbench", "textures": { "texture": "guns/awm/skins/gold", "nulls_light_black": "guns/awm/metal/seven" }, "elements": [ { "name": "Gray", "from": [-2.5, 9.5, 6.75], "to": [0, 10, 7.25], "faces": { "north": {"uv": [0, 0, 1, 1], "texture": "#nulls_light_black", "cullface": "west"}, "south": {"uv": [0, 0, 1, 1], "texture": "#nulls_light_black", "cullface": "west"}, "up": {"uv": [0, 0, 1, 1], "texture": "#nulls_light_black", "cullface": "west"}, "down": {"uv": [0, 0, 1, 1], "texture": "#nulls_light_black", "cullface": "west"} } }, { "name": "Dark_Gray*", "from": [0, 8, 6.25], "to": [8.5, 10, 7.75], "faces": { "north": {"uv": [0, 0, 1, 1], "texture": "#texture"}, "south": {"uv": [0, 0, 1, 1], "texture": "#texture"}, "west": {"uv": [0, 0, 1, 1], "texture": "#texture", "cullface": "west"}, "up": {"uv": [0, 0, 1, 1], "texture": "#texture"}, "down": {"uv": [0, 0, 1, 1], "texture": "#texture"} } }, { "name": "Dark_Gray*", "from": [0, 10, 6.4375], "to": [8.5, 11, 7.5625], "faces": { "north": {"uv": [0, 0, 1, 1], "texture": "#texture"}, "south": {"uv": [0, 0, 1, 1], "texture": "#texture"}, "west": {"uv": [0, 0, 1, 1], "texture": "#texture", "cullface": "west"}, "up": {"uv": [0, 0, 1, 1], "texture": "#texture"} } }, { "name": "Dark_Gray*", "from": [-4, 9.25, 6.5], "to": [-2.5, 10.25, 7.5], "faces": { "north": {"uv": [0, 0, 1, 1], "texture": "#texture", "cullface": "west"}, "east": {"uv": [0, 0, 1, 1], "texture": "#texture", "cullface": "west"}, "south": {"uv": [0, 0, 1, 1], "texture": "#texture", "cullface": "west"}, "west": {"uv": [0, 0, 1, 1], "texture": "#texture", "cullface": "west"}, "up": {"uv": [0, 0, 1, 1], "texture": "#texture", "cullface": "west"}, "down": {"uv": [0, 0, 1, 1], "texture": "#texture", "cullface": "west"} } }, { "name": "Dark_Gray*", "from": [1.5625, 10.4375, 6.5], "to": [2.5625, 12.9375, 7.5], "rotation": {"angle": -22.5, "axis": "z", "origin": [1.5625, 12.9375, 6.5]}, "faces": { "north": {"uv": [0, 0, 1, 1], "texture": "#texture"}, "east": {"uv": [0, 0, 1, 1], "texture": "#texture"}, "south": {"uv": [0, 0, 1, 1], "texture": "#texture"}, "west": {"uv": [0, 0, 1, 1], "texture": "#texture"}, "up": {"uv": [0, 0, 1, 1], "texture": "#texture"}, "down": {"uv": [0, 0, 1, 1], "texture": "#texture"} } }, { "name": "Dark_Gray*", "from": [1.5, 12.5, 6.5], "to": [8, 13, 7.5], "faces": { "north": {"uv": [0, 0, 1, 1], "texture": "#texture"}, "east": {"uv": [0, 0, 1, 1], "texture": "#texture"}, "south": {"uv": [0, 0, 1, 1], "texture": "#texture"}, "west": {"uv": [0, 0, 1, 1], "texture": "#texture"}, "up": {"uv": [0, 0, 1, 1], "texture": "#texture"}, "down": {"uv": [0, 0, 1, 1], "texture": "#texture"} } }, { "name": "Dark_Gray*", "from": [6.5, 11, 6.5], "to": [7.5, 12.5, 7.5], "faces": { "north": {"uv": [0, 0, 1, 1], "texture": "#texture"}, "east": {"uv": [0, 0, 1, 1], "texture": "#texture"}, "south": {"uv": [0, 0, 1, 1], "texture": "#texture"}, "west": {"uv": [0, 0, 1, 1], "texture": "#texture"} } }, { "name": "Back_End", "from": [8.5, 10, 6.25], "to": [12, 11, 7.75], "faces": { "north": {"uv": [0, 0, 1, 1], "texture": "#nulls_light_black"}, "south": {"uv": [0, 0, 1, 1], "texture": "#nulls_light_black"}, "west": {"uv": [0, 0, 1, 1], "texture": "#nulls_light_black"}, "up": {"uv": [0, 0, 1, 1], "texture": "#nulls_light_black"}, "down": {"uv": [0, 0, 1, 1], "texture": "#nulls_light_black"} } }, { "name": "Back_End*", "from": [12, 10, 6.25], "to": [15, 11.5, 7.75], "faces": { "north": {"uv": [0, 0, 1, 1], "texture": "#nulls_light_black"}, "east": {"uv": [0, 0, 1, 1], "texture": "#nulls_light_black"}, "south": {"uv": [0, 0, 1, 1], "texture": "#nulls_light_black"}, "west": {"uv": [0, 0, 1, 1], "texture": "#nulls_light_black"}, "up": {"uv": [0, 0, 1, 1], "texture": "#nulls_light_black"}, "down": {"uv": [0, 0, 1, 1], "texture": "#nulls_light_black"} } }, { "name": "Back_End*", "from": [8.5, 7.75, 6], "to": [15, 10.25, 8], "faces": { "north": {"uv": [0, 0, 1, 1], "texture": "#nulls_light_black"}, "east": {"uv": [0, 0, 1, 1], "texture": "#nulls_light_black"}, "south": {"uv": [0, 0, 1, 1], "texture": "#nulls_light_black"}, "west": {"uv": [0, 0, 1, 1], "texture": "#nulls_light_black"}, "up": {"uv": [0, 0, 1, 1], "texture": "#nulls_light_black"}, "down": {"uv": [0, 0, 1, 1], "texture": "#nulls_light_black"} } }, { "name": "Dark_Gray*", "from": [1, 5.5, 6.5], "to": [2, 8, 7.5], "faces": { "north": {"uv": [0, 0, 1, 1], "texture": "#texture"}, "east": {"uv": [0, 0, 1, 1], "texture": "#texture"}, "south": {"uv": [0, 0, 1, 1], "texture": "#texture"}, "west": {"uv": [0, 0, 1, 1], "texture": "#texture"}, "down": {"uv": [0, 0, 1, 1], "texture": "#texture"} } }, { "name": "Dark_Gray*", "from": [4.125, 4.625, 6.5], "to": [5.625, 8.625, 7.5], "rotation": {"angle": 22.5, "axis": "z", "origin": [4.125, 8.625, 6.5]}, "faces": { "north": {"uv": [0, 0, 1, 1], "texture": "#texture"}, "east": {"uv": [0, 0, 1, 1], "texture": "#texture"}, "south": {"uv": [0, 0, 1, 1], "texture": "#texture"}, "west": {"uv": [0, 0, 1, 1], "texture": "#texture"}, "up": {"uv": [0, 0, 1, 1], "texture": "#texture"}, "down": {"uv": [0, 0, 1, 1], "texture": "#texture"} } }, { "name": "Dark_Gray*", "from": [2, 6.5, 6.75], "to": [5.5, 7, 7.25], "faces": { "north": {"uv": [0, 0, 1, 1], "texture": "#texture"}, "east": {"uv": [0, 0, 1, 1], "texture": "#texture"}, "south": {"uv": [0, 0, 1, 1], "texture": "#texture"}, "up": {"uv": [0, 0, 1, 1], "texture": "#texture"}, "down": {"uv": [0, 0, 1, 1], "texture": "#texture"} } }, { "name": "Gray*", "from": [3.5, 7.5, 6.75], "to": [4, 9, 7.25], "faces": { "north": {"uv": [0, 0, 1, 1], "texture": "#nulls_light_black"}, "east": {"uv": [0, 0, 1, 1], "texture": "#nulls_light_black"}, "south": {"uv": [0, 0, 1, 1], "texture": "#nulls_light_black"}, "west": {"uv": [0, 0, 1, 1], "texture": "#nulls_light_black"}, "up": {"uv": [0, 0, 1, 1], "texture": "#nulls_light_black"}, "down": {"uv": [0, 0, 1, 1], "texture": "#nulls_light_black"} } }, { "name": "Back_End*", "from": [13.5, 7, 6.25], "to": [15, 8, 7.75], "faces": { "north": {"uv": [0, 0, 1, 1], "texture": "#nulls_light_black"}, "east": {"uv": [0, 0, 1, 1], "texture": "#nulls_light_black"}, "south": {"uv": [0, 0, 1, 1], "texture": "#nulls_light_black"}, "west": {"uv": [0, 0, 1, 1], "texture": "#nulls_light_black"}, "up": {"uv": [0, 0, 1, 1], "texture": "#nulls_light_black"}, "down": {"uv": [0, 0, 1, 1], "texture": "#nulls_light_black"} } }, { "name": "Dark_Gray*", "from": [10, 5, 6.75], "to": [12, 9, 7.25], "rotation": {"angle": -22.5, "axis": "z", "origin": [10, 9, 6.75]}, "faces": { "north": {"uv": [0, 0, 1, 1], "texture": "#texture"}, "east": {"uv": [0, 0, 1, 1], "texture": "#texture"}, "south": {"uv": [0, 0, 1, 1], "texture": "#texture"}, "west": {"uv": [0, 0, 1, 1], "texture": "#texture"}, "up": {"uv": [0, 0, 1, 1], "texture": "#texture"}, "down": {"uv": [0, 0, 1, 1], "texture": "#texture"} } }, { "name": "Dark_Gray*", "from": [7.125, 2.1875, 6.75], "to": [9.6875, 4.1875, 7.25], "rotation": {"angle": 45, "axis": "z", "origin": [7.125, 4.1875, 6.75]}, "faces": { "north": {"uv": [0, 0, 1, 1], "texture": "#texture"}, "east": {"uv": [0, 0, 1, 1], "texture": "#texture"}, "south": {"uv": [0, 0, 1, 1], "texture": "#texture"}, "west": {"uv": [0, 0, 1, 1], "texture": "#texture"}, "up": {"uv": [0, 0, 1, 1], "texture": "#texture"}, "down": {"uv": [0, 0, 1, 1], "texture": "#texture"} } } ], "display": { "thirdperson_righthand": { "rotation": [0, -50, 0], "translation": [0, 0, 3.02], "scale": [0.8, 0.8, 0.8] }, "thirdperson_lefthand": { "rotation": [0, 125, 0], "translation": [0.57, 0, 2.27], "scale": [0.8, 0.8, 0.8] }, "firstperson_righthand": { "rotation": [0, -90, 0], "translation": [-10.01, 3.32, 3.78] }, "firstperson_lefthand": { "rotation": [0, 84, 0], "translation": [80, 1.32, 3.78] }, "ground": { "translation": [0, 2.08, 0], "scale": [0.7, 0.7, 0.7] }, "gui": { "rotation": [0, -170, -46], "translation": [-0.68, -2.19, 1.89] }, "head": { "rotation": [0, 0, 45], "translation": [2.08, -18.71, 4.72] }, "fixed": { "translation": [2.46, -1.32, 0] } } }