{"display":{"firstperson_lefthand":{"rotation":[-1,-60,0],"scale":[0.4,0.4,0.4],"translation":[2,0.75,0.5]},"firstperson_righthand":{"rotation":[-1,-60,0],"scale":[0.4,0.4,0.4],"translation":[2,0.75,0.5]},"ground":{"rotation":[-1,-60,0],"scale":[0.4,0.4,0.4],"translation":[2,0.75,0.5]},"gui":{"rotation":[26,-60,0],"scale":[0.4,0.4,0.4],"translation":[0.25,-0.25,0.5]},"head":{"rotation":[-1,-60,0],"scale":[0.4,0.4,0.4],"translation":[2,0.75,0.5]},"thirdperson_lefthand":{"rotation":[75,45,0],"scale":[0.375,0.375,0.375],"translation":[0,1.75,0]},"thirdperson_righthand":{"rotation":[75,45,0],"scale":[0.375,0.375,0.375],"translation":[0,1.75,0]}},"elements":[{"faces":{"down":{"texture":"#0","uv":[8,9,4,13]},"east":{"texture":"#0","uv":[4.5,0,8.5,4.5]},"north":{"texture":"#0","uv":[4.5,0,8.5,4.5]},"south":{"texture":"#0","uv":[4.5,0,8.5,4.5]},"up":{"texture":"#0","uv":[4,13,0,9]},"west":{"texture":"#0","uv":[4.5,0,8.5,4.5]}},"from":[0,0,0],"to":[16,17.9,16]},{"faces":{"down":{"texture":"#0","uv":[4.5,4.5,0,0]},"east":{"texture":"#0","uv":[8,9,12.5,9.5]},"north":{"texture":"#0","uv":[8,9,12.5,9.5]},"south":{"texture":"#0","uv":[8,9,12.5,9.5]},"up":{"texture":"#0","uv":[4.5,4.5,0,0]},"west":{"texture":"#0","uv":[8,9,12.5,9.5]}},"from":[-1,17.9,-1],"to":[17,19.9,17]},{"faces":{"east":{"texture":"#0","uv":[10,11.25,10.5,11.5]},"north":{"texture":"#0","uv":[11,11,12,11.25]},"south":{"texture":"#0","uv":[11,11,12,11.25]},"up":{"texture":"#0","uv":[9,11.5,8,11]},"west":{"texture":"#0","uv":[10,11.25,10.5,11.5]}},"from":[6,19.9,7],"to":[10,20.9,9]}],"groups":[0,1,2,{"children":[],"color":0,"name":"group","origin":[8,8,8]},{"children":[],"color":0,"name":"group","origin":[8,8,8]},{"children":[],"color":0,"name":"group","origin":[8,8,8]},{"children":[],"color":0,"name":"group","origin":[8,8,8]}],"texture_size":[64,64],"textures":{"0":"block/trashcan","particle":"block/trashcan"}}