{ "parent": "minecraft:item/generated", "textures": { "layer0": "minecraft:item/baked_potato" }, "overrides": [ { "predicate": { "custom_model_data": 10000 }, "model": "itembound:auto_generated/burger_potato" }, { "predicate": { "custom_model_data": 10001 }, "model": "itembound:auto_generated/chips_bbq" }, { "predicate": { "custom_model_data": 10002 }, "model": "itembound:auto_generated/chips_ketchup" }, { "predicate": { "custom_model_data": 10003 }, "model": "itembound:auto_generated/chips_pickle" }, { "predicate": { "custom_model_data": 10004 }, "model": "itembound:auto_generated/chips_plain" }, { "predicate": { "custom_model_data": 10005 }, "model": "itembound:auto_generated/fries_cheese" }, { "predicate": { "custom_model_data": 10006 }, "model": "itembound:auto_generated/fries_plain" }, { "predicate": { "custom_model_data": 10007 }, "model": "itembound:auto_generated/fries_spicy" }, { "predicate": { "custom_model_data": 10008 }, "model": "itembound:auto_generated/fries_sweet" }, { "predicate": { "custom_model_data": 10009 }, "model": "itembound:auto_generated/mashed_potatoes" }, { "predicate": { "custom_model_data": 10010 }, "model": "minecraft:item/baked_potato" } ] }