{ "parent": "minecraft:item/generated", "textures": { "layer0": "minecraft:item/bread" }, "overrides": [ { "predicate": { "custom_model_data": 10000 }, "model": "itembound:auto_generated/burger_bean" }, { "predicate": { "custom_model_data": 10001 }, "model": "itembound:auto_generated/burrito_veggie" }, { "predicate": { "custom_model_data": 10002 }, "model": "itembound:auto_generated/christmas_pudding" }, { "predicate": { "custom_model_data": 10003 }, "model": "itembound:auto_generated/fruitcake" }, { "predicate": { "custom_model_data": 10004 }, "model": "itembound:auto_generated/nachos_cheese" }, { "predicate": { "custom_model_data": 10005 }, "model": "itembound:auto_generated/nachos_guacamole" }, { "predicate": { "custom_model_data": 10006 }, "model": "itembound:auto_generated/nachos_plain" }, { "predicate": { "custom_model_data": 10007 }, "model": "itembound:auto_generated/nachos_purple" }, { "predicate": { "custom_model_data": 10008 }, "model": "itembound:auto_generated/nachos_spicy" }, { "predicate": { "custom_model_data": 10009 }, "model": "itembound:auto_generated/onigiri" }, { "predicate": { "custom_model_data": 10010 }, "model": "itembound:auto_generated/pizza" }, { "predicate": { "custom_model_data": 10011 }, "model": "itembound:auto_generated/taco_veggie" }, { "predicate": { "custom_model_data": 10012 }, "model": "itembound:auto_generated/tofu" }, { "predicate": { "custom_model_data": 10013 }, "model": "minecraft:item/bread" } ] }