{ "parent": "minecraft:item/generated", "textures": { "layer0": "minecraft:item/cooked_cod" }, "overrides": [ { "predicate": { "custom_model_data": 10000 }, "model": "itembound:auto_generated/nigiri_eel" }, { "predicate": { "custom_model_data": 10001 }, "model": "itembound:auto_generated/nigiri_salmon" }, { "predicate": { "custom_model_data": 10002 }, "model": "itembound:auto_generated/nigiri_shrimp" }, { "predicate": { "custom_model_data": 10003 }, "model": "itembound:auto_generated/nigiri_squid" }, { "predicate": { "custom_model_data": 10004 }, "model": "itembound:auto_generated/nigiri_tuna" }, { "predicate": { "custom_model_data": 10005 }, "model": "itembound:auto_generated/roe_salmon" }, { "predicate": { "custom_model_data": 10006 }, "model": "itembound:auto_generated/roe_urchin" }, { "predicate": { "custom_model_data": 10007 }, "model": "itembound:auto_generated/roll_avocado" }, { "predicate": { "custom_model_data": 10008 }, "model": "itembound:auto_generated/roll_kimbap" }, { "predicate": { "custom_model_data": 10009 }, "model": "itembound:auto_generated/roll_salmon" }, { "predicate": { "custom_model_data": 10010 }, "model": "itembound:auto_generated/roll_tuna" }, { "predicate": { "custom_model_data": 10011 }, "model": "itembound:auto_generated/sashimi_salmon" }, { "predicate": { "custom_model_data": 10012 }, "model": "itembound:auto_generated/sashimi_surf_clam" }, { "predicate": { "custom_model_data": 10013 }, "model": "itembound:auto_generated/sashimi_tuna" }, { "predicate": { "custom_model_data": 10014 }, "model": "itembound:auto_generated/sashimi_white_tuna" }, { "predicate": { "custom_model_data": 10015 }, "model": "minecraft:item/cooked_cod" } ] }