{ "parent": "minecraft:item/handheld", "textures": { "layer0": "minecraft:item/diamond_axe" }, "overrides": [ { "predicate": { "custom_model_data": 10000 }, "model": "itemsadder:auto_generated/ruby_axe" }, { "predicate": { "custom_model_data": 10001 }, "model": "itemsadder:auto_generated/spinel_axe" }, { "predicate": { "custom_model_data": 10002 }, "model": "itemsadder:auto_generated/turquoise_axe" }, { "predicate": { "custom_model_data": 10003 }, "model": "itemsadder:auto_generated/aqua_aura_axe" }, { "predicate": { "custom_model_data": 10004 }, "model": "itemsadder:auto_generated/amethyst_axe" }, { "predicate": { "custom_model_data": 10005 }, "model": "itemsadder:auto_generated/bronze_axe" }, { "predicate": { "custom_model_data": 10006 }, "model": "itembound:auto_generated/nunchuckdiamond" }, { "predicate": { "custom_model_data": 10007 }, "model": "itembound:auto_generated/scythediamond" }, { "predicate": { "custom_model_data": 10008 }, "model": "itembound:auto_generated/amethyst_flail" }, { "predicate": { "custom_model_data": 10009 }, "model": "itembound:auto_generated/amethyst_whip" }, { "predicate": { "custom_model_data": 10010 }, "model": "itembound:auto_generated/pearl_spear" }, { "predicate": { "custom_model_data": 10011 }, "model": "itembound:auto_generated/pearl_trident" }, { "predicate": { "custom_model_data": 10012 }, "model": "itembound:auto_generated/sword_rose" }, { "predicate": { "custom_model_data": 10013 }, "model": "itembound:auto_generated/battleaxediamond" }, { "predicate": { "custom_model_data": 10014 }, "model": "minecraft:item/diamond_axe" } ] }