{ "credit": "Made with Blockbench", "textures": { "0": "block/black_concrete", "1": "timetoplay:roleplay/itmes/katanas/ittou_shura_katana_texture" }, "elements": [ { "name": "octagon", "from": [7.60754, -8.55601, 6.90281], "to": [8.39246, 0.44399, 8.30281], "rotation": {"angle": 0, "axis": "y", "origin": [8, -3.30601, 7.60281]}, "faces": { "north": {"uv": [0, 0, 1, 1], "texture": "#0"}, "east": {"uv": [0, 0, 1, 1], "texture": "#0"}, "south": {"uv": [0, 0, 1, 1], "texture": "#0"}, "west": {"uv": [0, 0, 1, 1], "texture": "#0"}, "up": {"uv": [0, 0, 1, 1], "texture": "#0"}, "down": {"uv": [0, 0, 1, 1], "texture": "#0"} } }, { "name": "octagon", "from": [7.78254, -8.55601, 8.09032], "to": [7.97246, 0.44399, 8.23032], "rotation": {"angle": 45, "axis": "y", "origin": [8.175, -2.55601, 7.53032]}, "faces": { "north": {"uv": [0, 0, 1, 1], "texture": "#0"}, "east": {"uv": [0, 0, 1, 1], "texture": "#0"}, "south": {"uv": [0, 0, 1, 1], "texture": "#0"}, "west": {"uv": [0, 0, 1, 1], "texture": "#0"}, "up": {"uv": [0, 0, 1, 1], "texture": "#0"}, "down": {"uv": [0, 0, 1, 1], "texture": "#0"} } }, { "name": "octagon", "from": [7.95505, -8.55601, 6.55281], "to": [8.14497, 0.44399, 6.69281], "rotation": {"angle": -45, "axis": "y", "origin": [7.75251, -2.55601, 7.25281]}, "faces": { "north": {"uv": [1, 0, 0, 1], "texture": "#0"}, "east": {"uv": [1, 0, 0, 1], "texture": "#0"}, "south": {"uv": [1, 0, 0, 1], "texture": "#0"}, "west": {"uv": [1, 0, 0, 1], "texture": "#0"}, "up": {"uv": [1, 0, 0, 1], "texture": "#0"}, "down": {"uv": [1, 0, 0, 1], "texture": "#0"} } }, { "name": "octagon", "from": [7.85503, -8.55601, 6.55281], "to": [8.04495, 0.44399, 6.69281], "rotation": {"angle": 45, "axis": "y", "origin": [8.24749, -2.55601, 7.25281]}, "faces": { "north": {"uv": [0, 0, 1, 1], "texture": "#0"}, "east": {"uv": [0, 0, 1, 1], "texture": "#0"}, "south": {"uv": [0, 0, 1, 1], "texture": "#0"}, "west": {"uv": [0, 0, 1, 1], "texture": "#0"}, "up": {"uv": [0, 0, 1, 1], "texture": "#0"}, "down": {"uv": [0, 0, 1, 1], "texture": "#0"} } }, { "name": "octagon", "from": [8.02754, -8.55601, 8.09032], "to": [8.21746, 0.44399, 8.23032], "rotation": {"angle": -45, "axis": "y", "origin": [7.825, -2.55601, 7.53032]}, "faces": { "north": {"uv": [1, 0, 0, 1], "texture": "#0"}, "east": {"uv": [1, 0, 0, 1], "texture": "#0"}, "south": {"uv": [1, 0, 0, 1], "texture": "#0"}, "west": {"uv": [1, 0, 0, 1], "texture": "#0"}, "up": {"uv": [1, 0, 0, 1], "texture": "#0"}, "down": {"uv": [1, 0, 0, 1], "texture": "#0"} } }, { "name": "octagon", "from": [7.475, -8.55601, 7.03534], "to": [8.525, 0.44399, 8.17027], "rotation": {"angle": 0, "axis": "y", "origin": [8, -3.30601, 7.60281]}, "faces": { "north": {"uv": [0, 0, 1, 1], "texture": "#0"}, "east": {"uv": [0, 0, 1, 1], "texture": "#0"}, "south": {"uv": [0, 0, 1, 1], "texture": "#0"}, "west": {"uv": [0, 0, 1, 1], "texture": "#0"}, "up": {"uv": [0, 0, 1, 1], "texture": "#0"}, "down": {"uv": [0, 0, 1, 1], "texture": "#0"} } }, { "name": "octagon", "from": [7.54022, 0.44399, 6.49306], "to": [8.45978, 0.69399, 8.71306], "rotation": {"angle": 45, "axis": "y", "origin": [8, -3.30601, 7.60306]}, "faces": { "north": {"uv": [0, 0, 1, 1], "texture": "#0"}, "east": {"uv": [0, 0, 1, 1], "texture": "#0"}, "south": {"uv": [0, 0, 1, 1], "texture": "#0"}, "west": {"uv": [0, 0, 1, 1], "texture": "#0"}, "up": {"uv": [0, 0, 1, 1], "texture": "#0"}, "down": {"uv": [0, 0, 1, 1], "texture": "#0"} } }, { "name": "octagon", "from": [7.54022, 0.44399, 6.49306], "to": [8.45978, 0.69399, 8.71306], "rotation": {"angle": 0, "axis": "y", "origin": [8, -3.30601, 7.60306]}, "faces": { "north": {"uv": [0, 0, 1, 1], "texture": "#0"}, "east": {"uv": [0, 0, 1, 1], "texture": "#0"}, "south": {"uv": [0, 0, 1, 1], "texture": "#0"}, "west": {"uv": [0, 0, 1, 1], "texture": "#0"}, "up": {"uv": [0, 0, 1, 1], "texture": "#0"}, "down": {"uv": [0, 0, 1, 1], "texture": "#0"} } }, { "name": "octagon", "from": [6.89, 0.44399, 7.14328], "to": [9.11, 0.69399, 8.06283], "rotation": {"angle": 45, "axis": "y", "origin": [8, -3.30601, 7.60306]}, "faces": { "north": {"uv": [0, 0, 1, 1], "texture": "#0"}, "east": {"uv": [0, 0, 1, 1], "texture": "#0"}, "south": {"uv": [0, 0, 1, 1], "texture": "#0"}, "west": {"uv": [0, 0, 1, 1], "texture": "#0"}, "up": {"uv": [0, 0, 1, 1], "texture": "#0"}, "down": {"uv": [0, 0, 1, 1], "texture": "#0"} } }, { "name": "octagon", "from": [6.89, 0.44399, 7.14328], "to": [9.11, 0.69399, 8.06283], "rotation": {"angle": 0, "axis": "y", "origin": [8, -3.30601, 7.60306]}, "faces": { "north": {"uv": [0, 0, 1, 1], "texture": "#0"}, "east": {"uv": [0, 0, 1, 1], "texture": "#0"}, "south": {"uv": [0, 0, 1, 1], "texture": "#0"}, "west": {"uv": [0, 0, 1, 1], "texture": "#0"}, "up": {"uv": [0, 0, 1, 1], "texture": "#0"}, "down": {"uv": [0, 0, 1, 1], "texture": "#0"} } }, { "name": "octagon", "from": [7.49425, 0.49399, 6.38206], "to": [8.50575, 0.64399, 8.82406], "rotation": {"angle": 45, "axis": "y", "origin": [8, -3.35601, 7.60306]}, "faces": { "north": {"uv": [0, 0, 1, 1], "texture": "#0"}, "east": {"uv": [0, 0, 1, 1], "texture": "#0"}, "south": {"uv": [0, 0, 1, 1], "texture": "#0"}, "west": {"uv": [0, 0, 1, 1], "texture": "#0"}, "up": {"uv": [0, 0, 1, 1], "texture": "#0"}, "down": {"uv": [0, 0, 1, 1], "texture": "#0"} } }, { "name": "octagon", "from": [7.49425, 0.49399, 6.38206], "to": [8.50575, 0.64399, 8.82406], "rotation": {"angle": 0, "axis": "y", "origin": [8, -3.35601, 7.60306]}, "faces": { "north": {"uv": [0, 0, 1, 1], "texture": "#0"}, "east": {"uv": [0, 0, 1, 1], "texture": "#0"}, "south": {"uv": [0, 0, 1, 1], "texture": "#0"}, "west": {"uv": [0, 0, 1, 1], "texture": "#0"}, "up": {"uv": [0, 0, 1, 1], "texture": "#0"}, "down": {"uv": [0, 0, 1, 1], "texture": "#0"} } }, { "name": "octagon", "from": [6.779, 0.49399, 7.0973], "to": [9.221, 0.64399, 8.10881], "rotation": {"angle": 45, "axis": "y", "origin": [8, -3.35601, 7.60306]}, "faces": { "north": {"uv": [0, 0, 1, 1], "texture": "#0"}, "east": {"uv": [0, 0, 1, 1], "texture": "#0"}, "south": {"uv": [0, 0, 1, 1], "texture": "#0"}, "west": {"uv": [0, 0, 1, 1], "texture": "#0"}, "up": {"uv": [0, 0, 1, 1], "texture": "#0"}, "down": {"uv": [0, 0, 1, 1], "texture": "#0"} } }, { "name": "octagon", "from": [6.779, 0.49399, 7.0973], "to": [9.221, 0.64399, 8.10881], "rotation": {"angle": 0, "axis": "y", "origin": [8, -3.35601, 7.60306]}, "faces": { "north": {"uv": [0, 0, 1, 1], "texture": "#0"}, "east": {"uv": [0, 0, 1, 1], "texture": "#0"}, "south": {"uv": [0, 0, 1, 1], "texture": "#0"}, "west": {"uv": [0, 0, 1, 1], "texture": "#0"}, "up": {"uv": [0, 0, 1, 1], "texture": "#0"}, "down": {"uv": [0, 0, 1, 1], "texture": "#0"} } }, { "name": "octagon", "from": [7.61522, 0.69399, 6.91806], "to": [8.38478, 1.19399, 8.28806], "rotation": {"angle": 0, "axis": "y", "origin": [7.975, -3.30601, 7.60306]}, "faces": { "north": {"uv": [0, 0, 1, 1], "texture": "#0"}, "east": {"uv": [0, 0, 1, 1], "texture": "#0"}, "south": {"uv": [0, 0, 1, 1], "texture": "#0"}, "west": {"uv": [0, 0, 1, 1], "texture": "#0"}, "up": {"uv": [0, 0, 1, 1], "texture": "#0"}, "down": {"uv": [0, 0, 1, 1], "texture": "#0"} } }, { "name": "octagon", "from": [7.76522, 3.67233, 7.26806], "to": [8.23478, 6.67233, 8.28806], "rotation": {"angle": 0, "axis": "y", "origin": [8.125, -1.95267, 7.77806]}, "faces": { "north": {"uv": [0, 0, 1, 1], "texture": "#1"}, "east": {"uv": [0, 0, 1, 1], "texture": "#1"}, "south": {"uv": [0, 0, 1, 1], "texture": "#1"}, "west": {"uv": [0, 0, 1, 1], "texture": "#1"}, "up": {"uv": [0, 0, 1, 1], "texture": "#1"}, "down": {"uv": [0, 0, 1, 1], "texture": "#1"} } }, { "name": "octagon", "from": [7.76522, 0.67233, 7.21806], "to": [8.23478, 3.67233, 8.23806], "rotation": {"angle": 0, "axis": "y", "origin": [8.125, -4.95267, 7.72806]}, "faces": { "north": {"uv": [0, 0, 1, 1], "texture": "#1"}, "east": {"uv": [0, 0, 1, 1], "texture": "#1"}, "south": {"uv": [0, 0, 1, 1], "texture": "#1"}, "west": {"uv": [0, 0, 1, 1], "texture": "#1"}, "up": {"uv": [0, 0, 1, 1], "texture": "#1"}, "down": {"uv": [0, 0, 1, 1], "texture": "#1"} } }, { "name": "octagon", "from": [7.76522, 6.67233, 7.31806], "to": [8.23478, 9.67233, 8.33806], "rotation": {"angle": 0, "axis": "y", "origin": [8.125, 1.04733, 7.82806]}, "faces": { "north": {"uv": [0, 0, 1, 1], "texture": "#1"}, "east": {"uv": [0, 0, 1, 1], "texture": "#1"}, "south": {"uv": [0, 0, 1, 1], "texture": "#1"}, "west": {"uv": [0, 0, 1, 1], "texture": "#1"}, "up": {"uv": [0, 0, 1, 1], "texture": "#1"}, "down": {"uv": [0, 0, 1, 1], "texture": "#1"} } }, { "name": "octagon", "from": [7.76522, 9.67233, 7.39306], "to": [8.23478, 12.29733, 8.41306], "rotation": {"angle": 0, "axis": "y", "origin": [8.125, 4.04733, 7.90306]}, "faces": { "north": {"uv": [0, 0, 1, 1], "texture": "#1"}, "east": {"uv": [0, 0, 1, 1], "texture": "#1"}, "south": {"uv": [0, 0, 1, 1], "texture": "#1"}, "west": {"uv": [0, 0, 1, 1], "texture": "#1"}, "up": {"uv": [0, 0, 1, 1], "texture": "#1"}, "down": {"uv": [0, 0, 1, 1], "texture": "#1"} } }, { "name": "octagon", "from": [7.76522, 12.29733, 7.51806], "to": [8.23478, 14.92233, 8.53806], "rotation": {"angle": 0, "axis": "y", "origin": [8.125, 6.67233, 8.02806]}, "faces": { "north": {"uv": [0, 0, 1, 1], "texture": "#1"}, "east": {"uv": [0, 0, 1, 1], "texture": "#1"}, "south": {"uv": [0, 0, 1, 1], "texture": "#1"}, "west": {"uv": [0, 0, 1, 1], "texture": "#1"}, "up": {"uv": [0, 0, 1, 1], "texture": "#1"}, "down": {"uv": [0, 0, 1, 1], "texture": "#1"} } }, { "name": "octagon", "from": [7.76522, 14.92233, 7.66806], "to": [8.23478, 17.17233, 8.68806], "rotation": {"angle": 0, "axis": "y", "origin": [8.125, 9.29733, 8.17806]}, "faces": { "north": {"uv": [0, 0, 1, 1], "texture": "#1"}, "east": {"uv": [0, 0, 1, 1], "texture": "#1"}, "south": {"uv": [0, 0, 1, 1], "texture": "#1"}, "west": {"uv": [0, 0, 1, 1], "texture": "#1"}, "up": {"uv": [0, 0, 1, 1], "texture": "#1"}, "down": {"uv": [0, 0, 1, 1], "texture": "#1"} } }, { "name": "octagon", "from": [7.76522, 17.17233, 7.84306], "to": [8.23478, 19.42233, 8.86306], "rotation": {"angle": 0, "axis": "y", "origin": [8.125, 11.54733, 8.35306]}, "faces": { "north": {"uv": [0, 0, 1, 1], "texture": "#1"}, "east": {"uv": [0, 0, 1, 1], "texture": "#1"}, "south": {"uv": [0, 0, 1, 1], "texture": "#1"}, "west": {"uv": [0, 0, 1, 1], "texture": "#1"}, "up": {"uv": [0, 0, 1, 1], "texture": "#1"}, "down": {"uv": [0, 0, 1, 1], "texture": "#1"} } }, { "name": "octagon", "from": [7.76522, 19.42233, 8.04306], "to": [8.23478, 21.29733, 9.06306], "rotation": {"angle": 0, "axis": "y", "origin": [8.125, 13.79733, 8.55306]}, "faces": { "north": {"uv": [0, 0, 1, 1], "texture": "#1"}, "east": {"uv": [0, 0, 1, 1], "texture": "#1"}, "south": {"uv": [0, 0, 1, 1], "texture": "#1"}, "west": {"uv": [0, 0, 1, 1], "texture": "#1"}, "up": {"uv": [0, 0, 1, 1], "texture": "#1"}, "down": {"uv": [0, 0, 1, 1], "texture": "#1"} } }, { "name": "octagon", "from": [7.76522, 21.29733, 8.24306], "to": [8.23478, 23.17233, 9.26306], "rotation": {"angle": 0, "axis": "y", "origin": [8.125, 15.67233, 8.75306]}, "faces": { "north": {"uv": [0, 0, 1, 1], "texture": "#1"}, "east": {"uv": [0, 0, 1, 1], "texture": "#1"}, "south": {"uv": [0, 0, 1, 1], "texture": "#1"}, "west": {"uv": [0, 0, 1, 1], "texture": "#1"}, "up": {"uv": [0, 0, 1, 1], "texture": "#1"}, "down": {"uv": [0, 0, 1, 1], "texture": "#1"} } }, { "name": "octagon", "from": [7.76522, 23.17233, 8.44306], "to": [8.23478, 24.67233, 9.46306], "rotation": {"angle": 0, "axis": "y", "origin": [8.125, 17.54733, 8.95306]}, "faces": { "north": {"uv": [0, 0, 1, 1], "texture": "#1"}, "east": {"uv": [0, 0, 1, 1], "texture": "#1"}, "south": {"uv": [0, 0, 1, 1], "texture": "#1"}, "west": {"uv": [0, 0, 1, 1], "texture": "#1"}, "up": {"uv": [0, 0, 1, 1], "texture": "#1"}, "down": {"uv": [0, 0, 1, 1], "texture": "#1"} } }, { "name": "octagon", "from": [7.76522, 24.67233, 8.61806], "to": [8.23478, 25.79733, 9.61306], "rotation": {"angle": 0, "axis": "y", "origin": [8.125, 19.04733, 9.10306]}, "faces": { "north": {"uv": [0, 0, 1, 1], "texture": "#1"}, "east": {"uv": [0, 0, 1, 1], "texture": "#1"}, "south": {"uv": [0, 0, 1, 1], "texture": "#1"}, "west": {"uv": [0, 0, 1, 1], "texture": "#1"}, "up": {"uv": [0, 0, 1, 1], "texture": "#1"}, "down": {"uv": [0, 0, 1, 1], "texture": "#1"} } }, { "name": "octagon", "from": [7.76522, 25.79733, 8.86806], "to": [8.23478, 26.54733, 9.81306], "rotation": {"angle": 0, "axis": "y", "origin": [8.125, 20.17233, 9.32806]}, "faces": { "north": {"uv": [0, 0, 1, 1], "texture": "#1"}, "east": {"uv": [0, 0, 1, 1], "texture": "#1"}, "south": {"uv": [0, 0, 1, 1], "texture": "#1"}, "west": {"uv": [0, 0, 1, 1], "texture": "#1"}, "up": {"uv": [0, 0, 1, 1], "texture": "#1"}, "down": {"uv": [0, 0, 1, 1], "texture": "#1"} } }, { "name": "octagon", "from": [7.76522, 26.54733, 9.04306], "to": [8.23478, 27.29733, 9.96306], "rotation": {"angle": 0, "axis": "y", "origin": [8.125, 20.92233, 9.45306]}, "faces": { "north": {"uv": [0, 0, 1, 1], "texture": "#1"}, "east": {"uv": [0, 0, 1, 1], "texture": "#1"}, "south": {"uv": [0, 0, 1, 1], "texture": "#1"}, "west": {"uv": [0, 0, 1, 1], "texture": "#1"}, "up": {"uv": [0, 0, 1, 1], "texture": "#1"}, "down": {"uv": [0, 0, 1, 1], "texture": "#1"} } }, { "name": "octagon", "from": [7.76522, 27.29733, 9.24306], "to": [8.23478, 27.94733, 10.11306], "rotation": {"angle": 0, "axis": "y", "origin": [8.125, 21.67233, 9.60306]}, "faces": { "north": {"uv": [0, 0, 1, 1], "texture": "#1"}, "east": {"uv": [0, 0, 1, 1], "texture": "#1"}, "south": {"uv": [0, 0, 1, 1], "texture": "#1"}, "west": {"uv": [0, 0, 1, 1], "texture": "#1"}, "up": {"uv": [0, 0, 1, 1], "texture": "#1"}, "down": {"uv": [0, 0, 1, 1], "texture": "#1"} } }, { "name": "octagon", "from": [7.76522, 28.32233, 9.66806], "to": [8.23478, 28.69733, 10.41306], "rotation": {"angle": 0, "axis": "y", "origin": [8.125, 22.69733, 9.90306]}, "faces": { "north": {"uv": [0, 0, 1, 1], "texture": "#1"}, "east": {"uv": [0, 0, 1, 1], "texture": "#1"}, "south": {"uv": [0, 0, 1, 1], "texture": "#1"}, "west": {"uv": [0, 0, 1, 1], "texture": "#1"}, "up": {"uv": [0, 0, 1, 1], "texture": "#1"}, "down": {"uv": [0, 0, 1, 1], "texture": "#1"} } }, { "name": "octagon", "from": [7.76522, 27.94733, 9.44306], "to": [8.23478, 28.32233, 10.26306], "rotation": {"angle": 0, "axis": "y", "origin": [8.125, 22.32233, 9.75306]}, "faces": { "north": {"uv": [0, 0, 1, 1], "texture": "#1"}, "east": {"uv": [0, 0, 1, 1], "texture": "#1"}, "south": {"uv": [0, 0, 1, 1], "texture": "#1"}, "west": {"uv": [0, 0, 1, 1], "texture": "#1"}, "up": {"uv": [0, 0, 1, 1], "texture": "#1"}, "down": {"uv": [0, 0, 1, 1], "texture": "#1"} } }, { "name": "octagon", "from": [7.76522, 28.69733, 9.91806], "to": [8.23478, 28.99733, 10.56306], "rotation": {"angle": 0, "axis": "y", "origin": [8.125, 23.07233, 10.02806]}, "faces": { "north": {"uv": [0, 0, 1, 1], "texture": "#1"}, "east": {"uv": [0, 0, 1, 1], "texture": "#1"}, "south": {"uv": [0, 0, 1, 1], "texture": "#1"}, "west": {"uv": [0, 0, 1, 1], "texture": "#1"}, "up": {"uv": [0, 0, 1, 1], "texture": "#1"}, "down": {"uv": [0, 0, 1, 1], "texture": "#1"} } }, { "name": "octagon", "from": [7.76522, 28.99733, 10.16806], "to": [8.23478, 29.22233, 10.78806], "rotation": {"angle": 0, "axis": "y", "origin": [8.125, 23.37233, 10.25306]}, "faces": { "north": {"uv": [0, 0, 1, 1], "texture": "#1"}, "east": {"uv": [0, 0, 1, 1], "texture": "#1"}, "south": {"uv": [0, 0, 1, 1], "texture": "#1"}, "west": {"uv": [0, 0, 1, 1], "texture": "#1"}, "up": {"uv": [0, 0, 1, 1], "texture": "#1"}, "down": {"uv": [0, 0, 1, 1], "texture": "#1"} } }, { "name": "octagon", "from": [7.76522, 3.67233, 7.01806], "to": [8.23478, 6.67233, 7.78806], "rotation": {"angle": 0, "axis": "y", "origin": [8.125, -1.95267, 7.77806]}, "faces": { "north": {"uv": [15, 0, 16, 1], "texture": "#1"}, "east": {"uv": [15, 3, 16, 4], "texture": "#1"}, "south": {"uv": [0, 0, 1, 1], "texture": "#1"}, "west": {"uv": [15, 1, 16, 2], "texture": "#1"}, "up": {"uv": [14, 1, 15, 2], "texture": "#1"}, "down": {"uv": [0, 0, 1, 1], "texture": "#1"} } }, { "name": "octagon", "from": [7.76522, 0.67233, 6.96806], "to": [8.23478, 3.67233, 7.73806], "rotation": {"angle": 0, "axis": "y", "origin": [8.125, -4.95267, 7.72806]}, "faces": { "north": {"uv": [15, 0, 16, 1], "texture": "#1"}, "east": {"uv": [15, 3, 16, 4], "texture": "#1"}, "south": {"uv": [0, 0, 1, 1], "texture": "#1"}, "west": {"uv": [15, 1, 16, 2], "texture": "#1"}, "up": {"uv": [14, 1, 15, 2], "texture": "#1"}, "down": {"uv": [0, 0, 1, 1], "texture": "#1"} } }, { "name": "octagon", "from": [7.76522, 6.67233, 7.06806], "to": [8.23478, 9.67233, 7.83806], "rotation": {"angle": 0, "axis": "y", "origin": [8.125, 1.04733, 7.82806]}, "faces": { "north": {"uv": [15, 0, 16, 1], "texture": "#1"}, "east": {"uv": [15, 3, 16, 4], "texture": "#1"}, "south": {"uv": [0, 0, 1, 1], "texture": "#1"}, "west": {"uv": [15, 1, 16, 2], "texture": "#1"}, "up": {"uv": [14, 1, 15, 2], "texture": "#1"}, "down": {"uv": [0, 0, 1, 1], "texture": "#1"} } }, { "name": "octagon", "from": [7.76522, 9.67233, 7.14306], "to": [8.23478, 12.29733, 7.91306], "rotation": {"angle": 0, "axis": "y", "origin": [8.125, 4.04733, 7.90306]}, "faces": { "north": {"uv": [15, 0, 16, 1], "texture": "#1"}, "east": {"uv": [15, 3, 16, 4], "texture": "#1"}, "south": {"uv": [0, 0, 1, 1], "texture": "#1"}, "west": {"uv": [15, 1, 16, 2], "texture": "#1"}, "up": {"uv": [14, 1, 15, 2], "texture": "#1"}, "down": {"uv": [0, 0, 1, 1], "texture": "#1"} } }, { "name": "octagon", "from": [7.76522, 12.29733, 7.26806], "to": [8.23478, 14.92233, 8.03806], "rotation": {"angle": 0, "axis": "y", "origin": [8.125, 6.67233, 8.02806]}, "faces": { "north": {"uv": [15, 0, 16, 1], "texture": "#1"}, "east": {"uv": [15, 3, 16, 4], "texture": "#1"}, "south": {"uv": [0, 0, 1, 1], "texture": "#1"}, "west": {"uv": [15, 1, 16, 2], "texture": "#1"}, "up": {"uv": [14, 1, 15, 2], "texture": "#1"}, "down": {"uv": [0, 0, 1, 1], "texture": "#1"} } }, { "name": "octagon", "from": [7.76522, 14.92233, 7.41806], "to": [8.23478, 17.17233, 8.18806], "rotation": {"angle": 0, "axis": "y", "origin": [8.125, 9.29733, 8.17806]}, "faces": { "north": {"uv": [15, 0, 16, 1], "texture": "#1"}, "east": {"uv": [15, 3, 16, 4], "texture": "#1"}, "south": {"uv": [0, 0, 1, 1], "texture": "#1"}, "west": {"uv": [15, 1, 16, 2], "texture": "#1"}, "up": {"uv": [14, 1, 15, 2], "texture": "#1"}, "down": {"uv": [0, 0, 1, 1], "texture": "#1"} } }, { "name": "octagon", "from": [7.76522, 17.17233, 7.59306], "to": [8.23478, 19.42233, 8.36306], "rotation": {"angle": 0, "axis": "y", "origin": [8.125, 11.54733, 8.35306]}, "faces": { "north": {"uv": [15, 0, 16, 1], "texture": "#1"}, "east": {"uv": [15, 3, 16, 4], "texture": "#1"}, "south": {"uv": [0, 0, 1, 1], "texture": "#1"}, "west": {"uv": [15, 1, 16, 2], "texture": "#1"}, "up": {"uv": [14, 1, 15, 2], "texture": "#1"}, "down": {"uv": [0, 0, 1, 1], "texture": "#1"} } }, { "name": "octagon", "from": [7.76522, 19.42233, 7.79306], "to": [8.23478, 21.29733, 8.56306], "rotation": {"angle": 0, "axis": "y", "origin": [8.125, 13.79733, 8.55306]}, "faces": { "north": {"uv": [15, 0, 16, 1], "texture": "#1"}, "east": {"uv": [15, 3, 16, 4], "texture": "#1"}, "south": {"uv": [0, 0, 1, 1], "texture": "#1"}, "west": {"uv": [15, 1, 16, 2], "texture": "#1"}, "up": {"uv": [14, 1, 15, 2], "texture": "#1"}, "down": {"uv": [0, 0, 1, 1], "texture": "#1"} } }, { "name": "octagon", "from": [7.76522, 21.29733, 7.99306], "to": [8.23478, 23.17233, 8.76306], "rotation": {"angle": 0, "axis": "y", "origin": [8.125, 15.67233, 8.75306]}, "faces": { "north": {"uv": [15, 0, 16, 1], "texture": "#1"}, "east": {"uv": [15, 3, 16, 4], "texture": "#1"}, "south": {"uv": [0, 0, 1, 1], "texture": "#1"}, "west": {"uv": [15, 1, 16, 2], "texture": "#1"}, "up": {"uv": [14, 1, 15, 2], "texture": "#1"}, "down": {"uv": [0, 0, 1, 1], "texture": "#1"} } }, { "name": "octagon", "from": [7.76522, 23.17233, 8.19306], "to": [8.23478, 24.67233, 8.96306], "rotation": {"angle": 0, "axis": "y", "origin": [8.125, 17.54733, 8.95306]}, "faces": { "north": {"uv": [15, 0, 16, 1], "texture": "#1"}, "east": {"uv": [15, 3, 16, 4], "texture": "#1"}, "south": {"uv": [0, 0, 1, 1], "texture": "#1"}, "west": {"uv": [15, 1, 16, 2], "texture": "#1"}, "up": {"uv": [14, 1, 15, 2], "texture": "#1"}, "down": {"uv": [0, 0, 1, 1], "texture": "#1"} } }, { "name": "octagon", "from": [7.76522, 24.67233, 8.36806], "to": [8.23478, 25.79733, 9.11306], "rotation": {"angle": 0, "axis": "y", "origin": [8.125, 19.04733, 9.10306]}, "faces": { "north": {"uv": [15, 0, 16, 1], "texture": "#1"}, "east": {"uv": [15, 3, 16, 4], "texture": "#1"}, "south": {"uv": [0, 0, 1, 1], "texture": "#1"}, "west": {"uv": [15, 1, 16, 2], "texture": "#1"}, "up": {"uv": [14, 1, 15, 2], "texture": "#1"}, "down": {"uv": [0, 0, 1, 1], "texture": "#1"} } }, { "name": "octagon", "from": [7.76522, 25.79733, 8.61806], "to": [8.23478, 26.54733, 9.31306], "rotation": {"angle": 0, "axis": "y", "origin": [8.125, 20.17233, 9.32806]}, "faces": { "north": {"uv": [15, 0, 16, 1], "texture": "#1"}, "east": {"uv": [15, 3, 16, 4], "texture": "#1"}, "south": {"uv": [0, 0, 1, 1], "texture": "#1"}, "west": {"uv": [15, 1, 16, 2], "texture": "#1"}, "up": {"uv": [14, 1, 15, 2], "texture": "#1"}, "down": {"uv": [0, 0, 1, 1], "texture": "#1"} } }, { "name": "octagon", "from": [7.76522, 26.54733, 8.79306], "to": [8.23478, 27.29733, 9.46306], "rotation": {"angle": 0, "axis": "y", "origin": [8.125, 20.92233, 9.45306]}, "faces": { "north": {"uv": [15, 0, 16, 1], "texture": "#1"}, "east": {"uv": [15, 3, 16, 4], "texture": "#1"}, "south": {"uv": [0, 0, 1, 1], "texture": "#1"}, "west": {"uv": [15, 1, 16, 2], "texture": "#1"}, "up": {"uv": [14, 1, 15, 2], "texture": "#1"}, "down": {"uv": [0, 0, 1, 1], "texture": "#1"} } }, { "name": "octagon", "from": [7.76522, 27.29733, 8.99306], "to": [8.23478, 27.94733, 9.61306], "rotation": {"angle": 0, "axis": "y", "origin": [8.125, 21.67233, 9.60306]}, "faces": { "north": {"uv": [15, 0, 16, 1], "texture": "#1"}, "east": {"uv": [15, 3, 16, 4], "texture": "#1"}, "south": {"uv": [0, 0, 1, 1], "texture": "#1"}, "west": {"uv": [15, 1, 16, 2], "texture": "#1"}, "up": {"uv": [14, 1, 15, 2], "texture": "#1"}, "down": {"uv": [0, 0, 1, 1], "texture": "#1"} } }, { "name": "octagon", "from": [7.76522, 28.32233, 9.41806], "to": [8.23478, 28.69733, 9.91306], "rotation": {"angle": 0, "axis": "y", "origin": [8.125, 22.69733, 9.90306]}, "faces": { "north": {"uv": [15, 0, 16, 1], "texture": "#1"}, "east": {"uv": [15, 3, 16, 4], "texture": "#1"}, "south": {"uv": [0, 0, 1, 1], "texture": "#1"}, "west": {"uv": [15, 1, 16, 2], "texture": "#1"}, "up": {"uv": [14, 1, 15, 2], "texture": "#1"}, "down": {"uv": [0, 0, 1, 1], "texture": "#1"} } }, { "name": "octagon", "from": [7.76522, 27.94733, 9.19306], "to": [8.23478, 28.32233, 9.76306], "rotation": {"angle": 0, "axis": "y", "origin": [8.125, 22.32233, 9.75306]}, "faces": { "north": {"uv": [15, 0, 16, 1], "texture": "#1"}, "east": {"uv": [15, 3, 16, 4], "texture": "#1"}, "south": {"uv": [0, 0, 1, 1], "texture": "#1"}, "west": {"uv": [15, 1, 16, 2], "texture": "#1"}, "up": {"uv": [14, 1, 15, 2], "texture": "#1"}, "down": {"uv": [0, 0, 1, 1], "texture": "#1"} } }, { "name": "octagon", "from": [7.76522, 28.69733, 9.66806], "to": [8.23478, 28.99733, 10.06306], "rotation": {"angle": 0, "axis": "y", "origin": [8.125, 23.07233, 10.02806]}, "faces": { "north": {"uv": [15, 0, 16, 1], "texture": "#1"}, "east": {"uv": [15, 3, 16, 4], "texture": "#1"}, "south": {"uv": [0, 0, 1, 1], "texture": "#1"}, "west": {"uv": [15, 1, 16, 2], "texture": "#1"}, "up": {"uv": [14, 1, 15, 2], "texture": "#1"}, "down": {"uv": [0, 0, 1, 1], "texture": "#1"} } }, { "name": "octagon", "from": [7.76522, 28.99733, 9.91806], "to": [8.23478, 29.22233, 10.28806], "rotation": {"angle": 0, "axis": "y", "origin": [8.125, 23.37233, 10.25306]}, "faces": { "north": {"uv": [15, 0, 16, 1], "texture": "#1"}, "east": {"uv": [15, 3, 16, 4], "texture": "#1"}, "south": {"uv": [0, 0, 1, 1], "texture": "#1"}, "west": {"uv": [15, 1, 16, 2], "texture": "#1"}, "up": {"uv": [14, 1, 15, 2], "texture": "#1"}, "down": {"uv": [0, 0, 1, 1], "texture": "#1"} } }, { "name": "octagon", "from": [7.76522, 29.22233, 10.11806], "to": [8.23478, 29.40983, 10.98806], "rotation": {"angle": 0, "axis": "y", "origin": [8.125, 23.59733, 10.45306]}, "faces": { "north": {"uv": [14, 0, 15, 1], "texture": "#1"}, "east": {"uv": [14, 0, 15, 1], "texture": "#1"}, "south": {"uv": [14, 0, 15, 1], "texture": "#1"}, "west": {"uv": [14, 0, 15, 1], "texture": "#1"}, "up": {"uv": [14, 1, 15, 2], "texture": "#1"}, "down": {"uv": [14, 0, 15, 1], "texture": "#1"} } }, { "name": "octagon", "from": [7.66522, 0.67233, 7.09306], "to": [8.33478, 3.67233, 7.34306], "rotation": {"angle": 0, "axis": "y", "origin": [8.125, -4.95267, 7.72806]}, "faces": { "north": {"uv": [14, 1, 16, 3], "texture": "#1"}, "east": {"uv": [14, 1, 16, 3], "texture": "#1"}, "south": {"uv": [14, 1, 16, 3], "texture": "#1"}, "west": {"uv": [14, 1, 16, 3], "texture": "#1"}, "up": {"uv": [14, 1, 16, 3], "texture": "#1"}, "down": {"uv": [14, 1, 16, 3], "texture": "#1"} } }, { "name": "octagon", "from": [7.66522, 0.67233, 7.34306], "to": [8.33478, 3.67233, 8.11306], "rotation": {"angle": 0, "axis": "y", "origin": [8.125, -4.95267, 7.72806]}, "faces": { "north": {"uv": [0, 1, 12, 16], "texture": "#1"}, "east": {"uv": [0, 1, 12, 16], "texture": "#1"}, "south": {"uv": [0, 1, 12, 16], "texture": "#1"}, "west": {"uv": [0, 1, 12, 16], "texture": "#1"}, "up": {"uv": [0, 1, 12, 16], "texture": "#1"}, "down": {"uv": [0, 1, 12, 16], "texture": "#1"} } }, { "name": "octagon", "from": [7.66522, 3.67233, 7.14306], "to": [8.33478, 6.67233, 7.41306], "rotation": {"angle": 0, "axis": "y", "origin": [8.125, -1.95267, 7.77806]}, "faces": { "north": {"uv": [14, 1, 16, 11], "texture": "#1"}, "east": {"uv": [14, 1, 16, 11], "texture": "#1"}, "south": {"uv": [14, 1, 16, 11], "texture": "#1"}, "west": {"uv": [14, 1, 16, 11], "texture": "#1"}, "up": {"uv": [14, 1, 16, 11], "texture": "#1"}, "down": {"uv": [14, 1, 16, 11], "texture": "#1"} } }, { "name": "octagon", "from": [7.66522, 3.67233, 7.39306], "to": [8.33478, 6.67233, 8.16306], "rotation": {"angle": 0, "axis": "y", "origin": [8.125, -1.95267, 7.77806]}, "faces": { "north": {"uv": [0, 1, 12, 16], "texture": "#1"}, "east": {"uv": [0, 1, 12, 16], "texture": "#1"}, "south": {"uv": [0, 1, 12, 16], "texture": "#1"}, "west": {"uv": [0, 1, 12, 16], "texture": "#1"}, "up": {"uv": [0, 1, 12, 16], "texture": "#1"}, "down": {"uv": [0, 1, 12, 16], "texture": "#1"} } }, { "name": "octagon", "from": [7.66522, 6.67233, 7.19306], "to": [8.33478, 9.67233, 7.44306], "rotation": {"angle": 0, "axis": "y", "origin": [8.125, 1.04733, 7.82806]}, "faces": { "north": {"uv": [15, 1, 16, 9], "texture": "#1"}, "east": {"uv": [15, 1, 16, 9], "texture": "#1"}, "south": {"uv": [15, 1, 16, 9], "texture": "#1"}, "west": {"uv": [15, 1, 16, 9], "texture": "#1"}, "up": {"uv": [15, 1, 16, 9], "texture": "#1"}, "down": {"uv": [15, 1, 16, 9], "texture": "#1"} } }, { "name": "octagon", "from": [7.66522, 6.67233, 7.44306], "to": [8.33478, 9.67233, 8.21306], "rotation": {"angle": 0, "axis": "y", "origin": [8.125, 1.04733, 7.82806]}, "faces": { "north": {"uv": [0, 1, 12, 16], "texture": "#1"}, "east": {"uv": [0, 1, 12, 16], "texture": "#1"}, "south": {"uv": [0, 1, 12, 16], "texture": "#1"}, "west": {"uv": [0, 1, 12, 16], "texture": "#1"}, "up": {"uv": [0, 1, 12, 16], "texture": "#1"}, "down": {"uv": [0, 1, 12, 16], "texture": "#1"} } }, { "name": "octagon", "from": [7.66522, 9.67233, 7.26806], "to": [8.33478, 12.29733, 7.53806], "rotation": {"angle": 0, "axis": "y", "origin": [8.125, 4.04733, 7.90306]}, "faces": { "north": {"uv": [16, 2, 14, 4], "texture": "#1"}, "east": {"uv": [16, 2, 14, 4], "texture": "#1"}, "south": {"uv": [16, 2, 14, 4], "texture": "#1"}, "west": {"uv": [16, 2, 14, 4], "texture": "#1"}, "up": {"uv": [16, 2, 14, 4], "texture": "#1"}, "down": {"uv": [16, 2, 14, 4], "texture": "#1"} } }, { "name": "octagon", "from": [7.66522, 9.67233, 7.53806], "to": [8.33478, 12.29733, 8.30806], "rotation": {"angle": 0, "axis": "y", "origin": [8.125, 4.04733, 7.92306]}, "faces": { "north": {"uv": [0, 1, 12, 16], "texture": "#1"}, "east": {"uv": [0, 1, 12, 16], "texture": "#1"}, "south": {"uv": [0, 1, 12, 16], "texture": "#1"}, "west": {"uv": [0, 1, 12, 16], "texture": "#1"}, "up": {"uv": [0, 1, 12, 16], "texture": "#1"}, "down": {"uv": [0, 1, 12, 16], "texture": "#1"} } }, { "name": "octagon", "from": [7.66522, 12.29733, 7.41806], "to": [8.33478, 14.92233, 7.66806], "rotation": {"angle": 0, "axis": "y", "origin": [8.125, 6.67233, 8.02806]}, "faces": { "north": {"uv": [14, 1, 16, 6], "texture": "#1"}, "east": {"uv": [14, 1, 16, 6], "texture": "#1"}, "south": {"uv": [14, 1, 16, 6], "texture": "#1"}, "west": {"uv": [14, 1, 16, 6], "texture": "#1"}, "up": {"uv": [14, 1, 16, 6], "texture": "#1"}, "down": {"uv": [14, 1, 16, 6], "texture": "#1"} } }, { "name": "octagon", "from": [7.66522, 12.29733, 7.66806], "to": [8.33478, 14.92233, 8.41306], "rotation": {"angle": 0, "axis": "y", "origin": [8.125, 6.67233, 8.02806]}, "faces": { "north": {"uv": [0, 1, 12, 16], "texture": "#1"}, "east": {"uv": [0, 1, 12, 16], "texture": "#1"}, "south": {"uv": [0, 1, 12, 16], "texture": "#1"}, "west": {"uv": [0, 1, 12, 16], "texture": "#1"}, "up": {"uv": [0, 1, 12, 16], "texture": "#1"}, "down": {"uv": [0, 1, 12, 16], "texture": "#1"} } }, { "name": "octagon", "from": [7.66522, 14.92233, 7.56806], "to": [8.33478, 17.17233, 7.81806], "rotation": {"angle": 0, "axis": "y", "origin": [8.125, 9.29733, 8.17806]}, "faces": { "north": {"uv": [16, 2, 14, 4], "texture": "#1"}, "east": {"uv": [16, 2, 14, 4], "texture": "#1"}, "south": {"uv": [16, 2, 14, 4], "texture": "#1"}, "west": {"uv": [16, 2, 14, 4], "texture": "#1"}, "up": {"uv": [16, 2, 14, 4], "texture": "#1"}, "down": {"uv": [16, 2, 14, 4], "texture": "#1"} } }, { "name": "octagon", "from": [7.66522, 14.92233, 7.81806], "to": [8.33478, 17.17233, 8.53806], "rotation": {"angle": 0, "axis": "y", "origin": [8.125, 9.29733, 8.17806]}, "faces": { "north": {"uv": [0, 1, 12, 16], "texture": "#1"}, "east": {"uv": [0, 1, 12, 16], "texture": "#1"}, "south": {"uv": [0, 1, 12, 16], "texture": "#1"}, "west": {"uv": [0, 1, 12, 16], "texture": "#1"}, "up": {"uv": [0, 1, 12, 16], "texture": "#1"}, "down": {"uv": [0, 1, 12, 16], "texture": "#1"} } }, { "name": "octagon", "from": [7.66522, 17.17233, 7.71806], "to": [8.33478, 19.42233, 7.98806], "rotation": {"angle": 0, "axis": "y", "origin": [8.125, 11.54733, 8.35306]}, "faces": { "north": {"uv": [14, 1, 16, 3], "texture": "#1"}, "east": {"uv": [14, 1, 16, 3], "texture": "#1"}, "south": {"uv": [14, 1, 16, 3], "texture": "#1"}, "west": {"uv": [14, 1, 16, 3], "texture": "#1"}, "up": {"uv": [14, 1, 16, 3], "texture": "#1"}, "down": {"uv": [14, 1, 16, 3], "texture": "#1"} } }, { "name": "octagon", "from": [7.66522, 17.17233, 7.98806], "to": [8.33478, 19.42233, 8.78306], "rotation": {"angle": 0, "axis": "y", "origin": [8.125, 11.54733, 8.37306]}, "faces": { "north": {"uv": [0, 1, 12, 16], "texture": "#1"}, "east": {"uv": [0, 1, 12, 16], "texture": "#1"}, "south": {"uv": [0, 1, 12, 16], "texture": "#1"}, "west": {"uv": [0, 1, 12, 16], "texture": "#1"}, "up": {"uv": [0, 1, 12, 16], "texture": "#1"}, "down": {"uv": [0, 1, 12, 16], "texture": "#1"} } }, { "name": "octagon", "from": [7.66522, 24.67233, 8.54306], "to": [8.33478, 25.79733, 8.81306], "rotation": {"angle": 0, "axis": "y", "origin": [8.125, 19.04733, 9.10306]}, "faces": { "north": {"uv": [16, 2, 14, 4], "texture": "#1"}, "east": {"uv": [16, 2, 14, 4], "texture": "#1"}, "south": {"uv": [16, 2, 14, 4], "texture": "#1"}, "west": {"uv": [16, 2, 14, 4], "texture": "#1"}, "up": {"uv": [16, 2, 14, 4], "texture": "#1"}, "down": {"uv": [16, 2, 14, 4], "texture": "#1"} } }, { "name": "octagon", "from": [7.66522, 24.67233, 8.81306], "to": [8.33478, 25.79733, 9.55806], "rotation": {"angle": 0, "axis": "y", "origin": [8.125, 19.04733, 9.12306]}, "faces": { "north": {"uv": [0, 1, 12, 16], "texture": "#1"}, "east": {"uv": [0, 1, 12, 16], "texture": "#1"}, "south": {"uv": [0, 1, 12, 16], "texture": "#1"}, "west": {"uv": [0, 1, 12, 16], "texture": "#1"}, "up": {"uv": [0, 1, 12, 16], "texture": "#1"}, "down": {"uv": [0, 1, 12, 16], "texture": "#1"} } }, { "name": "octagon", "from": [7.66522, 19.42233, 7.91806], "to": [8.33478, 21.29733, 8.18806], "rotation": {"angle": 0, "axis": "y", "origin": [8.125, 13.79733, 8.55306]}, "faces": { "north": {"uv": [14, 1, 16, 5], "texture": "#1"}, "east": {"uv": [14, 1, 16, 5], "texture": "#1"}, "south": {"uv": [14, 1, 16, 5], "texture": "#1"}, "west": {"uv": [14, 1, 16, 5], "texture": "#1"}, "up": {"uv": [14, 1, 16, 5], "texture": "#1"}, "down": {"uv": [14, 1, 16, 5], "texture": "#1"} } }, { "name": "octagon", "from": [7.66522, 19.42233, 8.18806], "to": [8.33478, 21.29733, 8.95806], "rotation": {"angle": 0, "axis": "y", "origin": [8.125, 13.79733, 8.57306]}, "faces": { "north": {"uv": [0, 1, 12, 16], "texture": "#1"}, "east": {"uv": [0, 1, 12, 16], "texture": "#1"}, "south": {"uv": [0, 1, 12, 16], "texture": "#1"}, "west": {"uv": [0, 1, 12, 16], "texture": "#1"}, "up": {"uv": [0, 1, 12, 16], "texture": "#1"}, "down": {"uv": [0, 1, 12, 16], "texture": "#1"} } }, { "name": "octagon", "from": [7.66522, 21.29733, 8.14306], "to": [8.33478, 23.17233, 8.39306], "rotation": {"angle": 0, "axis": "y", "origin": [8.125, 15.67233, 8.77806]}, "faces": { "north": {"uv": [16, 2, 14, 4], "texture": "#1"}, "east": {"uv": [16, 2, 14, 4], "texture": "#1"}, "south": {"uv": [16, 2, 14, 4], "texture": "#1"}, "west": {"uv": [16, 2, 14, 4], "texture": "#1"}, "up": {"uv": [16, 2, 14, 4], "texture": "#1"}, "down": {"uv": [16, 2, 14, 4], "texture": "#1"} } }, { "name": "octagon", "from": [7.66522, 21.29733, 8.39306], "to": [8.33478, 23.17233, 9.13806], "rotation": {"angle": 0, "axis": "y", "origin": [8.125, 15.67233, 8.77806]}, "faces": { "north": {"uv": [0, 1, 12, 16], "texture": "#1"}, "east": {"uv": [0, 1, 12, 16], "texture": "#1"}, "south": {"uv": [0, 1, 12, 16], "texture": "#1"}, "west": {"uv": [0, 1, 12, 16], "texture": "#1"}, "up": {"uv": [0, 1, 12, 16], "texture": "#1"}, "down": {"uv": [0, 1, 12, 16], "texture": "#1"} } }, { "name": "octagon", "from": [7.66522, 23.17233, 8.36806], "to": [8.33478, 24.67233, 8.63806], "rotation": {"angle": 0, "axis": "y", "origin": [8.125, 17.54733, 8.87806]}, "faces": { "north": {"uv": [16, 2, 14, 4], "texture": "#1"}, "east": {"uv": [16, 2, 14, 4], "texture": "#1"}, "south": {"uv": [16, 2, 14, 4], "texture": "#1"}, "west": {"uv": [16, 2, 14, 4], "texture": "#1"}, "up": {"uv": [16, 2, 14, 4], "texture": "#1"}, "down": {"uv": [16, 2, 14, 4], "texture": "#1"} } }, { "name": "octagon", "from": [7.66522, 23.17233, 8.63806], "to": [8.33478, 24.67233, 9.33306], "rotation": {"angle": 0, "axis": "y", "origin": [8.125, 17.54733, 8.89806]}, "faces": { "north": {"uv": [0, 1, 12, 16], "texture": "#1"}, "east": {"uv": [0, 1, 12, 16], "texture": "#1"}, "south": {"uv": [0, 1, 12, 16], "texture": "#1"}, "west": {"uv": [0, 1, 12, 16], "texture": "#1"}, "up": {"uv": [0, 1, 12, 16], "texture": "#1"}, "down": {"uv": [0, 1, 12, 16], "texture": "#1"} } }, { "name": "octagon", "from": [7.66522, 25.79733, 8.74306], "to": [8.33478, 26.54733, 8.99306], "rotation": {"angle": 0, "axis": "y", "origin": [8.125, 19.79733, 9.17806]}, "faces": { "north": {"uv": [16, 2, 14, 4], "texture": "#1"}, "east": {"uv": [16, 2, 14, 4], "texture": "#1"}, "south": {"uv": [16, 2, 14, 4], "texture": "#1"}, "west": {"uv": [16, 2, 14, 4], "texture": "#1"}, "up": {"uv": [16, 2, 14, 4], "texture": "#1"}, "down": {"uv": [16, 2, 14, 4], "texture": "#1"} } }, { "name": "octagon", "from": [7.66522, 25.79733, 8.99306], "to": [8.33478, 26.54733, 9.68806], "rotation": {"angle": 0, "axis": "y", "origin": [8.125, 19.79733, 9.17806]}, "faces": { "north": {"uv": [0, 1, 12, 16], "texture": "#1"}, "east": {"uv": [0, 1, 12, 16], "texture": "#1"}, "south": {"uv": [0, 1, 12, 16], "texture": "#1"}, "west": {"uv": [0, 1, 12, 16], "texture": "#1"}, "up": {"uv": [0, 1, 12, 16], "texture": "#1"}, "down": {"uv": [0, 1, 12, 16], "texture": "#1"} } }, { "name": "octagon", "from": [7.66522, 26.54733, 8.96806], "to": [8.33478, 27.29733, 9.21306], "rotation": {"angle": 0, "axis": "y", "origin": [8.125, 20.54733, 9.40306]}, "faces": { "north": {"uv": [14, 1, 16, 3], "texture": "#1"}, "east": {"uv": [14, 1, 16, 3], "texture": "#1"}, "south": {"uv": [14, 1, 16, 3], "texture": "#1"}, "west": {"uv": [14, 1, 16, 3], "texture": "#1"}, "up": {"uv": [14, 1, 16, 3], "texture": "#1"}, "down": {"uv": [14, 1, 16, 3], "texture": "#1"} } }, { "name": "octagon", "from": [7.66522, 26.54733, 9.21306], "to": [8.33478, 27.29733, 9.88306], "rotation": {"angle": 0, "axis": "y", "origin": [8.125, 20.54733, 9.42306]}, "faces": { "north": {"uv": [0, 1, 12, 16], "texture": "#1"}, "east": {"uv": [0, 1, 12, 16], "texture": "#1"}, "south": {"uv": [0, 1, 12, 16], "texture": "#1"}, "west": {"uv": [0, 1, 12, 16], "texture": "#1"}, "up": {"uv": [0, 1, 12, 16], "texture": "#1"}, "down": {"uv": [0, 1, 12, 16], "texture": "#1"} } }, { "name": "octagon", "from": [7.66522, 27.29733, 9.14306], "to": [8.33478, 27.94733, 9.38806], "rotation": {"angle": 0, "axis": "y", "origin": [8.125, 21.29733, 9.57806]}, "faces": { "north": {"uv": [16, 2, 14, 4], "texture": "#1"}, "east": {"uv": [16, 2, 14, 4], "texture": "#1"}, "south": {"uv": [16, 2, 14, 4], "texture": "#1"}, "west": {"uv": [16, 2, 14, 4], "texture": "#1"}, "up": {"uv": [16, 2, 14, 4], "texture": "#1"}, "down": {"uv": [16, 2, 14, 4], "texture": "#1"} } }, { "name": "octagon", "from": [7.66522, 27.29733, 9.38806], "to": [8.33478, 27.94733, 10.03306], "rotation": {"angle": 0, "axis": "y", "origin": [8.125, 21.29733, 9.59806]}, "faces": { "north": {"uv": [0, 1, 12, 16], "texture": "#1"}, "east": {"uv": [0, 1, 12, 16], "texture": "#1"}, "south": {"uv": [0, 1, 12, 16], "texture": "#1"}, "west": {"uv": [0, 1, 12, 16], "texture": "#1"}, "up": {"uv": [0, 1, 12, 16], "texture": "#1"}, "down": {"uv": [0, 1, 12, 16], "texture": "#1"} } }, { "name": "octagon", "from": [7.66522, 27.94733, 9.36806], "to": [8.33478, 28.32233, 9.58806], "rotation": {"angle": 0, "axis": "y", "origin": [8.125, 21.57233, 9.80306]}, "faces": { "north": {"uv": [16, 2, 14, 4], "texture": "#1"}, "east": {"uv": [16, 2, 14, 4], "texture": "#1"}, "south": {"uv": [16, 2, 14, 4], "texture": "#1"}, "west": {"uv": [16, 2, 14, 4], "texture": "#1"}, "up": {"uv": [16, 2, 14, 4], "texture": "#1"}, "down": {"uv": [16, 2, 14, 4], "texture": "#1"} } }, { "name": "octagon", "from": [7.66522, 27.94733, 9.58806], "to": [8.33478, 28.32233, 10.18306], "rotation": {"angle": 0, "axis": "y", "origin": [8.125, 21.57233, 9.82306]}, "faces": { "north": {"uv": [0, 1, 12, 16], "texture": "#1"}, "east": {"uv": [0, 1, 12, 16], "texture": "#1"}, "south": {"uv": [0, 1, 12, 16], "texture": "#1"}, "west": {"uv": [0, 1, 12, 16], "texture": "#1"}, "up": {"uv": [0, 1, 12, 16], "texture": "#1"}, "down": {"uv": [0, 1, 12, 16], "texture": "#1"} } }, { "name": "octagon", "from": [7.66522, 28.69733, 9.86806], "to": [8.33478, 28.99733, 10.03806], "rotation": {"angle": 0, "axis": "y", "origin": [8.125, 22.32233, 10.20306]}, "faces": { "north": {"uv": [16, 2, 14, 4], "texture": "#1"}, "east": {"uv": [16, 2, 14, 4], "texture": "#1"}, "south": {"uv": [16, 2, 14, 4], "texture": "#1"}, "west": {"uv": [16, 2, 14, 4], "texture": "#1"}, "up": {"uv": [16, 2, 14, 4], "texture": "#1"}, "down": {"uv": [16, 2, 14, 4], "texture": "#1"} } }, { "name": "octagon", "from": [7.66522, 28.69733, 10.03806], "to": [8.33478, 28.99733, 10.48306], "rotation": {"angle": 0, "axis": "y", "origin": [8.125, 22.32233, 10.22306]}, "faces": { "north": {"uv": [0, 1, 12, 16], "texture": "#1"}, "east": {"uv": [0, 1, 12, 16], "texture": "#1"}, "south": {"uv": [0, 1, 12, 16], "texture": "#1"}, "west": {"uv": [0, 1, 12, 16], "texture": "#1"}, "up": {"uv": [0, 1, 12, 16], "texture": "#1"}, "down": {"uv": [0, 1, 12, 16], "texture": "#1"} } }, { "name": "octagon", "from": [7.66522, 28.32233, 9.61806], "to": [8.33478, 28.69733, 9.81306], "rotation": {"angle": 0, "axis": "y", "origin": [8.125, 21.94733, 10.05306]}, "faces": { "north": {"uv": [16, 2, 14, 4], "texture": "#1"}, "east": {"uv": [16, 2, 14, 4], "texture": "#1"}, "south": {"uv": [16, 2, 14, 4], "texture": "#1"}, "west": {"uv": [16, 2, 14, 4], "texture": "#1"}, "up": {"uv": [16, 2, 14, 4], "texture": "#1"}, "down": {"uv": [16, 2, 14, 4], "texture": "#1"} } }, { "name": "octagon", "from": [7.66522, 28.32233, 9.81306], "to": [8.33478, 28.69733, 10.33306], "rotation": {"angle": 0, "axis": "y", "origin": [8.125, 21.94733, 10.07306]}, "faces": { "north": {"uv": [0, 1, 12, 16], "texture": "#1"}, "east": {"uv": [0, 1, 12, 16], "texture": "#1"}, "south": {"uv": [0, 1, 12, 16], "texture": "#1"}, "west": {"uv": [0, 1, 12, 16], "texture": "#1"}, "up": {"uv": [0, 1, 12, 16], "texture": "#1"}, "down": {"uv": [0, 1, 12, 16], "texture": "#1"} } }, { "name": "octagon", "from": [7.66522, 28.99733, 10.11806], "to": [8.33478, 29.22233, 10.26306], "rotation": {"angle": 0, "axis": "y", "origin": [8.125, 22.62233, 10.25306]}, "faces": { "north": {"uv": [16, 2, 14, 4], "texture": "#1"}, "east": {"uv": [16, 2, 14, 4], "texture": "#1"}, "south": {"uv": [16, 2, 14, 4], "texture": "#1"}, "west": {"uv": [16, 2, 14, 4], "texture": "#1"}, "up": {"uv": [16, 2, 14, 4], "texture": "#1"}, "down": {"uv": [16, 2, 14, 4], "texture": "#1"} } }, { "name": "octagon", "from": [7.66522, 28.99733, 10.26306], "to": [8.33478, 29.22233, 10.63306], "rotation": {"angle": 0, "axis": "y", "origin": [8.125, 22.62233, 10.27306]}, "faces": { "north": {"uv": [0, 1, 12, 16], "texture": "#1"}, "east": {"uv": [0, 1, 12, 16], "texture": "#1"}, "south": {"uv": [0, 1, 12, 16], "texture": "#1"}, "west": {"uv": [0, 1, 12, 16], "texture": "#1"}, "up": {"uv": [0, 1, 12, 16], "texture": "#1"}, "down": {"uv": [0, 1, 12, 16], "texture": "#1"} } } ], "display": { "thirdperson_righthand": { "rotation": [9, 0, 0], "translation": [0, 6, 1.25], "scale": [0.72852, 0.72852, 0.72852] }, "thirdperson_lefthand": { "rotation": [-180, 0, 0], "translation": [0, -9.5, -0.5], "scale": [0.72852, 0.72852, 0.72852] }, "firstperson_righthand": { "rotation": [-27, 9, 0], "translation": [2.5, 6.5, 0], "scale": [0.66992, 0.66992, 0.66992] }, "firstperson_lefthand": { "rotation": [153, -180, 0], "translation": [2.5, 0, 4.5], "scale": [-0.66992, 0.66992, 0.66992] }, "ground": { "rotation": [90, 0, 0], "translation": [0, -3.75, 0], "scale": [0.59961, 0.59961, 0.59961] }, "gui": { "rotation": [-66, 164, 32], "translation": [-0.75, -0.25, 0], "scale": [0.70703, 0.70703, 0.70703] } }, "groups": [ { "name": "octagon", "origin": [8, 8, 8], "color": 0, "children": [0, 1, 2, 3, 4, 5] }, { "name": "octagon", "origin": [8, 8, 8], "color": 0, "children": [6, 7, 8, 9] }, { "name": "octagon", "origin": [8, 8, 8], "color": 0, "children": [10, 11, 12, 13] }, 14, { "name": "group", "origin": [8, 8, 8], "color": 0, "children": [ { "name": "group", "origin": [8.125, 20.1, 9.625], "color": 0, "children": [ { "name": "group", "origin": [8.125, 14.39399, 9.02806], "color": 0, "children": [ 15, 16, 17, 18, 19, 20, 21, 22, 23, 24, 25, 26, 27, 28, 29, 30, 31, 32, { "name": "group", "origin": [8.125, 14.39399, 9.02806], "color": 0, "children": [33, 34, 35, 36, 37, 38, 39, 40, 41, 42, 43, 44, 45, 46, 47, 48, 49, 50] } ] }, 51 ] }, { "name": "group", "origin": [8, 8, 8], "color": 0, "children": [52, 53, 54, 55, 56, 57, 58, 59, 60, 61, 62, 63, 64, 65, 66, 67, 68, 69, 70, 71, 72, 73, 74, 75, 76, 77, 78, 79, 80, 81, 82, 83, 84, 85, 86, 87] } ] } ] }