{ "credit": "Made with Blockbench", "textures": { "0": "block/black_concrete_powder", "3": "timetoplay:roleplay/itmes/katanas/ketsuekishisseikatana", "particle": "block/black_concrete_powder" }, "elements": [ { "name": "octagon", "from": [7.47516, -3.19435, 7.95695], "to": [8.52516, 2.93065, 8.39187], "rotation": {"angle": 0, "axis": "y", "origin": [8.00016, -1.79435, 8.17441]}, "faces": { "north": {"uv": [3.5, 0, 4.5, 16], "texture": "#3"}, "east": {"uv": [3.5, 0, 4.5, 16], "texture": "#3"}, "south": {"uv": [3.5, 0, 4.5, 16], "texture": "#3"}, "west": {"uv": [3.5, 0, 4.5, 16], "texture": "#3"}, "up": {"uv": [3.5, 0, 4.5, 16], "texture": "#3"}, "down": {"uv": [3.5, 0, 4.5, 16], "texture": "#3"} } }, { "name": "octagon", "from": [7.78269, -3.19435, 7.64941], "to": [8.21762, 2.93065, 8.69941], "rotation": {"angle": 45, "axis": "y", "origin": [8.00016, -1.79435, 8.17441]}, "faces": { "north": {"uv": [3.5, 0, 4.5, 16], "texture": "#3"}, "east": {"uv": [3.5, 0, 4.5, 16], "texture": "#3"}, "south": {"uv": [3.5, 0, 4.5, 16], "texture": "#3"}, "west": {"uv": [3.5, 0, 4.5, 16], "texture": "#3"}, "up": {"uv": [3.5, 0, 4.5, 16], "texture": "#3"}, "down": {"uv": [3.5, 0, 4.5, 16], "texture": "#3"} } }, { "name": "octagon", "from": [7.78269, -3.19435, 7.64941], "to": [8.21762, 2.93065, 8.69941], "rotation": {"angle": 0, "axis": "y", "origin": [8.00016, -1.79435, 8.17441]}, "faces": { "north": {"uv": [0, 0, 2, 16], "texture": "#3"}, "east": {"uv": [4, 0, 5, 16], "texture": "#3"}, "south": {"uv": [0, 0, 2, 16], "texture": "#3"}, "west": {"uv": [4, 0, 5, 16], "texture": "#3"}, "up": {"uv": [4, 0, 5, 16], "texture": "#3"}, "down": {"uv": [4, 0, 5, 16], "texture": "#3"} } }, { "name": "octagon", "from": [7.47516, -3.19435, 7.95695], "to": [8.52516, 2.93065, 8.39187], "rotation": {"angle": 45, "axis": "y", "origin": [8.00016, -1.79435, 8.17441]}, "faces": { "north": {"uv": [3.5, 0, 4.5, 16], "texture": "#3"}, "east": {"uv": [3.5, 0, 4.5, 16], "texture": "#3"}, "south": {"uv": [3.5, 0, 4.5, 16], "texture": "#3"}, "west": {"uv": [3.5, 0, 4.5, 16], "texture": "#3"}, "up": {"uv": [3.5, 0, 4.5, 16], "texture": "#3"}, "down": {"uv": [3.5, 0, 4.5, 16], "texture": "#3"} } }, { "name": "octagon", "from": [7.7653, -4.06935, 7.60741], "to": [8.23501, -3.19435, 8.74141], "rotation": {"angle": 45, "axis": "y", "origin": [8.00016, -3.19435, 8.17441]}, "faces": { "north": {"uv": [11, 15.5, 11.5, 16], "texture": "#3"}, "east": {"uv": [11, 15.5, 11.5, 16], "texture": "#3"}, "south": {"uv": [11, 15.5, 11.5, 16], "texture": "#3"}, "west": {"uv": [11, 15.5, 11.5, 16], "texture": "#3"}, "up": {"uv": [11, 15.5, 11.5, 16], "texture": "#3"}, "down": {"uv": [11, 15.5, 11.5, 16], "texture": "#3"} } }, { "name": "octagon", "from": [7.7653, -4.06935, 7.60741], "to": [8.23501, -3.19435, 8.74141], "rotation": {"angle": 0, "axis": "y", "origin": [8.00016, -3.19435, 8.17441]}, "faces": { "north": {"uv": [11, 15.5, 11.5, 16], "texture": "#3"}, "east": {"uv": [11, 15.5, 11.5, 16], "texture": "#3"}, "south": {"uv": [11, 15.5, 11.5, 16], "texture": "#3"}, "west": {"uv": [11, 15.5, 11.5, 16], "texture": "#3"}, "up": {"uv": [11, 15.5, 11.5, 16], "texture": "#3"}, "down": {"uv": [11, 15.5, 11.5, 16], "texture": "#3"} } }, { "name": "octagon", "from": [7.43316, -4.06935, 7.93955], "to": [8.56716, -3.19435, 8.40927], "rotation": {"angle": 45, "axis": "y", "origin": [8.00016, -3.19435, 8.17441]}, "faces": { "north": {"uv": [11, 15.5, 11.5, 16], "texture": "#3"}, "east": {"uv": [11, 15.5, 11.5, 16], "texture": "#3"}, "south": {"uv": [11, 15.5, 11.5, 16], "texture": "#3"}, "west": {"uv": [11, 15.5, 11.5, 16], "texture": "#3"}, "up": {"uv": [11, 15.5, 11.5, 16], "texture": "#3"}, "down": {"uv": [11, 15.5, 11.5, 16], "texture": "#3"} } }, { "name": "octagon", "from": [7.43316, -4.06935, 7.93955], "to": [8.56716, -3.19435, 8.40927], "rotation": {"angle": 0, "axis": "y", "origin": [8.00016, -3.19435, 8.17441]}, "faces": { "north": {"uv": [11, 15.5, 11.5, 16], "texture": "#3"}, "east": {"uv": [11, 15.5, 11.5, 16], "texture": "#3"}, "south": {"uv": [11, 15.5, 11.5, 16], "texture": "#3"}, "west": {"uv": [11, 15.5, 11.5, 16], "texture": "#3"}, "up": {"uv": [11, 15.5, 11.5, 16], "texture": "#3"}, "down": {"uv": [11, 15.5, 11.5, 16], "texture": "#3"} } }, { "name": "octagon", "from": [7.72772, -3.89435, 7.51669], "to": [8.27259, -3.36935, 8.83213], "rotation": {"angle": 45, "axis": "y", "origin": [8.00016, -3.19435, 8.17441]}, "faces": { "north": {"uv": [12.5, 15.5, 13, 16], "texture": "#3"}, "east": {"uv": [12.5, 15.5, 13, 16], "texture": "#3"}, "south": {"uv": [12.5, 15.5, 13, 16], "texture": "#3"}, "west": {"uv": [12.5, 15.5, 13, 16], "texture": "#3"}, "up": {"uv": [12.5, 15.5, 13, 16], "texture": "#3"}, "down": {"uv": [12.5, 15.5, 13, 16], "texture": "#3"} } }, { "name": "octagon", "from": [7.72772, -3.89435, 7.51669], "to": [8.27259, -3.36935, 8.83213], "rotation": {"angle": 0, "axis": "y", "origin": [8.00016, -3.19435, 8.17441]}, "faces": { "north": {"uv": [12.5, 15.5, 13, 16], "texture": "#3"}, "east": {"uv": [12.5, 15.5, 13, 16], "texture": "#3"}, "south": {"uv": [12.5, 15.5, 13, 16], "texture": "#3"}, "west": {"uv": [12.5, 15.5, 13, 16], "texture": "#3"}, "up": {"uv": [12.5, 15.5, 13, 16], "texture": "#3"}, "down": {"uv": [12.5, 15.5, 13, 16], "texture": "#3"} } }, { "name": "octagon", "from": [7.34244, -3.89435, 7.90197], "to": [8.65788, -3.36935, 8.44684], "rotation": {"angle": 45, "axis": "y", "origin": [8.00016, -3.19435, 8.17441]}, "faces": { "north": {"uv": [12.5, 15.5, 13, 16], "texture": "#3"}, "east": {"uv": [12.5, 15.5, 13, 16], "texture": "#3"}, "south": {"uv": [12.5, 15.5, 13, 16], "texture": "#3"}, "west": {"uv": [12.5, 15.5, 13, 16], "texture": "#3"}, "up": {"uv": [12.5, 15.5, 13, 16], "texture": "#3"}, "down": {"uv": [12.5, 15.5, 13, 16], "texture": "#3"} } }, { "name": "octagon", "from": [7.34244, -3.89435, 7.90197], "to": [8.65788, -3.36935, 8.44684], "rotation": {"angle": 0, "axis": "y", "origin": [8.00016, -3.19435, 8.17441]}, "faces": { "north": {"uv": [12.5, 15.5, 13, 16], "texture": "#3"}, "east": {"uv": [12.5, 15.5, 13, 16], "texture": "#3"}, "south": {"uv": [12.5, 15.5, 13, 16], "texture": "#3"}, "west": {"uv": [12.5, 15.5, 13, 16], "texture": "#3"}, "up": {"uv": [12.5, 15.5, 13, 16], "texture": "#3"}, "down": {"uv": [12.5, 15.5, 13, 16], "texture": "#3"} } }, { "name": "octagon", "from": [7.78288, -3.71935, 7.55197], "to": [8.30788, -3.36935, 8.09684], "rotation": {"angle": 0, "axis": "y", "origin": [7.47516, -3.19435, 8.17441]}, "faces": { "north": {"uv": [12.5, 15.5, 13, 16], "texture": "#3"}, "east": {"uv": [12.5, 15.5, 13, 16], "texture": "#3"}, "south": {"uv": [12.5, 15.5, 13, 16], "texture": "#3"}, "west": {"uv": [12.5, 15.5, 13, 16], "texture": "#3"}, "up": {"uv": [12.5, 15.5, 13, 16], "texture": "#3"}, "down": {"uv": [12.5, 15.5, 13, 16], "texture": "#3"} } }, { "from": [7.7026, 10.7191, 8.01691], "to": [8.2976, 11.9434, 8.59441], "rotation": {"angle": 0, "axis": "y", "origin": [2.7676, 19.0785, 13.73941]}, "faces": { "north": {"uv": [11, 6, 12, 7], "texture": "#3"}, "east": {"uv": [5, 0.5, 8, 15.5], "texture": "#3"}, "south": {"uv": [7, 0.5, 7.5, 15.5], "texture": "#3"}, "west": {"uv": [8, 0.5, 5, 15.5], "texture": "#3"}, "up": {"uv": [11, 6, 12, 7], "texture": "#3"}, "down": {"uv": [11, 6, 12, 7], "texture": "#3"} } }, { "from": [7.7026, 11.9434, 8.06941], "to": [8.2976, 13.10649, 8.62941], "rotation": {"angle": 0, "axis": "y", "origin": [2.7676, 20.3028, 13.77441]}, "faces": { "north": {"uv": [11, 6, 12, 7], "texture": "#3"}, "east": {"uv": [5, 0.5, 8, 15.5], "texture": "#3"}, "south": {"uv": [7, 0.5, 7.5, 15.5], "texture": "#3"}, "west": {"uv": [8, 0.5, 5, 15.5], "texture": "#3"}, "up": {"uv": [11, 6, 12, 7], "texture": "#3"}, "down": {"uv": [11, 6, 12, 7], "texture": "#3"} } }, { "from": [7.7026, 14.20836, 8.15691], "to": [8.2976, 15.24901, 8.71691], "rotation": {"angle": 0, "axis": "y", "origin": [2.7676, 22.56776, 13.86191]}, "faces": { "north": {"uv": [11, 6, 12, 7], "texture": "#3"}, "east": {"uv": [5, 0.5, 8, 15.5], "texture": "#3"}, "south": {"uv": [7, 0.5, 7.5, 15.5], "texture": "#3"}, "west": {"uv": [8, 0.5, 5, 15.5], "texture": "#3"}, "up": {"uv": [11, 6, 12, 7], "texture": "#3"}, "down": {"uv": [11, 6, 12, 7], "texture": "#3"} } }, { "from": [7.7026, 15.24901, 8.17441], "to": [8.2976, 16.22845, 8.75191], "rotation": {"angle": 0, "axis": "y", "origin": [2.7676, 23.60841, 13.91441]}, "faces": { "north": {"uv": [11, 6, 12, 7], "texture": "#3"}, "east": {"uv": [5, 0.5, 8, 15.5], "texture": "#3"}, "south": {"uv": [7, 0.5, 7.5, 15.5], "texture": "#3"}, "west": {"uv": [8, 0.5, 5, 15.5], "texture": "#3"}, "up": {"uv": [11, 6, 12, 7], "texture": "#3"}, "down": {"uv": [11, 6, 12, 7], "texture": "#3"} } }, { "from": [7.7026, 16.22845, 8.24441], "to": [8.2976, 17.14668, 8.80441], "rotation": {"angle": 0, "axis": "y", "origin": [2.7676, 24.58785, 13.98441]}, "faces": { "north": {"uv": [11, 6, 12, 7], "texture": "#3"}, "east": {"uv": [5, 0.5, 8, 15.5], "texture": "#3"}, "south": {"uv": [7, 0.5, 7.5, 15.5], "texture": "#3"}, "west": {"uv": [8, 0.5, 5, 15.5], "texture": "#3"}, "up": {"uv": [11, 6, 12, 7], "texture": "#3"}, "down": {"uv": [11, 6, 12, 7], "texture": "#3"} } }, { "from": [7.7026, 18.03429, 8.38441], "to": [8.2976, 18.92191, 8.90941], "rotation": {"angle": 0, "axis": "y", "origin": [2.7676, 26.39369, 14.14191]}, "faces": { "north": {"uv": [11, 6, 12, 7], "texture": "#3"}, "east": {"uv": [5, 0.5, 8, 15.5], "texture": "#3"}, "south": {"uv": [7, 0.5, 7.5, 15.5], "texture": "#3"}, "west": {"uv": [8, 0.5, 5, 15.5], "texture": "#3"}, "up": {"uv": [11, 6, 12, 7], "texture": "#3"}, "down": {"uv": [11, 6, 12, 7], "texture": "#3"} } }, { "from": [7.7026, 18.92191, 8.43691], "to": [8.2976, 19.77892, 8.97941], "rotation": {"angle": 0, "axis": "y", "origin": [2.7676, 27.28131, 14.22941]}, "faces": { "north": {"uv": [11, 6, 12, 7], "texture": "#3"}, "east": {"uv": [5, 0.5, 8, 15.5], "texture": "#3"}, "south": {"uv": [7, 0.5, 7.5, 15.5], "texture": "#3"}, "west": {"uv": [8, 0.5, 5, 15.5], "texture": "#3"}, "up": {"uv": [11, 6, 12, 7], "texture": "#3"}, "down": {"uv": [11, 6, 12, 7], "texture": "#3"} } }, { "from": [7.7026, 19.77892, 8.54191], "to": [8.2976, 20.57472, 9.03191], "rotation": {"angle": 0, "axis": "y", "origin": [2.7676, 28.13832, 14.33441]}, "faces": { "north": {"uv": [11, 6, 12, 7], "texture": "#3"}, "east": {"uv": [5, 0.5, 8, 15.5], "texture": "#3"}, "south": {"uv": [7, 0.5, 7.5, 15.5], "texture": "#3"}, "west": {"uv": [8, 0.5, 5, 15.5], "texture": "#3"}, "up": {"uv": [11, 6, 12, 7], "texture": "#3"}, "down": {"uv": [11, 6, 12, 7], "texture": "#3"} } }, { "from": [7.7026, 20.57472, 8.61191], "to": [8.2976, 21.3093, 9.11941], "rotation": {"angle": 0, "axis": "y", "origin": [2.7676, 28.93412, 14.45691]}, "faces": { "north": {"uv": [11, 6, 12, 7], "texture": "#3"}, "east": {"uv": [5, 0.5, 8, 15.5], "texture": "#3"}, "south": {"uv": [7, 0.5, 7.5, 15.5], "texture": "#3"}, "west": {"uv": [8, 0.5, 5, 15.5], "texture": "#3"}, "up": {"uv": [11, 6, 12, 7], "texture": "#3"}, "down": {"uv": [11, 6, 12, 7], "texture": "#3"} } }, { "from": [7.7026, 21.3093, 8.73441], "to": [8.2976, 22.04388, 9.18941], "rotation": {"angle": 0, "axis": "y", "origin": [2.7676, 29.6687, 14.59691]}, "faces": { "north": {"uv": [11, 6, 12, 7], "texture": "#3"}, "east": {"uv": [5, 0.5, 8, 15.5], "texture": "#3"}, "south": {"uv": [7, 0.5, 7.5, 15.5], "texture": "#3"}, "west": {"uv": [8, 0.5, 5, 15.5], "texture": "#3"}, "up": {"uv": [11, 6, 12, 7], "texture": "#3"}, "down": {"uv": [11, 6, 12, 7], "texture": "#3"} } }, { "from": [7.7026, 22.04388, 8.82191], "to": [8.2976, 22.65603, 9.25941], "rotation": {"angle": 0, "axis": "y", "origin": [2.7676, 30.40328, 14.77191]}, "faces": { "north": {"uv": [11, 6, 12, 7], "texture": "#3"}, "east": {"uv": [5, 0.5, 8, 15.5], "texture": "#3"}, "south": {"uv": [7, 0.5, 7.5, 15.5], "texture": "#3"}, "west": {"uv": [8, 0.5, 5, 15.5], "texture": "#3"}, "up": {"uv": [11, 6, 12, 7], "texture": "#3"}, "down": {"uv": [11, 6, 12, 7], "texture": "#3"} } }, { "from": [7.7026, 22.65603, 8.94441], "to": [8.2976, 23.26818, 9.31191], "rotation": {"angle": 0, "axis": "y", "origin": [2.7676, 31.01543, 14.92941]}, "faces": { "north": {"uv": [11, 6, 12, 7], "texture": "#3"}, "east": {"uv": [5, 0.5, 8, 15.5], "texture": "#3"}, "south": {"uv": [7, 0.5, 7.5, 15.5], "texture": "#3"}, "west": {"uv": [8, 0.5, 5, 15.5], "texture": "#3"}, "up": {"uv": [11, 6, 12, 7], "texture": "#3"}, "down": {"uv": [11, 6, 12, 7], "texture": "#3"} } }, { "from": [7.7026, 23.26818, 9.03191], "to": [8.2976, 23.81911, 9.38191], "rotation": {"angle": 0, "axis": "y", "origin": [2.7676, 31.62758, 15.08691]}, "faces": { "north": {"uv": [15.5, 10.5, 16, 11], "texture": "#3"}, "east": {"uv": [15.5, 10.5, 16, 11], "texture": "#3"}, "south": {"uv": [15.5, 10.5, 16, 11], "texture": "#3"}, "west": {"uv": [15.5, 10.5, 16, 11], "texture": "#3"}, "up": {"uv": [15.5, 10.5, 16, 11], "texture": "#3"}, "down": {"uv": [15.5, 10.5, 16, 11], "texture": "#3"} } }, { "from": [7.7026, 23.81911, 9.20691], "to": [8.2976, 24.30883, 9.45191], "rotation": {"angle": 0, "axis": "y", "origin": [2.7676, 32.17851, 15.29691]}, "faces": { "north": {"uv": [15.5, 10.5, 16, 11], "texture": "#3"}, "east": {"uv": [15.5, 10.5, 16, 11], "texture": "#3"}, "south": {"uv": [15.5, 10.5, 16, 11], "texture": "#3"}, "west": {"uv": [15.5, 10.5, 16, 11], "texture": "#3"}, "up": {"uv": [15.5, 10.5, 16, 11], "texture": "#3"}, "down": {"uv": [15.5, 10.5, 16, 11], "texture": "#3"} } }, { "from": [7.7026, 24.30883, 9.25941], "to": [8.2976, 24.70672, 9.52191], "rotation": {"angle": 0, "axis": "y", "origin": [2.7676, 32.66823, 15.50691]}, "faces": { "north": {"uv": [15.5, 10.5, 16, 11], "texture": "#3"}, "east": {"uv": [15.5, 10.5, 16, 11], "texture": "#3"}, "south": {"uv": [15.5, 10.5, 16, 11], "texture": "#3"}, "west": {"uv": [15.5, 10.5, 16, 11], "texture": "#3"}, "up": {"uv": [15.5, 10.5, 16, 11], "texture": "#3"}, "down": {"uv": [15.5, 10.5, 16, 11], "texture": "#3"} } }, { "from": [7.7026, 9.4948, 7.99941], "to": [8.2976, 10.7191, 8.55941], "rotation": {"angle": 0, "axis": "y", "origin": [2.7676, 17.8542, 13.70441]}, "faces": { "north": {"uv": [11, 6, 12, 7], "texture": "#3"}, "east": {"uv": [5, 0.5, 8, 15.5], "texture": "#3"}, "south": {"uv": [7, 0.5, 7.5, 15.5], "texture": "#3"}, "west": {"uv": [8, 0.5, 5, 15.5], "texture": "#3"}, "up": {"uv": [11, 6, 12, 7], "texture": "#3"}, "down": {"uv": [11, 6, 12, 7], "texture": "#3"} } }, { "from": [7.7026, 2.76115, 7.96441], "to": [8.2976, 8.2705, 8.52441], "rotation": {"angle": 0, "axis": "y", "origin": [2.7676, 15.4056, 13.66941]}, "faces": { "north": {"uv": [11, 6, 12, 7], "texture": "#3"}, "east": {"uv": [5, 0.5, 8, 15.5], "texture": "#3"}, "south": {"uv": [7, 0.5, 7.5, 15.5], "texture": "#3"}, "west": {"uv": [8, 0.5, 5, 15.5], "texture": "#3"}, "up": {"uv": [11, 6, 12, 7], "texture": "#3"}, "down": {"uv": [11, 6, 12, 7], "texture": "#3"} } }, { "from": [7.6326, 2.933, 7.61441], "to": [8.3676, 3.3705, 8.73441], "rotation": {"angle": 0, "axis": "y", "origin": [2.7676, 15.4056, 13.66941]}, "faces": { "north": {"uv": [0, 11, 3, 13], "texture": "#0"}, "east": {"uv": [0, 11, 3, 13], "texture": "#0"}, "south": {"uv": [0, 11, 3, 13], "texture": "#0"}, "west": {"uv": [0, 11, 3, 13], "texture": "#0"}, "up": {"uv": [0, 11, 3, 13], "texture": "#0"}, "down": {"uv": [0, 11, 3, 13], "texture": "#0"} } }, { "from": [7.7026, 8.2705, 7.96441], "to": [8.2976, 9.4948, 8.54191], "rotation": {"angle": 0, "axis": "y", "origin": [2.7676, 16.6299, 13.68691]}, "faces": { "north": {"uv": [11, 6, 12, 7], "texture": "#3"}, "east": {"uv": [5, 0.5, 8, 15.5], "texture": "#3"}, "south": {"uv": [7, 0.5, 7.5, 15.5], "texture": "#3"}, "west": {"uv": [8, 0.5, 5, 15.5], "texture": "#3"}, "up": {"uv": [11, 6, 12, 7], "texture": "#3"}, "down": {"uv": [11, 6, 12, 7], "texture": "#3"} } }, { "from": [7.7026, 13.10649, 8.08691], "to": [8.2976, 14.20836, 8.66441], "rotation": {"angle": 0, "axis": "y", "origin": [2.7676, 21.46589, 13.80941]}, "faces": { "north": {"uv": [11, 6, 12, 7], "texture": "#3"}, "east": {"uv": [5, 0.5, 8, 15.5], "texture": "#3"}, "south": {"uv": [7, 0.5, 7.5, 15.5], "texture": "#3"}, "west": {"uv": [8, 0.5, 5, 15.5], "texture": "#3"}, "up": {"uv": [11, 6, 12, 7], "texture": "#3"}, "down": {"uv": [11, 6, 12, 7], "texture": "#3"} } }, { "from": [7.7026, 17.14668, 8.29691], "to": [8.2976, 18.03429, 8.83941], "rotation": {"angle": 0, "axis": "y", "origin": [2.7676, 25.50608, 14.05441]}, "faces": { "north": {"uv": [11, 6, 12, 7], "texture": "#3"}, "east": {"uv": [5, 0.5, 8, 15.5], "texture": "#3"}, "south": {"uv": [7, 0.5, 7.5, 15.5], "texture": "#3"}, "west": {"uv": [8, 0.5, 5, 15.5], "texture": "#3"}, "up": {"uv": [11, 6, 12, 7], "texture": "#3"}, "down": {"uv": [11, 6, 12, 7], "texture": "#3"} } }, { "from": [7.8426, 10.7191, 7.89441], "to": [8.1576, 11.9434, 8.76941], "rotation": {"angle": 0, "axis": "y", "origin": [2.7676, 19.0785, 13.73941]}, "faces": { "north": {"uv": [15.5, 10.5, 16, 11], "texture": "#3"}, "east": {"uv": [15.5, 10.5, 16, 11], "texture": "#3"}, "south": {"uv": [15.5, 10.5, 16, 11], "texture": "#3"}, "west": {"uv": [15.5, 10.5, 16, 11], "texture": "#3"}, "up": {"uv": [15.5, 10.5, 16, 11], "texture": "#3"}, "down": {"uv": [15.5, 10.5, 16, 11], "texture": "#3"} } }, { "from": [7.8426, 11.9434, 7.92941], "to": [8.1576, 13.10649, 8.80441], "rotation": {"angle": 0, "axis": "y", "origin": [2.7676, 20.3028, 13.77441]}, "faces": { "north": {"uv": [15.5, 10.5, 16, 11], "texture": "#3"}, "east": {"uv": [15.5, 10.5, 16, 11], "texture": "#3"}, "south": {"uv": [15.5, 10.5, 16, 11], "texture": "#3"}, "west": {"uv": [15.5, 10.5, 16, 11], "texture": "#3"}, "up": {"uv": [15.5, 10.5, 16, 11], "texture": "#3"}, "down": {"uv": [15.5, 10.5, 16, 11], "texture": "#3"} } }, { "from": [7.8426, 13.10649, 7.96441], "to": [8.1576, 14.20836, 8.83941], "rotation": {"angle": 0, "axis": "y", "origin": [2.7676, 21.46589, 13.80941]}, "faces": { "north": {"uv": [15.5, 10.5, 16, 11], "texture": "#3"}, "east": {"uv": [15.5, 10.5, 16, 11], "texture": "#3"}, "south": {"uv": [15.5, 10.5, 16, 11], "texture": "#3"}, "west": {"uv": [15.5, 10.5, 16, 11], "texture": "#3"}, "up": {"uv": [15.5, 10.5, 16, 11], "texture": "#3"}, "down": {"uv": [15.5, 10.5, 16, 11], "texture": "#3"} } }, { "from": [7.8426, 14.20836, 8.01691], "to": [8.1576, 15.24901, 8.89191], "rotation": {"angle": 0, "axis": "y", "origin": [2.7676, 22.56776, 13.86191]}, "faces": { "north": {"uv": [15.5, 10.5, 16, 11], "texture": "#3"}, "east": {"uv": [15.5, 10.5, 16, 11], "texture": "#3"}, "south": {"uv": [15.5, 10.5, 16, 11], "texture": "#3"}, "west": {"uv": [15.5, 10.5, 16, 11], "texture": "#3"}, "up": {"uv": [15.5, 10.5, 16, 11], "texture": "#3"}, "down": {"uv": [15.5, 10.5, 16, 11], "texture": "#3"} } }, { "from": [7.8426, 15.24901, 8.05191], "to": [8.1576, 16.22845, 8.92691], "rotation": {"angle": 0, "axis": "y", "origin": [2.7676, 23.60841, 13.91441]}, "faces": { "north": {"uv": [15.5, 10.5, 16, 11], "texture": "#3"}, "east": {"uv": [15.5, 10.5, 16, 11], "texture": "#3"}, "south": {"uv": [15.5, 10.5, 16, 11], "texture": "#3"}, "west": {"uv": [15.5, 10.5, 16, 11], "texture": "#3"}, "up": {"uv": [15.5, 10.5, 16, 11], "texture": "#3"}, "down": {"uv": [15.5, 10.5, 16, 11], "texture": "#3"} } }, { "from": [7.8426, 16.22845, 8.10441], "to": [8.1576, 17.14668, 8.97941], "rotation": {"angle": 0, "axis": "y", "origin": [2.7676, 24.58785, 13.98441]}, "faces": { "north": {"uv": [15.5, 10.5, 16, 11], "texture": "#3"}, "east": {"uv": [15.5, 10.5, 16, 11], "texture": "#3"}, "south": {"uv": [15.5, 10.5, 16, 11], "texture": "#3"}, "west": {"uv": [15.5, 10.5, 16, 11], "texture": "#3"}, "up": {"uv": [15.5, 10.5, 16, 11], "texture": "#3"}, "down": {"uv": [15.5, 10.5, 16, 11], "texture": "#3"} } }, { "from": [7.8426, 17.14668, 8.17441], "to": [8.1576, 18.03429, 9.01441], "rotation": {"angle": 0, "axis": "y", "origin": [2.7676, 25.50608, 14.05441]}, "faces": { "north": {"uv": [15.5, 10.5, 16, 11], "texture": "#3"}, "east": {"uv": [15.5, 10.5, 16, 11], "texture": "#3"}, "south": {"uv": [15.5, 10.5, 16, 11], "texture": "#3"}, "west": {"uv": [15.5, 10.5, 16, 11], "texture": "#3"}, "up": {"uv": [15.5, 10.5, 16, 11], "texture": "#3"}, "down": {"uv": [15.5, 10.5, 16, 11], "texture": "#3"} } }, { "from": [7.8426, 18.03429, 8.24441], "to": [8.1576, 18.92191, 9.08441], "rotation": {"angle": 0, "axis": "y", "origin": [2.7676, 26.39369, 14.14191]}, "faces": { "north": {"uv": [15.5, 10.5, 16, 11], "texture": "#3"}, "east": {"uv": [15.5, 10.5, 16, 11], "texture": "#3"}, "south": {"uv": [15.5, 10.5, 16, 11], "texture": "#3"}, "west": {"uv": [15.5, 10.5, 16, 11], "texture": "#3"}, "up": {"uv": [15.5, 10.5, 16, 11], "texture": "#3"}, "down": {"uv": [15.5, 10.5, 16, 11], "texture": "#3"} } }, { "from": [7.8426, 18.92191, 8.31441], "to": [8.1576, 19.77892, 9.15441], "rotation": {"angle": 0, "axis": "y", "origin": [2.7676, 27.28131, 14.22941]}, "faces": { "north": {"uv": [15.5, 10.5, 16, 11], "texture": "#3"}, "east": {"uv": [15.5, 10.5, 16, 11], "texture": "#3"}, "south": {"uv": [15.5, 10.5, 16, 11], "texture": "#3"}, "west": {"uv": [15.5, 10.5, 16, 11], "texture": "#3"}, "up": {"uv": [15.5, 10.5, 16, 11], "texture": "#3"}, "down": {"uv": [15.5, 10.5, 16, 11], "texture": "#3"} } }, { "from": [7.8426, 19.77892, 8.40191], "to": [8.1576, 20.57472, 9.20691], "rotation": {"angle": 0, "axis": "y", "origin": [2.7676, 28.13832, 14.33441]}, "faces": { "north": {"uv": [15.5, 10.5, 16, 11], "texture": "#3"}, "east": {"uv": [15.5, 10.5, 16, 11], "texture": "#3"}, "south": {"uv": [15.5, 10.5, 16, 11], "texture": "#3"}, "west": {"uv": [15.5, 10.5, 16, 11], "texture": "#3"}, "up": {"uv": [15.5, 10.5, 16, 11], "texture": "#3"}, "down": {"uv": [15.5, 10.5, 16, 11], "texture": "#3"} } }, { "from": [7.8426, 20.57472, 8.48941], "to": [8.1576, 21.3093, 9.29441], "rotation": {"angle": 0, "axis": "y", "origin": [2.7676, 28.93412, 14.45691]}, "faces": { "north": {"uv": [15.5, 10.5, 16, 11], "texture": "#3"}, "east": {"uv": [15.5, 10.5, 16, 11], "texture": "#3"}, "south": {"uv": [15.5, 10.5, 16, 11], "texture": "#3"}, "west": {"uv": [15.5, 10.5, 16, 11], "texture": "#3"}, "up": {"uv": [15.5, 10.5, 16, 11], "texture": "#3"}, "down": {"uv": [15.5, 10.5, 16, 11], "texture": "#3"} } }, { "from": [7.8426, 21.3093, 8.59441], "to": [8.1576, 22.04388, 9.36441], "rotation": {"angle": 0, "axis": "y", "origin": [2.7676, 29.6687, 14.59691]}, "faces": { "north": {"uv": [15.5, 10.5, 16, 11], "texture": "#3"}, "east": {"uv": [15.5, 10.5, 16, 11], "texture": "#3"}, "south": {"uv": [15.5, 10.5, 16, 11], "texture": "#3"}, "west": {"uv": [15.5, 10.5, 16, 11], "texture": "#3"}, "up": {"uv": [15.5, 10.5, 16, 11], "texture": "#3"}, "down": {"uv": [15.5, 10.5, 16, 11], "texture": "#3"} } }, { "from": [7.8426, 22.04388, 8.69941], "to": [8.1576, 22.65603, 9.43441], "rotation": {"angle": 0, "axis": "y", "origin": [2.7676, 30.40328, 14.77191]}, "faces": { "north": {"uv": [15.5, 10.5, 16, 11], "texture": "#3"}, "east": {"uv": [15.5, 10.5, 16, 11], "texture": "#3"}, "south": {"uv": [15.5, 10.5, 16, 11], "texture": "#3"}, "west": {"uv": [15.5, 10.5, 16, 11], "texture": "#3"}, "up": {"uv": [15.5, 10.5, 16, 11], "texture": "#3"}, "down": {"uv": [15.5, 10.5, 16, 11], "texture": "#3"} } }, { "from": [7.8426, 22.65603, 8.80441], "to": [8.1576, 23.26818, 9.48691], "rotation": {"angle": 0, "axis": "y", "origin": [2.7676, 31.01543, 14.92941]}, "faces": { "north": {"uv": [15.5, 10.5, 16, 11], "texture": "#3"}, "east": {"uv": [15.5, 10.5, 16, 11], "texture": "#3"}, "south": {"uv": [15.5, 10.5, 16, 11], "texture": "#3"}, "west": {"uv": [15.5, 10.5, 16, 11], "texture": "#3"}, "up": {"uv": [15.5, 10.5, 16, 11], "texture": "#3"}, "down": {"uv": [15.5, 10.5, 16, 11], "texture": "#3"} } }, { "from": [7.8426, 23.26818, 8.90941], "to": [8.1576, 23.81911, 9.55691], "rotation": {"angle": 0, "axis": "y", "origin": [2.7676, 31.62758, 15.08691]}, "faces": { "north": {"uv": [15.5, 10.5, 16, 11], "texture": "#3"}, "east": {"uv": [15.5, 10.5, 16, 11], "texture": "#3"}, "south": {"uv": [15.5, 10.5, 16, 11], "texture": "#3"}, "west": {"uv": [15.5, 10.5, 16, 11], "texture": "#3"}, "up": {"uv": [15.5, 10.5, 16, 11], "texture": "#3"}, "down": {"uv": [15.5, 10.5, 16, 11], "texture": "#3"} } }, { "from": [7.8426, 23.81911, 9.06691], "to": [8.1576, 24.30883, 9.62691], "rotation": {"angle": 0, "axis": "y", "origin": [2.7676, 32.17851, 15.29691]}, "faces": { "north": {"uv": [15.5, 10.5, 16, 11], "texture": "#3"}, "east": {"uv": [15.5, 10.5, 16, 11], "texture": "#3"}, "south": {"uv": [15.5, 10.5, 16, 11], "texture": "#3"}, "west": {"uv": [15.5, 10.5, 16, 11], "texture": "#3"}, "up": {"uv": [15.5, 10.5, 16, 11], "texture": "#3"}, "down": {"uv": [15.5, 10.5, 16, 11], "texture": "#3"} } }, { "from": [7.8426, 24.30883, 9.25941], "to": [8.1576, 24.70672, 9.69691], "rotation": {"angle": 0, "axis": "y", "origin": [2.7676, 32.66823, 15.50691]}, "faces": { "north": {"uv": [15.5, 10.5, 16, 11], "texture": "#3"}, "east": {"uv": [15.5, 10.5, 16, 11], "texture": "#3"}, "south": {"uv": [15.5, 10.5, 16, 11], "texture": "#3"}, "west": {"uv": [15.5, 10.5, 16, 11], "texture": "#3"}, "up": {"uv": [15.5, 10.5, 16, 11], "texture": "#3"}, "down": {"uv": [15.5, 10.5, 16, 11], "texture": "#3"} } }, { "from": [7.8426, 24.70672, 9.39941], "to": [8.1576, 25.10463, 9.78441], "rotation": {"angle": 0, "axis": "y", "origin": [2.7676, 33.06612, 15.71691]}, "faces": { "north": {"uv": [15.5, 10.5, 16, 11], "texture": "#3"}, "east": {"uv": [15.5, 10.5, 16, 11], "texture": "#3"}, "south": {"uv": [15.5, 10.5, 16, 11], "texture": "#3"}, "west": {"uv": [15.5, 10.5, 16, 11], "texture": "#3"}, "up": {"uv": [15.5, 10.5, 16, 11], "texture": "#3"}, "down": {"uv": [15.5, 10.5, 16, 11], "texture": "#3"} } }, { "from": [7.8426, 25.10463, 9.64441], "to": [8.1576, 25.4413, 9.87191], "rotation": {"angle": 0, "axis": "y", "origin": [2.7676, 33.46403, 15.92691]}, "faces": { "north": {"uv": [15.5, 10.5, 16, 11], "texture": "#3"}, "east": {"uv": [15.5, 10.5, 16, 11], "texture": "#3"}, "south": {"uv": [15.5, 10.5, 16, 11], "texture": "#3"}, "west": {"uv": [15.5, 10.5, 16, 11], "texture": "#3"}, "up": {"uv": [15.5, 10.5, 16, 11], "texture": "#3"}, "down": {"uv": [15.5, 10.5, 16, 11], "texture": "#3"} } }, { "from": [7.8426, 25.4413, 9.80191], "to": [8.1576, 25.71678, 9.95941], "rotation": {"angle": 0, "axis": "y", "origin": [2.7676, 33.8007, 16.13691]}, "faces": { "north": {"uv": [15.5, 10.5, 16, 11], "texture": "#3"}, "east": {"uv": [15.5, 10.5, 16, 11], "texture": "#3"}, "south": {"uv": [15.5, 10.5, 16, 11], "texture": "#3"}, "west": {"uv": [15.5, 10.5, 16, 11], "texture": "#3"}, "up": {"uv": [15.5, 10.5, 16, 11], "texture": "#3"}, "down": {"uv": [15.5, 10.5, 16, 11], "texture": "#3"} } }, { "from": [7.8426, 25.71678, 9.94191], "to": [8.1576, 25.93102, 10.04691], "rotation": {"angle": 0, "axis": "y", "origin": [2.7676, 34.07618, 16.34691]}, "faces": { "north": {"uv": [15.5, 10.5, 16, 11], "texture": "#3"}, "east": {"uv": [15.5, 10.5, 16, 11], "texture": "#3"}, "south": {"uv": [15.5, 10.5, 16, 11], "texture": "#3"}, "west": {"uv": [15.5, 10.5, 16, 11], "texture": "#3"}, "up": {"uv": [15.5, 10.5, 16, 11], "texture": "#3"}, "down": {"uv": [15.5, 10.5, 16, 11], "texture": "#3"} } }, { "from": [7.8426, 9.4948, 7.85941], "to": [8.1576, 10.7191, 8.73441], "rotation": {"angle": 0, "axis": "y", "origin": [2.7676, 17.8542, 13.70441]}, "faces": { "north": {"uv": [15.5, 10.5, 16, 11], "texture": "#3"}, "east": {"uv": [15.5, 10.5, 16, 11], "texture": "#3"}, "south": {"uv": [15.5, 10.5, 16, 11], "texture": "#3"}, "west": {"uv": [15.5, 10.5, 16, 11], "texture": "#3"}, "up": {"uv": [15.5, 10.5, 16, 11], "texture": "#3"}, "down": {"uv": [15.5, 10.5, 16, 11], "texture": "#3"} } }, { "from": [7.8426, 2.76115, 7.82441], "to": [8.1576, 8.2705, 8.69941], "rotation": {"angle": 0, "axis": "y", "origin": [2.7676, 15.4056, 13.66941]}, "faces": { "north": {"uv": [15.5, 10.5, 16, 11], "texture": "#3"}, "east": {"uv": [15.5, 10.5, 16, 11], "texture": "#3"}, "south": {"uv": [15.5, 10.5, 16, 11], "texture": "#3"}, "west": {"uv": [15.5, 10.5, 16, 11], "texture": "#3"}, "up": {"uv": [15.5, 10.5, 16, 11], "texture": "#3"}, "down": {"uv": [15.5, 10.5, 16, 11], "texture": "#3"} } }, { "from": [7.8426, 8.2705, 7.84191], "to": [8.1576, 9.4948, 8.71691], "rotation": {"angle": 0, "axis": "y", "origin": [2.7676, 16.6299, 13.68691]}, "faces": { "north": {"uv": [15.5, 10.5, 16, 11], "texture": "#3"}, "east": {"uv": [15.5, 10.5, 16, 11], "texture": "#3"}, "south": {"uv": [15.5, 10.5, 16, 11], "texture": "#3"}, "west": {"uv": [15.5, 10.5, 16, 11], "texture": "#3"}, "up": {"uv": [15.5, 10.5, 16, 11], "texture": "#3"}, "down": {"uv": [15.5, 10.5, 16, 11], "texture": "#3"} } }, { "from": [7.8426, 26.32614, 10.02941], "to": [8.1576, 26.41889, 10.20441], "rotation": {"angle": 0, "axis": "y", "origin": [2.7676, 34.07618, 16.17191]}, "faces": { "north": {"uv": [15.5, 14.5, 16, 15], "texture": "#3"}, "east": {"uv": [15.5, 14.5, 16, 15], "texture": "#3"}, "south": {"uv": [15.5, 14.5, 16, 15], "texture": "#3"}, "west": {"uv": [15.5, 14.5, 16, 15], "texture": "#3"}, "up": {"uv": [15.5, 14.5, 16, 15], "texture": "#3"}, "down": {"uv": [15.5, 14.5, 16, 15], "texture": "#3"} } }, { "from": [7.8426, 26.19629, 9.88941], "to": [8.1576, 26.32614, 10.16941], "rotation": {"angle": 0, "axis": "y", "origin": [2.7676, 34.07618, 16.17191]}, "faces": { "north": {"uv": [15.5, 14.5, 16, 15], "texture": "#3"}, "east": {"uv": [15.5, 14.5, 16, 15], "texture": "#3"}, "south": {"uv": [15.5, 14.5, 16, 15], "texture": "#3"}, "west": {"uv": [15.5, 14.5, 16, 15], "texture": "#3"}, "up": {"uv": [15.5, 14.5, 16, 15], "texture": "#3"}, "down": {"uv": [15.5, 14.5, 16, 15], "texture": "#3"} } }, { "from": [7.8426, 26.06366, 9.74941], "to": [8.1576, 26.19629, 10.13441], "rotation": {"angle": 0, "axis": "y", "origin": [2.7676, 34.07618, 16.17191]}, "faces": { "north": {"uv": [15.5, 14.5, 16, 15], "texture": "#3"}, "east": {"uv": [15.5, 14.5, 16, 15], "texture": "#3"}, "south": {"uv": [15.5, 14.5, 16, 15], "texture": "#3"}, "west": {"uv": [15.5, 14.5, 16, 15], "texture": "#3"}, "up": {"uv": [15.5, 14.5, 16, 15], "texture": "#3"}, "down": {"uv": [15.5, 14.5, 16, 15], "texture": "#3"} } }, { "from": [7.8426, 25.93102, 9.64441], "to": [8.1576, 26.06366, 10.09941], "rotation": {"angle": 0, "axis": "y", "origin": [2.7676, 34.06597, 16.17191]}, "faces": { "north": {"uv": [15.5, 14.5, 16, 15], "texture": "#3"}, "east": {"uv": [15.5, 14.5, 16, 15], "texture": "#3"}, "south": {"uv": [15.5, 14.5, 16, 15], "texture": "#3"}, "west": {"uv": [15.5, 14.5, 16, 15], "texture": "#3"}, "up": {"uv": [15.5, 14.5, 16, 15], "texture": "#3"}, "down": {"uv": [15.5, 14.5, 16, 15], "texture": "#3"} } }, { "from": [7.8426, 25.4413, 9.39941], "to": [8.1576, 25.71678, 9.80191], "rotation": {"angle": 0, "axis": "y", "origin": [2.7676, 33.8007, 16.13691]}, "faces": { "north": {"uv": [15.5, 14.5, 16, 15], "texture": "#3"}, "east": {"uv": [15.5, 14.5, 16, 15], "texture": "#3"}, "south": {"uv": [15.5, 14.5, 16, 15], "texture": "#3"}, "west": {"uv": [15.5, 14.5, 16, 15], "texture": "#3"}, "up": {"uv": [15.5, 14.5, 16, 15], "texture": "#3"}, "down": {"uv": [15.5, 14.5, 16, 15], "texture": "#3"} } }, { "from": [7.8426, 25.71678, 9.53941], "to": [8.1576, 25.93102, 9.94191], "rotation": {"angle": 0, "axis": "y", "origin": [2.7676, 34.07618, 16.34691]}, "faces": { "north": {"uv": [15.5, 14.5, 16, 15], "texture": "#3"}, "east": {"uv": [15.5, 14.5, 16, 15], "texture": "#3"}, "south": {"uv": [15.5, 14.5, 16, 15], "texture": "#3"}, "west": {"uv": [15.5, 14.5, 16, 15], "texture": "#3"}, "up": {"uv": [15.5, 14.5, 16, 15], "texture": "#3"}, "down": {"uv": [15.5, 14.5, 16, 15], "texture": "#3"} } }, { "from": [7.8426, 25.10463, 9.29441], "to": [8.1576, 25.4413, 9.64441], "rotation": {"angle": 0, "axis": "y", "origin": [2.7676, 33.46403, 15.92691]}, "faces": { "north": {"uv": [15.5, 14.5, 16, 15], "texture": "#3"}, "east": {"uv": [15.5, 14.5, 16, 15], "texture": "#3"}, "south": {"uv": [15.5, 14.5, 16, 15], "texture": "#3"}, "west": {"uv": [15.5, 14.5, 16, 15], "texture": "#3"}, "up": {"uv": [15.5, 14.5, 16, 15], "texture": "#3"}, "down": {"uv": [15.5, 14.5, 16, 15], "texture": "#3"} } }, { "from": [7.8426, 24.30883, 9.03191], "to": [8.1576, 24.70672, 9.25941], "rotation": {"angle": 0, "axis": "y", "origin": [2.7676, 32.66823, 15.50691]}, "faces": { "north": {"uv": [15.5, 14.5, 16, 15], "texture": "#3"}, "east": {"uv": [15.5, 14.5, 16, 15], "texture": "#3"}, "south": {"uv": [15.5, 14.5, 16, 15], "texture": "#3"}, "west": {"uv": [15.5, 14.5, 16, 15], "texture": "#3"}, "up": {"uv": [15.5, 14.5, 16, 15], "texture": "#3"}, "down": {"uv": [15.5, 14.5, 16, 15], "texture": "#3"} } }, { "from": [7.8426, 24.70672, 9.15441], "to": [8.1576, 25.10463, 9.39941], "rotation": {"angle": 0, "axis": "y", "origin": [2.7676, 33.06612, 15.71691]}, "faces": { "north": {"uv": [15.5, 14.5, 16, 15], "texture": "#3"}, "east": {"uv": [15.5, 14.5, 16, 15], "texture": "#3"}, "south": {"uv": [15.5, 14.5, 16, 15], "texture": "#3"}, "west": {"uv": [15.5, 14.5, 16, 15], "texture": "#3"}, "up": {"uv": [15.5, 14.5, 16, 15], "texture": "#3"}, "down": {"uv": [15.5, 14.5, 16, 15], "texture": "#3"} } }, { "from": [7.8426, 23.81911, 8.89191], "to": [8.1576, 24.30883, 9.06691], "rotation": {"angle": 0, "axis": "y", "origin": [2.7676, 32.17851, 15.29691]}, "faces": { "north": {"uv": [15.5, 14.5, 16, 15], "texture": "#3"}, "east": {"uv": [15.5, 14.5, 16, 15], "texture": "#3"}, "south": {"uv": [15.5, 14.5, 16, 15], "texture": "#3"}, "west": {"uv": [15.5, 14.5, 16, 15], "texture": "#3"}, "up": {"uv": [15.5, 14.5, 16, 15], "texture": "#3"}, "down": {"uv": [15.5, 14.5, 16, 15], "texture": "#3"} } }, { "from": [7.8426, 23.26818, 8.73441], "to": [8.1576, 23.81911, 8.90941], "rotation": {"angle": 0, "axis": "y", "origin": [2.7676, 31.62758, 15.08691]}, "faces": { "north": {"uv": [15.5, 14.5, 16, 15], "texture": "#3"}, "east": {"uv": [15.5, 14.5, 16, 15], "texture": "#3"}, "south": {"uv": [15.5, 14.5, 16, 15], "texture": "#3"}, "west": {"uv": [15.5, 14.5, 16, 15], "texture": "#3"}, "up": {"uv": [15.5, 14.5, 16, 15], "texture": "#3"}, "down": {"uv": [15.5, 14.5, 16, 15], "texture": "#3"} } }, { "from": [7.8426, 22.65603, 8.62941], "to": [8.1576, 23.26818, 8.80441], "rotation": {"angle": 0, "axis": "y", "origin": [2.7676, 31.01543, 14.92941]}, "faces": { "north": {"uv": [15.5, 14.5, 16, 15], "texture": "#3"}, "east": {"uv": [15.5, 14.5, 16, 15], "texture": "#3"}, "south": {"uv": [15.5, 14.5, 16, 15], "texture": "#3"}, "west": {"uv": [15.5, 14.5, 16, 15], "texture": "#3"}, "up": {"uv": [15.5, 14.5, 16, 15], "texture": "#3"}, "down": {"uv": [15.5, 14.5, 16, 15], "texture": "#3"} } }, { "from": [7.8426, 22.04388, 8.52441], "to": [8.1576, 22.65603, 8.69941], "rotation": {"angle": 0, "axis": "y", "origin": [2.7676, 30.40328, 14.77191]}, "faces": { "north": {"uv": [15.5, 14.5, 16, 15], "texture": "#3"}, "east": {"uv": [15.5, 14.5, 16, 15], "texture": "#3"}, "south": {"uv": [15.5, 14.5, 16, 15], "texture": "#3"}, "west": {"uv": [15.5, 14.5, 16, 15], "texture": "#3"}, "up": {"uv": [15.5, 14.5, 16, 15], "texture": "#3"}, "down": {"uv": [15.5, 14.5, 16, 15], "texture": "#3"} } }, { "from": [7.8426, 21.3093, 8.41941], "to": [8.1576, 22.04388, 8.59441], "rotation": {"angle": 0, "axis": "y", "origin": [2.7676, 29.6687, 14.59691]}, "faces": { "north": {"uv": [15.5, 14.5, 16, 15], "texture": "#3"}, "east": {"uv": [15.5, 14.5, 16, 15], "texture": "#3"}, "south": {"uv": [15.5, 14.5, 16, 15], "texture": "#3"}, "west": {"uv": [15.5, 14.5, 16, 15], "texture": "#3"}, "up": {"uv": [15.5, 14.5, 16, 15], "texture": "#3"}, "down": {"uv": [15.5, 14.5, 16, 15], "texture": "#3"} } }, { "from": [7.8426, 20.57472, 8.31441], "to": [8.1576, 21.3093, 8.48941], "rotation": {"angle": 0, "axis": "y", "origin": [2.7676, 28.93412, 14.45691]}, "faces": { "north": {"uv": [15.5, 14.5, 16, 15], "texture": "#3"}, "east": {"uv": [15.5, 14.5, 16, 15], "texture": "#3"}, "south": {"uv": [15.5, 14.5, 16, 15], "texture": "#3"}, "west": {"uv": [15.5, 14.5, 16, 15], "texture": "#3"}, "up": {"uv": [15.5, 14.5, 16, 15], "texture": "#3"}, "down": {"uv": [15.5, 14.5, 16, 15], "texture": "#3"} } }, { "from": [7.8426, 19.77892, 8.22691], "to": [8.1576, 20.57472, 8.40191], "rotation": {"angle": 0, "axis": "y", "origin": [2.7676, 28.13832, 14.33441]}, "faces": { "north": {"uv": [15.5, 14.5, 16, 15], "texture": "#3"}, "east": {"uv": [15.5, 14.5, 16, 15], "texture": "#3"}, "south": {"uv": [15.5, 14.5, 16, 15], "texture": "#3"}, "west": {"uv": [15.5, 14.5, 16, 15], "texture": "#3"}, "up": {"uv": [15.5, 14.5, 16, 15], "texture": "#3"}, "down": {"uv": [15.5, 14.5, 16, 15], "texture": "#3"} } }, { "from": [7.8426, 18.92191, 8.13941], "to": [8.1576, 19.77892, 8.31441], "rotation": {"angle": 0, "axis": "y", "origin": [2.7676, 27.28131, 14.22941]}, "faces": { "north": {"uv": [15.5, 14.5, 16, 15], "texture": "#3"}, "east": {"uv": [15.5, 14.5, 16, 15], "texture": "#3"}, "south": {"uv": [15.5, 14.5, 16, 15], "texture": "#3"}, "west": {"uv": [15.5, 14.5, 16, 15], "texture": "#3"}, "up": {"uv": [15.5, 14.5, 16, 15], "texture": "#3"}, "down": {"uv": [15.5, 14.5, 16, 15], "texture": "#3"} } }, { "from": [7.8426, 18.03429, 8.06941], "to": [8.1576, 18.92191, 8.24441], "rotation": {"angle": 0, "axis": "y", "origin": [2.7676, 26.39369, 14.14191]}, "faces": { "north": {"uv": [15.5, 14.5, 16, 15], "texture": "#3"}, "east": {"uv": [15.5, 14.5, 16, 15], "texture": "#3"}, "south": {"uv": [15.5, 14.5, 16, 15], "texture": "#3"}, "west": {"uv": [15.5, 14.5, 16, 15], "texture": "#3"}, "up": {"uv": [15.5, 14.5, 16, 15], "texture": "#3"}, "down": {"uv": [15.5, 14.5, 16, 15], "texture": "#3"} } }, { "from": [7.8426, 17.14668, 7.99941], "to": [8.1576, 18.03429, 8.17441], "rotation": {"angle": 0, "axis": "y", "origin": [2.7676, 25.50608, 14.05441]}, "faces": { "north": {"uv": [15.5, 14.5, 16, 15], "texture": "#3"}, "east": {"uv": [15.5, 14.5, 16, 15], "texture": "#3"}, "south": {"uv": [15.5, 14.5, 16, 15], "texture": "#3"}, "west": {"uv": [15.5, 14.5, 16, 15], "texture": "#3"}, "up": {"uv": [15.5, 14.5, 16, 15], "texture": "#3"}, "down": {"uv": [15.5, 14.5, 16, 15], "texture": "#3"} } }, { "from": [7.8426, 16.22845, 7.92941], "to": [8.1576, 17.14668, 8.10441], "rotation": {"angle": 0, "axis": "y", "origin": [2.7676, 24.58785, 13.98441]}, "faces": { "north": {"uv": [15.5, 14.5, 16, 15], "texture": "#3"}, "east": {"uv": [15.5, 14.5, 16, 15], "texture": "#3"}, "south": {"uv": [15.5, 14.5, 16, 15], "texture": "#3"}, "west": {"uv": [15.5, 14.5, 16, 15], "texture": "#3"}, "up": {"uv": [15.5, 14.5, 16, 15], "texture": "#3"}, "down": {"uv": [15.5, 14.5, 16, 15], "texture": "#3"} } }, { "from": [7.8426, 15.24901, 7.87691], "to": [8.1576, 16.22845, 8.05191], "rotation": {"angle": 0, "axis": "y", "origin": [2.7676, 23.60841, 13.91441]}, "faces": { "north": {"uv": [15.5, 14.5, 16, 15], "texture": "#3"}, "east": {"uv": [15.5, 14.5, 16, 15], "texture": "#3"}, "south": {"uv": [15.5, 14.5, 16, 15], "texture": "#3"}, "west": {"uv": [15.5, 14.5, 16, 15], "texture": "#3"}, "up": {"uv": [15.5, 14.5, 16, 15], "texture": "#3"}, "down": {"uv": [15.5, 14.5, 16, 15], "texture": "#3"} } }, { "from": [7.8426, 14.20836, 7.84191], "to": [8.1576, 15.24901, 8.01691], "rotation": {"angle": 0, "axis": "y", "origin": [2.7676, 22.56776, 13.86191]}, "faces": { "north": {"uv": [15.5, 14.5, 16, 15], "texture": "#3"}, "east": {"uv": [15.5, 14.5, 16, 15], "texture": "#3"}, "south": {"uv": [15.5, 14.5, 16, 15], "texture": "#3"}, "west": {"uv": [15.5, 14.5, 16, 15], "texture": "#3"}, "up": {"uv": [15.5, 14.5, 16, 15], "texture": "#3"}, "down": {"uv": [15.5, 14.5, 16, 15], "texture": "#3"} } }, { "from": [7.8426, 13.10649, 7.78941], "to": [8.1576, 14.20836, 7.96441], "rotation": {"angle": 0, "axis": "y", "origin": [2.7676, 21.46589, 13.80941]}, "faces": { "north": {"uv": [15.5, 14.5, 16, 15], "texture": "#3"}, "east": {"uv": [15.5, 14.5, 16, 15], "texture": "#3"}, "south": {"uv": [15.5, 14.5, 16, 15], "texture": "#3"}, "west": {"uv": [15.5, 14.5, 16, 15], "texture": "#3"}, "up": {"uv": [15.5, 14.5, 16, 15], "texture": "#3"}, "down": {"uv": [15.5, 14.5, 16, 15], "texture": "#3"} } }, { "from": [7.8426, 11.9434, 7.75441], "to": [8.1576, 13.10649, 7.92941], "rotation": {"angle": 0, "axis": "y", "origin": [2.7676, 20.3028, 13.77441]}, "faces": { "north": {"uv": [15.5, 14.5, 16, 15], "texture": "#3"}, "east": {"uv": [15.5, 14.5, 16, 15], "texture": "#3"}, "south": {"uv": [15.5, 14.5, 16, 15], "texture": "#3"}, "west": {"uv": [15.5, 14.5, 16, 15], "texture": "#3"}, "up": {"uv": [15.5, 14.5, 16, 15], "texture": "#3"}, "down": {"uv": [15.5, 14.5, 16, 15], "texture": "#3"} } }, { "from": [7.8426, 10.7191, 7.71941], "to": [8.1576, 11.9434, 7.89441], "rotation": {"angle": 0, "axis": "y", "origin": [2.7676, 19.0785, 13.73941]}, "faces": { "north": {"uv": [15.5, 14.5, 16, 15], "texture": "#3"}, "east": {"uv": [15.5, 14.5, 16, 15], "texture": "#3"}, "south": {"uv": [15.5, 14.5, 16, 15], "texture": "#3"}, "west": {"uv": [15.5, 14.5, 16, 15], "texture": "#3"}, "up": {"uv": [15.5, 14.5, 16, 15], "texture": "#3"}, "down": {"uv": [15.5, 14.5, 16, 15], "texture": "#3"} } }, { "from": [7.8426, 9.4948, 7.68441], "to": [8.1576, 10.7191, 7.85941], "rotation": {"angle": 0, "axis": "y", "origin": [2.7676, 17.8542, 13.70441]}, "faces": { "north": {"uv": [15.5, 14.5, 16, 15], "texture": "#3"}, "east": {"uv": [15.5, 14.5, 16, 15], "texture": "#3"}, "south": {"uv": [15.5, 14.5, 16, 15], "texture": "#3"}, "west": {"uv": [15.5, 14.5, 16, 15], "texture": "#3"}, "up": {"uv": [15.5, 14.5, 16, 15], "texture": "#3"}, "down": {"uv": [15.5, 14.5, 16, 15], "texture": "#3"} } }, { "from": [7.8426, 8.2705, 7.66691], "to": [8.1576, 9.4948, 7.84191], "rotation": {"angle": 0, "axis": "y", "origin": [2.7676, 16.6299, 13.68691]}, "faces": { "north": {"uv": [15.5, 14.5, 16, 15], "texture": "#3"}, "east": {"uv": [15.5, 14.5, 16, 15], "texture": "#3"}, "south": {"uv": [15.5, 14.5, 16, 15], "texture": "#3"}, "west": {"uv": [15.5, 14.5, 16, 15], "texture": "#3"}, "up": {"uv": [15.5, 14.5, 16, 15], "texture": "#3"}, "down": {"uv": [15.5, 14.5, 16, 15], "texture": "#3"} } }, { "from": [7.8426, 2.76115, 7.64941], "to": [8.1576, 8.2705, 7.82441], "rotation": {"angle": 0, "axis": "y", "origin": [2.7676, 15.4056, 13.66941]}, "faces": { "north": {"uv": [15.5, 14.5, 16, 15], "texture": "#3"}, "east": {"uv": [15.5, 14.5, 16, 15], "texture": "#3"}, "south": {"uv": [15.5, 14.5, 16, 15], "texture": "#3"}, "west": {"uv": [15.5, 14.5, 16, 15], "texture": "#3"}, "up": {"uv": [15.5, 14.5, 16, 15], "texture": "#3"}, "down": {"uv": [15.5, 14.5, 16, 15], "texture": "#3"} } }, { "from": [7.7026, 24.70672, 9.39941], "to": [8.2976, 25.10463, 9.53941], "rotation": {"angle": 0, "axis": "y", "origin": [2.7676, 33.06612, 15.71691]}, "faces": { "north": {"uv": [15.5, 14.5, 16, 15], "texture": "#3"}, "east": {"uv": [15.5, 14.5, 16, 15], "texture": "#3"}, "south": {"uv": [15.5, 14.5, 16, 15], "texture": "#3"}, "west": {"uv": [15.5, 14.5, 16, 15], "texture": "#3"}, "up": {"uv": [15.5, 14.5, 16, 15], "texture": "#3"}, "down": {"uv": [15.5, 14.5, 16, 15], "texture": "#3"} } }, { "from": [7.7026, 6.97865, 7.82441], "to": [8.2976, 8.2705, 7.96441], "rotation": {"angle": 0, "axis": "y", "origin": [2.7676, 15.4231, 13.66941]}, "faces": { "north": {"uv": [15.5, 14.5, 16, 15], "texture": "#3"}, "east": {"uv": [15.5, 14.5, 16, 15], "texture": "#3"}, "south": {"uv": [15.5, 14.5, 16, 15], "texture": "#3"}, "west": {"uv": [15.5, 14.5, 16, 15], "texture": "#3"}, "up": {"uv": [15.5, 14.5, 16, 15], "texture": "#3"}, "down": {"uv": [15.5, 14.5, 16, 15], "texture": "#3"} } }, { "from": [7.7026, 4.34245, 7.82441], "to": [8.2976, 5.6518, 7.96441], "rotation": {"angle": 0, "axis": "y", "origin": [2.7676, 15.4119, 13.66941]}, "faces": { "north": {"uv": [15.5, 14.5, 16, 15], "texture": "#3"}, "east": {"uv": [15.5, 14.5, 16, 15], "texture": "#3"}, "south": {"uv": [15.5, 14.5, 16, 15], "texture": "#3"}, "west": {"uv": [15.5, 14.5, 16, 15], "texture": "#3"}, "up": {"uv": [15.5, 14.5, 16, 15], "texture": "#3"}, "down": {"uv": [15.5, 14.5, 16, 15], "texture": "#3"} } }, { "from": [7.7026, 3.3481, 7.82441], "to": [8.2976, 4.34245, 7.96441], "rotation": {"angle": 0, "axis": "y", "origin": [2.7676, 15.32755, 13.66941]}, "faces": { "north": {"uv": [15.5, 10, 16, 10.5], "texture": "#3"}, "east": {"uv": [15.5, 10, 16, 10.5], "texture": "#3"}, "south": {"uv": [15.5, 10, 16, 10.5], "texture": "#3"}, "west": {"uv": [15.5, 10, 16, 10.5], "texture": "#3"}, "up": {"uv": [15.5, 10, 16, 10.5], "texture": "#3"}, "down": {"uv": [15.5, 10, 16, 10.5], "texture": "#3"} } }, { "from": [7.7026, 5.6518, 7.82441], "to": [8.2976, 6.97865, 7.96441], "rotation": {"angle": 0, "axis": "y", "origin": [2.7676, 15.14625, 13.66941]}, "faces": { "north": {"uv": [15.5, 10, 16, 10.5], "texture": "#3"}, "east": {"uv": [15.5, 10, 16, 10.5], "texture": "#3"}, "south": {"uv": [15.5, 10, 16, 10.5], "texture": "#3"}, "west": {"uv": [15.5, 10, 16, 10.5], "texture": "#3"}, "up": {"uv": [15.5, 10, 16, 10.5], "texture": "#3"}, "down": {"uv": [15.5, 10, 16, 10.5], "texture": "#3"} } }, { "from": [7.7026, 9.4948, 7.85941], "to": [8.2976, 10.7191, 7.99941], "rotation": {"angle": 0, "axis": "y", "origin": [2.7676, 17.8542, 13.70441]}, "faces": { "north": {"uv": [15.5, 14.5, 16, 15], "texture": "#3"}, "east": {"uv": [15.5, 14.5, 16, 15], "texture": "#3"}, "south": {"uv": [15.5, 14.5, 16, 15], "texture": "#3"}, "west": {"uv": [15.5, 14.5, 16, 15], "texture": "#3"}, "up": {"uv": [15.5, 14.5, 16, 15], "texture": "#3"}, "down": {"uv": [15.5, 14.5, 16, 15], "texture": "#3"} } }, { "from": [7.7026, 23.81911, 9.06691], "to": [8.2976, 24.30883, 9.20691], "rotation": {"angle": 0, "axis": "y", "origin": [2.7676, 32.17851, 15.29691]}, "faces": { "north": {"uv": [15.5, 14.5, 16, 15], "texture": "#3"}, "east": {"uv": [15.5, 14.5, 16, 15], "texture": "#3"}, "south": {"uv": [15.5, 14.5, 16, 15], "texture": "#3"}, "west": {"uv": [15.5, 14.5, 16, 15], "texture": "#3"}, "up": {"uv": [15.5, 14.5, 16, 15], "texture": "#3"}, "down": {"uv": [15.5, 14.5, 16, 15], "texture": "#3"} } }, { "from": [7.7026, 22.65603, 8.80441], "to": [8.2976, 23.26818, 8.94441], "rotation": {"angle": 0, "axis": "y", "origin": [2.7676, 31.01543, 14.92941]}, "faces": { "north": {"uv": [15.5, 14.5, 16, 15], "texture": "#3"}, "east": {"uv": [15.5, 14.5, 16, 15], "texture": "#3"}, "south": {"uv": [15.5, 14.5, 16, 15], "texture": "#3"}, "west": {"uv": [15.5, 14.5, 16, 15], "texture": "#3"}, "up": {"uv": [15.5, 14.5, 16, 15], "texture": "#3"}, "down": {"uv": [15.5, 14.5, 16, 15], "texture": "#3"} } }, { "from": [7.7026, 21.3093, 8.59441], "to": [8.2976, 22.04388, 8.73441], "rotation": {"angle": 0, "axis": "y", "origin": [2.7676, 29.6687, 14.59691]}, "faces": { "north": {"uv": [15.5, 14.5, 16, 15], "texture": "#3"}, "east": {"uv": [15.5, 14.5, 16, 15], "texture": "#3"}, "south": {"uv": [15.5, 14.5, 16, 15], "texture": "#3"}, "west": {"uv": [15.5, 14.5, 16, 15], "texture": "#3"}, "up": {"uv": [15.5, 14.5, 16, 15], "texture": "#3"}, "down": {"uv": [15.5, 14.5, 16, 15], "texture": "#3"} } }, { "from": [7.7026, 19.77892, 8.40191], "to": [8.2976, 20.57472, 8.54191], "rotation": {"angle": 0, "axis": "y", "origin": [2.7676, 28.13832, 14.33441]}, "faces": { "north": {"uv": [15.5, 14.5, 16, 15], "texture": "#3"}, "east": {"uv": [15.5, 14.5, 16, 15], "texture": "#3"}, "south": {"uv": [15.5, 14.5, 16, 15], "texture": "#3"}, "west": {"uv": [15.5, 14.5, 16, 15], "texture": "#3"}, "up": {"uv": [15.5, 14.5, 16, 15], "texture": "#3"}, "down": {"uv": [15.5, 14.5, 16, 15], "texture": "#3"} } }, { "from": [7.7026, 18.03429, 8.24441], "to": [8.2976, 18.92191, 8.38441], "rotation": {"angle": 0, "axis": "y", "origin": [2.7676, 26.39369, 14.14191]}, "faces": { "north": {"uv": [15.5, 14.5, 16, 15], "texture": "#3"}, "east": {"uv": [15.5, 14.5, 16, 15], "texture": "#3"}, "south": {"uv": [15.5, 14.5, 16, 15], "texture": "#3"}, "west": {"uv": [15.5, 14.5, 16, 15], "texture": "#3"}, "up": {"uv": [15.5, 14.5, 16, 15], "texture": "#3"}, "down": {"uv": [15.5, 14.5, 16, 15], "texture": "#3"} } }, { "from": [7.7026, 16.22845, 8.10441], "to": [8.2976, 17.14668, 8.24441], "rotation": {"angle": 0, "axis": "y", "origin": [2.7676, 24.58785, 13.98441]}, "faces": { "north": {"uv": [15.5, 14.5, 16, 15], "texture": "#3"}, "east": {"uv": [15.5, 14.5, 16, 15], "texture": "#3"}, "south": {"uv": [15.5, 14.5, 16, 15], "texture": "#3"}, "west": {"uv": [15.5, 14.5, 16, 15], "texture": "#3"}, "up": {"uv": [15.5, 14.5, 16, 15], "texture": "#3"}, "down": {"uv": [15.5, 14.5, 16, 15], "texture": "#3"} } }, { "from": [7.7026, 14.20836, 8.01691], "to": [8.2976, 15.24901, 8.15691], "rotation": {"angle": 0, "axis": "y", "origin": [2.7676, 22.56776, 13.86191]}, "faces": { "north": {"uv": [15.5, 14.5, 16, 15], "texture": "#3"}, "east": {"uv": [15.5, 14.5, 16, 15], "texture": "#3"}, "south": {"uv": [15.5, 14.5, 16, 15], "texture": "#3"}, "west": {"uv": [15.5, 14.5, 16, 15], "texture": "#3"}, "up": {"uv": [15.5, 14.5, 16, 15], "texture": "#3"}, "down": {"uv": [15.5, 14.5, 16, 15], "texture": "#3"} } }, { "from": [7.7026, 11.9434, 7.92941], "to": [8.2976, 13.10649, 8.06941], "rotation": {"angle": 0, "axis": "y", "origin": [2.7676, 20.3028, 13.77441]}, "faces": { "north": {"uv": [15.5, 14.5, 16, 15], "texture": "#3"}, "east": {"uv": [15.5, 14.5, 16, 15], "texture": "#3"}, "south": {"uv": [15.5, 14.5, 16, 15], "texture": "#3"}, "west": {"uv": [15.5, 14.5, 16, 15], "texture": "#3"}, "up": {"uv": [15.5, 14.5, 16, 15], "texture": "#3"}, "down": {"uv": [15.5, 14.5, 16, 15], "texture": "#3"} } }, { "from": [7.7026, 8.2705, 7.82441], "to": [8.2976, 9.4948, 7.96441], "rotation": {"angle": 0, "axis": "y", "origin": [2.7676, 16.3849, 13.66941]}, "faces": { "north": {"uv": [15.5, 10, 16, 10.5], "texture": "#3"}, "east": {"uv": [15.5, 10, 16, 10.5], "texture": "#3"}, "south": {"uv": [15.5, 10, 16, 10.5], "texture": "#3"}, "west": {"uv": [15.5, 10, 16, 10.5], "texture": "#3"}, "up": {"uv": [15.5, 10, 16, 10.5], "texture": "#3"}, "down": {"uv": [15.5, 10, 16, 10.5], "texture": "#3"} } }, { "from": [7.7026, 10.7191, 7.87691], "to": [8.2976, 11.9434, 8.01691], "rotation": {"angle": 0, "axis": "y", "origin": [2.7676, 18.8335, 13.72191]}, "faces": { "north": {"uv": [15.5, 10, 16, 10.5], "texture": "#3"}, "east": {"uv": [15.5, 10, 16, 10.5], "texture": "#3"}, "south": {"uv": [15.5, 10, 16, 10.5], "texture": "#3"}, "west": {"uv": [15.5, 10, 16, 10.5], "texture": "#3"}, "up": {"uv": [15.5, 10, 16, 10.5], "texture": "#3"}, "down": {"uv": [15.5, 10, 16, 10.5], "texture": "#3"} } }, { "from": [7.7026, 13.10649, 7.94691], "to": [8.2976, 14.20836, 8.08691], "rotation": {"angle": 0, "axis": "y", "origin": [2.7676, 21.22089, 13.79191]}, "faces": { "north": {"uv": [15.5, 10, 16, 10.5], "texture": "#3"}, "east": {"uv": [15.5, 10, 16, 10.5], "texture": "#3"}, "south": {"uv": [15.5, 10, 16, 10.5], "texture": "#3"}, "west": {"uv": [15.5, 10, 16, 10.5], "texture": "#3"}, "up": {"uv": [15.5, 10, 16, 10.5], "texture": "#3"}, "down": {"uv": [15.5, 10, 16, 10.5], "texture": "#3"} } }, { "from": [7.7026, 15.24901, 8.03441], "to": [8.2976, 16.22845, 8.17441], "rotation": {"angle": 0, "axis": "y", "origin": [2.7676, 23.36341, 13.89691]}, "faces": { "north": {"uv": [15.5, 10, 16, 10.5], "texture": "#3"}, "east": {"uv": [15.5, 10, 16, 10.5], "texture": "#3"}, "south": {"uv": [15.5, 10, 16, 10.5], "texture": "#3"}, "west": {"uv": [15.5, 10, 16, 10.5], "texture": "#3"}, "up": {"uv": [15.5, 10, 16, 10.5], "texture": "#3"}, "down": {"uv": [15.5, 10, 16, 10.5], "texture": "#3"} } }, { "from": [7.7026, 17.14668, 8.15691], "to": [8.2976, 18.03429, 8.29691], "rotation": {"angle": 0, "axis": "y", "origin": [2.7676, 25.26108, 14.03691]}, "faces": { "north": {"uv": [15.5, 10, 16, 10.5], "texture": "#3"}, "east": {"uv": [15.5, 10, 16, 10.5], "texture": "#3"}, "south": {"uv": [15.5, 10, 16, 10.5], "texture": "#3"}, "west": {"uv": [15.5, 10, 16, 10.5], "texture": "#3"}, "up": {"uv": [15.5, 10, 16, 10.5], "texture": "#3"}, "down": {"uv": [15.5, 10, 16, 10.5], "texture": "#3"} } }, { "from": [7.7026, 18.92191, 8.29691], "to": [8.2976, 19.77892, 8.43691], "rotation": {"angle": 0, "axis": "y", "origin": [2.7676, 27.03631, 14.21191]}, "faces": { "north": {"uv": [15.5, 10, 16, 10.5], "texture": "#3"}, "east": {"uv": [15.5, 10, 16, 10.5], "texture": "#3"}, "south": {"uv": [15.5, 10, 16, 10.5], "texture": "#3"}, "west": {"uv": [15.5, 10, 16, 10.5], "texture": "#3"}, "up": {"uv": [15.5, 10, 16, 10.5], "texture": "#3"}, "down": {"uv": [15.5, 10, 16, 10.5], "texture": "#3"} } }, { "from": [7.7026, 20.57472, 8.47191], "to": [8.2976, 21.3093, 8.61191], "rotation": {"angle": 0, "axis": "y", "origin": [2.7676, 28.68912, 14.43941]}, "faces": { "north": {"uv": [15.5, 10, 16, 10.5], "texture": "#3"}, "east": {"uv": [15.5, 10, 16, 10.5], "texture": "#3"}, "south": {"uv": [15.5, 10, 16, 10.5], "texture": "#3"}, "west": {"uv": [15.5, 10, 16, 10.5], "texture": "#3"}, "up": {"uv": [15.5, 10, 16, 10.5], "texture": "#3"}, "down": {"uv": [15.5, 10, 16, 10.5], "texture": "#3"} } }, { "from": [7.7026, 22.04388, 8.68191], "to": [8.2976, 22.65603, 8.82191], "rotation": {"angle": 0, "axis": "y", "origin": [2.7676, 30.15828, 14.75441]}, "faces": { "north": {"uv": [15.5, 10, 16, 10.5], "texture": "#3"}, "east": {"uv": [15.5, 10, 16, 10.5], "texture": "#3"}, "south": {"uv": [15.5, 10, 16, 10.5], "texture": "#3"}, "west": {"uv": [15.5, 10, 16, 10.5], "texture": "#3"}, "up": {"uv": [15.5, 10, 16, 10.5], "texture": "#3"}, "down": {"uv": [15.5, 10, 16, 10.5], "texture": "#3"} } }, { "from": [7.7026, 23.26818, 8.89191], "to": [8.2976, 23.81911, 9.03191], "rotation": {"angle": 0, "axis": "y", "origin": [2.7676, 31.38258, 15.06941]}, "faces": { "north": {"uv": [15.5, 10, 16, 10.5], "texture": "#3"}, "east": {"uv": [15.5, 10, 16, 10.5], "texture": "#3"}, "south": {"uv": [15.5, 10, 16, 10.5], "texture": "#3"}, "west": {"uv": [15.5, 10, 16, 10.5], "texture": "#3"}, "up": {"uv": [15.5, 10, 16, 10.5], "texture": "#3"}, "down": {"uv": [15.5, 10, 16, 10.5], "texture": "#3"} } }, { "from": [6.25016, 2.82565, 6.42441], "to": [9.75016, 2.89565, 9.92441], "rotation": {"angle": 0, "axis": "y", "origin": [7.65016, 4.57565, 7.82441]}, "faces": { "north": {"uv": [15.5, 0, 16, 0.5], "texture": "#3"}, "east": {"uv": [15.5, 0, 16, 0.5], "texture": "#3"}, "south": {"uv": [15.5, 0, 16, 0.5], "texture": "#3"}, "west": {"uv": [15.5, 0, 16, 0.5], "texture": "#3"}, "up": {"uv": [8, 0, 16, 8], "texture": "#3"}, "down": {"uv": [16, 0, 8, 8], "texture": "#3"} } }, { "name": "octagon", "from": [8.0153, -4.76511, 8.13007], "to": [8.23501, -4.01511, 8.31407], "rotation": {"angle": 22.5, "axis": "x", "origin": [8.12516, -4.488, 8.26641]}, "faces": { "north": {"uv": [15, 7, 16, 8], "texture": "#0"}, "east": {"uv": [15, 7, 16, 8], "texture": "#0"}, "south": {"uv": [15, 7, 16, 8], "texture": "#0"}, "west": {"uv": [15, 7, 16, 8], "texture": "#0"}, "up": {"uv": [15, 7, 16, 8], "texture": "#0"}, "down": {"uv": [15, 7, 16, 8], "texture": "#0"} } }, { "name": "octagon", "from": [8.0153, -4.41511, 7.88007], "to": [8.23501, -4.01511, 8.06407], "rotation": {"angle": 22.5, "axis": "x", "origin": [8.12516, -4.488, 8.01641]}, "faces": { "north": {"uv": [15, 7, 16, 8], "texture": "#0"}, "east": {"uv": [15, 7, 16, 8], "texture": "#0"}, "south": {"uv": [15, 7, 16, 8], "texture": "#0"}, "west": {"uv": [15, 7, 16, 8], "texture": "#0"}, "up": {"uv": [15, 7, 16, 8], "texture": "#0"}, "down": {"uv": [15, 7, 16, 8], "texture": "#0"} } }, { "name": "octagon", "from": [7.5653, -4.41511, 7.88007], "to": [7.78501, -4.01511, 8.06407], "rotation": {"angle": 22.5, "axis": "x", "origin": [7.67516, -4.488, 8.01641]}, "faces": { "north": {"uv": [15, 7, 16, 8], "texture": "#0"}, "east": {"uv": [15, 7, 16, 8], "texture": "#0"}, "south": {"uv": [15, 7, 16, 8], "texture": "#0"}, "west": {"uv": [15, 7, 16, 8], "texture": "#0"}, "up": {"uv": [15, 7, 16, 8], "texture": "#0"}, "down": {"uv": [15, 7, 16, 8], "texture": "#0"} } }, { "name": "octagon", "from": [7.8653, -4.51511, 7.73007], "to": [8.08501, -4.01511, 7.91407], "rotation": {"angle": 22.5, "axis": "x", "origin": [7.97516, -4.488, 7.86641]}, "faces": { "north": {"uv": [15, 7, 16, 8], "texture": "#0"}, "east": {"uv": [15, 7, 16, 8], "texture": "#0"}, "south": {"uv": [15, 7, 16, 8], "texture": "#0"}, "west": {"uv": [15, 7, 16, 8], "texture": "#0"}, "up": {"uv": [15, 7, 16, 8], "texture": "#0"}, "down": {"uv": [15, 7, 16, 8], "texture": "#0"} } }, { "name": "octagon", "from": [7.6653, -4.76511, 8.03007], "to": [7.88501, -4.01511, 8.21407], "rotation": {"angle": 22.5, "axis": "x", "origin": [7.77516, -4.488, 8.16641]}, "faces": { "north": {"uv": [15, 7, 16, 8], "texture": "#0"}, "east": {"uv": [15, 7, 16, 8], "texture": "#0"}, "south": {"uv": [15, 7, 16, 8], "texture": "#0"}, "west": {"uv": [15, 7, 16, 8], "texture": "#0"}, "up": {"uv": [15, 7, 16, 8], "texture": "#0"}, "down": {"uv": [15, 7, 16, 8], "texture": "#0"} } }, { "name": "octagon", "from": [8.0153, -6.29384, 8.19196], "to": [8.23501, -4.79384, 8.37596], "rotation": {"angle": 45, "axis": "x", "origin": [8.12516, -4.57096, 8.32829]}, "faces": { "north": {"uv": [15, 7, 16, 8], "texture": "#0"}, "east": {"uv": [15, 7, 16, 8], "texture": "#0"}, "south": {"uv": [15, 7, 16, 8], "texture": "#0"}, "west": {"uv": [15, 7, 16, 8], "texture": "#0"}, "up": {"uv": [15, 7, 16, 8], "texture": "#0"}, "down": {"uv": [15, 7, 16, 8], "texture": "#0"} } }, { "name": "octagon", "from": [8.0153, -5.22048, 8.0759], "to": [8.23501, -4.47048, 8.2599], "rotation": {"angle": 45, "axis": "x", "origin": [8.12516, -4.2476, 8.21223]}, "faces": { "north": {"uv": [15, 7, 16, 8], "texture": "#0"}, "east": {"uv": [15, 7, 16, 8], "texture": "#0"}, "south": {"uv": [15, 7, 16, 8], "texture": "#0"}, "west": {"uv": [15, 7, 16, 8], "texture": "#0"}, "up": {"uv": [15, 7, 16, 8], "texture": "#0"}, "down": {"uv": [15, 7, 16, 8], "texture": "#0"} } }, { "name": "octagon", "from": [7.5653, -5.97048, 8.0759], "to": [7.78501, -4.47048, 8.2599], "rotation": {"angle": 45, "axis": "x", "origin": [7.67516, -4.2476, 8.21223]}, "faces": { "north": {"uv": [15, 7, 16, 8], "texture": "#0"}, "east": {"uv": [15, 7, 16, 8], "texture": "#0"}, "south": {"uv": [15, 7, 16, 8], "texture": "#0"}, "west": {"uv": [15, 7, 16, 8], "texture": "#0"}, "up": {"uv": [15, 7, 16, 8], "texture": "#0"}, "down": {"uv": [15, 7, 16, 8], "texture": "#0"} } }, { "name": "octagon", "from": [7.8653, -5.56287, 7.88763], "to": [8.08501, -4.56287, 8.07163], "rotation": {"angle": 45, "axis": "x", "origin": [7.97516, -4.33999, 8.02396]}, "faces": { "north": {"uv": [15, 7, 16, 8], "texture": "#0"}, "east": {"uv": [15, 7, 16, 8], "texture": "#0"}, "south": {"uv": [15, 7, 16, 8], "texture": "#0"}, "west": {"uv": [15, 7, 16, 8], "texture": "#0"}, "up": {"uv": [15, 7, 16, 8], "texture": "#0"}, "down": {"uv": [15, 7, 16, 8], "texture": "#0"} } }, { "name": "octagon", "from": [7.6653, -6.54384, 8.09196], "to": [7.88501, -4.79384, 8.27596], "rotation": {"angle": 45, "axis": "x", "origin": [7.77516, -4.57096, 8.22829]}, "faces": { "north": {"uv": [15, 7, 16, 8], "texture": "#0"}, "east": {"uv": [15, 7, 16, 8], "texture": "#0"}, "south": {"uv": [15, 7, 16, 8], "texture": "#0"}, "west": {"uv": [15, 7, 16, 8], "texture": "#0"}, "up": {"uv": [15, 7, 16, 8], "texture": "#0"}, "down": {"uv": [15, 7, 16, 8], "texture": "#0"} } } ], "display": { "thirdperson_righthand": { "translation": [0, 5.5, 0.5] }, "thirdperson_lefthand": { "rotation": [157, 131, 90], "translation": [-7.75, -5.75, 8.25] }, "firstperson_righthand": { "rotation": [-24, -3, 0], "translation": [2.25, 6.75, -4], "scale": [0.69141, 0.69141, 0.5625] }, "firstperson_lefthand": { "rotation": [133, -180, 0], "translation": [0.75, -2, 8.25], "scale": [0.69141, 0.69141, 0.5625] }, "ground": { "rotation": [90, 0, 0], "translation": [0, -3.25, 2], "scale": [0.69141, 0.69141, 0.5625] }, "gui": { "rotation": [57, 23, -36], "translation": [0.75, 0.5, -0.25], "scale": [0.53, 0.53, 0.53] }, "fixed": { "rotation": [4, 90, 0], "translation": [0, 0, -2.75], "scale": [3, 3, 3] } }, "groups": [ { "name": "Handle", "origin": [8, 8, 8], "color": 0, "children": [ { "name": "Handle1", "origin": [8, 8, 8], "color": 0, "children": [] }, { "name": "Handle2", "origin": [8, -9.5, 8], "color": 0, "children": [0, 1, 2, 3] }, { "name": "Handle3", "origin": [8, 8, 8], "color": 0, "children": [4, 5, 6, 7] }, { "name": "Handle3", "origin": [8, 8, 8], "color": 0, "children": [8, 9, 10, 11, 12] } ] }, { "name": "Blade", "origin": [8, -3, 8], "color": 0, "children": [ { "name": "Blade1", "origin": [8, 8, 8], "color": 0, "children": [ 13, 14, 15, 16, 17, 18, 19, 20, 21, 22, 23, 24, 25, 26, 27, 28, 29, { "name": "group", "origin": [0.52492, 15.47136, 15.85], "color": 0, "children": [30] }, 31, 32, 33 ] }, { "name": "Blade2", "origin": [0.52492, 17.22036, 15.875], "color": 0, "children": [34, 35, 36, 37, 38, 39, 40, 41, 42, 43, 44, 45, 46, 47, 48, 49, 50, 51, 52, 53, 54, 55, 56, 57] }, { "name": "Blade3", "origin": [0.52492, 18.96936, 15.9], "color": 0, "children": [58, 59, 60, 61, 62, 63, 64, 65, 66, 67, 68, 69, 70, 71, 72, 73, 74, 75, 76, 77, 78, 79, 80, 81, 82, 83, 84, 85, 86, 87, 88, 89, 90, 91, 92, 93, 94, 95, 96, 97, 98, 99] } ] }, { "name": "group", "origin": [8, 8, 8], "color": 0, "children": [] }, { "name": "group", "origin": [8, 8, 8], "color": 0, "children": [100, 101, 102, 103, 104, 105, 106, 107, 108] }, 109, { "name": "group", "origin": [8, 8, 8], "color": 0, "children": [110, 111, 112, 113, 114, 115, 116, 117, 118, 119] } ] }