{ "credit": "Made with Blockbench", "textures": { "0": "timetoplay:roleplay/itmes/katanas/greenpheonixkatana", "particle": "timetoplay:roleplay/itmes/katanas/greenpheonixkatana" }, "elements": [ { "from": [8.5, 7.85, -6.55], "to": [8.7, 8.15, 15.165], "rotation": {"angle": 0, "axis": "y", "origin": [8.07354, 8, 14.10647]}, "faces": { "north": {"uv": [14.25, 13.25, 14.75, 13.75], "texture": "#0"}, "east": {"uv": [14.25, 13.25, 14.75, 13.75], "texture": "#0"}, "south": {"uv": [14.25, 13.25, 14.75, 13.75], "texture": "#0"}, "west": {"uv": [14.25, 13.25, 14.75, 13.75], "texture": "#0"}, "up": {"uv": [14.25, 13.25, 14.75, 13.75], "texture": "#0"}, "down": {"uv": [14.25, 13.25, 14.75, 13.75], "texture": "#0"} } }, { "from": [15.97243, 7.85, -4.81442], "to": [16.37243, 8.15, -4.34942], "rotation": {"angle": 22.5, "axis": "y", "origin": [8.07354, 8, 14.10647]}, "faces": { "north": {"uv": [14.25, 13.25, 14.75, 13.75], "texture": "#0"}, "east": {"uv": [14.25, 13.25, 14.75, 13.75], "texture": "#0"}, "south": {"uv": [14.25, 13.25, 14.75, 13.75], "texture": "#0"}, "west": {"uv": [14.25, 13.25, 14.75, 13.75], "texture": "#0"}, "up": {"uv": [14.25, 13.25, 14.75, 13.75], "texture": "#0"}, "down": {"uv": [14.25, 13.25, 14.75, 13.75], "texture": "#0"} } }, { "from": [15.89589, 7.85, -4.62964], "to": [16.29589, 8.15, -4.16464], "rotation": {"angle": 22.5, "axis": "y", "origin": [8.07354, 8, 14.10647]}, "faces": { "north": {"uv": [14.25, 13.25, 14.75, 13.75], "texture": "#0"}, "east": {"uv": [14.25, 13.25, 14.75, 13.75], "texture": "#0"}, "south": {"uv": [14.25, 13.25, 14.75, 13.75], "texture": "#0"}, "west": {"uv": [14.25, 13.25, 14.75, 13.75], "texture": "#0"}, "up": {"uv": [14.25, 13.25, 14.75, 13.75], "texture": "#0"}, "down": {"uv": [14.25, 13.25, 14.75, 13.75], "texture": "#0"} } }, { "from": [22.21187, 7.85, -0.35138], "to": [22.61187, 8.15, 0.31362], "rotation": {"angle": 45, "axis": "y", "origin": [8.07354, 8, 14.10647]}, "faces": { "north": {"uv": [14.25, 13.25, 14.75, 13.75], "texture": "#0"}, "east": {"uv": [14.25, 13.25, 14.75, 13.75], "texture": "#0"}, "south": {"uv": [14.25, 13.25, 14.75, 13.75], "texture": "#0"}, "west": {"uv": [14.25, 13.25, 14.75, 13.75], "texture": "#0"}, "up": {"uv": [14.25, 13.25, 14.75, 13.75], "texture": "#0"}, "down": {"uv": [14.25, 13.25, 14.75, 13.75], "texture": "#0"} } }, { "from": [0.12673, 7.85, -4.48842], "to": [0.99173, 8.15, -4.08842], "rotation": {"angle": -22.5, "axis": "y", "origin": [8.07354, 8, 14.10647]}, "faces": { "north": {"uv": [14.25, 13.25, 14.75, 13.75], "texture": "#0"}, "east": {"uv": [14.25, 13.25, 14.75, 13.75], "texture": "#0"}, "south": {"uv": [14.25, 13.25, 14.75, 13.75], "texture": "#0"}, "west": {"uv": [14.25, 13.25, 14.75, 13.75], "texture": "#0"}, "up": {"uv": [14.25, 13.25, 14.75, 13.75], "texture": "#0"}, "down": {"uv": [14.25, 13.25, 14.75, 13.75], "texture": "#0"} } }, { "from": [7.69453, 7.85, -5.74453], "to": [8.55953, 8.15, 23.05547], "rotation": {"angle": 0, "axis": "y", "origin": [8.07354, 8, 14.10647]}, "faces": { "north": {"uv": [14.25, 13.25, 14.75, 13.75], "texture": "#0"}, "east": {"uv": [14.25, 13.25, 14.75, 13.75], "texture": "#0"}, "south": {"uv": [14.25, 13.25, 14.75, 13.75], "texture": "#0"}, "west": {"uv": [14.25, 13.25, 14.75, 13.75], "texture": "#0"}, "up": {"uv": [14.25, 13.25, 14.75, 13.75], "texture": "#0"}, "down": {"uv": [14.25, 13.25, 14.75, 13.75], "texture": "#0"} } }, { "from": [8.5, 7.9, -6.95], "to": [8.7, 8.1, -6.55], "rotation": {"angle": 0, "axis": "y", "origin": [8.07354, 8, 14.10647]}, "faces": { "north": {"uv": [14.25, 14.25, 14.75, 14.75], "texture": "#0"}, "east": {"uv": [14.25, 14.25, 14.75, 14.75], "texture": "#0"}, "south": {"uv": [14.25, 14.25, 14.75, 14.75], "texture": "#0"}, "west": {"uv": [14.25, 14.25, 14.75, 14.75], "texture": "#0"}, "up": {"uv": [14.25, 14.25, 14.75, 14.75], "texture": "#0"}, "down": {"uv": [14.25, 14.25, 14.75, 14.75], "texture": "#0"} } }, { "from": [16.0255, 7.9, -5.18397], "to": [16.5255, 8.1, -4.68397], "rotation": {"angle": 22.5, "axis": "y", "origin": [8.07354, 8, 14.10647]}, "faces": { "north": {"uv": [14.25, 14.25, 14.75, 14.75], "texture": "#0"}, "east": {"uv": [14.25, 14.25, 14.75, 14.75], "texture": "#0"}, "south": {"uv": [14.25, 14.25, 14.75, 14.75], "texture": "#0"}, "west": {"uv": [14.25, 14.25, 14.75, 14.75], "texture": "#0"}, "up": {"uv": [14.25, 14.25, 14.75, 14.75], "texture": "#0"}, "down": {"uv": [14.25, 14.25, 14.75, 14.75], "texture": "#0"} } }, { "from": [-0.13532, 7.9, -4.69488], "to": [0.36468, 8.1, -4.19488], "rotation": {"angle": -22.5, "axis": "y", "origin": [8.07354, 8, 14.10647]}, "faces": { "north": {"uv": [14.25, 14.25, 14.75, 14.75], "texture": "#0"}, "east": {"uv": [14.25, 14.25, 14.75, 14.75], "texture": "#0"}, "south": {"uv": [14.25, 14.25, 14.75, 14.75], "texture": "#0"}, "west": {"uv": [14.25, 14.25, 14.75, 14.75], "texture": "#0"}, "up": {"uv": [14.25, 14.25, 14.75, 14.75], "texture": "#0"}, "down": {"uv": [14.25, 14.25, 14.75, 14.75], "texture": "#0"} } }, { "from": [22.30233, 7.9, -0.67249], "to": [22.80233, 8.1, -0.17249], "rotation": {"angle": 45, "axis": "y", "origin": [8.07354, 8, 14.10647]}, "faces": { "north": {"uv": [14.25, 14.25, 14.75, 14.75], "texture": "#0"}, "east": {"uv": [14.25, 14.25, 14.75, 14.75], "texture": "#0"}, "south": {"uv": [14.25, 14.25, 14.75, 14.75], "texture": "#0"}, "west": {"uv": [14.25, 14.25, 14.75, 14.75], "texture": "#0"}, "up": {"uv": [14.25, 14.25, 14.75, 14.75], "texture": "#0"}, "down": {"uv": [14.25, 14.25, 14.75, 14.75], "texture": "#0"} } }, { "from": [7.49317, 7.9, -5.94317], "to": [7.99317, 8.1, 22.95683], "rotation": {"angle": 0, "axis": "y", "origin": [8.07354, 8, 14.10647]}, "faces": { "north": {"uv": [14.25, 14.25, 14.75, 14.75], "texture": "#0"}, "east": {"uv": [14.25, 14.25, 14.75, 14.75], "texture": "#0"}, "south": {"uv": [14.25, 14.25, 14.75, 14.75], "texture": "#0"}, "west": {"uv": [14.25, 14.25, 14.75, 14.75], "texture": "#0"}, "up": {"uv": [14.25, 14.25, 14.75, 14.75], "texture": "#0"}, "down": {"uv": [14.25, 14.25, 14.75, 14.75], "texture": "#0"} } }, { "from": [8.5, 7.95, -7.25], "to": [8.7, 8.05, -6.95], "rotation": {"angle": 0, "axis": "y", "origin": [8.07354, 8, 14.10647]}, "faces": { "north": {"uv": [14.25, 15.25, 14.75, 15.75], "texture": "#0"}, "east": {"uv": [14.25, 15.25, 14.75, 15.75], "texture": "#0"}, "south": {"uv": [14.25, 15.25, 14.75, 15.75], "texture": "#0"}, "west": {"uv": [14.25, 15.25, 14.75, 15.75], "texture": "#0"}, "up": {"uv": [14.25, 15.25, 14.75, 15.75], "texture": "#0"}, "down": {"uv": [14.25, 15.25, 14.75, 15.75], "texture": "#0"} } }, { "from": [16.04031, 7.95, -5.46114], "to": [16.64031, 8.05, -4.96114], "rotation": {"angle": 22.5, "axis": "y", "origin": [8.07354, 8, 14.10647]}, "faces": { "north": {"uv": [14.25, 15.25, 14.75, 15.75], "texture": "#0"}, "east": {"uv": [14.25, 15.25, 14.75, 15.75], "texture": "#0"}, "south": {"uv": [14.25, 15.25, 14.75, 15.75], "texture": "#0"}, "west": {"uv": [14.25, 15.25, 14.75, 15.75], "texture": "#0"}, "up": {"uv": [14.25, 15.25, 14.75, 15.75], "texture": "#0"}, "down": {"uv": [14.25, 15.25, 14.75, 15.75], "texture": "#0"} } }, { "from": [22.37207, 7.95, -0.92289], "to": [22.92207, 8.05, -0.42289], "rotation": {"angle": 45, "axis": "y", "origin": [8.07354, 8, 14.10647]}, "faces": { "north": {"uv": [14.25, 15.25, 14.75, 15.75], "texture": "#0"}, "east": {"uv": [14.25, 15.25, 14.75, 15.75], "texture": "#0"}, "south": {"uv": [14.25, 15.25, 14.75, 15.75], "texture": "#0"}, "west": {"uv": [14.25, 15.25, 14.75, 15.75], "texture": "#0"}, "up": {"uv": [14.25, 15.25, 14.75, 15.75], "texture": "#0"}, "down": {"uv": [14.25, 15.25, 14.75, 15.75], "texture": "#0"} } }, { "from": [-0.33997, 7.95, -4.85514], "to": [0.16003, 8.05, -4.25514], "rotation": {"angle": -22.5, "axis": "y", "origin": [8.07354, 8, 14.10647]}, "faces": { "north": {"uv": [14.25, 15.25, 14.75, 15.75], "texture": "#0"}, "east": {"uv": [14.25, 15.25, 14.75, 15.75], "texture": "#0"}, "south": {"uv": [14.25, 15.25, 14.75, 15.75], "texture": "#0"}, "west": {"uv": [14.25, 15.25, 14.75, 15.75], "texture": "#0"}, "up": {"uv": [14.25, 15.25, 14.75, 15.75], "texture": "#0"}, "down": {"uv": [14.25, 15.25, 14.75, 15.75], "texture": "#0"} } }, { "from": [7.32715, 7.95, -6.07715], "to": [7.82715, 8.05, 22.92285], "rotation": {"angle": 0, "axis": "y", "origin": [8.07354, 8, 14.10647]}, "faces": { "north": {"uv": [14.25, 15.25, 14.75, 15.75], "texture": "#0"}, "east": {"uv": [14.25, 15.25, 14.75, 15.75], "texture": "#0"}, "south": {"uv": [14.25, 15.25, 14.75, 15.75], "texture": "#0"}, "west": {"uv": [14.25, 15.25, 14.75, 15.75], "texture": "#0"}, "up": {"uv": [14.25, 15.25, 14.75, 15.75], "texture": "#0"}, "down": {"uv": [14.25, 15.25, 14.75, 15.75], "texture": "#0"} } }, { "from": [7.25, 7.75, 17.5], "to": [8.75, 8.25, 26.5], "rotation": {"angle": 0, "axis": "y", "origin": [8.07354, 8, 11.80647]}, "faces": { "north": {"uv": [6, 4, 7.5, 4.5], "texture": "#0"}, "east": {"uv": [6, 0, 15, 0.5], "texture": "#0"}, "south": {"uv": [6, 6, 7.5, 6.5], "texture": "#0"}, "west": {"uv": [6, 2, 15, 2.5], "texture": "#0"}, "up": {"uv": [1.5, 9, 0, 0], "texture": "#0"}, "down": {"uv": [4.5, 0, 3, 9], "texture": "#0"} } }, { "from": [7.25, 7.75, 26.5], "to": [8.75, 8.25, 27], "rotation": {"angle": 0, "axis": "y", "origin": [8.07354, 8, 11.80647]}, "faces": { "north": {"uv": [15.25, 15.25, 15.75, 15.75], "texture": "#0"}, "east": {"uv": [15.25, 15.25, 15.75, 15.75], "texture": "#0"}, "south": {"uv": [15.25, 15.25, 15.75, 15.75], "texture": "#0"}, "west": {"uv": [15.25, 15.25, 15.75, 15.75], "texture": "#0"}, "up": {"uv": [15.25, 15.25, 15.75, 15.75], "texture": "#0"}, "down": {"uv": [15.25, 15.25, 15.75, 15.75], "texture": "#0"} } }, { "from": [5.72508, 7.88017, 17], "to": [7.22508, 8.12017, 17.5], "rotation": {"angle": 0, "axis": "y", "origin": [8.07354, 8, 11.80647]}, "faces": { "north": {"uv": [15.25, 15.25, 15.75, 15.75], "rotation": 90, "texture": "#0"}, "east": {"uv": [15.25, 15.25, 15.75, 15.75], "rotation": 90, "texture": "#0"}, "south": {"uv": [15.25, 15.25, 15.75, 15.75], "rotation": 90, "texture": "#0"}, "west": {"uv": [15.25, 15.25, 15.75, 15.75], "rotation": 90, "texture": "#0"}, "up": {"uv": [15.25, 15.25, 15.75, 15.75], "rotation": 90, "texture": "#0"}, "down": {"uv": [15.25, 15.25, 15.75, 15.75], "rotation": 90, "texture": "#0"} } }, { "from": [8.77492, 7.88017, 17], "to": [10.27492, 8.12017, 17.5], "rotation": {"angle": 0, "axis": "y", "origin": [8.07354, 8, 11.80647]}, "faces": { "north": {"uv": [15.25, 15.25, 15.75, 15.75], "rotation": 90, "texture": "#0"}, "east": {"uv": [15.25, 15.25, 15.75, 15.75], "rotation": 90, "texture": "#0"}, "south": {"uv": [15.25, 15.25, 15.75, 15.75], "rotation": 90, "texture": "#0"}, "west": {"uv": [15.25, 15.25, 15.75, 15.75], "rotation": 90, "texture": "#0"}, "up": {"uv": [15.25, 15.25, 15.75, 15.75], "rotation": 90, "texture": "#0"}, "down": {"uv": [15.25, 15.25, 15.75, 15.75], "rotation": 90, "texture": "#0"} } }, { "from": [7.7615, 8.65314, 17], "to": [10.0615, 8.95314, 17.5], "rotation": {"angle": -22.5, "axis": "z", "origin": [8.07354, 8, 11.80647]}, "faces": { "north": {"uv": [15.25, 15.25, 15.75, 15.75], "rotation": 90, "texture": "#0"}, "east": {"uv": [15.25, 15.25, 15.75, 15.75], "rotation": 90, "texture": "#0"}, "south": {"uv": [15.25, 15.25, 15.75, 15.75], "rotation": 90, "texture": "#0"}, "west": {"uv": [15.25, 15.25, 15.75, 15.75], "rotation": 90, "texture": "#0"}, "up": {"uv": [15.25, 15.25, 15.75, 15.75], "rotation": 90, "texture": "#0"}, "down": {"uv": [15.25, 15.25, 15.75, 15.75], "rotation": 90, "texture": "#0"} } }, { "from": [7.49956, 8.4618, 17], "to": [9.59956, 8.7618, 17.5], "rotation": {"angle": -22.5, "axis": "z", "origin": [8.07354, 8, 11.80647]}, "faces": { "north": {"uv": [15.25, 15.25, 15.75, 15.75], "rotation": 90, "texture": "#0"}, "east": {"uv": [15.25, 15.25, 15.75, 15.75], "rotation": 90, "texture": "#0"}, "south": {"uv": [15.25, 15.25, 15.75, 15.75], "rotation": 90, "texture": "#0"}, "west": {"uv": [15.25, 15.25, 15.75, 15.75], "rotation": 90, "texture": "#0"}, "up": {"uv": [15.25, 15.25, 15.75, 15.75], "rotation": 90, "texture": "#0"}, "down": {"uv": [15.25, 15.25, 15.75, 15.75], "rotation": 90, "texture": "#0"} } }, { "from": [7.33001, 8.30872, 17], "to": [9.23001, 8.60872, 17.5], "rotation": {"angle": -22.5, "axis": "z", "origin": [8.07354, 8, 11.80647]}, "faces": { "north": {"uv": [15.25, 15.25, 15.75, 15.75], "rotation": 90, "texture": "#0"}, "east": {"uv": [15.25, 15.25, 15.75, 15.75], "rotation": 90, "texture": "#0"}, "south": {"uv": [15.25, 15.25, 15.75, 15.75], "rotation": 90, "texture": "#0"}, "west": {"uv": [15.25, 15.25, 15.75, 15.75], "rotation": 90, "texture": "#0"}, "up": {"uv": [15.25, 15.25, 15.75, 15.75], "rotation": 90, "texture": "#0"}, "down": {"uv": [15.25, 15.25, 15.75, 15.75], "rotation": 90, "texture": "#0"} } }, { "from": [6.78119, 8.36501, 17], "to": [8.68119, 8.66501, 17.5], "rotation": {"angle": 22.5, "axis": "z", "origin": [8.07354, 8, 11.80647]}, "faces": { "north": {"uv": [15.25, 15.25, 15.75, 15.75], "rotation": 90, "texture": "#0"}, "east": {"uv": [15.25, 15.25, 15.75, 15.75], "rotation": 90, "texture": "#0"}, "south": {"uv": [15.25, 15.25, 15.75, 15.75], "rotation": 90, "texture": "#0"}, "west": {"uv": [15.25, 15.25, 15.75, 15.75], "rotation": 90, "texture": "#0"}, "up": {"uv": [15.25, 15.25, 15.75, 15.75], "rotation": 90, "texture": "#0"}, "down": {"uv": [15.25, 15.25, 15.75, 15.75], "rotation": 90, "texture": "#0"} } }, { "from": [6.41164, 8.51808, 17], "to": [8.51164, 8.81808, 17.5], "rotation": {"angle": 22.5, "axis": "z", "origin": [8.07354, 8, 11.80647]}, "faces": { "north": {"uv": [15.25, 15.25, 15.75, 15.75], "rotation": 90, "texture": "#0"}, "east": {"uv": [15.25, 15.25, 15.75, 15.75], "rotation": 90, "texture": "#0"}, "south": {"uv": [15.25, 15.25, 15.75, 15.75], "rotation": 90, "texture": "#0"}, "west": {"uv": [15.25, 15.25, 15.75, 15.75], "rotation": 90, "texture": "#0"}, "up": {"uv": [15.25, 15.25, 15.75, 15.75], "rotation": 90, "texture": "#0"}, "down": {"uv": [15.25, 15.25, 15.75, 15.75], "rotation": 90, "texture": "#0"} } }, { "from": [7.7615, 7.04686, 17], "to": [10.0615, 7.34686, 17.5], "rotation": {"angle": 22.5, "axis": "z", "origin": [8.07354, 8, 11.80647]}, "faces": { "north": {"uv": [15.25, 15.25, 15.75, 15.75], "rotation": 90, "texture": "#0"}, "east": {"uv": [15.25, 15.25, 15.75, 15.75], "rotation": 90, "texture": "#0"}, "south": {"uv": [15.25, 15.25, 15.75, 15.75], "rotation": 90, "texture": "#0"}, "west": {"uv": [15.25, 15.25, 15.75, 15.75], "rotation": 90, "texture": "#0"}, "up": {"uv": [15.25, 15.25, 15.75, 15.75], "rotation": 90, "texture": "#0"}, "down": {"uv": [15.25, 15.25, 15.75, 15.75], "rotation": 90, "texture": "#0"} } }, { "from": [7.49956, 7.2382, 17], "to": [9.59956, 7.5382, 17.5], "rotation": {"angle": 22.5, "axis": "z", "origin": [8.07354, 8, 11.80647]}, "faces": { "north": {"uv": [15.25, 15.25, 15.75, 15.75], "rotation": 90, "texture": "#0"}, "east": {"uv": [15.25, 15.25, 15.75, 15.75], "rotation": 90, "texture": "#0"}, "south": {"uv": [15.25, 15.25, 15.75, 15.75], "rotation": 90, "texture": "#0"}, "west": {"uv": [15.25, 15.25, 15.75, 15.75], "rotation": 90, "texture": "#0"}, "up": {"uv": [15.25, 15.25, 15.75, 15.75], "rotation": 90, "texture": "#0"}, "down": {"uv": [15.25, 15.25, 15.75, 15.75], "rotation": 90, "texture": "#0"} } }, { "from": [7.33, 7.39128, 17], "to": [9.23, 7.69128, 17.5], "rotation": {"angle": 22.5, "axis": "z", "origin": [8.07354, 8, 11.80647]}, "faces": { "north": {"uv": [15.25, 15.25, 15.75, 15.75], "rotation": 90, "texture": "#0"}, "east": {"uv": [15.25, 15.25, 15.75, 15.75], "rotation": 90, "texture": "#0"}, "south": {"uv": [15.25, 15.25, 15.75, 15.75], "rotation": 90, "texture": "#0"}, "west": {"uv": [15.25, 15.25, 15.75, 15.75], "rotation": 90, "texture": "#0"}, "up": {"uv": [15.25, 15.25, 15.75, 15.75], "rotation": 90, "texture": "#0"}, "down": {"uv": [15.25, 15.25, 15.75, 15.75], "rotation": 90, "texture": "#0"} } }, { "from": [6.78119, 7.33499, 17], "to": [8.68119, 7.63499, 17.5], "rotation": {"angle": -22.5, "axis": "z", "origin": [8.07354, 8, 11.80647]}, "faces": { "north": {"uv": [15.25, 15.25, 15.75, 15.75], "rotation": 90, "texture": "#0"}, "east": {"uv": [15.25, 15.25, 15.75, 15.75], "rotation": 90, "texture": "#0"}, "south": {"uv": [15.25, 15.25, 15.75, 15.75], "rotation": 90, "texture": "#0"}, "west": {"uv": [15.25, 15.25, 15.75, 15.75], "rotation": 90, "texture": "#0"}, "up": {"uv": [15.25, 15.25, 15.75, 15.75], "rotation": 90, "texture": "#0"}, "down": {"uv": [15.25, 15.25, 15.75, 15.75], "rotation": 90, "texture": "#0"} } }, { "from": [6.41164, 7.18192, 17], "to": [8.51164, 7.48192, 17.5], "rotation": {"angle": -22.5, "axis": "z", "origin": [8.07354, 8, 11.80647]}, "faces": { "north": {"uv": [15.25, 15.25, 15.75, 15.75], "rotation": 90, "texture": "#0"}, "east": {"uv": [15.25, 15.25, 15.75, 15.75], "rotation": 90, "texture": "#0"}, "south": {"uv": [15.25, 15.25, 15.75, 15.75], "rotation": 90, "texture": "#0"}, "west": {"uv": [15.25, 15.25, 15.75, 15.75], "rotation": 90, "texture": "#0"}, "up": {"uv": [15.25, 15.25, 15.75, 15.75], "rotation": 90, "texture": "#0"}, "down": {"uv": [15.25, 15.25, 15.75, 15.75], "rotation": 90, "texture": "#0"} } }, { "from": [5.9497, 8.70943, 17], "to": [8.2497, 9.00943, 17.5], "rotation": {"angle": 22.5, "axis": "z", "origin": [8.07354, 8, 11.80647]}, "faces": { "north": {"uv": [15.25, 15.25, 15.75, 15.75], "rotation": 90, "texture": "#0"}, "east": {"uv": [15.25, 15.25, 15.75, 15.75], "rotation": 90, "texture": "#0"}, "south": {"uv": [15.25, 15.25, 15.75, 15.75], "rotation": 90, "texture": "#0"}, "west": {"uv": [15.25, 15.25, 15.75, 15.75], "rotation": 90, "texture": "#0"}, "up": {"uv": [15.25, 15.25, 15.75, 15.75], "rotation": 90, "texture": "#0"}, "down": {"uv": [15.25, 15.25, 15.75, 15.75], "rotation": 90, "texture": "#0"} } }, { "from": [5.9497, 6.99058, 17], "to": [8.2497, 7.29058, 17.5], "rotation": {"angle": -22.5, "axis": "z", "origin": [8.07354, 8, 11.80647]}, "faces": { "north": {"uv": [15.25, 15.25, 15.75, 15.75], "rotation": 90, "texture": "#0"}, "east": {"uv": [15.25, 15.25, 15.75, 15.75], "rotation": 90, "texture": "#0"}, "south": {"uv": [15.25, 15.25, 15.75, 15.75], "rotation": 90, "texture": "#0"}, "west": {"uv": [15.25, 15.25, 15.75, 15.75], "rotation": 90, "texture": "#0"}, "up": {"uv": [15.25, 15.25, 15.75, 15.75], "rotation": 90, "texture": "#0"}, "down": {"uv": [15.25, 15.25, 15.75, 15.75], "rotation": 90, "texture": "#0"} } }, { "from": [7.85, 7, 17], "to": [8.15, 7.5, 17.5], "rotation": {"angle": 0, "axis": "y", "origin": [8.07354, 8, 11.80647]}, "faces": { "north": {"uv": [15.25, 15.25, 15.75, 15.75], "texture": "#0"}, "east": {"uv": [15.25, 15.25, 15.75, 15.75], "texture": "#0"}, "south": {"uv": [15.25, 15.25, 15.75, 15.75], "texture": "#0"}, "west": {"uv": [15.25, 15.25, 15.75, 15.75], "texture": "#0"}, "up": {"uv": [15.25, 15.25, 15.75, 15.75], "texture": "#0"}, "down": {"uv": [15.25, 15.25, 15.75, 15.75], "texture": "#0"} } }, { "from": [7.85, 8.5, 17], "to": [8.15, 9, 17.5], "rotation": {"angle": 0, "axis": "y", "origin": [8.07354, 8, 11.80647]}, "faces": { "north": {"uv": [15.25, 15.25, 15.75, 15.75], "texture": "#0"}, "east": {"uv": [15.25, 15.25, 15.75, 15.75], "texture": "#0"}, "south": {"uv": [15.25, 15.25, 15.75, 15.75], "texture": "#0"}, "west": {"uv": [15.25, 15.25, 15.75, 15.75], "texture": "#0"}, "up": {"uv": [15.25, 15.25, 15.75, 15.75], "texture": "#0"}, "down": {"uv": [15.25, 15.25, 15.75, 15.75], "texture": "#0"} } }, { "from": [7, 7.5, 17], "to": [9, 8.5, 17.5], "rotation": {"angle": 0, "axis": "y", "origin": [8.07354, 8, 11.80647]}, "faces": { "north": {"uv": [15.25, 15.25, 15.75, 15.75], "texture": "#0"}, "east": {"uv": [15.25, 15.25, 15.75, 15.75], "texture": "#0"}, "south": {"uv": [15.25, 15.25, 15.75, 15.75], "texture": "#0"}, "west": {"uv": [15.25, 15.25, 15.75, 15.75], "texture": "#0"}, "up": {"uv": [15.25, 15.25, 15.75, 15.75], "texture": "#0"}, "down": {"uv": [15.25, 15.25, 15.75, 15.75], "texture": "#0"} } }, { "from": [7.3, 7.8, 13.9], "to": [8.7, 8.2, 17], "rotation": {"angle": 0, "axis": "y", "origin": [8.07354, 8, 11.80647]}, "faces": { "north": {"uv": [15.25, 14.25, 15.75, 14.75], "texture": "#0"}, "east": {"uv": [15.25, 14.25, 15.75, 14.75], "texture": "#0"}, "south": {"uv": [15.25, 14.25, 15.75, 14.75], "texture": "#0"}, "west": {"uv": [15.25, 14.25, 15.75, 14.75], "texture": "#0"}, "up": {"uv": [15.25, 14.25, 15.75, 14.75], "texture": "#0"}, "down": {"uv": [15.25, 14.25, 15.75, 14.75], "texture": "#0"} } }, { "from": [8, 7.8, 12.65], "to": [8.7, 8.2, 17], "rotation": {"angle": 0, "axis": "y", "origin": [8.07354, 8, 11.80647]}, "faces": { "north": {"uv": [15.25, 14.25, 15.75, 14.75], "texture": "#0"}, "east": {"uv": [15.25, 14.25, 15.75, 14.75], "texture": "#0"}, "south": {"uv": [15.25, 14.25, 15.75, 14.75], "texture": "#0"}, "west": {"uv": [15.25, 14.25, 15.75, 14.75], "texture": "#0"}, "up": {"uv": [15.25, 14.25, 15.75, 14.75], "texture": "#0"}, "down": {"uv": [15.25, 14.25, 15.75, 14.75], "texture": "#0"} } }, { "from": [8.35, 7.8, 12.05], "to": [8.6, 8.2, 14.1], "rotation": {"angle": -22.5, "axis": "y", "origin": [8.07354, 8, 11.80647]}, "faces": { "north": {"uv": [15.25, 14.25, 15.75, 14.75], "texture": "#0"}, "east": {"uv": [15.25, 14.25, 15.75, 14.75], "texture": "#0"}, "south": {"uv": [15.25, 14.25, 15.75, 14.75], "texture": "#0"}, "west": {"uv": [15.25, 14.25, 15.75, 14.75], "texture": "#0"}, "up": {"uv": [15.25, 14.25, 15.75, 14.75], "texture": "#0"}, "down": {"uv": [15.25, 14.25, 15.75, 14.75], "texture": "#0"} } }, { "from": [7.25, 7.75, 16.7], "to": [7.85, 8.25, 17], "rotation": {"angle": 0, "axis": "y", "origin": [8.07354, 8, 11.80647]}, "faces": { "north": {"uv": [15.25, 15.25, 15.75, 15.75], "texture": "#0"}, "east": {"uv": [15.25, 15.25, 15.75, 15.75], "texture": "#0"}, "south": {"uv": [15.25, 15.25, 15.75, 15.75], "texture": "#0"}, "west": {"uv": [15.25, 15.25, 15.75, 15.75], "texture": "#0"}, "up": {"uv": [15.25, 15.25, 15.75, 15.75], "texture": "#0"}, "down": {"uv": [15.25, 15.25, 15.75, 15.75], "texture": "#0"} } }, { "from": [7.25, 7.75, 15.8], "to": [7.75, 8.25, 16.4], "rotation": {"angle": 0, "axis": "y", "origin": [8.07354, 8, 11.80647]}, "faces": { "north": {"uv": [15.25, 15.25, 15.75, 15.75], "texture": "#0"}, "east": {"uv": [15.25, 15.25, 15.75, 15.75], "texture": "#0"}, "south": {"uv": [15.25, 15.25, 15.75, 15.75], "texture": "#0"}, "west": {"uv": [15.25, 15.25, 15.75, 15.75], "texture": "#0"}, "up": {"uv": [15.25, 15.25, 15.75, 15.75], "texture": "#0"}, "down": {"uv": [15.25, 15.25, 15.75, 15.75], "texture": "#0"} } }, { "from": [7.25, 7.75, 13.9], "to": [7.45, 8.25, 15.3], "rotation": {"angle": 0, "axis": "y", "origin": [8.07354, 8, 11.80647]}, "faces": { "north": {"uv": [15.25, 15.25, 15.75, 15.75], "texture": "#0"}, "east": {"uv": [15.25, 15.25, 15.75, 15.75], "texture": "#0"}, "south": {"uv": [15.25, 15.25, 15.75, 15.75], "texture": "#0"}, "west": {"uv": [15.25, 15.25, 15.75, 15.75], "texture": "#0"}, "up": {"uv": [15.25, 15.25, 15.75, 15.75], "texture": "#0"}, "down": {"uv": [15.25, 15.25, 15.75, 15.75], "texture": "#0"} } }, { "from": [5.02091, 7.75, 13.69444], "to": [5.22091, 8.25, 14.19444], "rotation": {"angle": 45, "axis": "y", "origin": [8.07354, 8, 11.80647]}, "faces": { "north": {"uv": [15.25, 15.25, 15.75, 15.75], "texture": "#0"}, "east": {"uv": [15.25, 15.25, 15.75, 15.75], "texture": "#0"}, "south": {"uv": [15.25, 15.25, 15.75, 15.75], "texture": "#0"}, "west": {"uv": [15.25, 15.25, 15.75, 15.75], "texture": "#0"}, "up": {"uv": [15.25, 15.25, 15.75, 15.75], "texture": "#0"}, "down": {"uv": [15.25, 15.25, 15.75, 15.75], "texture": "#0"} } }, { "from": [5.02091, 7.75, 13.69444], "to": [5.12091, 8.25, 15.14444], "rotation": {"angle": 45, "axis": "y", "origin": [8.07354, 8, 11.80647]}, "faces": { "north": {"uv": [15.25, 15.25, 15.75, 15.75], "texture": "#0"}, "east": {"uv": [15.25, 15.25, 15.75, 15.75], "texture": "#0"}, "south": {"uv": [15.25, 15.25, 15.75, 15.75], "texture": "#0"}, "west": {"uv": [15.25, 15.25, 15.75, 15.75], "texture": "#0"}, "up": {"uv": [15.25, 15.25, 15.75, 15.75], "texture": "#0"}, "down": {"uv": [15.25, 15.25, 15.75, 15.75], "texture": "#0"} } }, { "from": [4.52091, 7.75, 14.49444], "to": [5.12091, 8.25, 15.14444], "rotation": {"angle": 45, "axis": "y", "origin": [8.07354, 8, 11.80647]}, "faces": { "north": {"uv": [15.25, 15.25, 15.75, 15.75], "texture": "#0"}, "east": {"uv": [15.25, 15.25, 15.75, 15.75], "texture": "#0"}, "south": {"uv": [15.25, 15.25, 15.75, 15.75], "texture": "#0"}, "west": {"uv": [15.25, 15.25, 15.75, 15.75], "texture": "#0"}, "up": {"uv": [15.25, 15.25, 15.75, 15.75], "texture": "#0"}, "down": {"uv": [15.25, 15.25, 15.75, 15.75], "texture": "#0"} } }, { "from": [4.24309, 7.75, 14.47226], "to": [4.34309, 8.25, 15.22226], "rotation": {"angle": 45, "axis": "y", "origin": [8.07354, 8, 11.80647]}, "faces": { "north": {"uv": [15.25, 15.25, 15.75, 15.75], "texture": "#0"}, "east": {"uv": [15.25, 15.25, 15.75, 15.75], "texture": "#0"}, "south": {"uv": [15.25, 15.25, 15.75, 15.75], "texture": "#0"}, "west": {"uv": [15.25, 15.25, 15.75, 15.75], "texture": "#0"}, "up": {"uv": [15.25, 15.25, 15.75, 15.75], "texture": "#0"}, "down": {"uv": [15.25, 15.25, 15.75, 15.75], "texture": "#0"} } }, { "from": [4.30523, 7.75, 14.47365], "to": [4.45523, 8.25, 15.10865], "rotation": {"angle": 45, "axis": "y", "origin": [8.07354, 8, 11.80647]}, "faces": { "north": {"uv": [15.25, 15.25, 15.75, 15.75], "texture": "#0"}, "east": {"uv": [15.25, 15.25, 15.75, 15.75], "texture": "#0"}, "south": {"uv": [15.25, 15.25, 15.75, 15.75], "texture": "#0"}, "west": {"uv": [15.25, 15.25, 15.75, 15.75], "texture": "#0"}, "up": {"uv": [15.25, 15.25, 15.75, 15.75], "texture": "#0"}, "down": {"uv": [15.25, 15.25, 15.75, 15.75], "texture": "#0"} } }, { "from": [4.49058, 7.75, 14.51974], "to": [4.79058, 8.25, 15.46974], "rotation": {"angle": 45, "axis": "y", "origin": [8.07354, 8, 11.80647]}, "faces": { "north": {"uv": [15.25, 15.25, 15.75, 15.75], "texture": "#0"}, "east": {"uv": [15.25, 15.25, 15.75, 15.75], "texture": "#0"}, "south": {"uv": [15.25, 15.25, 15.75, 15.75], "texture": "#0"}, "west": {"uv": [15.25, 15.25, 15.75, 15.75], "texture": "#0"}, "up": {"uv": [15.25, 15.25, 15.75, 15.75], "texture": "#0"}, "down": {"uv": [15.25, 15.25, 15.75, 15.75], "texture": "#0"} } }, { "from": [5.20517, 7.75, 14.31857], "to": [5.50517, 8.25, 15.26857], "rotation": {"angle": 45, "axis": "y", "origin": [8.07354, 8, 11.80647]}, "faces": { "north": {"uv": [15.25, 15.25, 15.75, 15.75], "texture": "#0"}, "east": {"uv": [15.25, 15.25, 15.75, 15.75], "texture": "#0"}, "south": {"uv": [15.25, 15.25, 15.75, 15.75], "texture": "#0"}, "west": {"uv": [15.25, 15.25, 15.75, 15.75], "texture": "#0"}, "up": {"uv": [15.25, 15.25, 15.75, 15.75], "texture": "#0"}, "down": {"uv": [15.25, 15.25, 15.75, 15.75], "texture": "#0"} } }, { "from": [5.29873, 7.75, 14.38794], "to": [5.79873, 8.25, 15.03794], "rotation": {"angle": 45, "axis": "y", "origin": [8.07354, 8, 11.80647]}, "faces": { "north": {"uv": [15.25, 15.25, 15.75, 15.75], "texture": "#0"}, "east": {"uv": [15.25, 15.25, 15.75, 15.75], "texture": "#0"}, "south": {"uv": [15.25, 15.25, 15.75, 15.75], "texture": "#0"}, "west": {"uv": [15.25, 15.25, 15.75, 15.75], "texture": "#0"}, "up": {"uv": [15.25, 15.25, 15.75, 15.75], "texture": "#0"}, "down": {"uv": [15.25, 15.25, 15.75, 15.75], "texture": "#0"} } }, { "from": [5.32195, 7.75, 13.7869], "to": [5.62195, 8.25, 14.4369], "rotation": {"angle": 45, "axis": "y", "origin": [8.07354, 8, 11.80647]}, "faces": { "north": {"uv": [15.25, 15.25, 15.75, 15.75], "texture": "#0"}, "east": {"uv": [15.25, 15.25, 15.75, 15.75], "texture": "#0"}, "south": {"uv": [15.25, 15.25, 15.75, 15.75], "texture": "#0"}, "west": {"uv": [15.25, 15.25, 15.75, 15.75], "texture": "#0"}, "up": {"uv": [15.25, 15.25, 15.75, 15.75], "texture": "#0"}, "down": {"uv": [15.25, 15.25, 15.75, 15.75], "texture": "#0"} } }, { "from": [5.83141, 7.75, 14.41762], "to": [5.93141, 8.25, 14.90662], "rotation": {"angle": 45, "axis": "y", "origin": [8.07354, 8, 11.80647]}, "faces": { "north": {"uv": [15.25, 15.25, 15.75, 15.75], "texture": "#0"}, "east": {"uv": [15.25, 15.25, 15.75, 15.75], "texture": "#0"}, "south": {"uv": [15.25, 15.25, 15.75, 15.75], "texture": "#0"}, "west": {"uv": [15.25, 15.25, 15.75, 15.75], "texture": "#0"}, "up": {"uv": [15.25, 15.25, 15.75, 15.75], "texture": "#0"}, "down": {"uv": [15.25, 15.25, 15.75, 15.75], "texture": "#0"} } }, { "from": [5.90212, 7.75, 14.34691], "to": [6.00212, 8.25, 14.83591], "rotation": {"angle": 45, "axis": "y", "origin": [8.07354, 8, 11.80647]}, "faces": { "north": {"uv": [15.25, 15.25, 15.75, 15.75], "texture": "#0"}, "east": {"uv": [15.25, 15.25, 15.75, 15.75], "texture": "#0"}, "south": {"uv": [15.25, 15.25, 15.75, 15.75], "texture": "#0"}, "west": {"uv": [15.25, 15.25, 15.75, 15.75], "texture": "#0"}, "up": {"uv": [15.25, 15.25, 15.75, 15.75], "texture": "#0"}, "down": {"uv": [15.25, 15.25, 15.75, 15.75], "texture": "#0"} } }, { "from": [5.97283, 7.75, 14.2762], "to": [6.07283, 8.25, 14.7652], "rotation": {"angle": 45, "axis": "y", "origin": [8.07354, 8, 11.80647]}, "faces": { "north": {"uv": [15.25, 15.25, 15.75, 15.75], "texture": "#0"}, "east": {"uv": [15.25, 15.25, 15.75, 15.75], "texture": "#0"}, "south": {"uv": [15.25, 15.25, 15.75, 15.75], "texture": "#0"}, "west": {"uv": [15.25, 15.25, 15.75, 15.75], "texture": "#0"}, "up": {"uv": [15.25, 15.25, 15.75, 15.75], "texture": "#0"}, "down": {"uv": [15.25, 15.25, 15.75, 15.75], "texture": "#0"} } }, { "from": [5.65464, 7.75, 13.81658], "to": [5.80464, 8.25, 14.31658], "rotation": {"angle": 45, "axis": "y", "origin": [8.07354, 8, 11.80647]}, "faces": { "north": {"uv": [15.25, 15.25, 15.75, 15.75], "texture": "#0"}, "east": {"uv": [15.25, 15.25, 15.75, 15.75], "texture": "#0"}, "south": {"uv": [15.25, 15.25, 15.75, 15.75], "texture": "#0"}, "west": {"uv": [15.25, 15.25, 15.75, 15.75], "texture": "#0"}, "up": {"uv": [15.25, 15.25, 15.75, 15.75], "texture": "#0"}, "down": {"uv": [15.25, 15.25, 15.75, 15.75], "texture": "#0"} } }, { "from": [5.7607, 7.75, 13.6398], "to": [5.9107, 8.25, 14.1398], "rotation": {"angle": 45, "axis": "y", "origin": [8.07354, 8, 11.80647]}, "faces": { "north": {"uv": [15.25, 15.25, 15.75, 15.75], "texture": "#0"}, "east": {"uv": [15.25, 15.25, 15.75, 15.75], "texture": "#0"}, "south": {"uv": [15.25, 15.25, 15.75, 15.75], "texture": "#0"}, "west": {"uv": [15.25, 15.25, 15.75, 15.75], "texture": "#0"}, "up": {"uv": [15.25, 15.25, 15.75, 15.75], "texture": "#0"}, "down": {"uv": [15.25, 15.25, 15.75, 15.75], "texture": "#0"} } }, { "from": [6.79173, 7.75, 15.01291], "to": [6.89173, 8.25, 15.51291], "rotation": {"angle": 22.5, "axis": "y", "origin": [8.07354, 8, 11.80647]}, "faces": { "north": {"uv": [15.25, 15.25, 15.75, 15.75], "texture": "#0"}, "east": {"uv": [15.25, 15.25, 15.75, 15.75], "texture": "#0"}, "south": {"uv": [15.25, 15.25, 15.75, 15.75], "texture": "#0"}, "west": {"uv": [15.25, 15.25, 15.75, 15.75], "texture": "#0"}, "up": {"uv": [15.25, 15.25, 15.75, 15.75], "texture": "#0"}, "down": {"uv": [15.25, 15.25, 15.75, 15.75], "texture": "#0"} } }, { "from": [6.86739, 7.75, 14.45024], "to": [6.96739, 8.25, 15.10024], "rotation": {"angle": 22.5, "axis": "y", "origin": [8.07354, 8, 11.80647]}, "faces": { "north": {"uv": [15.25, 15.25, 15.75, 15.75], "texture": "#0"}, "east": {"uv": [15.25, 15.25, 15.75, 15.75], "texture": "#0"}, "south": {"uv": [15.25, 15.25, 15.75, 15.75], "texture": "#0"}, "west": {"uv": [15.25, 15.25, 15.75, 15.75], "texture": "#0"}, "up": {"uv": [15.25, 15.25, 15.75, 15.75], "texture": "#0"}, "down": {"uv": [15.25, 15.25, 15.75, 15.75], "texture": "#0"} } }, { "from": [6.32406, 7.75, 13.9626], "to": [6.57406, 8.25, 14.6126], "rotation": {"angle": 22.5, "axis": "y", "origin": [8.07354, 8, 11.80647]}, "faces": { "north": {"uv": [15.25, 15.25, 15.75, 15.75], "texture": "#0"}, "east": {"uv": [15.25, 15.25, 15.75, 15.75], "texture": "#0"}, "south": {"uv": [15.25, 15.25, 15.75, 15.75], "texture": "#0"}, "west": {"uv": [15.25, 15.25, 15.75, 15.75], "texture": "#0"}, "up": {"uv": [15.25, 15.25, 15.75, 15.75], "texture": "#0"}, "down": {"uv": [15.25, 15.25, 15.75, 15.75], "texture": "#0"} } }, { "from": [6.17098, 7.75, 14.33215], "to": [6.52098, 8.25, 14.98215], "rotation": {"angle": 22.5, "axis": "y", "origin": [8.07354, 8, 11.80647]}, "faces": { "north": {"uv": [15.25, 15.25, 15.75, 15.75], "texture": "#0"}, "east": {"uv": [15.25, 15.25, 15.75, 15.75], "texture": "#0"}, "south": {"uv": [15.25, 15.25, 15.75, 15.75], "texture": "#0"}, "west": {"uv": [15.25, 15.25, 15.75, 15.75], "texture": "#0"}, "up": {"uv": [15.25, 15.25, 15.75, 15.75], "texture": "#0"}, "down": {"uv": [15.25, 15.25, 15.75, 15.75], "texture": "#0"} } }, { "from": [7.00133, 7.75, 14.47688], "to": [7.30133, 8.25, 15.07688], "rotation": {"angle": 22.5, "axis": "y", "origin": [8.07354, 8, 11.80647]}, "faces": { "north": {"uv": [15.25, 15.25, 15.75, 15.75], "texture": "#0"}, "east": {"uv": [15.25, 15.25, 15.75, 15.75], "texture": "#0"}, "south": {"uv": [15.25, 15.25, 15.75, 15.75], "texture": "#0"}, "west": {"uv": [15.25, 15.25, 15.75, 15.75], "texture": "#0"}, "up": {"uv": [15.25, 15.25, 15.75, 15.75], "texture": "#0"}, "down": {"uv": [15.25, 15.25, 15.75, 15.75], "texture": "#0"} } }, { "from": [7.07786, 7.75, 14.29211], "to": [7.37786, 8.25, 14.89211], "rotation": {"angle": 22.5, "axis": "y", "origin": [8.07354, 8, 11.80647]}, "faces": { "north": {"uv": [15.25, 15.25, 15.75, 15.75], "texture": "#0"}, "east": {"uv": [15.25, 15.25, 15.75, 15.75], "texture": "#0"}, "south": {"uv": [15.25, 15.25, 15.75, 15.75], "texture": "#0"}, "west": {"uv": [15.25, 15.25, 15.75, 15.75], "texture": "#0"}, "up": {"uv": [15.25, 15.25, 15.75, 15.75], "texture": "#0"}, "down": {"uv": [15.25, 15.25, 15.75, 15.75], "texture": "#0"} } }, { "from": [6.608, 7.75, 13.98924], "to": [6.908, 8.25, 14.58924], "rotation": {"angle": 22.5, "axis": "y", "origin": [8.07354, 8, 11.80647]}, "faces": { "north": {"uv": [15.25, 15.25, 15.75, 15.75], "texture": "#0"}, "east": {"uv": [15.25, 15.25, 15.75, 15.75], "texture": "#0"}, "south": {"uv": [15.25, 15.25, 15.75, 15.75], "texture": "#0"}, "west": {"uv": [15.25, 15.25, 15.75, 15.75], "texture": "#0"}, "up": {"uv": [15.25, 15.25, 15.75, 15.75], "texture": "#0"}, "down": {"uv": [15.25, 15.25, 15.75, 15.75], "texture": "#0"} } }, { "from": [7.10852, 7.75, 13.88799], "to": [7.30852, 8.25, 14.33799], "rotation": {"angle": 22.5, "axis": "y", "origin": [8.07354, 8, 11.80647]}, "faces": { "north": {"uv": [15.25, 15.25, 15.75, 15.75], "texture": "#0"}, "east": {"uv": [15.25, 15.25, 15.75, 15.75], "texture": "#0"}, "south": {"uv": [15.25, 15.25, 15.75, 15.75], "texture": "#0"}, "west": {"uv": [15.25, 15.25, 15.75, 15.75], "texture": "#0"}, "up": {"uv": [15.25, 15.25, 15.75, 15.75], "texture": "#0"}, "down": {"uv": [15.25, 15.25, 15.75, 15.75], "texture": "#0"} } }, { "from": [7.77093, 7.75, 14.06057], "to": [8.07093, 8.25, 14.71057], "rotation": {"angle": 0, "axis": "y", "origin": [8.07354, 8, 11.80647]}, "faces": { "north": {"uv": [15.25, 15.25, 15.75, 15.75], "texture": "#0"}, "east": {"uv": [15.25, 15.25, 15.75, 15.75], "texture": "#0"}, "south": {"uv": [15.25, 15.25, 15.75, 15.75], "texture": "#0"}, "west": {"uv": [15.25, 15.25, 15.75, 15.75], "texture": "#0"}, "up": {"uv": [15.25, 15.25, 15.75, 15.75], "texture": "#0"}, "down": {"uv": [15.25, 15.25, 15.75, 15.75], "texture": "#0"} } }, { "from": [7.42093, 7.75, 13.72557], "to": [7.52093, 8.25, 14.41057], "rotation": {"angle": 0, "axis": "y", "origin": [8.07354, 8, 11.80647]}, "faces": { "north": {"uv": [15.25, 15.25, 15.75, 15.75], "texture": "#0"}, "east": {"uv": [15.25, 15.25, 15.75, 15.75], "texture": "#0"}, "south": {"uv": [15.25, 15.25, 15.75, 15.75], "texture": "#0"}, "west": {"uv": [15.25, 15.25, 15.75, 15.75], "texture": "#0"}, "up": {"uv": [15.25, 15.25, 15.75, 15.75], "texture": "#0"}, "down": {"uv": [15.25, 15.25, 15.75, 15.75], "texture": "#0"} } }, { "from": [8.97156, 7.75, 13.62415], "to": [9.07156, 8.25, 13.86915], "rotation": {"angle": -45, "axis": "y", "origin": [8.07354, 8, 11.80647]}, "faces": { "north": {"uv": [15.25, 15.25, 15.75, 15.75], "texture": "#0"}, "east": {"uv": [15.25, 15.25, 15.75, 15.75], "texture": "#0"}, "south": {"uv": [15.25, 15.25, 15.75, 15.75], "texture": "#0"}, "west": {"uv": [15.25, 15.25, 15.75, 15.75], "texture": "#0"}, "up": {"uv": [15.25, 15.25, 15.75, 15.75], "texture": "#0"}, "down": {"uv": [15.25, 15.25, 15.75, 15.75], "texture": "#0"} } }, { "from": [9.04227, 7.75, 13.69486], "to": [9.14227, 8.25, 13.93986], "rotation": {"angle": -45, "axis": "y", "origin": [8.07354, 8, 11.80647]}, "faces": { "north": {"uv": [15.25, 15.25, 15.75, 15.75], "texture": "#0"}, "east": {"uv": [15.25, 15.25, 15.75, 15.75], "texture": "#0"}, "south": {"uv": [15.25, 15.25, 15.75, 15.75], "texture": "#0"}, "west": {"uv": [15.25, 15.25, 15.75, 15.75], "texture": "#0"}, "up": {"uv": [15.25, 15.25, 15.75, 15.75], "texture": "#0"}, "down": {"uv": [15.25, 15.25, 15.75, 15.75], "texture": "#0"} } }, { "from": [8.10486, 7.75, 14.38393], "to": [8.60486, 8.25, 14.68393], "rotation": {"angle": 0, "axis": "y", "origin": [8.07354, 8, 11.80647]}, "faces": { "north": {"uv": [15.25, 15.25, 15.75, 15.75], "texture": "#0"}, "east": {"uv": [15.25, 15.25, 15.75, 15.75], "texture": "#0"}, "south": {"uv": [15.25, 15.25, 15.75, 15.75], "texture": "#0"}, "west": {"uv": [15.25, 15.25, 15.75, 15.75], "texture": "#0"}, "up": {"uv": [15.25, 15.25, 15.75, 15.75], "texture": "#0"}, "down": {"uv": [15.25, 15.25, 15.75, 15.75], "texture": "#0"} } }, { "from": [7.55486, 7.75, 13.68393], "to": [7.95486, 8.25, 14.38393], "rotation": {"angle": 0, "axis": "y", "origin": [8.07354, 8, 11.80647]}, "faces": { "north": {"uv": [15.25, 15.25, 15.75, 15.75], "texture": "#0"}, "east": {"uv": [15.25, 15.25, 15.75, 15.75], "texture": "#0"}, "south": {"uv": [15.25, 15.25, 15.75, 15.75], "texture": "#0"}, "west": {"uv": [15.25, 15.25, 15.75, 15.75], "texture": "#0"}, "up": {"uv": [15.25, 15.25, 15.75, 15.75], "texture": "#0"}, "down": {"uv": [15.25, 15.25, 15.75, 15.75], "texture": "#0"} } }, { "from": [8.31282, 7.75, 12.5395], "to": [8.41282, 8.25, 13.7395], "rotation": {"angle": -22.5, "axis": "y", "origin": [8.07354, 8, 11.80647]}, "faces": { "north": {"uv": [15.25, 15.25, 15.75, 15.75], "texture": "#0"}, "east": {"uv": [15.25, 15.25, 15.75, 15.75], "texture": "#0"}, "south": {"uv": [15.25, 15.25, 15.75, 15.75], "texture": "#0"}, "west": {"uv": [15.25, 15.25, 15.75, 15.75], "texture": "#0"}, "up": {"uv": [15.25, 15.25, 15.75, 15.75], "texture": "#0"}, "down": {"uv": [15.25, 15.25, 15.75, 15.75], "texture": "#0"} } }, { "from": [8.38935, 7.75, 12.72428], "to": [8.48935, 8.25, 13.92428], "rotation": {"angle": -22.5, "axis": "y", "origin": [8.07354, 8, 11.80647]}, "faces": { "north": {"uv": [15.25, 15.25, 15.75, 15.75], "texture": "#0"}, "east": {"uv": [15.25, 15.25, 15.75, 15.75], "texture": "#0"}, "south": {"uv": [15.25, 15.25, 15.75, 15.75], "texture": "#0"}, "west": {"uv": [15.25, 15.25, 15.75, 15.75], "texture": "#0"}, "up": {"uv": [15.25, 15.25, 15.75, 15.75], "texture": "#0"}, "down": {"uv": [15.25, 15.25, 15.75, 15.75], "texture": "#0"} } }, { "from": [8.54243, 7.75, 13.09383], "to": [8.64243, 8.25, 14.29383], "rotation": {"angle": -22.5, "axis": "y", "origin": [8.07354, 8, 11.80647]}, "faces": { "north": {"uv": [15.25, 15.25, 15.75, 15.75], "texture": "#0"}, "east": {"uv": [15.25, 15.25, 15.75, 15.75], "texture": "#0"}, "south": {"uv": [15.25, 15.25, 15.75, 15.75], "texture": "#0"}, "west": {"uv": [15.25, 15.25, 15.75, 15.75], "texture": "#0"}, "up": {"uv": [15.25, 15.25, 15.75, 15.75], "texture": "#0"}, "down": {"uv": [15.25, 15.25, 15.75, 15.75], "texture": "#0"} } }, { "from": [8.46589, 7.75, 12.90906], "to": [8.56589, 8.25, 14.10906], "rotation": {"angle": -22.5, "axis": "y", "origin": [8.07354, 8, 11.80647]}, "faces": { "north": {"uv": [15.25, 15.25, 15.75, 15.75], "texture": "#0"}, "east": {"uv": [15.25, 15.25, 15.75, 15.75], "texture": "#0"}, "south": {"uv": [15.25, 15.25, 15.75, 15.75], "texture": "#0"}, "west": {"uv": [15.25, 15.25, 15.75, 15.75], "texture": "#0"}, "up": {"uv": [15.25, 15.25, 15.75, 15.75], "texture": "#0"}, "down": {"uv": [15.25, 15.25, 15.75, 15.75], "texture": "#0"} } }, { "from": [8.61896, 7.75, 13.27861], "to": [8.71896, 8.25, 14.27861], "rotation": {"angle": -22.5, "axis": "y", "origin": [8.07354, 8, 11.80647]}, "faces": { "north": {"uv": [15.25, 15.25, 15.75, 15.75], "texture": "#0"}, "east": {"uv": [15.25, 15.25, 15.75, 15.75], "texture": "#0"}, "south": {"uv": [15.25, 15.25, 15.75, 15.75], "texture": "#0"}, "west": {"uv": [15.25, 15.25, 15.75, 15.75], "texture": "#0"}, "up": {"uv": [15.25, 15.25, 15.75, 15.75], "texture": "#0"}, "down": {"uv": [15.25, 15.25, 15.75, 15.75], "texture": "#0"} } }, { "from": [8.23733, 7.75, 11.45452], "to": [8.63733, 8.25, 11.85452], "rotation": {"angle": -22.5, "axis": "y", "origin": [8.07354, 8, 11.80647]}, "faces": { "north": {"uv": [15.25, 15.25, 15.75, 15.75], "texture": "#0"}, "east": {"uv": [15.25, 15.25, 15.75, 15.75], "texture": "#0"}, "south": {"uv": [15.25, 15.25, 15.75, 15.75], "texture": "#0"}, "west": {"uv": [15.25, 15.25, 15.75, 15.75], "texture": "#0"}, "up": {"uv": [15.25, 15.25, 15.75, 15.75], "texture": "#0"}, "down": {"uv": [15.25, 15.25, 15.75, 15.75], "texture": "#0"} } }, { "from": [7.82399, 7.75, 10.17652], "to": [8.12399, 8.25, 10.47652], "rotation": {"angle": -22.5, "axis": "y", "origin": [8.07354, 8, 11.80647]}, "faces": { "north": {"uv": [15.25, 15.25, 15.75, 15.75], "texture": "#0"}, "east": {"uv": [15.25, 15.25, 15.75, 15.75], "texture": "#0"}, "south": {"uv": [15.25, 15.25, 15.75, 15.75], "texture": "#0"}, "west": {"uv": [15.25, 15.25, 15.75, 15.75], "texture": "#0"}, "up": {"uv": [15.25, 15.25, 15.75, 15.75], "texture": "#0"}, "down": {"uv": [15.25, 15.25, 15.75, 15.75], "texture": "#0"} } }, { "from": [7.58953, 7.75, 9.13161], "to": [7.68953, 8.25, 9.63161], "rotation": {"angle": -22.5, "axis": "y", "origin": [8.07354, 8, 11.80647]}, "faces": { "north": {"uv": [15.25, 15.25, 15.75, 15.75], "texture": "#0"}, "east": {"uv": [15.25, 15.25, 15.75, 15.75], "texture": "#0"}, "south": {"uv": [15.25, 15.25, 15.75, 15.75], "texture": "#0"}, "west": {"uv": [15.25, 15.25, 15.75, 15.75], "texture": "#0"}, "up": {"uv": [15.25, 15.25, 15.75, 15.75], "texture": "#0"}, "down": {"uv": [15.25, 15.25, 15.75, 15.75], "texture": "#0"} } }, { "from": [7.6278, 7.75, 9.224], "to": [7.7278, 8.25, 9.724], "rotation": {"angle": -22.5, "axis": "y", "origin": [8.07354, 8, 11.80647]}, "faces": { "north": {"uv": [15.25, 15.25, 15.75, 15.75], "texture": "#0"}, "east": {"uv": [15.25, 15.25, 15.75, 15.75], "texture": "#0"}, "south": {"uv": [15.25, 15.25, 15.75, 15.75], "texture": "#0"}, "west": {"uv": [15.25, 15.25, 15.75, 15.75], "texture": "#0"}, "up": {"uv": [15.25, 15.25, 15.75, 15.75], "texture": "#0"}, "down": {"uv": [15.25, 15.25, 15.75, 15.75], "texture": "#0"} } }, { "from": [7.66607, 7.75, 9.31639], "to": [7.76607, 8.25, 9.81639], "rotation": {"angle": -22.5, "axis": "y", "origin": [8.07354, 8, 11.80647]}, "faces": { "north": {"uv": [15.25, 15.25, 15.75, 15.75], "texture": "#0"}, "east": {"uv": [15.25, 15.25, 15.75, 15.75], "texture": "#0"}, "south": {"uv": [15.25, 15.25, 15.75, 15.75], "texture": "#0"}, "west": {"uv": [15.25, 15.25, 15.75, 15.75], "texture": "#0"}, "up": {"uv": [15.25, 15.25, 15.75, 15.75], "texture": "#0"}, "down": {"uv": [15.25, 15.25, 15.75, 15.75], "texture": "#0"} } }, { "from": [8.00647, 7.75, 12.61354], "to": [8.10647, 8.25, 13.81354], "rotation": {"angle": 0, "axis": "y", "origin": [8.07354, 8, 11.80647]}, "faces": { "north": {"uv": [15.25, 15.25, 15.75, 15.75], "texture": "#0"}, "east": {"uv": [15.25, 15.25, 15.75, 15.75], "texture": "#0"}, "south": {"uv": [15.25, 15.25, 15.75, 15.75], "texture": "#0"}, "west": {"uv": [15.25, 15.25, 15.75, 15.75], "texture": "#0"}, "up": {"uv": [15.25, 15.25, 15.75, 15.75], "texture": "#0"}, "down": {"uv": [15.25, 15.25, 15.75, 15.75], "texture": "#0"} } }, { "from": [8.20647, 7.75, 11.91354], "to": [8.70647, 8.25, 13.81354], "rotation": {"angle": 0, "axis": "y", "origin": [8.07354, 8, 11.80647]}, "faces": { "north": {"uv": [15.25, 15.25, 15.75, 15.75], "texture": "#0"}, "east": {"uv": [15.25, 15.25, 15.75, 15.75], "texture": "#0"}, "south": {"uv": [15.25, 15.25, 15.75, 15.75], "texture": "#0"}, "west": {"uv": [15.25, 15.25, 15.75, 15.75], "texture": "#0"}, "up": {"uv": [15.25, 15.25, 15.75, 15.75], "texture": "#0"}, "down": {"uv": [15.25, 15.25, 15.75, 15.75], "texture": "#0"} } }, { "from": [8.35193, 7.75, 10.48226], "to": [8.70193, 8.25, 12.08226], "rotation": {"angle": 0, "axis": "y", "origin": [8.07354, 8, 11.80647]}, "faces": { "north": {"uv": [15.25, 15.25, 15.75, 15.75], "texture": "#0"}, "east": {"uv": [15.25, 15.25, 15.75, 15.75], "texture": "#0"}, "south": {"uv": [15.25, 15.25, 15.75, 15.75], "texture": "#0"}, "west": {"uv": [15.25, 15.25, 15.75, 15.75], "texture": "#0"}, "up": {"uv": [15.25, 15.25, 15.75, 15.75], "texture": "#0"}, "down": {"uv": [15.25, 15.25, 15.75, 15.75], "texture": "#0"} } }, { "from": [8.45866, 7.75, 9.61194], "to": [8.70866, 8.25, 10.56194], "rotation": {"angle": 0, "axis": "y", "origin": [8.07354, 8, 11.80647]}, "faces": { "north": {"uv": [15.25, 15.25, 15.75, 15.75], "texture": "#0"}, "east": {"uv": [15.25, 15.25, 15.75, 15.75], "texture": "#0"}, "south": {"uv": [15.25, 15.25, 15.75, 15.75], "texture": "#0"}, "west": {"uv": [15.25, 15.25, 15.75, 15.75], "texture": "#0"}, "up": {"uv": [15.25, 15.25, 15.75, 15.75], "texture": "#0"}, "down": {"uv": [15.25, 15.25, 15.75, 15.75], "texture": "#0"} } }, { "from": [7.04351, 7.75, 13.4351], "to": [7.34351, 8.25, 14.1351], "rotation": {"angle": 22.5, "axis": "y", "origin": [8.07354, 8, 11.80647]}, "faces": { "north": {"uv": [15.25, 15.25, 15.75, 15.75], "texture": "#0"}, "east": {"uv": [15.25, 15.25, 15.75, 15.75], "texture": "#0"}, "south": {"uv": [15.25, 15.25, 15.75, 15.75], "texture": "#0"}, "west": {"uv": [15.25, 15.25, 15.75, 15.75], "texture": "#0"}, "up": {"uv": [15.25, 15.25, 15.75, 15.75], "texture": "#0"}, "down": {"uv": [15.25, 15.25, 15.75, 15.75], "texture": "#0"} } }, { "from": [6.41556, 7.75, 13.6402], "to": [6.51556, 8.25, 14.1402], "rotation": {"angle": 45, "axis": "y", "origin": [8.07354, 8, 11.80647]}, "faces": { "north": {"uv": [15.25, 15.25, 15.75, 15.75], "texture": "#0"}, "east": {"uv": [15.25, 15.25, 15.75, 15.75], "texture": "#0"}, "south": {"uv": [15.25, 15.25, 15.75, 15.75], "texture": "#0"}, "west": {"uv": [15.25, 15.25, 15.75, 15.75], "texture": "#0"}, "up": {"uv": [15.25, 15.25, 15.75, 15.75], "texture": "#0"}, "down": {"uv": [15.25, 15.25, 15.75, 15.75], "texture": "#0"} } }, { "from": [7.42828, 7.75, 13.71163], "to": [7.62828, 8.25, 14.51163], "rotation": {"angle": 22.5, "axis": "y", "origin": [8.07354, 8, 11.80647]}, "faces": { "north": {"uv": [15.25, 15.25, 15.75, 15.75], "texture": "#0"}, "east": {"uv": [15.25, 15.25, 15.75, 15.75], "texture": "#0"}, "south": {"uv": [15.25, 15.25, 15.75, 15.75], "texture": "#0"}, "west": {"uv": [15.25, 15.25, 15.75, 15.75], "texture": "#0"}, "up": {"uv": [15.25, 15.25, 15.75, 15.75], "texture": "#0"}, "down": {"uv": [15.25, 15.25, 15.75, 15.75], "texture": "#0"} } }, { "from": [7.54309, 7.75, 13.43447], "to": [7.74309, 8.25, 14.23447], "rotation": {"angle": 22.5, "axis": "y", "origin": [8.07354, 8, 11.80647]}, "faces": { "north": {"uv": [15.25, 15.25, 15.75, 15.75], "texture": "#0"}, "east": {"uv": [15.25, 15.25, 15.75, 15.75], "texture": "#0"}, "south": {"uv": [15.25, 15.25, 15.75, 15.75], "texture": "#0"}, "west": {"uv": [15.25, 15.25, 15.75, 15.75], "texture": "#0"}, "up": {"uv": [15.25, 15.25, 15.75, 15.75], "texture": "#0"}, "down": {"uv": [15.25, 15.25, 15.75, 15.75], "texture": "#0"} } }, { "from": [7.65789, 7.75, 13.1573], "to": [7.85789, 8.25, 13.9573], "rotation": {"angle": 22.5, "axis": "y", "origin": [8.07354, 8, 11.80647]}, "faces": { "north": {"uv": [15.25, 15.25, 15.75, 15.75], "texture": "#0"}, "east": {"uv": [15.25, 15.25, 15.75, 15.75], "texture": "#0"}, "south": {"uv": [15.25, 15.25, 15.75, 15.75], "texture": "#0"}, "west": {"uv": [15.25, 15.25, 15.75, 15.75], "texture": "#0"}, "up": {"uv": [15.25, 15.25, 15.75, 15.75], "texture": "#0"}, "down": {"uv": [15.25, 15.25, 15.75, 15.75], "texture": "#0"} } }, { "from": [8.88501, 7.75, 15.12545], "to": [9.43501, 8.25, 15.42545], "rotation": {"angle": -22.5, "axis": "y", "origin": [8.07354, 8, 11.80647]}, "faces": { "north": {"uv": [15.25, 15.25, 15.75, 15.75], "texture": "#0"}, "east": {"uv": [15.25, 15.25, 15.75, 15.75], "texture": "#0"}, "south": {"uv": [15.25, 15.25, 15.75, 15.75], "texture": "#0"}, "west": {"uv": [15.25, 15.25, 15.75, 15.75], "texture": "#0"}, "up": {"uv": [15.25, 15.25, 15.75, 15.75], "texture": "#0"}, "down": {"uv": [15.25, 15.25, 15.75, 15.75], "texture": "#0"} } }, { "from": [8.84095, 7.75, 15.61117], "to": [9.44095, 8.25, 15.81117], "rotation": {"angle": -22.5, "axis": "y", "origin": [8.07354, 8, 11.80647]}, "faces": { "north": {"uv": [15.25, 15.25, 15.75, 15.75], "texture": "#0"}, "east": {"uv": [15.25, 15.25, 15.75, 15.75], "texture": "#0"}, "south": {"uv": [15.25, 15.25, 15.75, 15.75], "texture": "#0"}, "west": {"uv": [15.25, 15.25, 15.75, 15.75], "texture": "#0"}, "up": {"uv": [15.25, 15.25, 15.75, 15.75], "texture": "#0"}, "down": {"uv": [15.25, 15.25, 15.75, 15.75], "texture": "#0"} } }, { "from": [9.18536, 7.75, 16.44266], "to": [9.68536, 8.25, 16.64266], "rotation": {"angle": -22.5, "axis": "y", "origin": [8.07354, 8, 11.80647]}, "faces": { "north": {"uv": [15.25, 15.25, 15.75, 15.75], "texture": "#0"}, "east": {"uv": [15.25, 15.25, 15.75, 15.75], "texture": "#0"}, "south": {"uv": [15.25, 15.25, 15.75, 15.75], "texture": "#0"}, "west": {"uv": [15.25, 15.25, 15.75, 15.75], "texture": "#0"}, "up": {"uv": [15.25, 15.25, 15.75, 15.75], "texture": "#0"}, "down": {"uv": [15.25, 15.25, 15.75, 15.75], "texture": "#0"} } }, { "from": [8.45, 7.75, 15.7], "to": [8.75, 8.25, 17], "rotation": {"angle": 0, "axis": "y", "origin": [8.07354, 8, 11.80647]}, "faces": { "north": {"uv": [15.25, 15.25, 15.75, 15.75], "texture": "#0"}, "east": {"uv": [15.25, 15.25, 15.75, 15.75], "texture": "#0"}, "south": {"uv": [15.25, 15.25, 15.75, 15.75], "texture": "#0"}, "west": {"uv": [15.25, 15.25, 15.75, 15.75], "texture": "#0"}, "up": {"uv": [15.25, 15.25, 15.75, 15.75], "texture": "#0"}, "down": {"uv": [15.25, 15.25, 15.75, 15.75], "texture": "#0"} } }, { "from": [8.65, 7.75, 9.15], "to": [8.75, 8.25, 15.515], "rotation": {"angle": 0, "axis": "y", "origin": [8.07354, 8, 11.80647]}, "faces": { "north": {"uv": [15.25, 15.25, 15.75, 15.75], "texture": "#0"}, "east": {"uv": [15.25, 15.25, 15.75, 15.75], "texture": "#0"}, "south": {"uv": [15.25, 15.25, 15.75, 15.75], "texture": "#0"}, "west": {"uv": [15.25, 15.25, 15.75, 15.75], "texture": "#0"}, "up": {"uv": [15.25, 15.25, 15.75, 15.75], "texture": "#0"}, "down": {"uv": [15.25, 15.25, 15.75, 15.75], "texture": "#0"} } }, { "from": [8.55, 7.75, 13.85], "to": [8.75, 8.25, 15.415], "rotation": {"angle": 0, "axis": "y", "origin": [8.07354, 8, 11.80647]}, "faces": { "north": {"uv": [15.25, 15.25, 15.75, 15.75], "texture": "#0"}, "east": {"uv": [15.25, 15.25, 15.75, 15.75], "texture": "#0"}, "south": {"uv": [15.25, 15.25, 15.75, 15.75], "texture": "#0"}, "west": {"uv": [15.25, 15.25, 15.75, 15.75], "texture": "#0"}, "up": {"uv": [15.25, 15.25, 15.75, 15.75], "texture": "#0"}, "down": {"uv": [15.25, 15.25, 15.75, 15.75], "texture": "#0"} } }, { "from": [8.45, 7.75, 14.45], "to": [8.75, 8.25, 15.215], "rotation": {"angle": 0, "axis": "y", "origin": [8.07354, 8, 11.80647]}, "faces": { "north": {"uv": [15.25, 15.25, 15.75, 15.75], "texture": "#0"}, "east": {"uv": [15.25, 15.25, 15.75, 15.75], "texture": "#0"}, "south": {"uv": [15.25, 15.25, 15.75, 15.75], "texture": "#0"}, "west": {"uv": [15.25, 15.25, 15.75, 15.75], "texture": "#0"}, "up": {"uv": [15.25, 15.25, 15.75, 15.75], "texture": "#0"}, "down": {"uv": [15.25, 15.25, 15.75, 15.75], "texture": "#0"} } }, { "from": [7.9, 7.75, 16.25], "to": [8.35, 8.25, 17], "rotation": {"angle": 0, "axis": "y", "origin": [8.07354, 8, 11.80647]}, "faces": { "north": {"uv": [15.25, 15.25, 15.75, 15.75], "texture": "#0"}, "east": {"uv": [15.25, 15.25, 15.75, 15.75], "texture": "#0"}, "south": {"uv": [15.25, 15.25, 15.75, 15.75], "texture": "#0"}, "west": {"uv": [15.25, 15.25, 15.75, 15.75], "texture": "#0"}, "up": {"uv": [15.25, 15.25, 15.75, 15.75], "texture": "#0"}, "down": {"uv": [15.25, 15.25, 15.75, 15.75], "texture": "#0"} } } ], "display": { "thirdperson_righthand": { "rotation": [90, 0, 70], "translation": [0, 9, 0.75], "scale": [0.87, 0.87, 0.87] }, "thirdperson_lefthand": { "rotation": [-21, 45, 0], "translation": [-5.5, -5.75, 7.75], "scale": [0.87, 0.87, 0.87] }, "firstperson_righthand": { "rotation": [48, -1, 78], "translation": [-2, 8.25, -1.5], "scale": [0.88, 0.88, 0.88] }, "firstperson_lefthand": { "rotation": [-101, 0, -83], "translation": [-2.25, -5.5, 2.5], "scale": [0, 0, 0] }, "ground": { "rotation": [-20, 0, 0], "translation": [0, -0.5, -0.5], "scale": [0.54, 0.53, 0.53] }, "gui": { "rotation": [90, -45, 0], "translation": [0.75, 1, 0], "scale": [0.65, 0.65, 0.65] }, "head": { "scale": [0, 0, 0] }, "fixed": { "rotation": [90, 0, 0], "translation": [0, 3.25, 0], "scale": [2.32, 2.32, 2.32] } }, "groups": [ { "name": "Sword", "origin": [8, 8, 8], "color": 0, "children": [ { "name": "group", "origin": [8, 8, 8], "color": 0, "children": [ { "name": "group", "origin": [7.87703, 8, -1.94453], "color": 0, "children": [0, 1, 2, 3, 4, 5] }, { "name": "group", "origin": [8, 8, 8], "color": 0, "children": [6, 7, 8, 9, 10] }, { "name": "group", "origin": [7.72715, 8.05, -2.27715], "color": 0, "children": [11, 12, 13, 14, 15] } ] }, { "name": "group", "origin": [0, 0, 0], "color": 0, "children": [ { "name": "group", "origin": [0, 0, 0], "color": 0, "children": [ 16, 17, { "name": "group", "origin": [8.06974, 8.75, 10.68957], "color": 0, "children": [18, 19, 20, 21, 22, 23, 24, 25, 26, 27, 28, 29, 30, 31, 32, 33, 34] } ] }, { "name": "group", "origin": [0, 0, 0], "color": 0, "children": [ { "name": "group", "origin": [0, 0, -3.6], "color": 0, "children": [35, 36, 37] }, { "name": "group", "origin": [0, 0, 0], "color": 0, "children": [ 38, 39, 40, 41, 42, 43, 44, 45, 46, 47, 48, 49, 50, 51, 52, 53, 54, 55, 56, 57, 58, 59, 60, 61, 62, 63, 64, 65, 66, 67, 68, 69, 70, 71, 72, 73, 74, 75, 76, 77, 78, 79, 80, 81, 82, 83, 84, 85, 86, 87, 88, 89, 90, 91, 92, 93, 94, 95 ] } ] } ] } ] } ] }