{ "credit": "Made with Blockbench", "textures": { "0": "block/gray_concrete_powder", "1": "block/light_gray_concrete_powder", "2": "block/black_concrete_powder", "3": "block/oak_planks", "particle": "block/gray_concrete_powder" }, "elements": [ { "name": "octagon", "from": [7.68934, -11.5, 7.25], "to": [8.31066, -2.75, 8.75], "rotation": {"angle": 45, "axis": "y", "origin": [8, -9.5, 8]}, "faces": { "north": {"uv": [4, 6, 5, 11], "texture": "#0"}, "east": {"uv": [4, 6, 5, 11], "texture": "#0"}, "south": {"uv": [4, 6, 5, 11], "texture": "#0"}, "west": {"uv": [4, 6, 5, 11], "texture": "#0"}, "up": {"uv": [4, 6, 5, 11], "texture": "#0"}, "down": {"uv": [4, 6, 5, 11], "texture": "#0"} } }, { "name": "octagon", "from": [7.68934, -11.5, 7.25], "to": [8.31066, -2.75, 8.75], "rotation": {"angle": 0, "axis": "y", "origin": [8, -9.5, 8]}, "faces": { "north": {"uv": [4, 6, 5, 11], "texture": "#0"}, "east": {"uv": [4, 6, 5, 11], "texture": "#0"}, "south": {"uv": [4, 6, 5, 11], "texture": "#0"}, "west": {"uv": [4, 6, 5, 11], "texture": "#0"}, "up": {"uv": [4, 6, 5, 11], "texture": "#0"}, "down": {"uv": [4, 6, 5, 11], "texture": "#0"} } }, { "name": "octagon", "from": [7.25, -11.5, 7.68934], "to": [8.75, -2.75, 8.31066], "rotation": {"angle": 45, "axis": "y", "origin": [8, -9.5, 8]}, "faces": { "north": {"uv": [4, 6, 5, 11], "texture": "#0"}, "east": {"uv": [4, 6, 5, 11], "texture": "#0"}, "south": {"uv": [4, 6, 5, 11], "texture": "#0"}, "west": {"uv": [4, 6, 5, 11], "texture": "#0"}, "up": {"uv": [4, 6, 5, 11], "texture": "#0"}, "down": {"uv": [4, 6, 5, 11], "texture": "#0"} } }, { "name": "octagon", "from": [7.25, -11.5, 7.68934], "to": [8.75, -2.75, 8.31066], "rotation": {"angle": 0, "axis": "y", "origin": [8, -9.5, 8]}, "faces": { "north": {"uv": [4, 6, 5, 11], "texture": "#0"}, "east": {"uv": [4, 6, 5, 11], "texture": "#0"}, "south": {"uv": [4, 6, 5, 11], "texture": "#0"}, "west": {"uv": [4, 6, 5, 11], "texture": "#0"}, "up": {"uv": [4, 6, 5, 11], "texture": "#0"}, "down": {"uv": [4, 6, 5, 11], "texture": "#0"} } }, { "name": "octagon", "from": [7.66449, -12.5, 7.19], "to": [8.33551, -11.5, 8.81], "rotation": {"angle": 45, "axis": "y", "origin": [8, -11.5, 8]}, "faces": { "north": {"uv": [8, 3, 9, 4], "texture": "#0"}, "east": {"uv": [8, 3, 9, 4], "texture": "#0"}, "south": {"uv": [8, 3, 9, 4], "texture": "#0"}, "west": {"uv": [8, 3, 9, 4], "texture": "#0"}, "up": {"uv": [8, 3, 9, 4], "texture": "#0"}, "down": {"uv": [8, 3, 9, 4], "texture": "#0"} } }, { "name": "octagon", "from": [7.66449, -12.5, 7.19], "to": [8.33551, -11.5, 8.81], "rotation": {"angle": 0, "axis": "y", "origin": [8, -11.5, 8]}, "faces": { "north": {"uv": [8, 3, 9, 4], "texture": "#0"}, "east": {"uv": [8, 3, 9, 4], "texture": "#0"}, "south": {"uv": [8, 3, 9, 4], "texture": "#0"}, "west": {"uv": [8, 3, 9, 4], "texture": "#0"}, "up": {"uv": [8, 3, 9, 4], "texture": "#0"}, "down": {"uv": [8, 3, 9, 4], "texture": "#0"} } }, { "name": "octagon", "from": [7.19, -12.5, 7.66449], "to": [8.81, -11.5, 8.33551], "rotation": {"angle": 45, "axis": "y", "origin": [8, -11.5, 8]}, "faces": { "north": {"uv": [8, 3, 9, 4], "texture": "#0"}, "east": {"uv": [8, 3, 9, 4], "texture": "#0"}, "south": {"uv": [8, 3, 9, 4], "texture": "#0"}, "west": {"uv": [8, 3, 9, 4], "texture": "#0"}, "up": {"uv": [8, 3, 9, 4], "texture": "#0"}, "down": {"uv": [8, 3, 9, 4], "texture": "#0"} } }, { "name": "octagon", "from": [7.19, -12.5, 7.66449], "to": [8.81, -11.5, 8.33551], "rotation": {"angle": 0, "axis": "y", "origin": [8, -11.5, 8]}, "faces": { "north": {"uv": [8, 3, 9, 4], "texture": "#0"}, "east": {"uv": [8, 3, 9, 4], "texture": "#0"}, "south": {"uv": [8, 3, 9, 4], "texture": "#0"}, "west": {"uv": [8, 3, 9, 4], "texture": "#0"}, "up": {"uv": [8, 3, 9, 4], "texture": "#0"}, "down": {"uv": [8, 3, 9, 4], "texture": "#0"} } }, { "name": "octagon", "from": [7.37868, -2.75, 6.5], "to": [8.62132, -2.55, 9.5], "rotation": {"angle": 45, "axis": "y", "origin": [8, -3.5, 8]}, "faces": { "north": {"uv": [6, 5, 7, 6], "texture": "#3"}, "east": {"uv": [6, 5, 7, 6], "texture": "#3"}, "south": {"uv": [6, 5, 7, 6], "texture": "#3"}, "west": {"uv": [6, 5, 7, 6], "texture": "#3"}, "up": {"uv": [6, 5, 7, 6], "texture": "#3"}, "down": {"uv": [6, 5, 7, 6], "texture": "#3"} } }, { "name": "octagon", "from": [7.37868, -2.75, 6.5], "to": [8.62132, -2.55, 9.5], "rotation": {"angle": 0, "axis": "y", "origin": [8, -3.5, 8]}, "faces": { "north": {"uv": [6, 5, 7, 6], "texture": "#3"}, "east": {"uv": [6, 5, 7, 6], "texture": "#3"}, "south": {"uv": [6, 5, 7, 6], "texture": "#3"}, "west": {"uv": [6, 5, 7, 6], "texture": "#3"}, "up": {"uv": [6, 5, 7, 6], "texture": "#3"}, "down": {"uv": [6, 5, 7, 6], "texture": "#3"} } }, { "name": "octagon", "from": [6.5, -2.75, 7.37868], "to": [9.5, -2.55, 8.62132], "rotation": {"angle": 45, "axis": "y", "origin": [8, -3.5, 8]}, "faces": { "north": {"uv": [6, 5, 7, 6], "texture": "#3"}, "east": {"uv": [6, 5, 7, 6], "texture": "#3"}, "south": {"uv": [6, 5, 7, 6], "texture": "#3"}, "west": {"uv": [6, 5, 7, 6], "texture": "#3"}, "up": {"uv": [6, 5, 7, 6], "texture": "#3"}, "down": {"uv": [6, 5, 7, 6], "texture": "#3"} } }, { "name": "octagon", "from": [6.5, -2.75, 7.37868], "to": [9.5, -2.55, 8.62132], "rotation": {"angle": 0, "axis": "y", "origin": [8, -3.5, 8]}, "faces": { "north": {"uv": [6, 5, 7, 6], "texture": "#3"}, "east": {"uv": [6, 5, 7, 6], "texture": "#3"}, "south": {"uv": [6, 5, 7, 6], "texture": "#3"}, "west": {"uv": [6, 5, 7, 6], "texture": "#3"}, "up": {"uv": [6, 5, 7, 6], "texture": "#3"}, "down": {"uv": [6, 5, 7, 6], "texture": "#3"} } }, { "from": [7.77492, 9.12636, 7.6], "to": [8.22492, 10.87536, 8.85], "rotation": {"angle": 0, "axis": "y", "origin": [0.52492, 20.71836, 15.95]}, "faces": { "north": {"uv": [15, 2, 16, 3], "texture": "#2"}, "east": {"uv": [15, 2, 16, 3], "texture": "#2"}, "south": {"uv": [15, 2, 16, 3], "texture": "#2"}, "west": {"uv": [15, 2, 16, 3], "texture": "#2"}, "up": {"uv": [15, 2, 16, 3], "texture": "#2"}, "down": {"uv": [15, 2, 16, 3], "texture": "#2"} } }, { "from": [7.77492, 10.87536, 7.65], "to": [8.22492, 12.53691, 8.9], "rotation": {"angle": 0, "axis": "y", "origin": [0.52492, 22.46736, 16]}, "faces": { "north": {"uv": [15, 2, 16, 3], "texture": "#2"}, "east": {"uv": [15, 2, 16, 3], "texture": "#2"}, "south": {"uv": [15, 2, 16, 3], "texture": "#2"}, "west": {"uv": [15, 2, 16, 3], "texture": "#2"}, "up": {"uv": [15, 2, 16, 3], "texture": "#2"}, "down": {"uv": [15, 2, 16, 3], "texture": "#2"} } }, { "from": [7.77492, 12.53691, 7.7], "to": [8.22492, 14.11101, 8.95], "rotation": {"angle": 0, "axis": "y", "origin": [0.52492, 24.12891, 16.05]}, "faces": { "north": {"uv": [15, 2, 16, 3], "texture": "#2"}, "east": {"uv": [15, 2, 16, 3], "texture": "#2"}, "south": {"uv": [15, 2, 16, 3], "texture": "#2"}, "west": {"uv": [15, 2, 16, 3], "texture": "#2"}, "up": {"uv": [15, 2, 16, 3], "texture": "#2"}, "down": {"uv": [15, 2, 16, 3], "texture": "#2"} } }, { "from": [7.77492, 14.11101, 7.775], "to": [8.22492, 15.59766, 9.025], "rotation": {"angle": 0, "axis": "y", "origin": [0.52492, 25.70301, 16.125]}, "faces": { "north": {"uv": [15, 2, 16, 3], "texture": "#2"}, "east": {"uv": [15, 2, 16, 3], "texture": "#2"}, "south": {"uv": [15, 2, 16, 3], "texture": "#2"}, "west": {"uv": [15, 2, 16, 3], "texture": "#2"}, "up": {"uv": [15, 2, 16, 3], "texture": "#2"}, "down": {"uv": [15, 2, 16, 3], "texture": "#2"} } }, { "from": [7.77492, 15.59766, 7.825], "to": [8.22492, 16.99686, 9.075], "rotation": {"angle": 0, "axis": "y", "origin": [0.52492, 27.18966, 16.2]}, "faces": { "north": {"uv": [15, 2, 16, 3], "texture": "#2"}, "east": {"uv": [15, 2, 16, 3], "texture": "#2"}, "south": {"uv": [15, 2, 16, 3], "texture": "#2"}, "west": {"uv": [15, 2, 16, 3], "texture": "#2"}, "up": {"uv": [15, 2, 16, 3], "texture": "#2"}, "down": {"uv": [15, 2, 16, 3], "texture": "#2"} } }, { "from": [7.77492, 16.99686, 7.9], "to": [8.22492, 18.30861, 9.15], "rotation": {"angle": 0, "axis": "y", "origin": [0.52492, 28.58886, 16.3]}, "faces": { "north": {"uv": [15, 2, 16, 3], "texture": "#2"}, "east": {"uv": [15, 2, 16, 3], "texture": "#2"}, "south": {"uv": [15, 2, 16, 3], "texture": "#2"}, "west": {"uv": [15, 2, 16, 3], "texture": "#2"}, "up": {"uv": [15, 2, 16, 3], "texture": "#2"}, "down": {"uv": [15, 2, 16, 3], "texture": "#2"} } }, { "from": [7.77492, 18.30861, 8], "to": [8.22492, 19.57663, 9.2], "rotation": {"angle": 0, "axis": "y", "origin": [0.52492, 29.90061, 16.4]}, "faces": { "north": {"uv": [15, 2, 16, 3], "texture": "#2"}, "east": {"uv": [15, 2, 16, 3], "texture": "#2"}, "south": {"uv": [15, 2, 16, 3], "texture": "#2"}, "west": {"uv": [15, 2, 16, 3], "texture": "#2"}, "up": {"uv": [15, 2, 16, 3], "texture": "#2"}, "down": {"uv": [15, 2, 16, 3], "texture": "#2"} } }, { "from": [7.77492, 19.57663, 8.1], "to": [8.22492, 20.84466, 9.3], "rotation": {"angle": 0, "axis": "y", "origin": [0.52492, 31.16863, 16.525]}, "faces": { "north": {"uv": [15, 2, 16, 3], "texture": "#2"}, "east": {"uv": [15, 2, 16, 3], "texture": "#2"}, "south": {"uv": [15, 2, 16, 3], "texture": "#2"}, "west": {"uv": [15, 2, 16, 3], "texture": "#2"}, "up": {"uv": [15, 2, 16, 3], "texture": "#2"}, "down": {"uv": [15, 2, 16, 3], "texture": "#2"} } }, { "from": [7.77492, 20.84466, 8.2], "to": [8.22492, 22.06896, 9.4], "rotation": {"angle": 0, "axis": "y", "origin": [0.52492, 32.43666, 16.65]}, "faces": { "north": {"uv": [15, 2, 16, 3], "texture": "#2"}, "east": {"uv": [15, 2, 16, 3], "texture": "#2"}, "south": {"uv": [15, 2, 16, 3], "texture": "#2"}, "west": {"uv": [15, 2, 16, 3], "texture": "#2"}, "up": {"uv": [15, 2, 16, 3], "texture": "#2"}, "down": {"uv": [15, 2, 16, 3], "texture": "#2"} } }, { "from": [7.77492, 22.06896, 8.325], "to": [8.22492, 23.20581, 9.475], "rotation": {"angle": 0, "axis": "y", "origin": [0.52492, 33.66096, 16.8]}, "faces": { "north": {"uv": [15, 2, 16, 3], "texture": "#2"}, "east": {"uv": [15, 2, 16, 3], "texture": "#2"}, "south": {"uv": [15, 2, 16, 3], "texture": "#2"}, "west": {"uv": [15, 2, 16, 3], "texture": "#2"}, "up": {"uv": [15, 2, 16, 3], "texture": "#2"}, "down": {"uv": [15, 2, 16, 3], "texture": "#2"} } }, { "from": [7.77492, 23.20581, 8.45], "to": [8.22492, 24.25521, 9.6], "rotation": {"angle": 0, "axis": "y", "origin": [0.52492, 34.79781, 16.975]}, "faces": { "north": {"uv": [15, 2, 16, 3], "texture": "#2"}, "east": {"uv": [15, 2, 16, 3], "texture": "#2"}, "south": {"uv": [15, 2, 16, 3], "texture": "#2"}, "west": {"uv": [15, 2, 16, 3], "texture": "#2"}, "up": {"uv": [15, 2, 16, 3], "texture": "#2"}, "down": {"uv": [15, 2, 16, 3], "texture": "#2"} } }, { "from": [7.77492, 24.25521, 8.6], "to": [8.22492, 25.30461, 9.7], "rotation": {"angle": 0, "axis": "y", "origin": [0.52492, 35.84721, 17.175]}, "faces": { "north": {"uv": [15, 2, 16, 3], "texture": "#2"}, "east": {"uv": [15, 2, 16, 3], "texture": "#2"}, "south": {"uv": [15, 2, 16, 3], "texture": "#2"}, "west": {"uv": [15, 2, 16, 3], "texture": "#2"}, "up": {"uv": [15, 2, 16, 3], "texture": "#2"}, "down": {"uv": [15, 2, 16, 3], "texture": "#2"} } }, { "from": [7.77492, 25.30461, 8.75], "to": [8.22492, 26.17911, 9.8], "rotation": {"angle": 0, "axis": "y", "origin": [0.52492, 36.89661, 17.425]}, "faces": { "north": {"uv": [15, 2, 16, 3], "texture": "#2"}, "east": {"uv": [15, 2, 16, 3], "texture": "#2"}, "south": {"uv": [15, 2, 16, 3], "texture": "#2"}, "west": {"uv": [15, 2, 16, 3], "texture": "#2"}, "up": {"uv": [15, 2, 16, 3], "texture": "#2"}, "down": {"uv": [15, 2, 16, 3], "texture": "#2"} } }, { "from": [7.77492, 26.17911, 8.9], "to": [8.22492, 27.05361, 9.875], "rotation": {"angle": 0, "axis": "y", "origin": [0.52492, 37.77111, 17.65]}, "faces": { "north": {"uv": [15, 2, 16, 3], "texture": "#2"}, "east": {"uv": [15, 2, 16, 3], "texture": "#2"}, "south": {"uv": [15, 2, 16, 3], "texture": "#2"}, "west": {"uv": [15, 2, 16, 3], "texture": "#2"}, "up": {"uv": [15, 2, 16, 3], "texture": "#2"}, "down": {"uv": [15, 2, 16, 3], "texture": "#2"} } }, { "from": [7.77492, 27.05361, 9.05], "to": [8.22492, 27.84066, 9.975], "rotation": {"angle": 0, "axis": "y", "origin": [0.52492, 38.64561, 17.875]}, "faces": { "north": {"uv": [15, 2, 16, 3], "texture": "#2"}, "east": {"uv": [15, 2, 16, 3], "texture": "#2"}, "south": {"uv": [15, 2, 16, 3], "texture": "#2"}, "west": {"uv": [15, 2, 16, 3], "texture": "#2"}, "up": {"uv": [15, 2, 16, 3], "texture": "#2"}, "down": {"uv": [15, 2, 16, 3], "texture": "#2"} } }, { "from": [7.77492, 27.84066, 9.275], "to": [8.22492, 28.54026, 10.075], "rotation": {"angle": 0, "axis": "y", "origin": [0.52492, 39.43266, 18.175]}, "faces": { "north": {"uv": [15, 2, 16, 3], "texture": "#2"}, "east": {"uv": [15, 2, 16, 3], "texture": "#2"}, "south": {"uv": [15, 2, 16, 3], "texture": "#2"}, "west": {"uv": [15, 2, 16, 3], "texture": "#2"}, "up": {"uv": [15, 2, 16, 3], "texture": "#2"}, "down": {"uv": [15, 2, 16, 3], "texture": "#2"} } }, { "from": [7.77492, 28.54026, 9.55], "to": [8.22492, 29.10868, 10.175], "rotation": {"angle": 0, "axis": "y", "origin": [0.52492, 40.13226, 18.475]}, "faces": { "north": {"uv": [15, 2, 16, 3], "texture": "#2"}, "east": {"uv": [15, 2, 16, 3], "texture": "#2"}, "south": {"uv": [15, 2, 16, 3], "texture": "#2"}, "west": {"uv": [15, 2, 16, 3], "texture": "#2"}, "up": {"uv": [15, 2, 16, 3], "texture": "#2"}, "down": {"uv": [15, 2, 16, 3], "texture": "#2"} } }, { "from": [7.77492, 29.10868, 9.75], "to": [8.22492, 29.67711, 10.3], "rotation": {"angle": 0, "axis": "y", "origin": [0.52492, 40.70068, 18.775]}, "faces": { "north": {"uv": [15, 2, 16, 3], "texture": "#2"}, "east": {"uv": [15, 2, 16, 3], "texture": "#2"}, "south": {"uv": [15, 2, 16, 3], "texture": "#2"}, "west": {"uv": [15, 2, 16, 3], "texture": "#2"}, "up": {"uv": [15, 2, 16, 3], "texture": "#2"}, "down": {"uv": [15, 2, 16, 3], "texture": "#2"} } }, { "from": [7.77492, 29.67711, 10.1], "to": [8.22492, 30.15808, 10.425], "rotation": {"angle": 0, "axis": "y", "origin": [0.52492, 41.26911, 19.075]}, "faces": { "north": {"uv": [15, 2, 16, 3], "texture": "#2"}, "east": {"uv": [15, 2, 16, 3], "texture": "#2"}, "south": {"uv": [15, 2, 16, 3], "texture": "#2"}, "west": {"uv": [15, 2, 16, 3], "texture": "#2"}, "up": {"uv": [15, 2, 16, 3], "texture": "#2"}, "down": {"uv": [15, 2, 16, 3], "texture": "#2"} } }, { "from": [7.77492, 30.15808, 10.325], "to": [8.22492, 30.55161, 10.55], "rotation": {"angle": 0, "axis": "y", "origin": [0.52492, 41.75008, 19.375]}, "faces": { "north": {"uv": [15, 2, 16, 3], "texture": "#2"}, "east": {"uv": [15, 2, 16, 3], "texture": "#2"}, "south": {"uv": [15, 2, 16, 3], "texture": "#2"}, "west": {"uv": [15, 2, 16, 3], "texture": "#2"}, "up": {"uv": [15, 2, 16, 3], "texture": "#2"}, "down": {"uv": [15, 2, 16, 3], "texture": "#2"} } }, { "from": [7.77492, 30.55161, 10.525], "to": [8.22492, 30.85768, 10.675], "rotation": {"angle": 0, "axis": "y", "origin": [0.52492, 42.14361, 19.675]}, "faces": { "north": {"uv": [15, 2, 16, 3], "texture": "#2"}, "east": {"uv": [15, 2, 16, 3], "texture": "#2"}, "south": {"uv": [15, 2, 16, 3], "texture": "#2"}, "west": {"uv": [15, 2, 16, 3], "texture": "#2"}, "up": {"uv": [15, 2, 16, 3], "texture": "#2"}, "down": {"uv": [15, 2, 16, 3], "texture": "#2"} } }, { "from": [7.77492, 7.37736, 7.55], "to": [8.22492, 9.12636, 8.8], "rotation": {"angle": 0, "axis": "y", "origin": [0.52492, 18.96936, 15.9]}, "faces": { "north": {"uv": [15, 2, 16, 3], "texture": "#2"}, "east": {"uv": [15, 2, 16, 3], "texture": "#2"}, "south": {"uv": [15, 2, 16, 3], "texture": "#2"}, "west": {"uv": [15, 2, 16, 3], "texture": "#2"}, "up": {"uv": [15, 2, 16, 3], "texture": "#2"}, "down": {"uv": [15, 2, 16, 3], "texture": "#2"} } }, { "from": [7.77492, -2.24214, 7.5], "to": [8.22492, 5.62836, 8.75], "rotation": {"angle": 0, "axis": "y", "origin": [0.52492, 15.47136, 15.85]}, "faces": { "north": {"uv": [15, 2, 16, 3], "texture": "#2"}, "east": {"uv": [15, 2, 16, 3], "texture": "#2"}, "south": {"uv": [15, 2, 16, 3], "texture": "#2"}, "west": {"uv": [15, 2, 16, 3], "texture": "#2"}, "up": {"uv": [15, 2, 16, 3], "texture": "#2"}, "down": {"uv": [15, 2, 16, 3], "texture": "#2"} } }, { "from": [7.77492, 5.62836, 7.525], "to": [8.22492, 7.37736, 8.775], "rotation": {"angle": 0, "axis": "y", "origin": [0.52492, 17.22036, 15.875]}, "faces": { "north": {"uv": [15, 2, 16, 3], "texture": "#2"}, "east": {"uv": [15, 2, 16, 3], "texture": "#2"}, "south": {"uv": [15, 2, 16, 3], "texture": "#2"}, "west": {"uv": [15, 2, 16, 3], "texture": "#2"}, "up": {"uv": [15, 2, 16, 3], "texture": "#2"}, "down": {"uv": [15, 2, 16, 3], "texture": "#2"} } }, { "from": [7.77492, 31.42213, 10.65], "to": [8.22492, 31.55463, 10.9], "rotation": {"angle": 0, "axis": "y", "origin": [0.52492, 42.14361, 19.425]}, "faces": { "north": {"uv": [2, 2, 3, 3], "texture": "#1"}, "east": {"uv": [2, 2, 3, 3], "texture": "#1"}, "south": {"uv": [2, 2, 3, 3], "texture": "#1"}, "west": {"uv": [2, 2, 3, 3], "texture": "#1"}, "up": {"uv": [2, 2, 3, 3], "texture": "#1"}, "down": {"uv": [2, 2, 3, 3], "texture": "#1"} } }, { "from": [7.77492, 31.23663, 10.45], "to": [8.22492, 31.42213, 10.85], "rotation": {"angle": 0, "axis": "y", "origin": [0.52492, 42.14361, 19.425]}, "faces": { "north": {"uv": [2, 2, 3, 3], "texture": "#1"}, "east": {"uv": [2, 2, 3, 3], "texture": "#1"}, "south": {"uv": [2, 2, 3, 3], "texture": "#1"}, "west": {"uv": [2, 2, 3, 3], "texture": "#1"}, "up": {"uv": [2, 2, 3, 3], "texture": "#1"}, "down": {"uv": [2, 2, 3, 3], "texture": "#1"} } }, { "from": [7.77492, 31.04716, 10.25], "to": [8.22492, 31.23663, 10.8], "rotation": {"angle": 0, "axis": "y", "origin": [0.52492, 42.14361, 19.425]}, "faces": { "north": {"uv": [2, 2, 3, 3], "texture": "#1"}, "east": {"uv": [2, 2, 3, 3], "texture": "#1"}, "south": {"uv": [2, 2, 3, 3], "texture": "#1"}, "west": {"uv": [2, 2, 3, 3], "texture": "#1"}, "up": {"uv": [2, 2, 3, 3], "texture": "#1"}, "down": {"uv": [2, 2, 3, 3], "texture": "#1"} } }, { "from": [7.77492, 30.55161, 9.95], "to": [8.22492, 30.85768, 10.525], "rotation": {"angle": 0, "axis": "y", "origin": [0.52492, 42.14361, 19.675]}, "faces": { "north": {"uv": [2, 2, 3, 3], "texture": "#1"}, "east": {"uv": [2, 2, 3, 3], "texture": "#1"}, "south": {"uv": [2, 2, 3, 3], "texture": "#1"}, "west": {"uv": [2, 2, 3, 3], "texture": "#1"}, "up": {"uv": [2, 2, 3, 3], "texture": "#1"}, "down": {"uv": [2, 2, 3, 3], "texture": "#1"} } }, { "from": [7.77492, 30.85768, 10.1], "to": [8.22492, 31.04716, 10.75], "rotation": {"angle": 0, "axis": "y", "origin": [0.52492, 42.12903, 19.425]}, "faces": { "north": {"uv": [2, 2, 3, 3], "texture": "#1"}, "east": {"uv": [2, 2, 3, 3], "texture": "#1"}, "south": {"uv": [2, 2, 3, 3], "texture": "#1"}, "west": {"uv": [2, 2, 3, 3], "texture": "#1"}, "up": {"uv": [2, 2, 3, 3], "texture": "#1"}, "down": {"uv": [2, 2, 3, 3], "texture": "#1"} } }, { "from": [7.77492, 30.15808, 9.75], "to": [8.22492, 30.55161, 10.325], "rotation": {"angle": 0, "axis": "y", "origin": [0.52492, 41.75008, 19.375]}, "faces": { "north": {"uv": [2, 2, 3, 3], "texture": "#1"}, "east": {"uv": [2, 2, 3, 3], "texture": "#1"}, "south": {"uv": [2, 2, 3, 3], "texture": "#1"}, "west": {"uv": [2, 2, 3, 3], "texture": "#1"}, "up": {"uv": [2, 2, 3, 3], "texture": "#1"}, "down": {"uv": [2, 2, 3, 3], "texture": "#1"} } }, { "from": [7.77492, 29.10868, 9.4], "to": [8.22492, 29.67711, 9.75], "rotation": {"angle": 0, "axis": "y", "origin": [0.52492, 40.70068, 18.775]}, "faces": { "north": {"uv": [2, 2, 3, 3], "texture": "#1"}, "east": {"uv": [2, 2, 3, 3], "texture": "#1"}, "south": {"uv": [2, 2, 3, 3], "texture": "#1"}, "west": {"uv": [2, 2, 3, 3], "texture": "#1"}, "up": {"uv": [2, 2, 3, 3], "texture": "#1"}, "down": {"uv": [2, 2, 3, 3], "texture": "#1"} } }, { "from": [7.77492, 29.67711, 9.6], "to": [8.22492, 30.15808, 10.1], "rotation": {"angle": 0, "axis": "y", "origin": [0.52492, 41.26911, 19.075]}, "faces": { "north": {"uv": [2, 2, 3, 3], "texture": "#1"}, "east": {"uv": [2, 2, 3, 3], "texture": "#1"}, "south": {"uv": [2, 2, 3, 3], "texture": "#1"}, "west": {"uv": [2, 2, 3, 3], "texture": "#1"}, "up": {"uv": [2, 2, 3, 3], "texture": "#1"}, "down": {"uv": [2, 2, 3, 3], "texture": "#1"} } }, { "from": [7.77492, 28.54026, 9.225], "to": [8.22492, 29.10868, 9.55], "rotation": {"angle": 0, "axis": "y", "origin": [0.52492, 40.13226, 18.475]}, "faces": { "north": {"uv": [2, 2, 3, 3], "texture": "#1"}, "east": {"uv": [2, 2, 3, 3], "texture": "#1"}, "south": {"uv": [2, 2, 3, 3], "texture": "#1"}, "west": {"uv": [2, 2, 3, 3], "texture": "#1"}, "up": {"uv": [2, 2, 3, 3], "texture": "#1"}, "down": {"uv": [2, 2, 3, 3], "texture": "#1"} } }, { "from": [7.77492, 27.84066, 9.025], "to": [8.22492, 28.54026, 9.275], "rotation": {"angle": 0, "axis": "y", "origin": [0.52492, 39.43266, 18.175]}, "faces": { "north": {"uv": [2, 2, 3, 3], "texture": "#1"}, "east": {"uv": [2, 2, 3, 3], "texture": "#1"}, "south": {"uv": [2, 2, 3, 3], "texture": "#1"}, "west": {"uv": [2, 2, 3, 3], "texture": "#1"}, "up": {"uv": [2, 2, 3, 3], "texture": "#1"}, "down": {"uv": [2, 2, 3, 3], "texture": "#1"} } }, { "from": [7.77492, 27.05361, 8.8], "to": [8.22492, 27.84066, 9.05], "rotation": {"angle": 0, "axis": "y", "origin": [0.52492, 38.64561, 17.875]}, "faces": { "north": {"uv": [2, 2, 3, 3], "texture": "#1"}, "east": {"uv": [2, 2, 3, 3], "texture": "#1"}, "south": {"uv": [2, 2, 3, 3], "texture": "#1"}, "west": {"uv": [2, 2, 3, 3], "texture": "#1"}, "up": {"uv": [2, 2, 3, 3], "texture": "#1"}, "down": {"uv": [2, 2, 3, 3], "texture": "#1"} } }, { "from": [7.77492, 26.17911, 8.65], "to": [8.22492, 27.05361, 8.9], "rotation": {"angle": 0, "axis": "y", "origin": [0.52492, 37.77111, 17.65]}, "faces": { "north": {"uv": [2, 2, 3, 3], "texture": "#1"}, "east": {"uv": [2, 2, 3, 3], "texture": "#1"}, "south": {"uv": [2, 2, 3, 3], "texture": "#1"}, "west": {"uv": [2, 2, 3, 3], "texture": "#1"}, "up": {"uv": [2, 2, 3, 3], "texture": "#1"}, "down": {"uv": [2, 2, 3, 3], "texture": "#1"} } }, { "from": [7.77492, 25.30461, 8.5], "to": [8.22492, 26.17911, 8.75], "rotation": {"angle": 0, "axis": "y", "origin": [0.52492, 36.89661, 17.425]}, "faces": { "north": {"uv": [2, 2, 3, 3], "texture": "#1"}, "east": {"uv": [2, 2, 3, 3], "texture": "#1"}, "south": {"uv": [2, 2, 3, 3], "texture": "#1"}, "west": {"uv": [2, 2, 3, 3], "texture": "#1"}, "up": {"uv": [2, 2, 3, 3], "texture": "#1"}, "down": {"uv": [2, 2, 3, 3], "texture": "#1"} } }, { "from": [7.77492, 24.25521, 8.35], "to": [8.22492, 25.30461, 8.6], "rotation": {"angle": 0, "axis": "y", "origin": [0.52492, 35.84721, 17.175]}, "faces": { "north": {"uv": [2, 2, 3, 3], "texture": "#1"}, "east": {"uv": [2, 2, 3, 3], "texture": "#1"}, "south": {"uv": [2, 2, 3, 3], "texture": "#1"}, "west": {"uv": [2, 2, 3, 3], "texture": "#1"}, "up": {"uv": [2, 2, 3, 3], "texture": "#1"}, "down": {"uv": [2, 2, 3, 3], "texture": "#1"} } }, { "from": [7.77492, 23.20581, 8.2], "to": [8.22492, 24.25521, 8.45], "rotation": {"angle": 0, "axis": "y", "origin": [0.52492, 34.79781, 16.975]}, "faces": { "north": {"uv": [2, 2, 3, 3], "texture": "#1"}, "east": {"uv": [2, 2, 3, 3], "texture": "#1"}, "south": {"uv": [2, 2, 3, 3], "texture": "#1"}, "west": {"uv": [2, 2, 3, 3], "texture": "#1"}, "up": {"uv": [2, 2, 3, 3], "texture": "#1"}, "down": {"uv": [2, 2, 3, 3], "texture": "#1"} } }, { "from": [7.77492, 22.06896, 8.075], "to": [8.22492, 23.20581, 8.325], "rotation": {"angle": 0, "axis": "y", "origin": [0.52492, 33.66096, 16.8]}, "faces": { "north": {"uv": [2, 2, 3, 3], "texture": "#1"}, "east": {"uv": [2, 2, 3, 3], "texture": "#1"}, "south": {"uv": [2, 2, 3, 3], "texture": "#1"}, "west": {"uv": [2, 2, 3, 3], "texture": "#1"}, "up": {"uv": [2, 2, 3, 3], "texture": "#1"}, "down": {"uv": [2, 2, 3, 3], "texture": "#1"} } }, { "from": [7.77492, 20.84466, 7.95], "to": [8.22492, 22.06896, 8.2], "rotation": {"angle": 0, "axis": "y", "origin": [0.52492, 32.43666, 16.65]}, "faces": { "north": {"uv": [2, 2, 3, 3], "texture": "#1"}, "east": {"uv": [2, 2, 3, 3], "texture": "#1"}, "south": {"uv": [2, 2, 3, 3], "texture": "#1"}, "west": {"uv": [2, 2, 3, 3], "texture": "#1"}, "up": {"uv": [2, 2, 3, 3], "texture": "#1"}, "down": {"uv": [2, 2, 3, 3], "texture": "#1"} } }, { "from": [7.77492, 19.57663, 7.85], "to": [8.22492, 20.84466, 8.1], "rotation": {"angle": 0, "axis": "y", "origin": [0.52492, 31.16863, 16.525]}, "faces": { "north": {"uv": [2, 2, 3, 3], "texture": "#1"}, "east": {"uv": [2, 2, 3, 3], "texture": "#1"}, "south": {"uv": [2, 2, 3, 3], "texture": "#1"}, "west": {"uv": [2, 2, 3, 3], "texture": "#1"}, "up": {"uv": [2, 2, 3, 3], "texture": "#1"}, "down": {"uv": [2, 2, 3, 3], "texture": "#1"} } }, { "from": [7.77492, 18.30861, 7.75], "to": [8.22492, 19.57663, 8], "rotation": {"angle": 0, "axis": "y", "origin": [0.52492, 29.90061, 16.4]}, "faces": { "north": {"uv": [2, 2, 3, 3], "texture": "#1"}, "east": {"uv": [2, 2, 3, 3], "texture": "#1"}, "south": {"uv": [2, 2, 3, 3], "texture": "#1"}, "west": {"uv": [2, 2, 3, 3], "texture": "#1"}, "up": {"uv": [2, 2, 3, 3], "texture": "#1"}, "down": {"uv": [2, 2, 3, 3], "texture": "#1"} } }, { "from": [7.77492, 16.99686, 7.65], "to": [8.22492, 18.30861, 7.9], "rotation": {"angle": 0, "axis": "y", "origin": [0.52492, 28.58886, 16.3]}, "faces": { "north": {"uv": [2, 2, 3, 3], "texture": "#1"}, "east": {"uv": [2, 2, 3, 3], "texture": "#1"}, "south": {"uv": [2, 2, 3, 3], "texture": "#1"}, "west": {"uv": [2, 2, 3, 3], "texture": "#1"}, "up": {"uv": [2, 2, 3, 3], "texture": "#1"}, "down": {"uv": [2, 2, 3, 3], "texture": "#1"} } }, { "from": [7.77492, 15.59766, 7.575], "to": [8.22492, 16.99686, 7.825], "rotation": {"angle": 0, "axis": "y", "origin": [0.52492, 27.18966, 16.2]}, "faces": { "north": {"uv": [2, 2, 3, 3], "texture": "#1"}, "east": {"uv": [2, 2, 3, 3], "texture": "#1"}, "south": {"uv": [2, 2, 3, 3], "texture": "#1"}, "west": {"uv": [2, 2, 3, 3], "texture": "#1"}, "up": {"uv": [2, 2, 3, 3], "texture": "#1"}, "down": {"uv": [2, 2, 3, 3], "texture": "#1"} } }, { "from": [7.77492, 14.11101, 7.525], "to": [8.22492, 15.59766, 7.775], "rotation": {"angle": 0, "axis": "y", "origin": [0.52492, 25.70301, 16.125]}, "faces": { "north": {"uv": [2, 2, 3, 3], "texture": "#1"}, "east": {"uv": [2, 2, 3, 3], "texture": "#1"}, "south": {"uv": [2, 2, 3, 3], "texture": "#1"}, "west": {"uv": [2, 2, 3, 3], "texture": "#1"}, "up": {"uv": [2, 2, 3, 3], "texture": "#1"}, "down": {"uv": [2, 2, 3, 3], "texture": "#1"} } }, { "from": [7.77492, 12.53691, 7.45], "to": [8.22492, 14.11101, 7.7], "rotation": {"angle": 0, "axis": "y", "origin": [0.52492, 24.12891, 16.05]}, "faces": { "north": {"uv": [2, 2, 3, 3], "texture": "#1"}, "east": {"uv": [2, 2, 3, 3], "texture": "#1"}, "south": {"uv": [2, 2, 3, 3], "texture": "#1"}, "west": {"uv": [2, 2, 3, 3], "texture": "#1"}, "up": {"uv": [2, 2, 3, 3], "texture": "#1"}, "down": {"uv": [2, 2, 3, 3], "texture": "#1"} } }, { "from": [7.77492, 9.12636, 7.35], "to": [8.22492, 10.87536, 7.6], "rotation": {"angle": 0, "axis": "y", "origin": [0.52492, 20.71836, 15.95]}, "faces": { "north": {"uv": [2, 2, 3, 3], "texture": "#1"}, "east": {"uv": [2, 2, 3, 3], "texture": "#1"}, "south": {"uv": [2, 2, 3, 3], "texture": "#1"}, "west": {"uv": [2, 2, 3, 3], "texture": "#1"}, "up": {"uv": [2, 2, 3, 3], "texture": "#1"}, "down": {"uv": [2, 2, 3, 3], "texture": "#1"} } }, { "from": [7.77492, 10.87536, 7.4], "to": [8.22492, 12.53691, 7.65], "rotation": {"angle": 0, "axis": "y", "origin": [0.52492, 22.46736, 16]}, "faces": { "north": {"uv": [2, 2, 3, 3], "texture": "#1"}, "east": {"uv": [2, 2, 3, 3], "texture": "#1"}, "south": {"uv": [2, 2, 3, 3], "texture": "#1"}, "west": {"uv": [2, 2, 3, 3], "texture": "#1"}, "up": {"uv": [2, 2, 3, 3], "texture": "#1"}, "down": {"uv": [2, 2, 3, 3], "texture": "#1"} } }, { "from": [7.77492, -2.24214, 7.25], "to": [8.22492, 5.62836, 7.5], "rotation": {"angle": 0, "axis": "y", "origin": [0.52492, 15.47136, 15.85]}, "faces": { "north": {"uv": [2, 2, 3, 3], "texture": "#1"}, "east": {"uv": [2, 2, 3, 3], "texture": "#1"}, "south": {"uv": [2, 2, 3, 3], "texture": "#1"}, "west": {"uv": [2, 2, 3, 3], "texture": "#1"}, "up": {"uv": [2, 2, 3, 3], "texture": "#1"}, "down": {"uv": [2, 2, 3, 3], "texture": "#1"} } }, { "from": [7.77492, 5.62836, 7.275], "to": [8.22492, 7.37736, 7.525], "rotation": {"angle": 0, "axis": "y", "origin": [0.52492, 17.22036, 15.875]}, "faces": { "north": {"uv": [2, 2, 3, 3], "texture": "#1"}, "east": {"uv": [2, 2, 3, 3], "texture": "#1"}, "south": {"uv": [2, 2, 3, 3], "texture": "#1"}, "west": {"uv": [2, 2, 3, 3], "texture": "#1"}, "up": {"uv": [2, 2, 3, 3], "texture": "#1"}, "down": {"uv": [2, 2, 3, 3], "texture": "#1"} } }, { "from": [7.77492, 7.37736, 7.3], "to": [8.22492, 9.12636, 7.55], "rotation": {"angle": 0, "axis": "y", "origin": [0.52492, 18.96936, 15.9]}, "faces": { "north": {"uv": [2, 2, 3, 3], "texture": "#1"}, "east": {"uv": [2, 2, 3, 3], "texture": "#1"}, "south": {"uv": [2, 2, 3, 3], "texture": "#1"}, "west": {"uv": [2, 2, 3, 3], "texture": "#1"}, "up": {"uv": [2, 2, 3, 3], "texture": "#1"}, "down": {"uv": [2, 2, 3, 3], "texture": "#1"} } }, { "from": [7.57492, 9.12636, 7.8], "to": [8.42492, 10.87536, 8.6], "rotation": {"angle": 0, "axis": "y", "origin": [0.52492, 20.71836, 15.95]}, "faces": { "north": {"uv": [15, 2, 16, 3], "texture": "#2"}, "east": {"uv": [15, 2, 16, 3], "texture": "#2"}, "south": {"uv": [15, 2, 16, 3], "texture": "#2"}, "west": {"uv": [15, 2, 16, 3], "texture": "#2"}, "up": {"uv": [15, 2, 16, 3], "texture": "#2"}, "down": {"uv": [15, 2, 16, 3], "texture": "#2"} } }, { "from": [7.57492, 10.87536, 7.85], "to": [8.42492, 12.53691, 8.65], "rotation": {"angle": 0, "axis": "y", "origin": [0.52492, 22.46736, 16]}, "faces": { "north": {"uv": [15, 2, 16, 3], "texture": "#2"}, "east": {"uv": [15, 2, 16, 3], "texture": "#2"}, "south": {"uv": [15, 2, 16, 3], "texture": "#2"}, "west": {"uv": [15, 2, 16, 3], "texture": "#2"}, "up": {"uv": [15, 2, 16, 3], "texture": "#2"}, "down": {"uv": [15, 2, 16, 3], "texture": "#2"} } }, { "from": [7.57492, 14.11101, 7.975], "to": [8.42492, 15.59766, 8.775], "rotation": {"angle": 0, "axis": "y", "origin": [0.52492, 25.70301, 16.125]}, "faces": { "north": {"uv": [15, 2, 16, 3], "texture": "#2"}, "east": {"uv": [15, 2, 16, 3], "texture": "#2"}, "south": {"uv": [15, 2, 16, 3], "texture": "#2"}, "west": {"uv": [15, 2, 16, 3], "texture": "#2"}, "up": {"uv": [15, 2, 16, 3], "texture": "#2"}, "down": {"uv": [15, 2, 16, 3], "texture": "#2"} } }, { "from": [7.57492, 15.59766, 8.025], "to": [8.42492, 16.99686, 8.825], "rotation": {"angle": 0, "axis": "y", "origin": [0.52492, 27.18966, 16.2]}, "faces": { "north": {"uv": [15, 2, 16, 3], "texture": "#2"}, "east": {"uv": [15, 2, 16, 3], "texture": "#2"}, "south": {"uv": [15, 2, 16, 3], "texture": "#2"}, "west": {"uv": [15, 2, 16, 3], "texture": "#2"}, "up": {"uv": [15, 2, 16, 3], "texture": "#2"}, "down": {"uv": [15, 2, 16, 3], "texture": "#2"} } }, { "from": [7.57492, 16.99686, 8.1], "to": [8.42492, 18.30861, 8.9], "rotation": {"angle": 0, "axis": "y", "origin": [0.52492, 28.58886, 16.3]}, "faces": { "north": {"uv": [15, 2, 16, 3], "texture": "#2"}, "east": {"uv": [15, 2, 16, 3], "texture": "#2"}, "south": {"uv": [15, 2, 16, 3], "texture": "#2"}, "west": {"uv": [15, 2, 16, 3], "texture": "#2"}, "up": {"uv": [15, 2, 16, 3], "texture": "#2"}, "down": {"uv": [15, 2, 16, 3], "texture": "#2"} } }, { "from": [7.57492, 19.57663, 8.3], "to": [8.42492, 20.84466, 9.05], "rotation": {"angle": 0, "axis": "y", "origin": [0.52492, 31.16863, 16.525]}, "faces": { "north": {"uv": [15, 2, 16, 3], "texture": "#2"}, "east": {"uv": [15, 2, 16, 3], "texture": "#2"}, "south": {"uv": [15, 2, 16, 3], "texture": "#2"}, "west": {"uv": [15, 2, 16, 3], "texture": "#2"}, "up": {"uv": [15, 2, 16, 3], "texture": "#2"}, "down": {"uv": [15, 2, 16, 3], "texture": "#2"} } }, { "from": [7.57492, 20.84466, 8.4], "to": [8.42492, 22.06896, 9.15], "rotation": {"angle": 0, "axis": "y", "origin": [0.52492, 32.43666, 16.65]}, "faces": { "north": {"uv": [15, 2, 16, 3], "texture": "#2"}, "east": {"uv": [15, 2, 16, 3], "texture": "#2"}, "south": {"uv": [15, 2, 16, 3], "texture": "#2"}, "west": {"uv": [15, 2, 16, 3], "texture": "#2"}, "up": {"uv": [15, 2, 16, 3], "texture": "#2"}, "down": {"uv": [15, 2, 16, 3], "texture": "#2"} } }, { "from": [7.57492, 22.06896, 8.525], "to": [8.42492, 23.20581, 9.225], "rotation": {"angle": 0, "axis": "y", "origin": [0.52492, 33.66096, 16.8]}, "faces": { "north": {"uv": [15, 2, 16, 3], "texture": "#2"}, "east": {"uv": [15, 2, 16, 3], "texture": "#2"}, "south": {"uv": [15, 2, 16, 3], "texture": "#2"}, "west": {"uv": [15, 2, 16, 3], "texture": "#2"}, "up": {"uv": [15, 2, 16, 3], "texture": "#2"}, "down": {"uv": [15, 2, 16, 3], "texture": "#2"} } }, { "from": [7.57492, 23.20581, 8.65], "to": [8.42492, 24.25521, 9.35], "rotation": {"angle": 0, "axis": "y", "origin": [0.52492, 34.79781, 16.975]}, "faces": { "north": {"uv": [15, 2, 16, 3], "texture": "#2"}, "east": {"uv": [15, 2, 16, 3], "texture": "#2"}, "south": {"uv": [15, 2, 16, 3], "texture": "#2"}, "west": {"uv": [15, 2, 16, 3], "texture": "#2"}, "up": {"uv": [15, 2, 16, 3], "texture": "#2"}, "down": {"uv": [15, 2, 16, 3], "texture": "#2"} } }, { "from": [7.57492, 24.25521, 8.8], "to": [8.42492, 25.30461, 9.45], "rotation": {"angle": 0, "axis": "y", "origin": [0.52492, 35.84721, 17.175]}, "faces": { "north": {"uv": [15, 2, 16, 3], "texture": "#2"}, "east": {"uv": [15, 2, 16, 3], "texture": "#2"}, "south": {"uv": [15, 2, 16, 3], "texture": "#2"}, "west": {"uv": [15, 2, 16, 3], "texture": "#2"}, "up": {"uv": [15, 2, 16, 3], "texture": "#2"}, "down": {"uv": [15, 2, 16, 3], "texture": "#2"} } }, { "from": [7.57492, 25.30461, 8.95], "to": [8.42492, 26.17911, 9.55], "rotation": {"angle": 0, "axis": "y", "origin": [0.52492, 36.89661, 17.425]}, "faces": { "north": {"uv": [15, 2, 16, 3], "texture": "#2"}, "east": {"uv": [15, 2, 16, 3], "texture": "#2"}, "south": {"uv": [15, 2, 16, 3], "texture": "#2"}, "west": {"uv": [15, 2, 16, 3], "texture": "#2"}, "up": {"uv": [15, 2, 16, 3], "texture": "#2"}, "down": {"uv": [15, 2, 16, 3], "texture": "#2"} } }, { "from": [7.57492, 26.17911, 9.1], "to": [8.42492, 27.05361, 9.625], "rotation": {"angle": 0, "axis": "y", "origin": [0.52492, 37.77111, 17.65]}, "faces": { "north": {"uv": [15, 2, 16, 3], "texture": "#2"}, "east": {"uv": [15, 2, 16, 3], "texture": "#2"}, "south": {"uv": [15, 2, 16, 3], "texture": "#2"}, "west": {"uv": [15, 2, 16, 3], "texture": "#2"}, "up": {"uv": [15, 2, 16, 3], "texture": "#2"}, "down": {"uv": [15, 2, 16, 3], "texture": "#2"} } }, { "from": [7.57492, 27.05361, 9.25], "to": [8.42492, 27.84066, 9.725], "rotation": {"angle": 0, "axis": "y", "origin": [0.52492, 38.64561, 17.875]}, "faces": { "north": {"uv": [15, 2, 16, 3], "texture": "#2"}, "east": {"uv": [15, 2, 16, 3], "texture": "#2"}, "south": {"uv": [15, 2, 16, 3], "texture": "#2"}, "west": {"uv": [15, 2, 16, 3], "texture": "#2"}, "up": {"uv": [15, 2, 16, 3], "texture": "#2"}, "down": {"uv": [15, 2, 16, 3], "texture": "#2"} } }, { "from": [7.57492, 27.84066, 9.475], "to": [8.42492, 28.54026, 9.825], "rotation": {"angle": 0, "axis": "y", "origin": [0.52492, 39.43266, 18.175]}, "faces": { "north": {"uv": [15, 2, 16, 3], "texture": "#2"}, "east": {"uv": [15, 2, 16, 3], "texture": "#2"}, "south": {"uv": [15, 2, 16, 3], "texture": "#2"}, "west": {"uv": [15, 2, 16, 3], "texture": "#2"}, "up": {"uv": [15, 2, 16, 3], "texture": "#2"}, "down": {"uv": [15, 2, 16, 3], "texture": "#2"} } }, { "from": [7.57492, 28.54026, 9.75], "to": [8.42492, 29.10868, 9.925], "rotation": {"angle": 0, "axis": "y", "origin": [0.52492, 40.13226, 18.475]}, "faces": { "north": {"uv": [15, 2, 16, 3], "texture": "#2"}, "east": {"uv": [15, 2, 16, 3], "texture": "#2"}, "south": {"uv": [15, 2, 16, 3], "texture": "#2"}, "west": {"uv": [15, 2, 16, 3], "texture": "#2"}, "up": {"uv": [15, 2, 16, 3], "texture": "#2"}, "down": {"uv": [15, 2, 16, 3], "texture": "#2"} } }, { "from": [7.57492, 7.37736, 7.75], "to": [8.42492, 9.12636, 8.55], "rotation": {"angle": 0, "axis": "y", "origin": [0.52492, 18.96936, 15.9]}, "faces": { "north": {"uv": [15, 2, 16, 3], "texture": "#2"}, "east": {"uv": [15, 2, 16, 3], "texture": "#2"}, "south": {"uv": [15, 2, 16, 3], "texture": "#2"}, "west": {"uv": [15, 2, 16, 3], "texture": "#2"}, "up": {"uv": [15, 2, 16, 3], "texture": "#2"}, "down": {"uv": [15, 2, 16, 3], "texture": "#2"} } }, { "from": [7.57492, -2.24214, 7.7], "to": [8.42492, 5.62836, 8.5], "rotation": {"angle": 0, "axis": "y", "origin": [0.52492, 15.47136, 15.85]}, "faces": { "north": {"uv": [15, 2, 16, 3], "texture": "#2"}, "east": {"uv": [15, 2, 16, 3], "texture": "#2"}, "south": {"uv": [15, 2, 16, 3], "texture": "#2"}, "west": {"uv": [15, 2, 16, 3], "texture": "#2"}, "up": {"uv": [15, 2, 16, 3], "texture": "#2"}, "down": {"uv": [15, 2, 16, 3], "texture": "#2"} } }, { "from": [7.57492, 5.62836, 7.725], "to": [8.42492, 7.37736, 8.525], "rotation": {"angle": 0, "axis": "y", "origin": [0.52492, 17.22036, 15.875]}, "faces": { "north": {"uv": [15, 2, 16, 3], "texture": "#2"}, "east": {"uv": [15, 2, 16, 3], "texture": "#2"}, "south": {"uv": [15, 2, 16, 3], "texture": "#2"}, "west": {"uv": [15, 2, 16, 3], "texture": "#2"}, "up": {"uv": [15, 2, 16, 3], "texture": "#2"}, "down": {"uv": [15, 2, 16, 3], "texture": "#2"} } }, { "from": [7.57492, 12.53691, 7.9], "to": [8.42492, 14.11101, 8.7], "rotation": {"angle": 0, "axis": "y", "origin": [0.52492, 24.12891, 16.05]}, "faces": { "north": {"uv": [15, 2, 16, 3], "texture": "#2"}, "east": {"uv": [15, 2, 16, 3], "texture": "#2"}, "south": {"uv": [15, 2, 16, 3], "texture": "#2"}, "west": {"uv": [15, 2, 16, 3], "texture": "#2"}, "up": {"uv": [15, 2, 16, 3], "texture": "#2"}, "down": {"uv": [15, 2, 16, 3], "texture": "#2"} } }, { "from": [7.57492, 18.30861, 8.2], "to": [8.42492, 19.57663, 8.95], "rotation": {"angle": 0, "axis": "y", "origin": [0.52492, 29.90061, 16.4]}, "faces": { "north": {"uv": [15, 2, 16, 3], "texture": "#2"}, "east": {"uv": [15, 2, 16, 3], "texture": "#2"}, "south": {"uv": [15, 2, 16, 3], "texture": "#2"}, "west": {"uv": [15, 2, 16, 3], "texture": "#2"}, "up": {"uv": [15, 2, 16, 3], "texture": "#2"}, "down": {"uv": [15, 2, 16, 3], "texture": "#2"} } }, { "from": [7.57492, 9.12636, 7.6], "to": [8.42492, 10.87536, 7.8], "rotation": {"angle": 0, "axis": "y", "origin": [0.52492, 20.71836, 15.95]}, "faces": { "north": {"uv": [2, 2, 3, 3], "texture": "#1"}, "east": {"uv": [2, 2, 3, 3], "texture": "#1"}, "south": {"uv": [2, 2, 3, 3], "texture": "#1"}, "west": {"uv": [2, 2, 3, 3], "texture": "#1"}, "up": {"uv": [2, 2, 3, 3], "texture": "#1"}, "down": {"uv": [2, 2, 3, 3], "texture": "#1"} } }, { "from": [7.57492, 10.87536, 7.65], "to": [8.42492, 12.53691, 7.85], "rotation": {"angle": 0, "axis": "y", "origin": [0.52492, 22.46736, 16]}, "faces": { "north": {"uv": [2, 2, 3, 3], "texture": "#1"}, "east": {"uv": [2, 2, 3, 3], "texture": "#1"}, "south": {"uv": [2, 2, 3, 3], "texture": "#1"}, "west": {"uv": [2, 2, 3, 3], "texture": "#1"}, "up": {"uv": [2, 2, 3, 3], "texture": "#1"}, "down": {"uv": [2, 2, 3, 3], "texture": "#1"} } }, { "from": [7.57492, 14.11101, 7.775], "to": [8.42492, 15.59766, 7.975], "rotation": {"angle": 0, "axis": "y", "origin": [0.52492, 25.70301, 16.125]}, "faces": { "north": {"uv": [2, 2, 3, 3], "texture": "#1"}, "east": {"uv": [2, 2, 3, 3], "texture": "#1"}, "south": {"uv": [2, 2, 3, 3], "texture": "#1"}, "west": {"uv": [2, 2, 3, 3], "texture": "#1"}, "up": {"uv": [2, 2, 3, 3], "texture": "#1"}, "down": {"uv": [2, 2, 3, 3], "texture": "#1"} } }, { "from": [7.57492, 15.59766, 7.825], "to": [8.42492, 16.99686, 8.025], "rotation": {"angle": 0, "axis": "y", "origin": [0.52492, 27.18966, 16.2]}, "faces": { "north": {"uv": [2, 2, 3, 3], "texture": "#1"}, "east": {"uv": [2, 2, 3, 3], "texture": "#1"}, "south": {"uv": [2, 2, 3, 3], "texture": "#1"}, "west": {"uv": [2, 2, 3, 3], "texture": "#1"}, "up": {"uv": [2, 2, 3, 3], "texture": "#1"}, "down": {"uv": [2, 2, 3, 3], "texture": "#1"} } }, { "from": [7.57492, 16.99686, 7.9], "to": [8.42492, 18.30861, 8.1], "rotation": {"angle": 0, "axis": "y", "origin": [0.52492, 28.58886, 16.3]}, "faces": { "north": {"uv": [2, 2, 3, 3], "texture": "#1"}, "east": {"uv": [2, 2, 3, 3], "texture": "#1"}, "south": {"uv": [2, 2, 3, 3], "texture": "#1"}, "west": {"uv": [2, 2, 3, 3], "texture": "#1"}, "up": {"uv": [2, 2, 3, 3], "texture": "#1"}, "down": {"uv": [2, 2, 3, 3], "texture": "#1"} } }, { "from": [7.57492, 19.57663, 8.1], "to": [8.42492, 20.84466, 8.3], "rotation": {"angle": 0, "axis": "y", "origin": [0.52492, 31.16863, 16.525]}, "faces": { "north": {"uv": [2, 2, 3, 3], "texture": "#1"}, "east": {"uv": [2, 2, 3, 3], "texture": "#1"}, "south": {"uv": [2, 2, 3, 3], "texture": "#1"}, "west": {"uv": [2, 2, 3, 3], "texture": "#1"}, "up": {"uv": [2, 2, 3, 3], "texture": "#1"}, "down": {"uv": [2, 2, 3, 3], "texture": "#1"} } }, { "from": [7.57492, 20.84466, 8.2], "to": [8.42492, 22.06896, 8.4], "rotation": {"angle": 0, "axis": "y", "origin": [0.52492, 32.43666, 16.65]}, "faces": { "north": {"uv": [2, 2, 3, 3], "texture": "#1"}, "east": {"uv": [2, 2, 3, 3], "texture": "#1"}, "south": {"uv": [2, 2, 3, 3], "texture": "#1"}, "west": {"uv": [2, 2, 3, 3], "texture": "#1"}, "up": {"uv": [2, 2, 3, 3], "texture": "#1"}, "down": {"uv": [2, 2, 3, 3], "texture": "#1"} } }, { "from": [7.57492, 22.06896, 8.325], "to": [8.42492, 23.20581, 8.525], "rotation": {"angle": 0, "axis": "y", "origin": [0.52492, 33.66096, 16.8]}, "faces": { "north": {"uv": [2, 2, 3, 3], "texture": "#1"}, "east": {"uv": [2, 2, 3, 3], "texture": "#1"}, "south": {"uv": [2, 2, 3, 3], "texture": "#1"}, "west": {"uv": [2, 2, 3, 3], "texture": "#1"}, "up": {"uv": [2, 2, 3, 3], "texture": "#1"}, "down": {"uv": [2, 2, 3, 3], "texture": "#1"} } }, { "from": [7.57492, 23.20581, 8.45], "to": [8.42492, 24.25521, 8.65], "rotation": {"angle": 0, "axis": "y", "origin": [0.52492, 34.79781, 16.975]}, "faces": { "north": {"uv": [2, 2, 3, 3], "texture": "#1"}, "east": {"uv": [2, 2, 3, 3], "texture": "#1"}, "south": {"uv": [2, 2, 3, 3], "texture": "#1"}, "west": {"uv": [2, 2, 3, 3], "texture": "#1"}, "up": {"uv": [2, 2, 3, 3], "texture": "#1"}, "down": {"uv": [2, 2, 3, 3], "texture": "#1"} } }, { "from": [7.57492, 24.25521, 8.6], "to": [8.42492, 25.30461, 8.8], "rotation": {"angle": 0, "axis": "y", "origin": [0.52492, 35.84721, 17.175]}, "faces": { "north": {"uv": [2, 2, 3, 3], "texture": "#1"}, "east": {"uv": [2, 2, 3, 3], "texture": "#1"}, "south": {"uv": [2, 2, 3, 3], "texture": "#1"}, "west": {"uv": [2, 2, 3, 3], "texture": "#1"}, "up": {"uv": [2, 2, 3, 3], "texture": "#1"}, "down": {"uv": [2, 2, 3, 3], "texture": "#1"} } }, { "from": [7.57492, 25.30461, 8.75], "to": [8.42492, 26.17911, 8.95], "rotation": {"angle": 0, "axis": "y", "origin": [0.52492, 36.89661, 17.425]}, "faces": { "north": {"uv": [2, 2, 3, 3], "texture": "#1"}, "east": {"uv": [2, 2, 3, 3], "texture": "#1"}, "south": {"uv": [2, 2, 3, 3], "texture": "#1"}, "west": {"uv": [2, 2, 3, 3], "texture": "#1"}, "up": {"uv": [2, 2, 3, 3], "texture": "#1"}, "down": {"uv": [2, 2, 3, 3], "texture": "#1"} } }, { "from": [7.57492, 26.17911, 8.9], "to": [8.42492, 27.05361, 9.1], "rotation": {"angle": 0, "axis": "y", "origin": [0.52492, 37.77111, 17.65]}, "faces": { "north": {"uv": [2, 2, 3, 3], "texture": "#1"}, "east": {"uv": [2, 2, 3, 3], "texture": "#1"}, "south": {"uv": [2, 2, 3, 3], "texture": "#1"}, "west": {"uv": [2, 2, 3, 3], "texture": "#1"}, "up": {"uv": [2, 2, 3, 3], "texture": "#1"}, "down": {"uv": [2, 2, 3, 3], "texture": "#1"} } }, { "from": [7.57492, 27.05361, 9.05], "to": [8.42492, 27.84066, 9.25], "rotation": {"angle": 0, "axis": "y", "origin": [0.52492, 38.64561, 17.875]}, "faces": { "north": {"uv": [2, 2, 3, 3], "texture": "#1"}, "east": {"uv": [2, 2, 3, 3], "texture": "#1"}, "south": {"uv": [2, 2, 3, 3], "texture": "#1"}, "west": {"uv": [2, 2, 3, 3], "texture": "#1"}, "up": {"uv": [2, 2, 3, 3], "texture": "#1"}, "down": {"uv": [2, 2, 3, 3], "texture": "#1"} } }, { "from": [7.57492, 27.84066, 9.275], "to": [8.42492, 28.54026, 9.475], "rotation": {"angle": 0, "axis": "y", "origin": [0.52492, 39.43266, 18.175]}, "faces": { "north": {"uv": [2, 2, 3, 3], "texture": "#1"}, "east": {"uv": [2, 2, 3, 3], "texture": "#1"}, "south": {"uv": [2, 2, 3, 3], "texture": "#1"}, "west": {"uv": [2, 2, 3, 3], "texture": "#1"}, "up": {"uv": [2, 2, 3, 3], "texture": "#1"}, "down": {"uv": [2, 2, 3, 3], "texture": "#1"} } }, { "from": [7.57492, 28.54026, 9.55], "to": [8.42492, 29.10868, 9.75], "rotation": {"angle": 0, "axis": "y", "origin": [0.52492, 40.13226, 18.475]}, "faces": { "north": {"uv": [2, 2, 3, 3], "texture": "#1"}, "east": {"uv": [2, 2, 3, 3], "texture": "#1"}, "south": {"uv": [2, 2, 3, 3], "texture": "#1"}, "west": {"uv": [2, 2, 3, 3], "texture": "#1"}, "up": {"uv": [2, 2, 3, 3], "texture": "#1"}, "down": {"uv": [2, 2, 3, 3], "texture": "#1"} } }, { "from": [7.57492, 7.37736, 7.55], "to": [8.42492, 9.12636, 7.75], "rotation": {"angle": 0, "axis": "y", "origin": [0.52492, 18.96936, 15.9]}, "faces": { "north": {"uv": [2, 2, 3, 3], "texture": "#1"}, "east": {"uv": [2, 2, 3, 3], "texture": "#1"}, "south": {"uv": [2, 2, 3, 3], "texture": "#1"}, "west": {"uv": [2, 2, 3, 3], "texture": "#1"}, "up": {"uv": [2, 2, 3, 3], "texture": "#1"}, "down": {"uv": [2, 2, 3, 3], "texture": "#1"} } }, { "from": [7.57492, -2.24214, 7.5], "to": [8.42492, 5.62836, 7.7], "rotation": {"angle": 0, "axis": "y", "origin": [0.52492, 15.47136, 15.85]}, "faces": { "north": {"uv": [2, 2, 3, 3], "texture": "#1"}, "east": {"uv": [2, 2, 3, 3], "texture": "#1"}, "south": {"uv": [2, 2, 3, 3], "texture": "#1"}, "west": {"uv": [2, 2, 3, 3], "texture": "#1"}, "up": {"uv": [2, 2, 3, 3], "texture": "#1"}, "down": {"uv": [2, 2, 3, 3], "texture": "#1"} } }, { "from": [7.57492, 5.62836, 7.525], "to": [8.42492, 7.37736, 7.725], "rotation": {"angle": 0, "axis": "y", "origin": [0.52492, 17.22036, 15.875]}, "faces": { "north": {"uv": [2, 2, 3, 3], "texture": "#1"}, "east": {"uv": [2, 2, 3, 3], "texture": "#1"}, "south": {"uv": [2, 2, 3, 3], "texture": "#1"}, "west": {"uv": [2, 2, 3, 3], "texture": "#1"}, "up": {"uv": [2, 2, 3, 3], "texture": "#1"}, "down": {"uv": [2, 2, 3, 3], "texture": "#1"} } }, { "from": [7.57492, 12.53691, 7.7], "to": [8.42492, 14.11101, 7.9], "rotation": {"angle": 0, "axis": "y", "origin": [0.52492, 24.12891, 16.05]}, "faces": { "north": {"uv": [2, 2, 3, 3], "texture": "#1"}, "east": {"uv": [2, 2, 3, 3], "texture": "#1"}, "south": {"uv": [2, 2, 3, 3], "texture": "#1"}, "west": {"uv": [2, 2, 3, 3], "texture": "#1"}, "up": {"uv": [2, 2, 3, 3], "texture": "#1"}, "down": {"uv": [2, 2, 3, 3], "texture": "#1"} } }, { "from": [7.57492, 18.30861, 8], "to": [8.42492, 19.57663, 8.2], "rotation": {"angle": 0, "axis": "y", "origin": [0.52492, 29.90061, 16.4]}, "faces": { "north": {"uv": [2, 2, 3, 3], "texture": "#1"}, "east": {"uv": [2, 2, 3, 3], "texture": "#1"}, "south": {"uv": [2, 2, 3, 3], "texture": "#1"}, "west": {"uv": [2, 2, 3, 3], "texture": "#1"}, "up": {"uv": [2, 2, 3, 3], "texture": "#1"}, "down": {"uv": [2, 2, 3, 3], "texture": "#1"} } }, { "from": [7.57492, 29.10868, 9.75], "to": [8.42492, 29.67711, 9.95], "rotation": {"angle": 0, "axis": "y", "origin": [0.52492, 40.70068, 18.775]}, "faces": { "north": {"uv": [2, 2, 3, 3], "texture": "#1"}, "east": {"uv": [2, 2, 3, 3], "texture": "#1"}, "south": {"uv": [15, 2, 16, 3], "texture": "#2"}, "west": {"uv": [2, 2, 3, 3], "texture": "#1"}, "up": {"uv": [2, 2, 3, 3], "texture": "#1"}, "down": {"uv": [15, 2, 16, 3], "texture": "#2"} } }, { "name": "octagon", "from": [7.86449, -13.451, 7.64], "to": [8.13551, -13.251, 8.36], "rotation": {"angle": 0, "axis": "y", "origin": [8, -10.301, 8]}, "faces": { "north": {"uv": [4, 5, 5, 6], "texture": "#2"}, "east": {"uv": [4, 5, 5, 6], "texture": "#2"}, "south": {"uv": [4, 5, 5, 6], "texture": "#2"}, "west": {"uv": [4, 5, 5, 6], "texture": "#2"}, "up": {"uv": [4, 5, 5, 6], "texture": "#2"}, "down": {"uv": [4, 5, 5, 6], "texture": "#2"} } }, { "name": "octagon", "from": [7.86449, -13.25, 7.44], "to": [8.13551, -12.45, 7.64], "rotation": {"angle": 0, "axis": "y", "origin": [8, -10.5, 8]}, "faces": { "north": {"uv": [4, 5, 5, 6], "texture": "#2"}, "east": {"uv": [4, 5, 5, 6], "texture": "#2"}, "south": {"uv": [4, 5, 5, 6], "texture": "#2"}, "west": {"uv": [4, 5, 5, 6], "texture": "#2"}, "up": {"uv": [4, 5, 5, 6], "texture": "#2"}, "down": {"uv": [4, 5, 5, 6], "texture": "#2"} } }, { "name": "octagon", "from": [7.86449, -13.25, 8.36], "to": [8.13551, -12.45, 8.56], "rotation": {"angle": 0, "axis": "y", "origin": [8, -10.5, 8.02]}, "faces": { "north": {"uv": [4, 5, 5, 6], "texture": "#2"}, "east": {"uv": [4, 5, 5, 6], "texture": "#2"}, "south": {"uv": [4, 5, 5, 6], "texture": "#2"}, "west": {"uv": [4, 5, 5, 6], "texture": "#2"}, "up": {"uv": [4, 5, 5, 6], "texture": "#2"}, "down": {"uv": [4, 5, 5, 6], "texture": "#2"} } }, { "name": "octagon", "from": [7.64, -14.251, 7.66449], "to": [8.36, -14.051, 7.93551], "rotation": {"angle": 0, "axis": "y", "origin": [8, -10.301, 8]}, "faces": { "north": {"uv": [4, 5, 5, 6], "texture": "#2"}, "east": {"uv": [4, 5, 5, 6], "texture": "#2"}, "south": {"uv": [4, 5, 5, 6], "texture": "#2"}, "west": {"uv": [4, 5, 5, 6], "texture": "#2"}, "up": {"uv": [4, 5, 5, 6], "texture": "#2"}, "down": {"uv": [4, 5, 5, 6], "texture": "#2"} } }, { "name": "octagon", "from": [7.44, -14.05, 7.66449], "to": [7.64, -13.25, 7.93551], "rotation": {"angle": 0, "axis": "y", "origin": [7.98, -10.5, 8]}, "faces": { "north": {"uv": [4, 5, 5, 6], "texture": "#2"}, "east": {"uv": [4, 5, 5, 6], "texture": "#2"}, "south": {"uv": [4, 5, 5, 6], "texture": "#2"}, "west": {"uv": [4, 5, 5, 6], "texture": "#2"}, "up": {"uv": [4, 5, 5, 6], "texture": "#2"}, "down": {"uv": [4, 5, 5, 6], "texture": "#2"} } }, { "name": "octagon", "from": [8.36, -14.05, 7.66449], "to": [8.56, -13.25, 7.93551], "rotation": {"angle": 0, "axis": "y", "origin": [8, -10.5, 8]}, "faces": { "north": {"uv": [4, 5, 5, 6], "texture": "#2"}, "east": {"uv": [4, 5, 5, 6], "texture": "#2"}, "south": {"uv": [4, 5, 5, 6], "texture": "#2"}, "west": {"uv": [4, 5, 5, 6], "texture": "#2"}, "up": {"uv": [4, 5, 5, 6], "texture": "#2"}, "down": {"uv": [4, 5, 5, 6], "texture": "#2"} } }, { "name": "octagon", "from": [7.64, -13.251, 7.66449], "to": [8.36, -13.051, 7.93551], "rotation": {"angle": 0, "axis": "y", "origin": [8, -10.301, 8]}, "faces": { "north": {"uv": [4, 5, 5, 6], "texture": "#2"}, "east": {"uv": [4, 5, 5, 6], "texture": "#2"}, "south": {"uv": [4, 5, 5, 6], "texture": "#2"}, "west": {"uv": [4, 5, 5, 6], "texture": "#2"}, "up": {"uv": [4, 5, 5, 6], "texture": "#2"}, "down": {"uv": [4, 5, 5, 6], "texture": "#2"} } }, { "name": "octagon", "from": [7.86449, -14.85, 7.935], "to": [8.13551, -14.05, 8.135], "rotation": {"angle": 0, "axis": "y", "origin": [8, -10.5, 8.02]}, "faces": { "north": {"uv": [4, 5, 5, 6], "texture": "#2"}, "east": {"uv": [4, 5, 5, 6], "texture": "#2"}, "south": {"uv": [4, 5, 5, 6], "texture": "#2"}, "west": {"uv": [4, 5, 5, 6], "texture": "#2"}, "up": {"uv": [4, 5, 5, 6], "texture": "#2"}, "down": {"uv": [4, 5, 5, 6], "texture": "#2"} } }, { "name": "octagon", "from": [7.86449, -14.85, 7.015], "to": [8.13551, -14.05, 7.215], "rotation": {"angle": 0, "axis": "y", "origin": [8, -10.5, 8]}, "faces": { "north": {"uv": [4, 5, 5, 6], "texture": "#2"}, "east": {"uv": [4, 5, 5, 6], "texture": "#2"}, "south": {"uv": [4, 5, 5, 6], "texture": "#2"}, "west": {"uv": [4, 5, 5, 6], "texture": "#2"}, "up": {"uv": [4, 5, 5, 6], "texture": "#2"}, "down": {"uv": [4, 5, 5, 6], "texture": "#2"} } }, { "name": "octagon", "from": [7.86449, -15.051, 7.215], "to": [8.13551, -14.851, 7.935], "rotation": {"angle": 0, "axis": "y", "origin": [8, -10.301, 8]}, "faces": { "north": {"uv": [4, 5, 5, 6], "texture": "#2"}, "east": {"uv": [4, 5, 5, 6], "texture": "#2"}, "south": {"uv": [4, 5, 5, 6], "texture": "#2"}, "west": {"uv": [4, 5, 5, 6], "texture": "#2"}, "up": {"uv": [4, 5, 5, 6], "texture": "#2"}, "down": {"uv": [4, 5, 5, 6], "texture": "#2"} } }, { "name": "octagon", "from": [7.86449, -14.051, 7.215], "to": [8.13551, -13.851, 7.935], "rotation": {"angle": 0, "axis": "y", "origin": [8, -10.301, 8]}, "faces": { "north": {"uv": [4, 5, 5, 6], "texture": "#2"}, "east": {"uv": [4, 5, 5, 6], "texture": "#2"}, "south": {"uv": [4, 5, 5, 6], "texture": "#2"}, "west": {"uv": [4, 5, 5, 6], "texture": "#2"}, "up": {"uv": [4, 5, 5, 6], "texture": "#2"}, "down": {"uv": [4, 5, 5, 6], "texture": "#2"} } }, { "name": "octagon", "from": [7.64, -14.78601, 7.2245], "to": [8.36, -14.51499, 7.4245], "rotation": {"angle": 0, "axis": "y", "origin": [8, -14.1005, 7.35]}, "faces": { "north": {"uv": [4, 5, 5, 6], "rotation": 270, "texture": "#2"}, "east": {"uv": [4, 5, 5, 6], "rotation": 270, "texture": "#2"}, "south": {"uv": [4, 5, 5, 6], "rotation": 270, "texture": "#2"}, "west": {"uv": [4, 5, 5, 6], "rotation": 270, "texture": "#2"}, "up": {"uv": [4, 5, 5, 6], "rotation": 270, "texture": "#2"}, "down": {"uv": [4, 5, 5, 6], "rotation": 270, "texture": "#2"} } }, { "name": "octagon", "from": [7.64, -14.78601, 6.2245], "to": [8.36, -14.51499, 6.4245], "rotation": {"angle": 0, "axis": "y", "origin": [8, -14.1005, 7.35]}, "faces": { "north": {"uv": [4, 5, 5, 6], "rotation": 270, "texture": "#2"}, "east": {"uv": [4, 5, 5, 6], "rotation": 270, "texture": "#2"}, "south": {"uv": [4, 5, 5, 6], "rotation": 270, "texture": "#2"}, "west": {"uv": [4, 5, 5, 6], "rotation": 270, "texture": "#2"}, "up": {"uv": [4, 5, 5, 6], "rotation": 270, "texture": "#2"}, "down": {"uv": [4, 5, 5, 6], "rotation": 270, "texture": "#2"} } }, { "name": "octagon", "from": [7.44, -14.78601, 6.4255], "to": [7.64, -14.51499, 7.2255], "rotation": {"angle": 0, "axis": "y", "origin": [8, -14.1005, 7.35]}, "faces": { "north": {"uv": [4, 5, 5, 6], "rotation": 270, "texture": "#2"}, "east": {"uv": [4, 5, 5, 6], "rotation": 270, "texture": "#2"}, "south": {"uv": [4, 5, 5, 6], "rotation": 270, "texture": "#2"}, "west": {"uv": [4, 5, 5, 6], "rotation": 270, "texture": "#2"}, "up": {"uv": [4, 5, 5, 6], "rotation": 270, "texture": "#2"}, "down": {"uv": [4, 5, 5, 6], "rotation": 270, "texture": "#2"} } }, { "name": "octagon", "from": [8.36, -14.78601, 6.4255], "to": [8.56, -14.51499, 7.2255], "rotation": {"angle": 0, "axis": "y", "origin": [8, -14.1005, 7.35]}, "faces": { "north": {"uv": [4, 5, 5, 6], "rotation": 270, "texture": "#2"}, "east": {"uv": [4, 5, 5, 6], "rotation": 270, "texture": "#2"}, "south": {"uv": [4, 5, 5, 6], "rotation": 270, "texture": "#2"}, "west": {"uv": [4, 5, 5, 6], "rotation": 270, "texture": "#2"}, "up": {"uv": [4, 5, 5, 6], "rotation": 270, "texture": "#2"}, "down": {"uv": [4, 5, 5, 6], "rotation": 270, "texture": "#2"} } }, { "name": "octagon", "from": [7.63949, -15.201, 5.714], "to": [8.35949, -14.92998, 5.914], "rotation": {"angle": 0, "axis": "y", "origin": [8.22449, -14.11549, 7.3395]}, "faces": { "north": {"uv": [4, 5, 5, 6], "rotation": 270, "texture": "#2"}, "east": {"uv": [4, 5, 5, 6], "rotation": 270, "texture": "#2"}, "south": {"uv": [4, 5, 5, 6], "rotation": 270, "texture": "#2"}, "west": {"uv": [4, 5, 5, 6], "rotation": 270, "texture": "#2"}, "up": {"uv": [4, 5, 5, 6], "rotation": 270, "texture": "#2"}, "down": {"uv": [4, 5, 5, 6], "rotation": 270, "texture": "#2"} } }, { "name": "octagon", "from": [7.86245, -15.42998, 3.393], "to": [8.13347, -14.62998, 3.593], "rotation": {"angle": 0, "axis": "y", "origin": [8.87296, -10.50498, 8.028]}, "faces": { "north": {"uv": [4, 5, 5, 6], "texture": "#2"}, "east": {"uv": [4, 5, 5, 6], "texture": "#2"}, "south": {"uv": [4, 5, 5, 6], "texture": "#2"}, "west": {"uv": [4, 5, 5, 6], "texture": "#2"}, "up": {"uv": [4, 5, 5, 6], "texture": "#2"}, "down": {"uv": [4, 5, 5, 6], "texture": "#2"} } }, { "name": "octagon", "from": [7.86245, -15.63098, 2.673], "to": [8.13347, -15.43098, 3.393], "rotation": {"angle": 0, "axis": "y", "origin": [8.87296, -10.30598, 8.008]}, "faces": { "north": {"uv": [4, 5, 5, 6], "texture": "#2"}, "east": {"uv": [4, 5, 5, 6], "texture": "#2"}, "south": {"uv": [4, 5, 5, 6], "texture": "#2"}, "west": {"uv": [4, 5, 5, 6], "texture": "#2"}, "up": {"uv": [4, 5, 5, 6], "texture": "#2"}, "down": {"uv": [4, 5, 5, 6], "texture": "#2"} } }, { "name": "octagon", "from": [7.86245, -15.42998, 2.473], "to": [8.13347, -14.62998, 2.673], "rotation": {"angle": 0, "axis": "y", "origin": [8.87296, -10.50498, 8.008]}, "faces": { "north": {"uv": [4, 5, 5, 6], "texture": "#2"}, "east": {"uv": [4, 5, 5, 6], "texture": "#2"}, "south": {"uv": [4, 5, 5, 6], "texture": "#2"}, "west": {"uv": [4, 5, 5, 6], "texture": "#2"}, "up": {"uv": [4, 5, 5, 6], "texture": "#2"}, "down": {"uv": [4, 5, 5, 6], "texture": "#2"} } }, { "name": "octagon", "from": [7.86245, -14.63098, 2.673], "to": [8.13347, -14.43098, 3.393], "rotation": {"angle": 0, "axis": "y", "origin": [8.87296, -10.30598, 8.008]}, "faces": { "north": {"uv": [4, 5, 5, 6], "texture": "#2"}, "east": {"uv": [4, 5, 5, 6], "texture": "#2"}, "south": {"uv": [4, 5, 5, 6], "texture": "#2"}, "west": {"uv": [4, 5, 5, 6], "texture": "#2"}, "up": {"uv": [4, 5, 5, 6], "texture": "#2"}, "down": {"uv": [4, 5, 5, 6], "texture": "#2"} } }, { "name": "octagon", "from": [7.63847, -15.201, 3.193], "to": [8.35847, -14.92998, 3.393], "rotation": {"angle": 0, "axis": "y", "origin": [8.64847, -14.11549, 7.3435]}, "faces": { "north": {"uv": [4, 5, 5, 6], "rotation": 270, "texture": "#2"}, "east": {"uv": [4, 5, 5, 6], "rotation": 270, "texture": "#2"}, "south": {"uv": [4, 5, 5, 6], "rotation": 270, "texture": "#2"}, "west": {"uv": [4, 5, 5, 6], "rotation": 270, "texture": "#2"}, "up": {"uv": [4, 5, 5, 6], "rotation": 270, "texture": "#2"}, "down": {"uv": [4, 5, 5, 6], "rotation": 270, "texture": "#2"} } }, { "name": "octagon", "from": [8.35847, -15.201, 3.394], "to": [8.55847, -14.92998, 4.194], "rotation": {"angle": 0, "axis": "y", "origin": [8.64847, -14.11549, 7.3435]}, "faces": { "north": {"uv": [4, 5, 5, 6], "rotation": 270, "texture": "#2"}, "east": {"uv": [4, 5, 5, 6], "rotation": 270, "texture": "#2"}, "south": {"uv": [4, 5, 5, 6], "rotation": 270, "texture": "#2"}, "west": {"uv": [4, 5, 5, 6], "rotation": 270, "texture": "#2"}, "up": {"uv": [4, 5, 5, 6], "rotation": 270, "texture": "#2"}, "down": {"uv": [4, 5, 5, 6], "rotation": 270, "texture": "#2"} } }, { "name": "octagon", "from": [7.43847, -15.201, 3.394], "to": [7.63847, -14.92998, 4.194], "rotation": {"angle": 0, "axis": "y", "origin": [8.64847, -14.11549, 7.3435]}, "faces": { "north": {"uv": [4, 5, 5, 6], "rotation": 270, "texture": "#2"}, "east": {"uv": [4, 5, 5, 6], "rotation": 270, "texture": "#2"}, "south": {"uv": [4, 5, 5, 6], "rotation": 270, "texture": "#2"}, "west": {"uv": [4, 5, 5, 6], "rotation": 270, "texture": "#2"}, "up": {"uv": [4, 5, 5, 6], "rotation": 270, "texture": "#2"}, "down": {"uv": [4, 5, 5, 6], "rotation": 270, "texture": "#2"} } }, { "name": "octagon", "from": [7.63847, -15.201, 4.193], "to": [8.35847, -14.92998, 4.393], "rotation": {"angle": 0, "axis": "y", "origin": [8.64847, -14.11549, 7.3435]}, "faces": { "north": {"uv": [4, 5, 5, 6], "rotation": 270, "texture": "#2"}, "east": {"uv": [4, 5, 5, 6], "rotation": 270, "texture": "#2"}, "south": {"uv": [4, 5, 5, 6], "rotation": 270, "texture": "#2"}, "west": {"uv": [4, 5, 5, 6], "rotation": 270, "texture": "#2"}, "up": {"uv": [4, 5, 5, 6], "rotation": 270, "texture": "#2"}, "down": {"uv": [4, 5, 5, 6], "rotation": 270, "texture": "#2"} } }, { "name": "octagon", "from": [7.43949, -15.201, 4.915], "to": [7.63949, -14.92998, 5.715], "rotation": {"angle": 0, "axis": "y", "origin": [8.22449, -14.11549, 7.3395]}, "faces": { "north": {"uv": [4, 5, 5, 6], "rotation": 270, "texture": "#2"}, "east": {"uv": [4, 5, 5, 6], "rotation": 270, "texture": "#2"}, "south": {"uv": [4, 5, 5, 6], "rotation": 270, "texture": "#2"}, "west": {"uv": [4, 5, 5, 6], "rotation": 270, "texture": "#2"}, "up": {"uv": [4, 5, 5, 6], "rotation": 270, "texture": "#2"}, "down": {"uv": [4, 5, 5, 6], "rotation": 270, "texture": "#2"} } }, { "name": "octagon", "from": [8.35949, -15.201, 4.915], "to": [8.55949, -14.92998, 5.715], "rotation": {"angle": 0, "axis": "y", "origin": [8.22449, -14.11549, 7.3395]}, "faces": { "north": {"uv": [4, 5, 5, 6], "rotation": 270, "texture": "#2"}, "east": {"uv": [4, 5, 5, 6], "rotation": 270, "texture": "#2"}, "south": {"uv": [4, 5, 5, 6], "rotation": 270, "texture": "#2"}, "west": {"uv": [4, 5, 5, 6], "rotation": 270, "texture": "#2"}, "up": {"uv": [4, 5, 5, 6], "rotation": 270, "texture": "#2"}, "down": {"uv": [4, 5, 5, 6], "rotation": 270, "texture": "#2"} } }, { "name": "octagon", "from": [7.63949, -15.201, 4.714], "to": [8.35949, -14.92998, 4.914], "rotation": {"angle": 0, "axis": "y", "origin": [8.22449, -14.11549, 7.3395]}, "faces": { "north": {"uv": [4, 5, 5, 6], "rotation": 270, "texture": "#2"}, "east": {"uv": [4, 5, 5, 6], "rotation": 270, "texture": "#2"}, "south": {"uv": [4, 5, 5, 6], "rotation": 270, "texture": "#2"}, "west": {"uv": [4, 5, 5, 6], "rotation": 270, "texture": "#2"}, "up": {"uv": [4, 5, 5, 6], "rotation": 270, "texture": "#2"}, "down": {"uv": [4, 5, 5, 6], "rotation": 270, "texture": "#2"} } }, { "name": "octagon", "from": [7.86398, -15.51599, 5.7045], "to": [8.135, -15.31599, 6.4245], "rotation": {"angle": 0, "axis": "y", "origin": [8.22449, -10.31599, 7.9895]}, "faces": { "north": {"uv": [4, 5, 5, 6], "texture": "#2"}, "east": {"uv": [4, 5, 5, 6], "texture": "#2"}, "south": {"uv": [4, 5, 5, 6], "texture": "#2"}, "west": {"uv": [4, 5, 5, 6], "texture": "#2"}, "up": {"uv": [4, 5, 5, 6], "texture": "#2"}, "down": {"uv": [4, 5, 5, 6], "texture": "#2"} } }, { "name": "octagon", "from": [7.86398, -15.31499, 6.4245], "to": [8.135, -14.51499, 6.6245], "rotation": {"angle": 0, "axis": "y", "origin": [8.22449, -10.51499, 8.0095]}, "faces": { "north": {"uv": [4, 5, 5, 6], "texture": "#2"}, "east": {"uv": [4, 5, 5, 6], "texture": "#2"}, "south": {"uv": [4, 5, 5, 6], "texture": "#2"}, "west": {"uv": [4, 5, 5, 6], "texture": "#2"}, "up": {"uv": [4, 5, 5, 6], "texture": "#2"}, "down": {"uv": [4, 5, 5, 6], "texture": "#2"} } }, { "name": "octagon", "from": [7.86347, -15.93098, 4.194], "to": [8.13449, -15.73098, 4.914], "rotation": {"angle": 0, "axis": "y", "origin": [8.44898, -10.30598, 8.004]}, "faces": { "north": {"uv": [4, 5, 5, 6], "texture": "#2"}, "east": {"uv": [4, 5, 5, 6], "texture": "#2"}, "south": {"uv": [4, 5, 5, 6], "texture": "#2"}, "west": {"uv": [4, 5, 5, 6], "texture": "#2"}, "up": {"uv": [4, 5, 5, 6], "texture": "#2"}, "down": {"uv": [4, 5, 5, 6], "texture": "#2"} } }, { "name": "octagon", "from": [7.86347, -15.72998, 3.994], "to": [8.13449, -14.92998, 4.194], "rotation": {"angle": 0, "axis": "y", "origin": [8.44898, -10.50498, 8.004]}, "faces": { "north": {"uv": [4, 5, 5, 6], "texture": "#2"}, "east": {"uv": [4, 5, 5, 6], "texture": "#2"}, "south": {"uv": [4, 5, 5, 6], "texture": "#2"}, "west": {"uv": [4, 5, 5, 6], "texture": "#2"}, "up": {"uv": [4, 5, 5, 6], "texture": "#2"}, "down": {"uv": [4, 5, 5, 6], "texture": "#2"} } }, { "name": "octagon", "from": [7.86347, -14.93098, 4.194], "to": [8.13449, -14.73098, 4.914], "rotation": {"angle": 0, "axis": "y", "origin": [8.44898, -10.30598, 8.004]}, "faces": { "north": {"uv": [4, 5, 5, 6], "texture": "#2"}, "east": {"uv": [4, 5, 5, 6], "texture": "#2"}, "south": {"uv": [4, 5, 5, 6], "texture": "#2"}, "west": {"uv": [4, 5, 5, 6], "texture": "#2"}, "up": {"uv": [4, 5, 5, 6], "texture": "#2"}, "down": {"uv": [4, 5, 5, 6], "texture": "#2"} } }, { "name": "octagon", "from": [7.86347, -15.72998, 4.914], "to": [8.13449, -14.92998, 5.114], "rotation": {"angle": 0, "axis": "y", "origin": [8.44898, -10.50498, 8.024]}, "faces": { "north": {"uv": [4, 5, 5, 6], "texture": "#2"}, "east": {"uv": [4, 5, 5, 6], "texture": "#2"}, "south": {"uv": [4, 5, 5, 6], "texture": "#2"}, "west": {"uv": [4, 5, 5, 6], "texture": "#2"}, "up": {"uv": [4, 5, 5, 6], "texture": "#2"}, "down": {"uv": [4, 5, 5, 6], "texture": "#2"} } }, { "name": "octagon", "from": [7.86398, -14.51599, 5.7045], "to": [8.135, -14.31599, 6.4245], "rotation": {"angle": 0, "axis": "y", "origin": [8.22449, -10.31599, 7.9895]}, "faces": { "north": {"uv": [4, 5, 5, 6], "texture": "#2"}, "east": {"uv": [4, 5, 5, 6], "texture": "#2"}, "south": {"uv": [4, 5, 5, 6], "texture": "#2"}, "west": {"uv": [4, 5, 5, 6], "texture": "#2"}, "up": {"uv": [4, 5, 5, 6], "texture": "#2"}, "down": {"uv": [4, 5, 5, 6], "texture": "#2"} } }, { "name": "octagon", "from": [7.86398, -15.31499, 5.5045], "to": [8.135, -14.51499, 5.7045], "rotation": {"angle": 0, "axis": "y", "origin": [8.22449, -10.51499, 7.9895]}, "faces": { "north": {"uv": [4, 5, 5, 6], "texture": "#2"}, "east": {"uv": [4, 5, 5, 6], "texture": "#2"}, "south": {"uv": [4, 5, 5, 6], "texture": "#2"}, "west": {"uv": [4, 5, 5, 6], "texture": "#2"}, "up": {"uv": [4, 5, 5, 6], "texture": "#2"}, "down": {"uv": [4, 5, 5, 6], "texture": "#2"} } }, { "name": "Holder", "from": [7.48228, -2.65, 7.15], "to": [8.52492, -1.9, 8.85], "rotation": {"angle": 0, "axis": "y", "origin": [8.0536, -3.5, 8]}, "faces": { "north": {"uv": [4, 8, 5, 9], "texture": "#2"}, "east": {"uv": [4, 8, 5, 9], "texture": "#2"}, "south": {"uv": [4, 8, 5, 9], "texture": "#2"}, "west": {"uv": [4, 8, 5, 9], "texture": "#2"}, "up": {"uv": [4, 8, 5, 9], "texture": "#2"}, "down": {"uv": [4, 8, 5, 9], "texture": "#2"} } }, { "name": "octagon", "from": [7.225, -10.85, 7.83934], "to": [8.775, -10.75, 8.16066], "rotation": {"angle": 0, "axis": "y", "origin": [8, -9.5, 8]}, "faces": { "north": {"uv": [2, 2, 3, 3], "texture": "#1"}, "east": {"uv": [2, 2, 3, 3], "texture": "#1"}, "south": {"uv": [2, 2, 3, 3], "texture": "#1"}, "west": {"uv": [2, 2, 3, 3], "texture": "#1"}, "up": {"uv": [2, 2, 3, 3], "texture": "#1"}, "down": {"uv": [2, 2, 3, 3], "texture": "#1"} } }, { "name": "octagon", "from": [7.225, -8.1, 7.93934], "to": [8.775, -7.65, 8.06066], "rotation": {"angle": 0, "axis": "y", "origin": [8, -9.5, 8]}, "faces": { "north": {"uv": [2, 2, 3, 3], "texture": "#1"}, "east": {"uv": [2, 2, 3, 3], "texture": "#1"}, "south": {"uv": [2, 2, 3, 3], "texture": "#1"}, "west": {"uv": [2, 2, 3, 3], "texture": "#1"}, "up": {"uv": [2, 2, 3, 3], "texture": "#1"}, "down": {"uv": [2, 2, 3, 3], "texture": "#1"} } }, { "name": "octagon", "from": [7.225, -7.1, 7.83934], "to": [8.775, -7, 8.16066], "rotation": {"angle": 0, "axis": "y", "origin": [8, -9.5, 8]}, "faces": { "north": {"uv": [2, 2, 3, 3], "texture": "#1"}, "east": {"uv": [2, 2, 3, 3], "texture": "#1"}, "south": {"uv": [2, 2, 3, 3], "texture": "#1"}, "west": {"uv": [2, 2, 3, 3], "texture": "#1"}, "up": {"uv": [2, 2, 3, 3], "texture": "#1"}, "down": {"uv": [2, 2, 3, 3], "texture": "#1"} } }, { "name": "octagon", "from": [7.225, -4.85, 7.83934], "to": [8.775, -4.75, 8.16066], "rotation": {"angle": 0, "axis": "y", "origin": [8, -9.5, 8]}, "faces": { "north": {"uv": [2, 2, 3, 3], "texture": "#1"}, "east": {"uv": [2, 2, 3, 3], "texture": "#1"}, "south": {"uv": [2, 2, 3, 3], "texture": "#1"}, "west": {"uv": [2, 2, 3, 3], "texture": "#1"}, "up": {"uv": [2, 2, 3, 3], "texture": "#1"}, "down": {"uv": [2, 2, 3, 3], "texture": "#1"} } }, { "name": "octagon", "from": [7.225, -7.35, 7.93934], "to": [8.775, -6.9, 8.06066], "rotation": {"angle": 0, "axis": "y", "origin": [8, -9.5, 8]}, "faces": { "north": {"uv": [2, 2, 3, 3], "texture": "#1"}, "east": {"uv": [2, 2, 3, 3], "texture": "#1"}, "south": {"uv": [2, 2, 3, 3], "texture": "#1"}, "west": {"uv": [2, 2, 3, 3], "texture": "#1"}, "up": {"uv": [2, 2, 3, 3], "texture": "#1"}, "down": {"uv": [2, 2, 3, 3], "texture": "#1"} } }, { "name": "octagon", "from": [7.225, -5.1, 7.93934], "to": [8.775, -4.65, 8.06066], "rotation": {"angle": 0, "axis": "y", "origin": [8, -9.5, 8]}, "faces": { "north": {"uv": [2, 2, 3, 3], "texture": "#1"}, "east": {"uv": [2, 2, 3, 3], "texture": "#1"}, "south": {"uv": [2, 2, 3, 3], "texture": "#1"}, "west": {"uv": [2, 2, 3, 3], "texture": "#1"}, "up": {"uv": [2, 2, 3, 3], "texture": "#1"}, "down": {"uv": [2, 2, 3, 3], "texture": "#1"} } }, { "name": "octagon", "from": [7.225, -6.35, 7.83934], "to": [8.775, -6.25, 8.16066], "rotation": {"angle": 0, "axis": "y", "origin": [8, -9.5, 8]}, "faces": { "north": {"uv": [2, 2, 3, 3], "texture": "#1"}, "east": {"uv": [2, 2, 3, 3], "texture": "#1"}, "south": {"uv": [2, 2, 3, 3], "texture": "#1"}, "west": {"uv": [2, 2, 3, 3], "texture": "#1"}, "up": {"uv": [2, 2, 3, 3], "texture": "#1"}, "down": {"uv": [2, 2, 3, 3], "texture": "#1"} } }, { "name": "octagon", "from": [7.225, -4.1, 7.83934], "to": [8.775, -4, 8.16066], "rotation": {"angle": 0, "axis": "y", "origin": [8, -9.5, 8]}, "faces": { "north": {"uv": [2, 2, 3, 3], "texture": "#1"}, "east": {"uv": [2, 2, 3, 3], "texture": "#1"}, "south": {"uv": [2, 2, 3, 3], "texture": "#1"}, "west": {"uv": [2, 2, 3, 3], "texture": "#1"}, "up": {"uv": [2, 2, 3, 3], "texture": "#1"}, "down": {"uv": [2, 2, 3, 3], "texture": "#1"} } }, { "name": "octagon", "from": [7.225, -5.85, 7.93934], "to": [8.775, -5.4, 8.06066], "rotation": {"angle": 0, "axis": "y", "origin": [8, -9.5, 8]}, "faces": { "north": {"uv": [2, 2, 3, 3], "texture": "#1"}, "east": {"uv": [2, 2, 3, 3], "texture": "#1"}, "south": {"uv": [2, 2, 3, 3], "texture": "#1"}, "west": {"uv": [2, 2, 3, 3], "texture": "#1"}, "up": {"uv": [2, 2, 3, 3], "texture": "#1"}, "down": {"uv": [2, 2, 3, 3], "texture": "#1"} } }, { "name": "octagon", "from": [7.225, -3.6, 7.93934], "to": [8.775, -3.15, 8.06066], "rotation": {"angle": 0, "axis": "y", "origin": [8, -9.5, 8]}, "faces": { "north": {"uv": [2, 2, 3, 3], "texture": "#1"}, "east": {"uv": [2, 2, 3, 3], "texture": "#1"}, "south": {"uv": [2, 2, 3, 3], "texture": "#1"}, "west": {"uv": [2, 2, 3, 3], "texture": "#1"}, "up": {"uv": [2, 2, 3, 3], "texture": "#1"}, "down": {"uv": [2, 2, 3, 3], "texture": "#1"} } }, { "name": "octagon", "from": [7.225, -5.6, 7.83934], "to": [8.775, -5.5, 8.16066], "rotation": {"angle": 0, "axis": "y", "origin": [8, -9.5, 8]}, "faces": { "north": {"uv": [2, 2, 3, 3], "texture": "#1"}, "east": {"uv": [2, 2, 3, 3], "texture": "#1"}, "south": {"uv": [2, 2, 3, 3], "texture": "#1"}, "west": {"uv": [2, 2, 3, 3], "texture": "#1"}, "up": {"uv": [2, 2, 3, 3], "texture": "#1"}, "down": {"uv": [2, 2, 3, 3], "texture": "#1"} } }, { "name": "octagon", "from": [7.225, -3.35, 7.83934], "to": [8.775, -3.25, 8.16066], "rotation": {"angle": 0, "axis": "y", "origin": [8, -9.5, 8]}, "faces": { "north": {"uv": [2, 2, 3, 3], "texture": "#1"}, "east": {"uv": [2, 2, 3, 3], "texture": "#1"}, "south": {"uv": [2, 2, 3, 3], "texture": "#1"}, "west": {"uv": [2, 2, 3, 3], "texture": "#1"}, "up": {"uv": [2, 2, 3, 3], "texture": "#1"}, "down": {"uv": [2, 2, 3, 3], "texture": "#1"} } }, { "name": "octagon", "from": [7.225, -6.6, 7.93934], "to": [8.775, -6.15, 8.06066], "rotation": {"angle": 0, "axis": "y", "origin": [8, -9.5, 8]}, "faces": { "north": {"uv": [2, 2, 3, 3], "texture": "#1"}, "east": {"uv": [2, 2, 3, 3], "texture": "#1"}, "south": {"uv": [2, 2, 3, 3], "texture": "#1"}, "west": {"uv": [2, 2, 3, 3], "texture": "#1"}, "up": {"uv": [2, 2, 3, 3], "texture": "#1"}, "down": {"uv": [2, 2, 3, 3], "texture": "#1"} } }, { "name": "octagon", "from": [7.225, -4.35, 7.93934], "to": [8.775, -3.9, 8.06066], "rotation": {"angle": 0, "axis": "y", "origin": [8, -9.5, 8]}, "faces": { "north": {"uv": [2, 2, 3, 3], "texture": "#1"}, "east": {"uv": [2, 2, 3, 3], "texture": "#1"}, "south": {"uv": [2, 2, 3, 3], "texture": "#1"}, "west": {"uv": [2, 2, 3, 3], "texture": "#1"}, "up": {"uv": [2, 2, 3, 3], "texture": "#1"}, "down": {"uv": [2, 2, 3, 3], "texture": "#1"} } }, { "name": "octagon", "from": [7.225, -7.85, 7.83934], "to": [8.775, -7.75, 8.16066], "rotation": {"angle": 0, "axis": "y", "origin": [8, -9.5, 8]}, "faces": { "north": {"uv": [2, 2, 3, 3], "texture": "#1"}, "east": {"uv": [2, 2, 3, 3], "texture": "#1"}, "south": {"uv": [2, 2, 3, 3], "texture": "#1"}, "west": {"uv": [2, 2, 3, 3], "texture": "#1"}, "up": {"uv": [2, 2, 3, 3], "texture": "#1"}, "down": {"uv": [2, 2, 3, 3], "texture": "#1"} } }, { "name": "octagon", "from": [7.225, -9.6, 7.93934], "to": [8.775, -9.15, 8.06066], "rotation": {"angle": 0, "axis": "y", "origin": [8, -9.5, 8]}, "faces": { "north": {"uv": [2, 2, 3, 3], "texture": "#1"}, "east": {"uv": [2, 2, 3, 3], "texture": "#1"}, "south": {"uv": [2, 2, 3, 3], "texture": "#1"}, "west": {"uv": [2, 2, 3, 3], "texture": "#1"}, "up": {"uv": [2, 2, 3, 3], "texture": "#1"}, "down": {"uv": [2, 2, 3, 3], "texture": "#1"} } }, { "name": "octagon", "from": [7.225, -8.6, 7.83934], "to": [8.775, -8.5, 8.16066], "rotation": {"angle": 0, "axis": "y", "origin": [8, -9.5, 8]}, "faces": { "north": {"uv": [2, 2, 3, 3], "texture": "#1"}, "east": {"uv": [2, 2, 3, 3], "texture": "#1"}, "south": {"uv": [2, 2, 3, 3], "texture": "#1"}, "west": {"uv": [2, 2, 3, 3], "texture": "#1"}, "up": {"uv": [2, 2, 3, 3], "texture": "#1"}, "down": {"uv": [2, 2, 3, 3], "texture": "#1"} } }, { "name": "octagon", "from": [7.225, -8.85, 7.93934], "to": [8.775, -8.4, 8.06066], "rotation": {"angle": 0, "axis": "y", "origin": [8, -9.5, 8]}, "faces": { "north": {"uv": [2, 2, 3, 3], "texture": "#1"}, "east": {"uv": [2, 2, 3, 3], "texture": "#1"}, "south": {"uv": [2, 2, 3, 3], "texture": "#1"}, "west": {"uv": [2, 2, 3, 3], "texture": "#1"}, "up": {"uv": [2, 2, 3, 3], "texture": "#1"}, "down": {"uv": [2, 2, 3, 3], "texture": "#1"} } }, { "name": "octagon", "from": [7.225, -9.35, 7.83934], "to": [8.775, -9.25, 8.16066], "rotation": {"angle": 0, "axis": "y", "origin": [8, -9.5, 8]}, "faces": { "north": {"uv": [2, 2, 3, 3], "texture": "#1"}, "east": {"uv": [2, 2, 3, 3], "texture": "#1"}, "south": {"uv": [2, 2, 3, 3], "texture": "#1"}, "west": {"uv": [2, 2, 3, 3], "texture": "#1"}, "up": {"uv": [2, 2, 3, 3], "texture": "#1"}, "down": {"uv": [2, 2, 3, 3], "texture": "#1"} } }, { "name": "octagon", "from": [7.225, -10.35, 7.93934], "to": [8.775, -9.9, 8.06066], "rotation": {"angle": 0, "axis": "y", "origin": [8, -9.5, 8]}, "faces": { "north": {"uv": [2, 2, 3, 3], "texture": "#1"}, "east": {"uv": [2, 2, 3, 3], "texture": "#1"}, "south": {"uv": [2, 2, 3, 3], "texture": "#1"}, "west": {"uv": [2, 2, 3, 3], "texture": "#1"}, "up": {"uv": [2, 2, 3, 3], "texture": "#1"}, "down": {"uv": [2, 2, 3, 3], "texture": "#1"} } }, { "name": "octagon", "from": [7.225, -10.1, 7.83934], "to": [8.775, -10, 8.16066], "rotation": {"angle": 0, "axis": "y", "origin": [8, -9.5, 8]}, "faces": { "north": {"uv": [2, 2, 3, 3], "texture": "#1"}, "east": {"uv": [2, 2, 3, 3], "texture": "#1"}, "south": {"uv": [2, 2, 3, 3], "texture": "#1"}, "west": {"uv": [2, 2, 3, 3], "texture": "#1"}, "up": {"uv": [2, 2, 3, 3], "texture": "#1"}, "down": {"uv": [2, 2, 3, 3], "texture": "#1"} } }, { "name": "octagon", "from": [7.225, -11.1, 7.93934], "to": [8.775, -10.65, 8.06066], "rotation": {"angle": 0, "axis": "y", "origin": [8, -9.5, 8]}, "faces": { "north": {"uv": [2, 2, 3, 3], "texture": "#1"}, "east": {"uv": [2, 2, 3, 3], "texture": "#1"}, "south": {"uv": [2, 2, 3, 3], "texture": "#1"}, "west": {"uv": [2, 2, 3, 3], "texture": "#1"}, "up": {"uv": [2, 2, 3, 3], "texture": "#1"}, "down": {"uv": [2, 2, 3, 3], "texture": "#1"} } } ], "display": { "thirdperson_righthand": { "translation": [0, 7.5, -0.25], "scale": [0.7, 0.7, 0.7] }, "thirdperson_lefthand": { "rotation": [157, -138, 90], "translation": [-3.5, -5.75, 6.5], "scale": [0.7, -0.7, 0.7] }, "firstperson_righthand": { "rotation": [-24, -3, 0], "translation": [2.25, 6.75, -4], "scale": [0.69141, 0.69141, 0.5625] }, "firstperson_lefthand": { "rotation": [133, -180, 0], "translation": [0.75, -2, 8.25], "scale": [0.69141, 0.69141, 0.5625] }, "ground": { "rotation": [90, 0, 0], "translation": [0, -3.25, 2], "scale": [0.69141, 0.69141, 0.5625] }, "gui": { "rotation": [57, 23, -36], "translation": [0.75, 0.5, -0.25], "scale": [0.53, 0.53, 0.53] } }, "groups": [ { "name": "Handle", "origin": [8, 8, 8], "color": 0, "children": [ 0, 1, 2, 3, { "name": "HandleBase", "origin": [8, 8, 8], "color": 0, "children": [4, 5, 6, 7] }, { "name": "Guard", "origin": [8, 8, 8], "color": 0, "children": [ { "name": "octagon", "origin": [8, 8, 8], "color": 0, "children": [] }, { "name": "octagon", "origin": [8, 8, 8], "color": 0, "children": [ { "name": "octagon", "origin": [8, 8, 8], "color": 0, "children": [] } ] }, { "name": "octagon", "origin": [8, 8, 8], "color": 0, "children": [ { "name": "octagon", "origin": [8, 8, 8], "color": 0, "children": [] }, { "name": "octagon", "origin": [8, 8, 8], "color": 0, "children": [ { "name": "octagon", "origin": [8, 8, 8], "color": 0, "children": [] } ] } ] }, { "name": "octagon", "origin": [8, 8, 8], "color": 0, "children": [8, 9, 10, 11] } ] } ] }, { "name": "Inner", "origin": [8, -3, 8], "color": 0, "children": [ { "name": "DarkInner", "origin": [0.52492, 17.22036, 15.875], "color": 0, "children": [12, 13, 14, 15, 16, 17, 18, 19, 20, 21, 22, 23, 24, 25, 26, 27, 28, 29, 30, 31, 32, 33, 34, 35] }, { "name": "LightInner", "origin": [0.52492, 18.96936, 15.9], "color": 0, "children": [36, 37, 38, 39, 40, 41, 42, 43, 44, 45, 46, 47, 48, 49, 50, 51, 52, 53, 54, 55, 56, 57, 58, 59, 60, 61, 62, 63] } ] }, { "name": "Width", "origin": [8, 8, 8], "color": 0, "children": [ { "name": "DarkWidth", "origin": [8, 8, 8], "color": 0, "children": [64, 65, 66, 67, 68, 69, 70, 71, 72, 73, 74, 75, 76, 77, 78, 79, 80, 81, 82, 83] }, { "name": "LightWidth", "origin": [0.52492, 40.70068, 18.775], "color": 0, "children": [84, 85, 86, 87, 88, 89, 90, 91, 92, 93, 94, 95, 96, 97, 98, 99, 100, 101, 102, 103, 104] } ] }, { "name": "Chains", "origin": [8, 8, 8], "color": 0, "children": [105, 106, 107, 108, 109, 110, 111, 112, 113, 114, 115, 116, 117, 118, 119, 120, 121, 122, 123, 124, 125, 126, 127, 128, 129, 130, 131, 132, 133, 134, 135, 136, 137, 138, 139] }, 140, { "name": "group", "origin": [8, 8, 8], "color": 0, "children": [141, 142, 143, 144, 145, 146, 147, 148, 149, 150, 151, 152, 153, 154, 155, 156, 157, 158, 159, 160, 161, 162] } ] }