{ "credit": "Made with Blockbench", "textures": { "0": "timetoplay:roleplay/itmes/katanas/tokyo_knights_bag" }, "elements": [ { "from": [0, -4, 8], "to": [1, 7, 9.4], "rotation": {"angle": -45, "axis": "x", "origin": [0, 0, 8]}, "faces": { "north": {"uv": [0, 0, 1.4, 11], "texture": "#0"}, "east": {"uv": [0, 0, 1.4, 11], "texture": "#0"}, "south": {"uv": [0, 0, 1.4, 11], "texture": "#0"}, "west": {"uv": [0, 0, 1.4, 11], "texture": "#0"}, "up": {"uv": [0, 0, 1.4, 11], "texture": "#0"}, "down": {"uv": [0, 0, 1.4, 11], "texture": "#0"} } }, { "from": [4, -4, 8], "to": [5, 7, 9.4], "rotation": {"angle": -45, "axis": "x", "origin": [17, 0, 8]}, "faces": { "north": {"uv": [0, 0, 1.4, 11], "texture": "#0"}, "east": {"uv": [0, 0, 1.4, 11], "texture": "#0"}, "south": {"uv": [0, 0, 1.4, 11], "texture": "#0"}, "west": {"uv": [0, 0, 1.4, 11], "texture": "#0"}, "up": {"uv": [0, 0, 1.4, 11], "texture": "#0"}, "down": {"uv": [0, 0, 1.4, 11], "texture": "#0"} } }, { "from": [4.9, -8, 7.8], "to": [5.9, 7, 9.7], "rotation": {"angle": -45, "axis": "x", "origin": [17, 0, 8]}, "faces": { "north": {"uv": [14, 1, 15, 2], "texture": "#0"}, "east": {"uv": [14, 1, 15, 2], "texture": "#0"}, "south": {"uv": [14, 1, 15, 2], "texture": "#0"}, "west": {"uv": [14, 1, 15, 2], "texture": "#0"}, "up": {"uv": [14, 1, 15, 2], "texture": "#0"}, "down": {"uv": [14, 1, 15, 2], "texture": "#0"} } }, { "from": [5.2, -8, 8.2], "to": [5.6, 10.4, 9], "rotation": {"angle": -45, "axis": "x", "origin": [17, 0, 8]}, "faces": { "north": {"uv": [14, 7, 15, 8], "texture": "#0"}, "east": {"uv": [14, 7, 15, 8], "texture": "#0"}, "south": {"uv": [14, 7, 15, 8], "texture": "#0"}, "west": {"uv": [14, 7, 15, 8], "texture": "#0"}, "up": {"uv": [14, 7, 15, 8], "texture": "#0"}, "down": {"uv": [14, 7, 15, 8], "texture": "#0"} } }, { "from": [5.3, -8, 8.4], "to": [5.5, 10.4, 9.1], "rotation": {"angle": -45, "axis": "x", "origin": [17, 0, 8]}, "faces": { "north": {"uv": [14, 10, 15, 11], "texture": "#0"}, "east": {"uv": [14, 10, 15, 11], "texture": "#0"}, "south": {"uv": [14, 10, 15, 11], "texture": "#0"}, "west": {"uv": [14, 10, 15, 11], "texture": "#0"}, "up": {"uv": [14, 10, 15, 11], "texture": "#0"}, "down": {"uv": [14, 10, 15, 11], "texture": "#0"} } }, { "from": [5.3625, -8, 8.4], "to": [5.4375, 10.4, 9.2], "rotation": {"angle": -45, "axis": "x", "origin": [17, 0, 8]}, "faces": { "north": {"uv": [14, 13, 15, 14], "texture": "#0"}, "east": {"uv": [14, 13, 15, 14], "texture": "#0"}, "south": {"uv": [14, 13, 15, 14], "texture": "#0"}, "west": {"uv": [14, 13, 15, 14], "texture": "#0"}, "up": {"uv": [14, 13, 15, 14], "texture": "#0"}, "down": {"uv": [14, 13, 15, 14], "texture": "#0"} } }, { "from": [5.075, 11.1, 8.5], "to": [5.725, 11.6, 8.8], "rotation": {"angle": -45, "axis": "x", "origin": [17, 0, 8]}, "faces": { "north": {"uv": [15, 13, 15.3, 13.5], "texture": "#0"}, "east": {"uv": [15, 13, 15.3, 13.5], "texture": "#0"}, "south": {"uv": [15, 13, 15.3, 13.5], "texture": "#0"}, "west": {"uv": [15, 13, 15.3, 13.5], "texture": "#0"}, "up": {"uv": [15, 13, 15.3, 13.5], "texture": "#0"}, "down": {"uv": [15, 13, 15.3, 13.5], "texture": "#0"} } }, { "from": [5.075, 12.7, 8.5], "to": [5.725, 13.2, 8.8], "rotation": {"angle": -45, "axis": "x", "origin": [17, 0, 8]}, "faces": { "north": {"uv": [15, 13, 15.3, 13.5], "texture": "#0"}, "east": {"uv": [15, 13, 15.3, 13.5], "texture": "#0"}, "south": {"uv": [15, 13, 15.3, 13.5], "texture": "#0"}, "west": {"uv": [15, 13, 15.3, 13.5], "texture": "#0"}, "up": {"uv": [15, 13, 15.3, 13.5], "texture": "#0"}, "down": {"uv": [15, 13, 15.3, 13.5], "texture": "#0"} } }, { "from": [5.075, 14.3, 8.5], "to": [5.725, 14.8, 8.8], "rotation": {"angle": -45, "axis": "x", "origin": [17, 0, 8]}, "faces": { "north": {"uv": [15, 13, 15.3, 13.5], "texture": "#0"}, "east": {"uv": [15, 13, 15.3, 13.5], "texture": "#0"}, "south": {"uv": [15, 13, 15.3, 13.5], "texture": "#0"}, "west": {"uv": [15, 13, 15.3, 13.5], "texture": "#0"}, "up": {"uv": [15, 13, 15.3, 13.5], "texture": "#0"}, "down": {"uv": [15, 13, 15.3, 13.5], "texture": "#0"} } }, { "from": [5.075, 11.9, 8.5], "to": [5.725, 12.4, 8.8], "rotation": {"angle": -45, "axis": "x", "origin": [17, 0, 8]}, "faces": { "north": {"uv": [15, 13, 15.3, 13.5], "texture": "#0"}, "east": {"uv": [15, 13, 15.3, 13.5], "texture": "#0"}, "south": {"uv": [15, 13, 15.3, 13.5], "texture": "#0"}, "west": {"uv": [15, 13, 15.3, 13.5], "texture": "#0"}, "up": {"uv": [15, 13, 15.3, 13.5], "texture": "#0"}, "down": {"uv": [15, 13, 15.3, 13.5], "texture": "#0"} } }, { "from": [5.075, 13.5, 8.5], "to": [5.725, 14, 8.8], "rotation": {"angle": -45, "axis": "x", "origin": [17, 0, 8]}, "faces": { "north": {"uv": [15, 13, 15.3, 13.5], "texture": "#0"}, "east": {"uv": [15, 13, 15.3, 13.5], "texture": "#0"}, "south": {"uv": [15, 13, 15.3, 13.5], "texture": "#0"}, "west": {"uv": [15, 13, 15.3, 13.5], "texture": "#0"}, "up": {"uv": [15, 13, 15.3, 13.5], "texture": "#0"}, "down": {"uv": [15, 13, 15.3, 13.5], "texture": "#0"} } }, { "from": [5.075, 15.1, 8.5], "to": [5.725, 15.3, 8.8], "rotation": {"angle": -45, "axis": "x", "origin": [17, 0, 8]}, "faces": { "north": {"uv": [15, 13, 15.3, 13.2], "texture": "#0"}, "east": {"uv": [15, 13, 15.3, 13.2], "texture": "#0"}, "south": {"uv": [15, 13, 15.3, 13.2], "texture": "#0"}, "west": {"uv": [15, 13, 15.3, 13.2], "texture": "#0"}, "up": {"uv": [15, 13, 15.3, 13.2], "texture": "#0"}, "down": {"uv": [15, 13, 15.3, 13.2], "texture": "#0"} } }, { "from": [5.1, 10.7, 8.1], "to": [5.7, 15.4, 9.2], "rotation": {"angle": -45, "axis": "x", "origin": [17, 0, 8]}, "faces": { "north": {"uv": [13, 4, 14, 5], "texture": "#0"}, "east": {"uv": [13, 4, 14, 5], "texture": "#0"}, "south": {"uv": [13, 4, 14, 5], "texture": "#0"}, "west": {"uv": [13, 4, 14, 5], "texture": "#0"}, "up": {"uv": [13, 4, 14, 5], "texture": "#0"}, "down": {"uv": [13, 4, 14, 5], "texture": "#0"} } }, { "from": [5.4, 9.76016, -2.81873], "to": [5.5, 10.96016, -2.51873], "rotation": {"angle": 0, "axis": "y", "origin": [17, -4.43984, -2.91873]}, "faces": { "north": {"uv": [8, 10, 8.3, 11.2], "texture": "#0"}, "east": {"uv": [8, 10, 8.3, 11.2], "texture": "#0"}, "south": {"uv": [8, 10, 8.3, 11.2], "texture": "#0"}, "west": {"uv": [8, 10, 8.3, 11.2], "texture": "#0"}, "up": {"uv": [8, 10, 8.3, 11.2], "texture": "#0"}, "down": {"uv": [8, 10, 8.3, 11.2], "texture": "#0"} } }, { "from": [5.3, 7.0085, -3.24836], "to": [5.6, 9.1085, -2.44836], "rotation": {"angle": 0, "axis": "y", "origin": [17, -6.2915, -3.04836]}, "faces": { "north": {"uv": [8, 13, 8.8, 14], "texture": "#0"}, "east": {"uv": [8, 13, 8.8, 14], "texture": "#0"}, "south": {"uv": [8, 13, 8.8, 14], "texture": "#0"}, "west": {"uv": [8, 13, 8.8, 14], "texture": "#0"}, "up": {"uv": [8, 13, 8.8, 14], "texture": "#0"}, "down": {"uv": [8, 13, 8.8, 14], "texture": "#0"} } }, { "from": [5.55, 8.5085, -2.74836], "to": [5.625, 8.7085, -2.54836], "rotation": {"angle": 0, "axis": "y", "origin": [17, -6.2915, -3.04836]}, "faces": { "north": {"uv": [14, 4, 14.8, 5], "texture": "#0"}, "east": {"uv": [14, 4, 14.8, 5], "texture": "#0"}, "south": {"uv": [14, 4, 14.8, 5], "texture": "#0"}, "west": {"uv": [14, 4, 14.8, 5], "texture": "#0"}, "up": {"uv": [14, 4, 14.8, 5], "texture": "#0"}, "down": {"uv": [14, 4, 14.8, 5], "texture": "#0"} } }, { "from": [5.55, 8.1085, -3.19836], "to": [5.625, 8.3085, -2.49836], "rotation": {"angle": 0, "axis": "y", "origin": [17, -6.2915, -3.04836]}, "faces": { "north": {"uv": [14, 4, 14.8, 5], "texture": "#0"}, "east": {"uv": [14, 4, 14.8, 5], "texture": "#0"}, "south": {"uv": [14, 4, 14.8, 5], "texture": "#0"}, "west": {"uv": [14, 4, 14.8, 5], "texture": "#0"}, "up": {"uv": [14, 4, 14.8, 5], "texture": "#0"}, "down": {"uv": [14, 4, 14.8, 5], "texture": "#0"} } }, { "from": [5.55, 8.5085, -3.14836], "to": [5.625, 8.7085, -2.94836], "rotation": {"angle": 0, "axis": "y", "origin": [17, -6.2915, -3.04836]}, "faces": { "north": {"uv": [14, 4, 14.8, 5], "texture": "#0"}, "east": {"uv": [14, 4, 14.8, 5], "texture": "#0"}, "south": {"uv": [14, 4, 14.8, 5], "texture": "#0"}, "west": {"uv": [14, 4, 14.8, 5], "texture": "#0"}, "up": {"uv": [14, 4, 14.8, 5], "texture": "#0"}, "down": {"uv": [14, 4, 14.8, 5], "texture": "#0"} } }, { "from": [5.4, 13.95355, -13.59102], "to": [5.5, 14.55355, -13.29102], "rotation": {"angle": 45, "axis": "x", "origin": [17, -0.84645, -13.69102]}, "faces": { "north": {"uv": [8, 10, 8.3, 10.6], "texture": "#0"}, "east": {"uv": [8, 10, 8.3, 10.6], "texture": "#0"}, "south": {"uv": [8, 10, 8.3, 10.6], "texture": "#0"}, "west": {"uv": [8, 10, 8.3, 10.6], "texture": "#0"}, "up": {"uv": [8, 10, 8.3, 10.6], "texture": "#0"}, "down": {"uv": [8, 10, 8.3, 10.6], "texture": "#0"} } }, { "from": [5.4, 10.08201, 2.74581], "to": [5.5, 10.68201, 3.04581], "rotation": {"angle": -22.5, "axis": "x", "origin": [17, -4.71799, 2.64581]}, "faces": { "north": {"uv": [8, 10, 8.3, 10.6], "texture": "#0"}, "east": {"uv": [8, 10, 8.3, 10.6], "texture": "#0"}, "south": {"uv": [8, 10, 8.3, 10.6], "texture": "#0"}, "west": {"uv": [8, 10, 8.3, 10.6], "texture": "#0"}, "up": {"uv": [8, 10, 8.3, 10.6], "texture": "#0"}, "down": {"uv": [8, 10, 8.3, 10.6], "texture": "#0"} } }, { "from": [4.8, 10.4, 7.8], "to": [6.1, 10.7, 9.6], "rotation": {"angle": -45, "axis": "x", "origin": [17, 0, 8]}, "faces": { "north": {"uv": [11, 13, 12, 14], "texture": "#0"}, "east": {"uv": [11, 13, 12, 14], "texture": "#0"}, "south": {"uv": [11, 13, 12, 14], "texture": "#0"}, "west": {"uv": [11, 13, 12, 14], "texture": "#0"}, "up": {"uv": [11, 13, 12, 14], "texture": "#0"}, "down": {"uv": [11, 13, 12, 14], "texture": "#0"} } }, { "from": [0, 4.9397, 3.0402], "to": [5, 5.9397, 4.0402], "rotation": {"angle": 0, "axis": "y", "origin": [0, 5.9397, 3.0402]}, "faces": { "north": {"uv": [0, 0, 1, 1], "rotation": 90, "texture": "#0"}, "east": {"uv": [0, 0, 1, 1], "rotation": 90, "texture": "#0"}, "south": {"uv": [0, 0, 1, 1], "rotation": 90, "texture": "#0"}, "west": {"uv": [0, 0, 1, 1], "rotation": 90, "texture": "#0"}, "up": {"uv": [0, 0, 1, 1], "rotation": 90, "texture": "#0"}, "down": {"uv": [0, 0, 1, 1], "rotation": 90, "texture": "#0"} } }, { "from": [0, -2.83848, 10.81838], "to": [5, -1.83848, 11.81838], "rotation": {"angle": 0, "axis": "y", "origin": [0, -1.83848, 10.81838]}, "faces": { "north": {"uv": [0, 0, 1, 1], "rotation": 90, "texture": "#0"}, "east": {"uv": [0, 0, 1, 1], "rotation": 90, "texture": "#0"}, "south": {"uv": [0, 0, 1, 1], "rotation": 90, "texture": "#0"}, "west": {"uv": [0, 0, 1, 1], "rotation": 90, "texture": "#0"}, "up": {"uv": [0, 0, 1, 1], "rotation": 90, "texture": "#0"}, "down": {"uv": [0, 0, 1, 1], "rotation": 90, "texture": "#0"} } }, { "from": [4.9, -5.80477, 13.50894], "to": [5.9, -4.45477, 14.85894], "rotation": {"angle": 0, "axis": "y", "origin": [4.9, -4.45477, 13.85894]}, "faces": { "north": {"uv": [14, 1, 15.35, 2], "rotation": 270, "texture": "#0"}, "east": {"uv": [14, 1, 15.35, 2], "rotation": 270, "texture": "#0"}, "south": {"uv": [14, 1, 15.35, 2], "rotation": 270, "texture": "#0"}, "west": {"uv": [14, 1, 15.35, 2], "rotation": 270, "texture": "#0"}, "up": {"uv": [14, 1, 15.35, 2], "rotation": 270, "texture": "#0"}, "down": {"uv": [14, 1, 15.35, 2], "rotation": 270, "texture": "#0"} } }, { "from": [5.275, 1.93766, 6.81796], "to": [5.925, 2.71266, 7.06796], "rotation": {"angle": 0, "axis": "y", "origin": [17, 0.68766, 8.66796]}, "faces": { "north": {"uv": [15, 13, 15.3, 13.5], "rotation": 180, "texture": "#0"}, "east": {"uv": [15, 13, 15.3, 13.5], "rotation": 90, "texture": "#0"}, "south": {"uv": [15, 13, 15.3, 13.5], "texture": "#0"}, "west": {"uv": [15, 13, 15.3, 13.5], "rotation": 270, "texture": "#0"}, "up": {"uv": [15, 13, 15.3, 13.5], "texture": "#0"}, "down": {"uv": [15, 13, 15.3, 13.5], "rotation": 180, "texture": "#0"} } }, { "from": [5.275, -0.26234, 9.21796], "to": [5.925, 0.51266, 9.46796], "rotation": {"angle": 0, "axis": "y", "origin": [17, -1.51234, 11.06796]}, "faces": { "north": {"uv": [15, 13, 15.3, 13.5], "rotation": 180, "texture": "#0"}, "east": {"uv": [15, 13, 15.3, 13.5], "rotation": 90, "texture": "#0"}, "south": {"uv": [15, 13, 15.3, 13.5], "texture": "#0"}, "west": {"uv": [15, 13, 15.3, 13.5], "rotation": 270, "texture": "#0"}, "up": {"uv": [15, 13, 15.3, 13.5], "texture": "#0"}, "down": {"uv": [15, 13, 15.3, 13.5], "rotation": 180, "texture": "#0"} } }, { "from": [5.275, -2.66234, 11.41796], "to": [5.925, -1.88734, 11.66796], "rotation": {"angle": 0, "axis": "y", "origin": [17, -3.91234, 13.26796]}, "faces": { "north": {"uv": [15, 13, 15.3, 13.5], "rotation": 180, "texture": "#0"}, "east": {"uv": [15, 13, 15.3, 13.5], "rotation": 90, "texture": "#0"}, "south": {"uv": [15, 13, 15.3, 13.5], "texture": "#0"}, "west": {"uv": [15, 13, 15.3, 13.5], "rotation": 270, "texture": "#0"}, "up": {"uv": [15, 13, 15.3, 13.5], "texture": "#0"}, "down": {"uv": [15, 13, 15.3, 13.5], "rotation": 180, "texture": "#0"} } }, { "from": [5.275, -4.66234, 13.51796], "to": [5.925, -3.88734, 13.76796], "rotation": {"angle": 0, "axis": "y", "origin": [17, -5.91234, 15.36796]}, "faces": { "north": {"uv": [15, 13, 15.3, 13.5], "rotation": 180, "texture": "#0"}, "east": {"uv": [15, 13, 15.3, 13.5], "rotation": 90, "texture": "#0"}, "south": {"uv": [15, 13, 15.3, 13.5], "texture": "#0"}, "west": {"uv": [15, 13, 15.3, 13.5], "rotation": 270, "texture": "#0"}, "up": {"uv": [15, 13, 15.3, 13.5], "texture": "#0"}, "down": {"uv": [15, 13, 15.3, 13.5], "rotation": 180, "texture": "#0"} } }, { "from": [5.275, 1.92882, 6.7484], "to": [5.925, 2.70382, 6.8484], "rotation": {"angle": 0, "axis": "y", "origin": [17, 0.67882, 8.4484]}, "faces": { "north": {"uv": [15, 13, 15.3, 13.5], "rotation": 180, "texture": "#0"}, "east": {"uv": [15, 13, 15.3, 13.5], "rotation": 90, "texture": "#0"}, "south": {"uv": [15, 13, 15.3, 13.5], "texture": "#0"}, "west": {"uv": [15, 13, 15.3, 13.5], "rotation": 270, "texture": "#0"}, "up": {"uv": [15, 13, 15.3, 13.5], "texture": "#0"}, "down": {"uv": [15, 13, 15.3, 13.5], "rotation": 180, "texture": "#0"} } }, { "from": [5.275, -0.27118, 9.1484], "to": [5.925, 0.50382, 9.2484], "rotation": {"angle": 0, "axis": "y", "origin": [17, -1.52118, 10.8484]}, "faces": { "north": {"uv": [15, 13, 15.3, 13.5], "rotation": 180, "texture": "#0"}, "east": {"uv": [15, 13, 15.3, 13.5], "rotation": 90, "texture": "#0"}, "south": {"uv": [15, 13, 15.3, 13.5], "texture": "#0"}, "west": {"uv": [15, 13, 15.3, 13.5], "rotation": 270, "texture": "#0"}, "up": {"uv": [15, 13, 15.3, 13.5], "texture": "#0"}, "down": {"uv": [15, 13, 15.3, 13.5], "rotation": 180, "texture": "#0"} } }, { "from": [5.275, -2.67118, 11.3484], "to": [5.925, -1.89618, 11.4484], "rotation": {"angle": 0, "axis": "y", "origin": [17, -3.92118, 13.0484]}, "faces": { "north": {"uv": [15, 13, 15.3, 13.5], "rotation": 180, "texture": "#0"}, "east": {"uv": [15, 13, 15.3, 13.5], "rotation": 90, "texture": "#0"}, "south": {"uv": [15, 13, 15.3, 13.5], "texture": "#0"}, "west": {"uv": [15, 13, 15.3, 13.5], "rotation": 270, "texture": "#0"}, "up": {"uv": [15, 13, 15.3, 13.5], "texture": "#0"}, "down": {"uv": [15, 13, 15.3, 13.5], "rotation": 180, "texture": "#0"} } }, { "from": [5.275, -4.67118, 13.4484], "to": [5.925, -3.89618, 13.5484], "rotation": {"angle": 0, "axis": "y", "origin": [17, -5.92118, 15.1484]}, "faces": { "north": {"uv": [15, 13, 15.3, 13.5], "rotation": 180, "texture": "#0"}, "east": {"uv": [15, 13, 15.3, 13.5], "rotation": 90, "texture": "#0"}, "south": {"uv": [15, 13, 15.3, 13.5], "texture": "#0"}, "west": {"uv": [15, 13, 15.3, 13.5], "rotation": 270, "texture": "#0"}, "up": {"uv": [15, 13, 15.3, 13.5], "texture": "#0"}, "down": {"uv": [15, 13, 15.3, 13.5], "rotation": 180, "texture": "#0"} } }, { "from": [5.275, 2.14841, 6.14064], "to": [5.925, 2.32341, 6.37814], "rotation": {"angle": 22.5, "axis": "x", "origin": [17, 0.89841, 7.84064]}, "faces": { "north": {"uv": [15, 13, 15.3, 13.5], "rotation": 180, "texture": "#0"}, "east": {"uv": [15, 13, 15.3, 13.5], "rotation": 90, "texture": "#0"}, "south": {"uv": [15, 13, 15.3, 13.5], "texture": "#0"}, "west": {"uv": [15, 13, 15.3, 13.5], "rotation": 270, "texture": "#0"}, "up": {"uv": [15, 13, 15.3, 13.5], "texture": "#0"}, "down": {"uv": [15, 13, 15.3, 13.5], "rotation": 180, "texture": "#0"} } }, { "from": [5.275, -0.05159, 8.54064], "to": [5.925, 0.12341, 8.77814], "rotation": {"angle": 22.5, "axis": "x", "origin": [17, -1.30159, 10.24064]}, "faces": { "north": {"uv": [15, 13, 15.3, 13.5], "rotation": 180, "texture": "#0"}, "east": {"uv": [15, 13, 15.3, 13.5], "rotation": 90, "texture": "#0"}, "south": {"uv": [15, 13, 15.3, 13.5], "texture": "#0"}, "west": {"uv": [15, 13, 15.3, 13.5], "rotation": 270, "texture": "#0"}, "up": {"uv": [15, 13, 15.3, 13.5], "texture": "#0"}, "down": {"uv": [15, 13, 15.3, 13.5], "rotation": 180, "texture": "#0"} } }, { "from": [5.275, -2.45159, 10.74064], "to": [5.925, -2.27659, 10.97814], "rotation": {"angle": 22.5, "axis": "x", "origin": [17, -3.70159, 12.44064]}, "faces": { "north": {"uv": [15, 13, 15.3, 13.5], "rotation": 180, "texture": "#0"}, "east": {"uv": [15, 13, 15.3, 13.5], "rotation": 90, "texture": "#0"}, "south": {"uv": [15, 13, 15.3, 13.5], "texture": "#0"}, "west": {"uv": [15, 13, 15.3, 13.5], "rotation": 270, "texture": "#0"}, "up": {"uv": [15, 13, 15.3, 13.5], "texture": "#0"}, "down": {"uv": [15, 13, 15.3, 13.5], "rotation": 180, "texture": "#0"} } }, { "from": [5.275, -4.45159, 12.84064], "to": [5.925, -4.27659, 13.07814], "rotation": {"angle": 22.5, "axis": "x", "origin": [17, -5.70159, 14.54064]}, "faces": { "north": {"uv": [15, 13, 15.3, 13.5], "rotation": 180, "texture": "#0"}, "east": {"uv": [15, 13, 15.3, 13.5], "rotation": 90, "texture": "#0"}, "south": {"uv": [15, 13, 15.3, 13.5], "texture": "#0"}, "west": {"uv": [15, 13, 15.3, 13.5], "rotation": 270, "texture": "#0"}, "up": {"uv": [15, 13, 15.3, 13.5], "texture": "#0"}, "down": {"uv": [15, 13, 15.3, 13.5], "rotation": 180, "texture": "#0"} } }, { "from": [5.275, 4.35996, 7.32508], "to": [5.925, 4.48496, 7.46258], "rotation": {"angle": -45, "axis": "x", "origin": [17, 3.05996, 9.02508]}, "faces": { "north": {"uv": [15, 13, 15.3, 13.5], "rotation": 180, "texture": "#0"}, "east": {"uv": [15, 13, 15.3, 13.5], "rotation": 90, "texture": "#0"}, "south": {"uv": [15, 13, 15.3, 13.5], "texture": "#0"}, "west": {"uv": [15, 13, 15.3, 13.5], "rotation": 270, "texture": "#0"}, "up": {"uv": [15, 13, 15.3, 13.5], "texture": "#0"}, "down": {"uv": [15, 13, 15.3, 13.5], "rotation": 180, "texture": "#0"} } }, { "from": [5.275, 2.15996, 9.72508], "to": [5.925, 2.28496, 9.86258], "rotation": {"angle": -45, "axis": "x", "origin": [17, 0.85996, 11.42508]}, "faces": { "north": {"uv": [15, 13, 15.3, 13.5], "rotation": 180, "texture": "#0"}, "east": {"uv": [15, 13, 15.3, 13.5], "rotation": 90, "texture": "#0"}, "south": {"uv": [15, 13, 15.3, 13.5], "texture": "#0"}, "west": {"uv": [15, 13, 15.3, 13.5], "rotation": 270, "texture": "#0"}, "up": {"uv": [15, 13, 15.3, 13.5], "texture": "#0"}, "down": {"uv": [15, 13, 15.3, 13.5], "rotation": 180, "texture": "#0"} } }, { "from": [5.275, -0.24004, 11.92508], "to": [5.925, -0.11504, 12.06258], "rotation": {"angle": -45, "axis": "x", "origin": [17, -1.54004, 13.62508]}, "faces": { "north": {"uv": [15, 13, 15.3, 13.5], "rotation": 180, "texture": "#0"}, "east": {"uv": [15, 13, 15.3, 13.5], "rotation": 90, "texture": "#0"}, "south": {"uv": [15, 13, 15.3, 13.5], "texture": "#0"}, "west": {"uv": [15, 13, 15.3, 13.5], "rotation": 270, "texture": "#0"}, "up": {"uv": [15, 13, 15.3, 13.5], "texture": "#0"}, "down": {"uv": [15, 13, 15.3, 13.5], "rotation": 180, "texture": "#0"} } }, { "from": [5.275, -2.24004, 14.02508], "to": [5.925, -2.11504, 14.16258], "rotation": {"angle": -45, "axis": "x", "origin": [17, -3.54004, 15.72508]}, "faces": { "north": {"uv": [15, 13, 15.3, 13.5], "rotation": 180, "texture": "#0"}, "east": {"uv": [15, 13, 15.3, 13.5], "rotation": 90, "texture": "#0"}, "south": {"uv": [15, 13, 15.3, 13.5], "texture": "#0"}, "west": {"uv": [15, 13, 15.3, 13.5], "rotation": 270, "texture": "#0"}, "up": {"uv": [15, 13, 15.3, 13.5], "texture": "#0"}, "down": {"uv": [15, 13, 15.3, 13.5], "rotation": 180, "texture": "#0"} } }, { "from": [5.275, 3.4201, 7.32452], "to": [5.925, 3.5951, 7.42452], "rotation": {"angle": -22.5, "axis": "x", "origin": [17, 2.1701, 9.02452]}, "faces": { "north": {"uv": [15, 13, 15.3, 13.5], "rotation": 180, "texture": "#0"}, "east": {"uv": [15, 13, 15.3, 13.5], "rotation": 90, "texture": "#0"}, "south": {"uv": [15, 13, 15.3, 13.5], "texture": "#0"}, "west": {"uv": [15, 13, 15.3, 13.5], "rotation": 270, "texture": "#0"}, "up": {"uv": [15, 13, 15.3, 13.5], "texture": "#0"}, "down": {"uv": [15, 13, 15.3, 13.5], "rotation": 180, "texture": "#0"} } }, { "from": [5.275, 1.2201, 9.72452], "to": [5.925, 1.3951, 9.82452], "rotation": {"angle": -22.5, "axis": "x", "origin": [17, -0.0299, 11.42452]}, "faces": { "north": {"uv": [15, 13, 15.3, 13.5], "rotation": 180, "texture": "#0"}, "east": {"uv": [15, 13, 15.3, 13.5], "rotation": 90, "texture": "#0"}, "south": {"uv": [15, 13, 15.3, 13.5], "texture": "#0"}, "west": {"uv": [15, 13, 15.3, 13.5], "rotation": 270, "texture": "#0"}, "up": {"uv": [15, 13, 15.3, 13.5], "texture": "#0"}, "down": {"uv": [15, 13, 15.3, 13.5], "rotation": 180, "texture": "#0"} } }, { "from": [5.275, -1.1799, 11.92452], "to": [5.925, -1.0049, 12.02452], "rotation": {"angle": -22.5, "axis": "x", "origin": [17, -2.4299, 13.62452]}, "faces": { "north": {"uv": [15, 13, 15.3, 13.5], "rotation": 180, "texture": "#0"}, "east": {"uv": [15, 13, 15.3, 13.5], "rotation": 90, "texture": "#0"}, "south": {"uv": [15, 13, 15.3, 13.5], "texture": "#0"}, "west": {"uv": [15, 13, 15.3, 13.5], "rotation": 270, "texture": "#0"}, "up": {"uv": [15, 13, 15.3, 13.5], "texture": "#0"}, "down": {"uv": [15, 13, 15.3, 13.5], "rotation": 180, "texture": "#0"} } }, { "from": [5.275, -3.1799, 14.02452], "to": [5.925, -3.0049, 14.12452], "rotation": {"angle": -22.5, "axis": "x", "origin": [17, -4.4299, 15.72452]}, "faces": { "north": {"uv": [15, 13, 15.3, 13.5], "rotation": 180, "texture": "#0"}, "east": {"uv": [15, 13, 15.3, 13.5], "rotation": 90, "texture": "#0"}, "south": {"uv": [15, 13, 15.3, 13.5], "texture": "#0"}, "west": {"uv": [15, 13, 15.3, 13.5], "rotation": 270, "texture": "#0"}, "up": {"uv": [15, 13, 15.3, 13.5], "texture": "#0"}, "down": {"uv": [15, 13, 15.3, 13.5], "rotation": 180, "texture": "#0"} } }, { "from": [5.275, 1.25884, 6.16334], "to": [5.925, 1.43384, 6.40084], "rotation": {"angle": 22.5, "axis": "x", "origin": [17, 0.00884, 8.00084]}, "faces": { "north": {"uv": [15, 13, 15.3, 13.5], "rotation": 180, "texture": "#0"}, "east": {"uv": [15, 13, 15.3, 13.5], "rotation": 90, "texture": "#0"}, "south": {"uv": [15, 13, 15.3, 13.5], "texture": "#0"}, "west": {"uv": [15, 13, 15.3, 13.5], "rotation": 270, "texture": "#0"}, "up": {"uv": [15, 13, 15.3, 13.5], "texture": "#0"}, "down": {"uv": [15, 13, 15.3, 13.5], "rotation": 180, "texture": "#0"} } }, { "from": [5.275, -0.94116, 8.56334], "to": [5.925, -0.76616, 8.80084], "rotation": {"angle": 22.5, "axis": "x", "origin": [17, -2.19116, 10.40084]}, "faces": { "north": {"uv": [15, 13, 15.3, 13.5], "rotation": 180, "texture": "#0"}, "east": {"uv": [15, 13, 15.3, 13.5], "rotation": 90, "texture": "#0"}, "south": {"uv": [15, 13, 15.3, 13.5], "texture": "#0"}, "west": {"uv": [15, 13, 15.3, 13.5], "rotation": 270, "texture": "#0"}, "up": {"uv": [15, 13, 15.3, 13.5], "texture": "#0"}, "down": {"uv": [15, 13, 15.3, 13.5], "rotation": 180, "texture": "#0"} } }, { "from": [5.275, -3.34116, 10.76334], "to": [5.925, -3.16616, 11.00084], "rotation": {"angle": 22.5, "axis": "x", "origin": [17, -4.59116, 12.60084]}, "faces": { "north": {"uv": [15, 13, 15.3, 13.5], "rotation": 180, "texture": "#0"}, "east": {"uv": [15, 13, 15.3, 13.5], "rotation": 90, "texture": "#0"}, "south": {"uv": [15, 13, 15.3, 13.5], "texture": "#0"}, "west": {"uv": [15, 13, 15.3, 13.5], "rotation": 270, "texture": "#0"}, "up": {"uv": [15, 13, 15.3, 13.5], "texture": "#0"}, "down": {"uv": [15, 13, 15.3, 13.5], "rotation": 180, "texture": "#0"} } }, { "from": [5.275, -5.34116, 12.86334], "to": [5.925, -5.16616, 13.10084], "rotation": {"angle": 22.5, "axis": "x", "origin": [17, -6.59116, 14.70084]}, "faces": { "north": {"uv": [15, 13, 15.3, 13.5], "rotation": 180, "texture": "#0"}, "east": {"uv": [15, 13, 15.3, 13.5], "rotation": 90, "texture": "#0"}, "south": {"uv": [15, 13, 15.3, 13.5], "texture": "#0"}, "west": {"uv": [15, 13, 15.3, 13.5], "rotation": 270, "texture": "#0"}, "up": {"uv": [15, 13, 15.3, 13.5], "texture": "#0"}, "down": {"uv": [15, 13, 15.3, 13.5], "rotation": 180, "texture": "#0"} } }, { "from": [5.275, 3.2616, 7.32508], "to": [5.925, 3.3866, 7.46258], "rotation": {"angle": -45, "axis": "x", "origin": [17, 1.9616, 9.02508]}, "faces": { "north": {"uv": [15, 13, 15.3, 13.5], "rotation": 180, "texture": "#0"}, "east": {"uv": [15, 13, 15.3, 13.5], "rotation": 90, "texture": "#0"}, "south": {"uv": [15, 13, 15.3, 13.5], "texture": "#0"}, "west": {"uv": [15, 13, 15.3, 13.5], "rotation": 270, "texture": "#0"}, "up": {"uv": [15, 13, 15.3, 13.5], "texture": "#0"}, "down": {"uv": [15, 13, 15.3, 13.5], "rotation": 180, "texture": "#0"} } }, { "from": [5.275, 1.0616, 9.72508], "to": [5.925, 1.1866, 9.86258], "rotation": {"angle": -45, "axis": "x", "origin": [17, -0.2384, 11.42508]}, "faces": { "north": {"uv": [15, 13, 15.3, 13.5], "rotation": 180, "texture": "#0"}, "east": {"uv": [15, 13, 15.3, 13.5], "rotation": 90, "texture": "#0"}, "south": {"uv": [15, 13, 15.3, 13.5], "texture": "#0"}, "west": {"uv": [15, 13, 15.3, 13.5], "rotation": 270, "texture": "#0"}, "up": {"uv": [15, 13, 15.3, 13.5], "texture": "#0"}, "down": {"uv": [15, 13, 15.3, 13.5], "rotation": 180, "texture": "#0"} } }, { "from": [5.275, -1.3384, 11.92508], "to": [5.925, -1.2134, 12.06258], "rotation": {"angle": -45, "axis": "x", "origin": [17, -2.6384, 13.62508]}, "faces": { "north": {"uv": [15, 13, 15.3, 13.5], "rotation": 180, "texture": "#0"}, "east": {"uv": [15, 13, 15.3, 13.5], "rotation": 90, "texture": "#0"}, "south": {"uv": [15, 13, 15.3, 13.5], "texture": "#0"}, "west": {"uv": [15, 13, 15.3, 13.5], "rotation": 270, "texture": "#0"}, "up": {"uv": [15, 13, 15.3, 13.5], "texture": "#0"}, "down": {"uv": [15, 13, 15.3, 13.5], "rotation": 180, "texture": "#0"} } }, { "from": [5.275, -3.3384, 14.02508], "to": [5.925, -3.2134, 14.16258], "rotation": {"angle": -45, "axis": "x", "origin": [17, -4.6384, 15.72508]}, "faces": { "north": {"uv": [15, 13, 15.3, 13.5], "rotation": 180, "texture": "#0"}, "east": {"uv": [15, 13, 15.3, 13.5], "rotation": 90, "texture": "#0"}, "south": {"uv": [15, 13, 15.3, 13.5], "texture": "#0"}, "west": {"uv": [15, 13, 15.3, 13.5], "rotation": 270, "texture": "#0"}, "up": {"uv": [15, 13, 15.3, 13.5], "texture": "#0"}, "down": {"uv": [15, 13, 15.3, 13.5], "rotation": 180, "texture": "#0"} } }, { "from": [5.275, 2.51286, 7.16432], "to": [5.925, 2.68786, 7.26432], "rotation": {"angle": -22.5, "axis": "x", "origin": [17, 1.26286, 8.86432]}, "faces": { "north": {"uv": [15, 13, 15.3, 13.5], "rotation": 180, "texture": "#0"}, "east": {"uv": [15, 13, 15.3, 13.5], "rotation": 90, "texture": "#0"}, "south": {"uv": [15, 13, 15.3, 13.5], "texture": "#0"}, "west": {"uv": [15, 13, 15.3, 13.5], "rotation": 270, "texture": "#0"}, "up": {"uv": [15, 13, 15.3, 13.5], "texture": "#0"}, "down": {"uv": [15, 13, 15.3, 13.5], "rotation": 180, "texture": "#0"} } }, { "from": [5.275, 0.31286, 9.56432], "to": [5.925, 0.48786, 9.66432], "rotation": {"angle": -22.5, "axis": "x", "origin": [17, -0.93714, 11.26432]}, "faces": { "north": {"uv": [15, 13, 15.3, 13.5], "rotation": 180, "texture": "#0"}, "east": {"uv": [15, 13, 15.3, 13.5], "rotation": 90, "texture": "#0"}, "south": {"uv": [15, 13, 15.3, 13.5], "texture": "#0"}, "west": {"uv": [15, 13, 15.3, 13.5], "rotation": 270, "texture": "#0"}, "up": {"uv": [15, 13, 15.3, 13.5], "texture": "#0"}, "down": {"uv": [15, 13, 15.3, 13.5], "rotation": 180, "texture": "#0"} } }, { "from": [5.275, -2.08714, 11.76432], "to": [5.925, -1.91214, 11.86432], "rotation": {"angle": -22.5, "axis": "x", "origin": [17, -3.33714, 13.46432]}, "faces": { "north": {"uv": [15, 13, 15.3, 13.5], "rotation": 180, "texture": "#0"}, "east": {"uv": [15, 13, 15.3, 13.5], "rotation": 90, "texture": "#0"}, "south": {"uv": [15, 13, 15.3, 13.5], "texture": "#0"}, "west": {"uv": [15, 13, 15.3, 13.5], "rotation": 270, "texture": "#0"}, "up": {"uv": [15, 13, 15.3, 13.5], "texture": "#0"}, "down": {"uv": [15, 13, 15.3, 13.5], "rotation": 180, "texture": "#0"} } }, { "from": [5.275, -4.08714, 13.86432], "to": [5.925, -3.91214, 13.96432], "rotation": {"angle": -22.5, "axis": "x", "origin": [17, -5.33714, 15.56432]}, "faces": { "north": {"uv": [15, 13, 15.3, 13.5], "rotation": 180, "texture": "#0"}, "east": {"uv": [15, 13, 15.3, 13.5], "rotation": 90, "texture": "#0"}, "south": {"uv": [15, 13, 15.3, 13.5], "texture": "#0"}, "west": {"uv": [15, 13, 15.3, 13.5], "rotation": 270, "texture": "#0"}, "up": {"uv": [15, 13, 15.3, 13.5], "texture": "#0"}, "down": {"uv": [15, 13, 15.3, 13.5], "rotation": 180, "texture": "#0"} } }, { "from": [5.275, 3.03766, 5.51796], "to": [5.925, 3.81266, 5.76796], "rotation": {"angle": 0, "axis": "y", "origin": [17, 1.78766, 7.36796]}, "faces": { "north": {"uv": [15, 13, 15.3, 13.5], "rotation": 180, "texture": "#0"}, "east": {"uv": [15, 13, 15.3, 13.5], "rotation": 90, "texture": "#0"}, "south": {"uv": [15, 13, 15.3, 13.5], "texture": "#0"}, "west": {"uv": [15, 13, 15.3, 13.5], "rotation": 270, "texture": "#0"}, "up": {"uv": [15, 13, 15.3, 13.5], "texture": "#0"}, "down": {"uv": [15, 13, 15.3, 13.5], "rotation": 180, "texture": "#0"} } }, { "from": [5.275, 0.83766, 7.91796], "to": [5.925, 1.61266, 8.16796], "rotation": {"angle": 0, "axis": "y", "origin": [17, -0.41234, 9.76796]}, "faces": { "north": {"uv": [15, 13, 15.3, 13.5], "rotation": 180, "texture": "#0"}, "east": {"uv": [15, 13, 15.3, 13.5], "rotation": 90, "texture": "#0"}, "south": {"uv": [15, 13, 15.3, 13.5], "texture": "#0"}, "west": {"uv": [15, 13, 15.3, 13.5], "rotation": 270, "texture": "#0"}, "up": {"uv": [15, 13, 15.3, 13.5], "texture": "#0"}, "down": {"uv": [15, 13, 15.3, 13.5], "rotation": 180, "texture": "#0"} } }, { "from": [5.275, -1.56234, 10.11796], "to": [5.925, -0.78734, 10.36796], "rotation": {"angle": 0, "axis": "y", "origin": [17, -2.81234, 11.96796]}, "faces": { "north": {"uv": [15, 13, 15.3, 13.5], "rotation": 180, "texture": "#0"}, "east": {"uv": [15, 13, 15.3, 13.5], "rotation": 90, "texture": "#0"}, "south": {"uv": [15, 13, 15.3, 13.5], "texture": "#0"}, "west": {"uv": [15, 13, 15.3, 13.5], "rotation": 270, "texture": "#0"}, "up": {"uv": [15, 13, 15.3, 13.5], "texture": "#0"}, "down": {"uv": [15, 13, 15.3, 13.5], "rotation": 180, "texture": "#0"} } }, { "from": [5.275, -3.56234, 12.21796], "to": [5.925, -2.78734, 12.46796], "rotation": {"angle": 0, "axis": "y", "origin": [17, -4.81234, 14.06796]}, "faces": { "north": {"uv": [15, 13, 15.3, 13.5], "rotation": 180, "texture": "#0"}, "east": {"uv": [15, 13, 15.3, 13.5], "rotation": 90, "texture": "#0"}, "south": {"uv": [15, 13, 15.3, 13.5], "texture": "#0"}, "west": {"uv": [15, 13, 15.3, 13.5], "rotation": 270, "texture": "#0"}, "up": {"uv": [15, 13, 15.3, 13.5], "texture": "#0"}, "down": {"uv": [15, 13, 15.3, 13.5], "rotation": 180, "texture": "#0"} } }, { "from": [5.275, 3.02882, 5.4484], "to": [5.925, 3.80382, 5.5484], "rotation": {"angle": 0, "axis": "y", "origin": [17, 1.77882, 7.1484]}, "faces": { "north": {"uv": [15, 13, 15.3, 13.5], "rotation": 180, "texture": "#0"}, "east": {"uv": [15, 13, 15.3, 13.5], "rotation": 90, "texture": "#0"}, "south": {"uv": [15, 13, 15.3, 13.5], "texture": "#0"}, "west": {"uv": [15, 13, 15.3, 13.5], "rotation": 270, "texture": "#0"}, "up": {"uv": [15, 13, 15.3, 13.5], "texture": "#0"}, "down": {"uv": [15, 13, 15.3, 13.5], "rotation": 180, "texture": "#0"} } }, { "from": [5.275, 0.82882, 7.8484], "to": [5.925, 1.60382, 7.9484], "rotation": {"angle": 0, "axis": "y", "origin": [17, -0.42118, 9.5484]}, "faces": { "north": {"uv": [15, 13, 15.3, 13.5], "rotation": 180, "texture": "#0"}, "east": {"uv": [15, 13, 15.3, 13.5], "rotation": 90, "texture": "#0"}, "south": {"uv": [15, 13, 15.3, 13.5], "texture": "#0"}, "west": {"uv": [15, 13, 15.3, 13.5], "rotation": 270, "texture": "#0"}, "up": {"uv": [15, 13, 15.3, 13.5], "texture": "#0"}, "down": {"uv": [15, 13, 15.3, 13.5], "rotation": 180, "texture": "#0"} } }, { "from": [5.275, -1.57118, 10.0484], "to": [5.925, -0.79618, 10.1484], "rotation": {"angle": 0, "axis": "y", "origin": [17, -2.82118, 11.7484]}, "faces": { "north": {"uv": [15, 13, 15.3, 13.5], "rotation": 180, "texture": "#0"}, "east": {"uv": [15, 13, 15.3, 13.5], "rotation": 90, "texture": "#0"}, "south": {"uv": [15, 13, 15.3, 13.5], "texture": "#0"}, "west": {"uv": [15, 13, 15.3, 13.5], "rotation": 270, "texture": "#0"}, "up": {"uv": [15, 13, 15.3, 13.5], "texture": "#0"}, "down": {"uv": [15, 13, 15.3, 13.5], "rotation": 180, "texture": "#0"} } }, { "from": [5.275, -3.57118, 12.1484], "to": [5.925, -2.79618, 12.2484], "rotation": {"angle": 0, "axis": "y", "origin": [17, -4.82118, 13.8484]}, "faces": { "north": {"uv": [15, 13, 15.3, 13.5], "rotation": 180, "texture": "#0"}, "east": {"uv": [15, 13, 15.3, 13.5], "rotation": 90, "texture": "#0"}, "south": {"uv": [15, 13, 15.3, 13.5], "texture": "#0"}, "west": {"uv": [15, 13, 15.3, 13.5], "rotation": 270, "texture": "#0"}, "up": {"uv": [15, 13, 15.3, 13.5], "texture": "#0"}, "down": {"uv": [15, 13, 15.3, 13.5], "rotation": 180, "texture": "#0"} } }, { "from": [5.275, 3.24841, 4.84064], "to": [5.925, 3.42341, 5.07814], "rotation": {"angle": 22.5, "axis": "x", "origin": [17, 1.99841, 6.54064]}, "faces": { "north": {"uv": [15, 13, 15.3, 13.5], "rotation": 180, "texture": "#0"}, "east": {"uv": [15, 13, 15.3, 13.5], "rotation": 90, "texture": "#0"}, "south": {"uv": [15, 13, 15.3, 13.5], "texture": "#0"}, "west": {"uv": [15, 13, 15.3, 13.5], "rotation": 270, "texture": "#0"}, "up": {"uv": [15, 13, 15.3, 13.5], "texture": "#0"}, "down": {"uv": [15, 13, 15.3, 13.5], "rotation": 180, "texture": "#0"} } }, { "from": [5.275, 1.04841, 7.24064], "to": [5.925, 1.22341, 7.47814], "rotation": {"angle": 22.5, "axis": "x", "origin": [17, -0.20159, 8.94064]}, "faces": { "north": {"uv": [15, 13, 15.3, 13.5], "rotation": 180, "texture": "#0"}, "east": {"uv": [15, 13, 15.3, 13.5], "rotation": 90, "texture": "#0"}, "south": {"uv": [15, 13, 15.3, 13.5], "texture": "#0"}, "west": {"uv": [15, 13, 15.3, 13.5], "rotation": 270, "texture": "#0"}, "up": {"uv": [15, 13, 15.3, 13.5], "texture": "#0"}, "down": {"uv": [15, 13, 15.3, 13.5], "rotation": 180, "texture": "#0"} } }, { "from": [5.275, -1.35159, 9.44064], "to": [5.925, -1.17659, 9.67814], "rotation": {"angle": 22.5, "axis": "x", "origin": [17, -2.60159, 11.14064]}, "faces": { "north": {"uv": [15, 13, 15.3, 13.5], "rotation": 180, "texture": "#0"}, "east": {"uv": [15, 13, 15.3, 13.5], "rotation": 90, "texture": "#0"}, "south": {"uv": [15, 13, 15.3, 13.5], "texture": "#0"}, "west": {"uv": [15, 13, 15.3, 13.5], "rotation": 270, "texture": "#0"}, "up": {"uv": [15, 13, 15.3, 13.5], "texture": "#0"}, "down": {"uv": [15, 13, 15.3, 13.5], "rotation": 180, "texture": "#0"} } }, { "from": [5.275, -3.35159, 11.54064], "to": [5.925, -3.17659, 11.77814], "rotation": {"angle": 22.5, "axis": "x", "origin": [17, -4.60159, 13.24064]}, "faces": { "north": {"uv": [15, 13, 15.3, 13.5], "rotation": 180, "texture": "#0"}, "east": {"uv": [15, 13, 15.3, 13.5], "rotation": 90, "texture": "#0"}, "south": {"uv": [15, 13, 15.3, 13.5], "texture": "#0"}, "west": {"uv": [15, 13, 15.3, 13.5], "rotation": 270, "texture": "#0"}, "up": {"uv": [15, 13, 15.3, 13.5], "texture": "#0"}, "down": {"uv": [15, 13, 15.3, 13.5], "rotation": 180, "texture": "#0"} } }, { "from": [5.275, 5.45996, 6.02508], "to": [5.925, 5.58496, 6.16258], "rotation": {"angle": -45, "axis": "x", "origin": [17, 4.15996, 7.72508]}, "faces": { "north": {"uv": [15, 13, 15.3, 13.5], "rotation": 180, "texture": "#0"}, "east": {"uv": [15, 13, 15.3, 13.5], "rotation": 90, "texture": "#0"}, "south": {"uv": [15, 13, 15.3, 13.5], "texture": "#0"}, "west": {"uv": [15, 13, 15.3, 13.5], "rotation": 270, "texture": "#0"}, "up": {"uv": [15, 13, 15.3, 13.5], "texture": "#0"}, "down": {"uv": [15, 13, 15.3, 13.5], "rotation": 180, "texture": "#0"} } }, { "from": [5.275, 3.25996, 8.42508], "to": [5.925, 3.38496, 8.56258], "rotation": {"angle": -45, "axis": "x", "origin": [17, 1.95996, 10.12508]}, "faces": { "north": {"uv": [15, 13, 15.3, 13.5], "rotation": 180, "texture": "#0"}, "east": {"uv": [15, 13, 15.3, 13.5], "rotation": 90, "texture": "#0"}, "south": {"uv": [15, 13, 15.3, 13.5], "texture": "#0"}, "west": {"uv": [15, 13, 15.3, 13.5], "rotation": 270, "texture": "#0"}, "up": {"uv": [15, 13, 15.3, 13.5], "texture": "#0"}, "down": {"uv": [15, 13, 15.3, 13.5], "rotation": 180, "texture": "#0"} } }, { "from": [5.275, 0.85996, 10.62508], "to": [5.925, 0.98496, 10.76258], "rotation": {"angle": -45, "axis": "x", "origin": [17, -0.44004, 12.32508]}, "faces": { "north": {"uv": [15, 13, 15.3, 13.5], "rotation": 180, "texture": "#0"}, "east": {"uv": [15, 13, 15.3, 13.5], "rotation": 90, "texture": "#0"}, "south": {"uv": [15, 13, 15.3, 13.5], "texture": "#0"}, "west": {"uv": [15, 13, 15.3, 13.5], "rotation": 270, "texture": "#0"}, "up": {"uv": [15, 13, 15.3, 13.5], "texture": "#0"}, "down": {"uv": [15, 13, 15.3, 13.5], "rotation": 180, "texture": "#0"} } }, { "from": [5.275, -1.14004, 12.72508], "to": [5.925, -1.01504, 12.86258], "rotation": {"angle": -45, "axis": "x", "origin": [17, -2.44004, 14.42508]}, "faces": { "north": {"uv": [15, 13, 15.3, 13.5], "rotation": 180, "texture": "#0"}, "east": {"uv": [15, 13, 15.3, 13.5], "rotation": 90, "texture": "#0"}, "south": {"uv": [15, 13, 15.3, 13.5], "texture": "#0"}, "west": {"uv": [15, 13, 15.3, 13.5], "rotation": 270, "texture": "#0"}, "up": {"uv": [15, 13, 15.3, 13.5], "texture": "#0"}, "down": {"uv": [15, 13, 15.3, 13.5], "rotation": 180, "texture": "#0"} } }, { "from": [5.275, 4.5201, 6.02452], "to": [5.925, 4.6951, 6.12452], "rotation": {"angle": -22.5, "axis": "x", "origin": [17, 3.2701, 7.72452]}, "faces": { "north": {"uv": [15, 13, 15.3, 13.5], "rotation": 180, "texture": "#0"}, "east": {"uv": [15, 13, 15.3, 13.5], "rotation": 90, "texture": "#0"}, "south": {"uv": [15, 13, 15.3, 13.5], "texture": "#0"}, "west": {"uv": [15, 13, 15.3, 13.5], "rotation": 270, "texture": "#0"}, "up": {"uv": [15, 13, 15.3, 13.5], "texture": "#0"}, "down": {"uv": [15, 13, 15.3, 13.5], "rotation": 180, "texture": "#0"} } }, { "from": [5.275, 2.3201, 8.42452], "to": [5.925, 2.4951, 8.52452], "rotation": {"angle": -22.5, "axis": "x", "origin": [17, 1.0701, 10.12452]}, "faces": { "north": {"uv": [15, 13, 15.3, 13.5], "rotation": 180, "texture": "#0"}, "east": {"uv": [15, 13, 15.3, 13.5], "rotation": 90, "texture": "#0"}, "south": {"uv": [15, 13, 15.3, 13.5], "texture": "#0"}, "west": {"uv": [15, 13, 15.3, 13.5], "rotation": 270, "texture": "#0"}, "up": {"uv": [15, 13, 15.3, 13.5], "texture": "#0"}, "down": {"uv": [15, 13, 15.3, 13.5], "rotation": 180, "texture": "#0"} } }, { "from": [5.275, -0.0799, 10.62452], "to": [5.925, 0.0951, 10.72452], "rotation": {"angle": -22.5, "axis": "x", "origin": [17, -1.3299, 12.32452]}, "faces": { "north": {"uv": [15, 13, 15.3, 13.5], "rotation": 180, "texture": "#0"}, "east": {"uv": [15, 13, 15.3, 13.5], "rotation": 90, "texture": "#0"}, "south": {"uv": [15, 13, 15.3, 13.5], "texture": "#0"}, "west": {"uv": [15, 13, 15.3, 13.5], "rotation": 270, "texture": "#0"}, "up": {"uv": [15, 13, 15.3, 13.5], "texture": "#0"}, "down": {"uv": [15, 13, 15.3, 13.5], "rotation": 180, "texture": "#0"} } }, { "from": [5.275, -2.0799, 12.72452], "to": [5.925, -1.9049, 12.82452], "rotation": {"angle": -22.5, "axis": "x", "origin": [17, -3.3299, 14.42452]}, "faces": { "north": {"uv": [15, 13, 15.3, 13.5], "rotation": 180, "texture": "#0"}, "east": {"uv": [15, 13, 15.3, 13.5], "rotation": 90, "texture": "#0"}, "south": {"uv": [15, 13, 15.3, 13.5], "texture": "#0"}, "west": {"uv": [15, 13, 15.3, 13.5], "rotation": 270, "texture": "#0"}, "up": {"uv": [15, 13, 15.3, 13.5], "texture": "#0"}, "down": {"uv": [15, 13, 15.3, 13.5], "rotation": 180, "texture": "#0"} } }, { "from": [5.275, 2.35884, 4.86334], "to": [5.925, 2.53384, 5.10084], "rotation": {"angle": 22.5, "axis": "x", "origin": [17, 1.10884, 6.70084]}, "faces": { "north": {"uv": [15, 13, 15.3, 13.5], "rotation": 180, "texture": "#0"}, "east": {"uv": [15, 13, 15.3, 13.5], "rotation": 90, "texture": "#0"}, "south": {"uv": [15, 13, 15.3, 13.5], "texture": "#0"}, "west": {"uv": [15, 13, 15.3, 13.5], "rotation": 270, "texture": "#0"}, "up": {"uv": [15, 13, 15.3, 13.5], "texture": "#0"}, "down": {"uv": [15, 13, 15.3, 13.5], "rotation": 180, "texture": "#0"} } }, { "from": [5.275, 0.15884, 7.26334], "to": [5.925, 0.33384, 7.50084], "rotation": {"angle": 22.5, "axis": "x", "origin": [17, -1.09116, 9.10084]}, "faces": { "north": {"uv": [15, 13, 15.3, 13.5], "rotation": 180, "texture": "#0"}, "east": {"uv": [15, 13, 15.3, 13.5], "rotation": 90, "texture": "#0"}, "south": {"uv": [15, 13, 15.3, 13.5], "texture": "#0"}, "west": {"uv": [15, 13, 15.3, 13.5], "rotation": 270, "texture": "#0"}, "up": {"uv": [15, 13, 15.3, 13.5], "texture": "#0"}, "down": {"uv": [15, 13, 15.3, 13.5], "rotation": 180, "texture": "#0"} } }, { "from": [5.275, -2.24116, 9.46334], "to": [5.925, -2.06616, 9.70084], "rotation": {"angle": 22.5, "axis": "x", "origin": [17, -3.49116, 11.30084]}, "faces": { "north": {"uv": [15, 13, 15.3, 13.5], "rotation": 180, "texture": "#0"}, "east": {"uv": [15, 13, 15.3, 13.5], "rotation": 90, "texture": "#0"}, "south": {"uv": [15, 13, 15.3, 13.5], "texture": "#0"}, "west": {"uv": [15, 13, 15.3, 13.5], "rotation": 270, "texture": "#0"}, "up": {"uv": [15, 13, 15.3, 13.5], "texture": "#0"}, "down": {"uv": [15, 13, 15.3, 13.5], "rotation": 180, "texture": "#0"} } }, { "from": [5.275, -4.24116, 11.56334], "to": [5.925, -4.06616, 11.80084], "rotation": {"angle": 22.5, "axis": "x", "origin": [17, -5.49116, 13.40084]}, "faces": { "north": {"uv": [15, 13, 15.3, 13.5], "rotation": 180, "texture": "#0"}, "east": {"uv": [15, 13, 15.3, 13.5], "rotation": 90, "texture": "#0"}, "south": {"uv": [15, 13, 15.3, 13.5], "texture": "#0"}, "west": {"uv": [15, 13, 15.3, 13.5], "rotation": 270, "texture": "#0"}, "up": {"uv": [15, 13, 15.3, 13.5], "texture": "#0"}, "down": {"uv": [15, 13, 15.3, 13.5], "rotation": 180, "texture": "#0"} } }, { "from": [5.275, 4.3616, 6.02508], "to": [5.925, 4.4866, 6.16258], "rotation": {"angle": -45, "axis": "x", "origin": [17, 3.0616, 7.72508]}, "faces": { "north": {"uv": [15, 13, 15.3, 13.5], "rotation": 180, "texture": "#0"}, "east": {"uv": [15, 13, 15.3, 13.5], "rotation": 90, "texture": "#0"}, "south": {"uv": [15, 13, 15.3, 13.5], "texture": "#0"}, "west": {"uv": [15, 13, 15.3, 13.5], "rotation": 270, "texture": "#0"}, "up": {"uv": [15, 13, 15.3, 13.5], "texture": "#0"}, "down": {"uv": [15, 13, 15.3, 13.5], "rotation": 180, "texture": "#0"} } }, { "from": [5.275, 2.1616, 8.42508], "to": [5.925, 2.2866, 8.56258], "rotation": {"angle": -45, "axis": "x", "origin": [17, 0.8616, 10.12508]}, "faces": { "north": {"uv": [15, 13, 15.3, 13.5], "rotation": 180, "texture": "#0"}, "east": {"uv": [15, 13, 15.3, 13.5], "rotation": 90, "texture": "#0"}, "south": {"uv": [15, 13, 15.3, 13.5], "texture": "#0"}, "west": {"uv": [15, 13, 15.3, 13.5], "rotation": 270, "texture": "#0"}, "up": {"uv": [15, 13, 15.3, 13.5], "texture": "#0"}, "down": {"uv": [15, 13, 15.3, 13.5], "rotation": 180, "texture": "#0"} } }, { "from": [5.275, -0.2384, 10.62508], "to": [5.925, -0.1134, 10.76258], "rotation": {"angle": -45, "axis": "x", "origin": [17, -1.5384, 12.32508]}, "faces": { "north": {"uv": [15, 13, 15.3, 13.5], "rotation": 180, "texture": "#0"}, "east": {"uv": [15, 13, 15.3, 13.5], "rotation": 90, "texture": "#0"}, "south": {"uv": [15, 13, 15.3, 13.5], "texture": "#0"}, "west": {"uv": [15, 13, 15.3, 13.5], "rotation": 270, "texture": "#0"}, "up": {"uv": [15, 13, 15.3, 13.5], "texture": "#0"}, "down": {"uv": [15, 13, 15.3, 13.5], "rotation": 180, "texture": "#0"} } }, { "from": [5.275, -2.2384, 12.72508], "to": [5.925, -2.1134, 12.86258], "rotation": {"angle": -45, "axis": "x", "origin": [17, -3.5384, 14.42508]}, "faces": { "north": {"uv": [15, 13, 15.3, 13.5], "rotation": 180, "texture": "#0"}, "east": {"uv": [15, 13, 15.3, 13.5], "rotation": 90, "texture": "#0"}, "south": {"uv": [15, 13, 15.3, 13.5], "texture": "#0"}, "west": {"uv": [15, 13, 15.3, 13.5], "rotation": 270, "texture": "#0"}, "up": {"uv": [15, 13, 15.3, 13.5], "texture": "#0"}, "down": {"uv": [15, 13, 15.3, 13.5], "rotation": 180, "texture": "#0"} } }, { "from": [5.275, 3.61286, 5.86432], "to": [5.925, 3.78786, 5.96432], "rotation": {"angle": -22.5, "axis": "x", "origin": [17, 2.36286, 7.56432]}, "faces": { "north": {"uv": [15, 13, 15.3, 13.5], "rotation": 180, "texture": "#0"}, "east": {"uv": [15, 13, 15.3, 13.5], "rotation": 90, "texture": "#0"}, "south": {"uv": [15, 13, 15.3, 13.5], "texture": "#0"}, "west": {"uv": [15, 13, 15.3, 13.5], "rotation": 270, "texture": "#0"}, "up": {"uv": [15, 13, 15.3, 13.5], "texture": "#0"}, "down": {"uv": [15, 13, 15.3, 13.5], "rotation": 180, "texture": "#0"} } }, { "from": [5.275, 1.41286, 8.26432], "to": [5.925, 1.58786, 8.36432], "rotation": {"angle": -22.5, "axis": "x", "origin": [17, 0.16286, 9.96432]}, "faces": { "north": {"uv": [15, 13, 15.3, 13.5], "rotation": 180, "texture": "#0"}, "east": {"uv": [15, 13, 15.3, 13.5], "rotation": 90, "texture": "#0"}, "south": {"uv": [15, 13, 15.3, 13.5], "texture": "#0"}, "west": {"uv": [15, 13, 15.3, 13.5], "rotation": 270, "texture": "#0"}, "up": {"uv": [15, 13, 15.3, 13.5], "texture": "#0"}, "down": {"uv": [15, 13, 15.3, 13.5], "rotation": 180, "texture": "#0"} } }, { "from": [5.275, -0.98714, 10.46432], "to": [5.925, -0.81214, 10.56432], "rotation": {"angle": -22.5, "axis": "x", "origin": [17, -2.23714, 12.16432]}, "faces": { "north": {"uv": [15, 13, 15.3, 13.5], "rotation": 180, "texture": "#0"}, "east": {"uv": [15, 13, 15.3, 13.5], "rotation": 90, "texture": "#0"}, "south": {"uv": [15, 13, 15.3, 13.5], "texture": "#0"}, "west": {"uv": [15, 13, 15.3, 13.5], "rotation": 270, "texture": "#0"}, "up": {"uv": [15, 13, 15.3, 13.5], "texture": "#0"}, "down": {"uv": [15, 13, 15.3, 13.5], "rotation": 180, "texture": "#0"} } }, { "from": [5.275, -2.98714, 12.56432], "to": [5.925, -2.81214, 12.66432], "rotation": {"angle": -22.5, "axis": "x", "origin": [17, -4.23714, 14.26432]}, "faces": { "north": {"uv": [15, 13, 15.3, 13.5], "rotation": 180, "texture": "#0"}, "east": {"uv": [15, 13, 15.3, 13.5], "rotation": 90, "texture": "#0"}, "south": {"uv": [15, 13, 15.3, 13.5], "texture": "#0"}, "west": {"uv": [15, 13, 15.3, 13.5], "rotation": 270, "texture": "#0"}, "up": {"uv": [15, 13, 15.3, 13.5], "texture": "#0"}, "down": {"uv": [15, 13, 15.3, 13.5], "rotation": 180, "texture": "#0"} } } ], "display": { "thirdperson_righthand": { "rotation": [77.75, 0, 0], "translation": [3.25, 1.75, 8.25] }, "thirdperson_lefthand": { "rotation": [67, 90, 0], "translation": [-5.5, -6.5, 13.5] }, "firstperson_righthand": { "translation": [5, 7.75, 5.5] }, "firstperson_lefthand": { "translation": [0, -80, 0] }, "ground": { "translation": [2.75, 11.75, -0.75] }, "gui": { "rotation": [19, -110, 5], "translation": [-1, 2, 0], "scale": [0.42, 0.42, 0.42] }, "fixed": { "rotation": [0, 90, 0], "translation": [5.5, 10.25, -5.5], "scale": [2, 2, 2] } }, "groups": [ 0, 1, 2, 3, 4, 5, 6, 7, 8, 9, 10, 11, 12, 13, 14, 15, 16, 17, 18, 19, 20, 21, 22, 23, { "name": "group", "origin": [17, 1.26286, 0.86432], "color": 0, "children": [24, 25, 26, 27, 28, 29, 30, 31, 32, 33, 34, 35, 36, 37, 38, 39, 40, 41, 42, 43, 44, 45, 46, 47, 48, 49, 50, 51, 52, 53, 54, 55] }, { "name": "group", "origin": [17, 1.26286, 0.86432], "color": 0, "children": [56, 57, 58, 59, 60, 61, 62, 63, 64, 65, 66, 67, 68, 69, 70, 71, 72, 73, 74, 75, 76, 77, 78, 79, 80, 81, 82, 83, 84, 85, 86, 87] } ] }