{ "credit": "Made with Blockbench", "textures": { "0": "timetoplay:roleplay/itmes/katanas/katana_proto_8", "particle": "timetoplay:roleplay/itmes/katanas/katana_proto_8" }, "elements": [ { "from": [-0.15, 0.325, -0.9], "to": [0.85, 5.4, 0.1], "faces": { "north": {"uv": [0, 0, 1, 5.075], "texture": "#0"}, "east": {"uv": [0, 0, 1, 5.075], "texture": "#0"}, "south": {"uv": [0, 0, 1, 5.075], "texture": "#0"}, "west": {"uv": [0, 0, 1, 5.075], "texture": "#0"}, "up": {"uv": [0, 0, 1, 5.075], "texture": "#0"}, "down": {"uv": [0, 0, 1, 5.075], "texture": "#0"} } }, { "from": [-0.02172, 5.06992, -0.9], "to": [0.70328, 6.74492, 0.1], "rotation": {"angle": 0, "axis": "y", "origin": [0.32828, 5.34492, 0]}, "faces": { "north": {"uv": [0, 0, 0.725, 1.075], "texture": "#0"}, "east": {"uv": [0, 0, 0.725, 1.075], "texture": "#0"}, "south": {"uv": [0, 0, 0.725, 1.075], "texture": "#0"}, "west": {"uv": [0, 0, 0.725, 1.075], "texture": "#0"}, "up": {"uv": [0, 0, 0.725, 1.075], "texture": "#0"}, "down": {"uv": [0, 0, 0.725, 1.075], "texture": "#0"} } }, { "from": [-0.02172, 9.74492, -0.7], "to": [0.20328, 14.21992, -0.1], "rotation": {"angle": 0, "axis": "y", "origin": [0.32828, 5.34492, 0]}, "faces": { "north": {"uv": [14, 1, 15, 2], "texture": "#0"}, "east": {"uv": [14, 1, 15, 2], "texture": "#0"}, "south": {"uv": [14, 1, 15, 2], "texture": "#0"}, "west": {"uv": [14, 1, 15, 2], "texture": "#0"}, "up": {"uv": [14, 1, 15, 2], "texture": "#0"}, "down": {"uv": [14, 1, 15, 2], "texture": "#0"} } }, { "from": [-0.02172, 10.04492, -0.7], "to": [0.30328, 10.21992, -0.1], "rotation": {"angle": 0, "axis": "y", "origin": [0.32828, 5.34492, 0]}, "faces": { "north": {"uv": [14, 1, 15, 2], "texture": "#0"}, "east": {"uv": [14, 1, 15, 2], "texture": "#0"}, "south": {"uv": [14, 1, 15, 2], "texture": "#0"}, "west": {"uv": [14, 1, 15, 2], "texture": "#0"}, "up": {"uv": [14, 1, 15, 2], "texture": "#0"}, "down": {"uv": [14, 1, 15, 2], "texture": "#0"} } }, { "from": [-0.02172, 10.84492, -0.7], "to": [0.30328, 11.01992, -0.1], "rotation": {"angle": 0, "axis": "y", "origin": [0.32828, 5.34492, 0]}, "faces": { "north": {"uv": [14, 1, 15, 2], "texture": "#0"}, "east": {"uv": [14, 1, 15, 2], "texture": "#0"}, "south": {"uv": [14, 1, 15, 2], "texture": "#0"}, "west": {"uv": [14, 1, 15, 2], "texture": "#0"}, "up": {"uv": [14, 1, 15, 2], "texture": "#0"}, "down": {"uv": [14, 1, 15, 2], "texture": "#0"} } }, { "from": [-0.02172, 11.64492, -0.7], "to": [0.30328, 11.81992, -0.1], "rotation": {"angle": 0, "axis": "y", "origin": [0.32828, 5.34492, 0]}, "faces": { "north": {"uv": [14, 1, 15, 2], "texture": "#0"}, "east": {"uv": [14, 1, 15, 2], "texture": "#0"}, "south": {"uv": [14, 1, 15, 2], "texture": "#0"}, "west": {"uv": [14, 1, 15, 2], "texture": "#0"}, "up": {"uv": [14, 1, 15, 2], "texture": "#0"}, "down": {"uv": [14, 1, 15, 2], "texture": "#0"} } }, { "from": [-0.02172, 12.44492, -0.7], "to": [0.30328, 12.61992, -0.1], "rotation": {"angle": 0, "axis": "y", "origin": [0.32828, 5.34492, 0]}, "faces": { "north": {"uv": [14, 1, 15, 2], "texture": "#0"}, "east": {"uv": [14, 1, 15, 2], "texture": "#0"}, "south": {"uv": [14, 1, 15, 2], "texture": "#0"}, "west": {"uv": [14, 1, 15, 2], "texture": "#0"}, "up": {"uv": [14, 1, 15, 2], "texture": "#0"}, "down": {"uv": [14, 1, 15, 2], "texture": "#0"} } }, { "from": [-0.02172, 13.24492, -0.7], "to": [0.30328, 13.41992, -0.1], "rotation": {"angle": 0, "axis": "y", "origin": [0.32828, 5.34492, 0]}, "faces": { "north": {"uv": [14, 1, 15, 2], "texture": "#0"}, "east": {"uv": [14, 1, 15, 2], "texture": "#0"}, "south": {"uv": [14, 1, 15, 2], "texture": "#0"}, "west": {"uv": [14, 1, 15, 2], "texture": "#0"}, "up": {"uv": [14, 1, 15, 2], "texture": "#0"}, "down": {"uv": [14, 1, 15, 2], "texture": "#0"} } }, { "from": [-0.02172, 10.44492, -0.7], "to": [0.30328, 10.61992, -0.1], "rotation": {"angle": 0, "axis": "y", "origin": [0.32828, 5.34492, 0]}, "faces": { "north": {"uv": [14, 1, 15, 2], "texture": "#0"}, "east": {"uv": [14, 1, 15, 2], "texture": "#0"}, "south": {"uv": [14, 1, 15, 2], "texture": "#0"}, "west": {"uv": [14, 1, 15, 2], "texture": "#0"}, "up": {"uv": [14, 1, 15, 2], "texture": "#0"}, "down": {"uv": [14, 1, 15, 2], "texture": "#0"} } }, { "from": [-0.02172, 11.24492, -0.7], "to": [0.30328, 11.41992, -0.1], "rotation": {"angle": 0, "axis": "y", "origin": [0.32828, 5.34492, 0]}, "faces": { "north": {"uv": [14, 1, 15, 2], "texture": "#0"}, "east": {"uv": [14, 1, 15, 2], "texture": "#0"}, "south": {"uv": [14, 1, 15, 2], "texture": "#0"}, "west": {"uv": [14, 1, 15, 2], "texture": "#0"}, "up": {"uv": [14, 1, 15, 2], "texture": "#0"}, "down": {"uv": [14, 1, 15, 2], "texture": "#0"} } }, { "from": [-0.02172, 12.04492, -0.7], "to": [0.30328, 12.21992, -0.1], "rotation": {"angle": 0, "axis": "y", "origin": [0.32828, 5.34492, 0]}, "faces": { "north": {"uv": [14, 1, 15, 2], "texture": "#0"}, "east": {"uv": [14, 1, 15, 2], "texture": "#0"}, "south": {"uv": [14, 1, 15, 2], "texture": "#0"}, "west": {"uv": [14, 1, 15, 2], "texture": "#0"}, "up": {"uv": [14, 1, 15, 2], "texture": "#0"}, "down": {"uv": [14, 1, 15, 2], "texture": "#0"} } }, { "from": [-0.02172, 12.84492, -0.7], "to": [0.30328, 13.01992, -0.1], "rotation": {"angle": 0, "axis": "y", "origin": [0.32828, 5.34492, 0]}, "faces": { "north": {"uv": [14, 1, 15, 2], "texture": "#0"}, "east": {"uv": [14, 1, 15, 2], "texture": "#0"}, "south": {"uv": [14, 1, 15, 2], "texture": "#0"}, "west": {"uv": [14, 1, 15, 2], "texture": "#0"}, "up": {"uv": [14, 1, 15, 2], "texture": "#0"}, "down": {"uv": [14, 1, 15, 2], "texture": "#0"} } }, { "from": [-0.02172, 13.64492, -0.7], "to": [0.30328, 13.81992, -0.1], "rotation": {"angle": 0, "axis": "y", "origin": [0.32828, 5.34492, 0]}, "faces": { "north": {"uv": [14, 1, 15, 2], "texture": "#0"}, "east": {"uv": [14, 1, 15, 2], "texture": "#0"}, "south": {"uv": [14, 1, 15, 2], "texture": "#0"}, "west": {"uv": [14, 1, 15, 2], "texture": "#0"}, "up": {"uv": [14, 1, 15, 2], "texture": "#0"}, "down": {"uv": [14, 1, 15, 2], "texture": "#0"} } }, { "from": [0.27828, 9.81992, -0.7], "to": [0.50328, 14.29492, -0.1], "rotation": {"angle": 0, "axis": "y", "origin": [0.72828, 5.41992, 0]}, "faces": { "north": {"uv": [14, 1, 15, 2], "texture": "#0"}, "east": {"uv": [14, 1, 15, 2], "texture": "#0"}, "south": {"uv": [14, 1, 15, 2], "texture": "#0"}, "west": {"uv": [14, 1, 15, 2], "texture": "#0"}, "up": {"uv": [14, 1, 15, 2], "texture": "#0"}, "down": {"uv": [14, 1, 15, 2], "texture": "#0"} } }, { "from": [-0.02172, 13.74492, -0.7], "to": [0.50328, 24.81992, -0.1], "rotation": {"angle": 0, "axis": "y", "origin": [0.32828, 5.34492, 0]}, "faces": { "north": {"uv": [14, 1, 15, 2], "texture": "#0"}, "east": {"uv": [14, 1, 15, 2], "texture": "#0"}, "south": {"uv": [14, 1, 15, 2], "texture": "#0"}, "west": {"uv": [14, 1, 15, 2], "texture": "#0"}, "up": {"uv": [14, 1, 15, 2], "texture": "#0"}, "down": {"uv": [14, 1, 15, 2], "texture": "#0"} } }, { "from": [-0.02172, 6.74492, -0.7], "to": [0.50328, 9.81992, -0.1], "rotation": {"angle": 0, "axis": "y", "origin": [0.32828, 5.34492, 0]}, "faces": { "north": {"uv": [14, 1, 15, 2], "texture": "#0"}, "east": {"uv": [14, 1, 15, 2], "texture": "#0"}, "south": {"uv": [14, 1, 15, 2], "texture": "#0"}, "west": {"uv": [14, 1, 15, 2], "texture": "#0"}, "up": {"uv": [14, 1, 15, 2], "texture": "#0"}, "down": {"uv": [14, 1, 15, 2], "texture": "#0"} } }, { "from": [0.50328, 6.74492, -0.6], "to": [1.02828, 24.81992, -0.2], "rotation": {"angle": 0, "axis": "y", "origin": [0.32828, 5.34492, 0]}, "faces": { "north": {"uv": [14, 4, 15, 5], "texture": "#0"}, "east": {"uv": [14, 4, 15, 5], "texture": "#0"}, "south": {"uv": [14, 4, 15, 5], "texture": "#0"}, "west": {"uv": [14, 4, 15, 5], "texture": "#0"}, "up": {"uv": [14, 4, 15, 5], "texture": "#0"}, "down": {"uv": [14, 4, 15, 5], "texture": "#0"} } }, { "from": [0.60328, 6.74492, -0.5], "to": [1.12828, 24.81992, -0.3], "rotation": {"angle": 0, "axis": "y", "origin": [0.32828, 5.34492, 0]}, "faces": { "north": {"uv": [14, 7, 15, 8], "texture": "#0"}, "east": {"uv": [14, 7, 15, 8], "texture": "#0"}, "south": {"uv": [14, 7, 15, 8], "texture": "#0"}, "west": {"uv": [14, 7, 15, 8], "texture": "#0"}, "up": {"uv": [14, 7, 15, 8], "texture": "#0"}, "down": {"uv": [14, 7, 15, 8], "texture": "#0"} } }, { "from": [0.64155, 6.83731, -0.4375], "to": [1.16655, 24.91231, -0.3625], "rotation": {"angle": 0, "axis": "y", "origin": [0.26655, 5.43731, 0]}, "faces": { "north": {"uv": [14, 10, 15, 11], "texture": "#0"}, "east": {"uv": [14, 10, 15, 11], "texture": "#0"}, "south": {"uv": [14, 10, 15, 11], "texture": "#0"}, "west": {"uv": [14, 10, 15, 11], "texture": "#0"}, "up": {"uv": [14, 10, 15, 11], "texture": "#0"}, "down": {"uv": [14, 10, 15, 11], "texture": "#0"} } }, { "from": [-0.45448, 24.38606, -0.6], "to": [0.39552, 24.96106, -0.2], "rotation": {"angle": -22.5, "axis": "z", "origin": [1.79552, 24.26106, 0]}, "faces": { "north": {"uv": [14, 4, 15, 5], "rotation": 90, "texture": "#0"}, "east": {"uv": [14, 4, 15, 5], "rotation": 90, "texture": "#0"}, "south": {"uv": [14, 4, 15, 5], "rotation": 90, "texture": "#0"}, "west": {"uv": [14, 4, 15, 5], "rotation": 90, "texture": "#0"}, "up": {"uv": [14, 4, 15, 5], "rotation": 90, "texture": "#0"}, "down": {"uv": [14, 4, 15, 5], "rotation": 90, "texture": "#0"} } }, { "from": [-0.49274, 24.29368, -0.5], "to": [0.45726, 24.96868, -0.3], "rotation": {"angle": -22.5, "axis": "z", "origin": [1.85726, 24.16868, 0]}, "faces": { "north": {"uv": [14, 7, 15, 8], "rotation": 90, "texture": "#0"}, "east": {"uv": [14, 7, 15, 8], "rotation": 90, "texture": "#0"}, "south": {"uv": [14, 7, 15, 8], "rotation": 90, "texture": "#0"}, "west": {"uv": [14, 7, 15, 8], "rotation": 90, "texture": "#0"}, "up": {"uv": [14, 7, 15, 8], "rotation": 90, "texture": "#0"}, "down": {"uv": [14, 7, 15, 8], "rotation": 90, "texture": "#0"} } }, { "from": [-0.49274, 24.39368, -0.4375], "to": [0.45726, 25.06868, -0.3625], "rotation": {"angle": -22.5, "axis": "z", "origin": [1.85726, 24.16868, 0]}, "faces": { "north": {"uv": [14, 10, 15, 11], "rotation": 90, "texture": "#0"}, "east": {"uv": [14, 10, 15, 11], "rotation": 90, "texture": "#0"}, "south": {"uv": [14, 10, 15, 11], "rotation": 90, "texture": "#0"}, "west": {"uv": [14, 10, 15, 11], "rotation": 90, "texture": "#0"}, "up": {"uv": [14, 10, 15, 11], "rotation": 90, "texture": "#0"}, "down": {"uv": [14, 10, 15, 11], "rotation": 90, "texture": "#0"} } }, { "from": [1.09232, 24.65861, -0.6], "to": [1.61732, 25.33361, -0.2], "rotation": {"angle": 22.5, "axis": "z", "origin": [0.91732, 23.25861, 0]}, "faces": { "north": {"uv": [14, 4, 15, 5], "texture": "#0"}, "east": {"uv": [14, 4, 15, 5], "texture": "#0"}, "south": {"uv": [14, 4, 15, 5], "texture": "#0"}, "west": {"uv": [14, 4, 15, 5], "texture": "#0"}, "up": {"uv": [14, 4, 15, 5], "texture": "#0"}, "down": {"uv": [14, 4, 15, 5], "texture": "#0"} } }, { "from": [1.09994, 24.62034, -0.5], "to": [1.72494, 25.29534, -0.3], "rotation": {"angle": 22.5, "axis": "z", "origin": [0.92494, 23.22034, 0]}, "faces": { "north": {"uv": [14, 7, 15, 8], "texture": "#0"}, "east": {"uv": [14, 7, 15, 8], "texture": "#0"}, "south": {"uv": [14, 7, 15, 8], "texture": "#0"}, "west": {"uv": [14, 7, 15, 8], "texture": "#0"}, "up": {"uv": [14, 7, 15, 8], "texture": "#0"}, "down": {"uv": [14, 7, 15, 8], "texture": "#0"} } }, { "from": [1.04582, 24.67446, -0.4375], "to": [1.77082, 25.34946, -0.3625], "rotation": {"angle": 22.5, "axis": "z", "origin": [0.87082, 23.27446, 0]}, "faces": { "north": {"uv": [14, 10, 15, 11], "texture": "#0"}, "east": {"uv": [14, 10, 15, 11], "texture": "#0"}, "south": {"uv": [14, 10, 15, 11], "texture": "#0"}, "west": {"uv": [14, 10, 15, 11], "texture": "#0"}, "up": {"uv": [14, 10, 15, 11], "texture": "#0"}, "down": {"uv": [14, 10, 15, 11], "texture": "#0"} } }, { "from": [0.56732, 24.65861, -0.7], "to": [1.09232, 25.33361, 0.1], "rotation": {"angle": 22.5, "axis": "z", "origin": [0.39232, 23.25861, 0.1]}, "faces": { "north": {"uv": [14, 1, 15, 2], "texture": "#0"}, "east": {"uv": [14, 1, 15, 2], "texture": "#0"}, "south": {"uv": [14, 1, 15, 2], "texture": "#0"}, "west": {"uv": [14, 1, 15, 2], "texture": "#0"}, "up": {"uv": [14, 1, 15, 2], "texture": "#0"}, "down": {"uv": [14, 1, 15, 2], "texture": "#0"} } }, { "from": [-2.456, 7.77559, -0.6], "to": [-1.931, 8.55059, -0.2], "rotation": {"angle": -45, "axis": "z", "origin": [-2.631, 4.07559, 0]}, "faces": { "north": {"uv": [14, 4, 15, 5], "texture": "#0"}, "east": {"uv": [14, 4, 15, 5], "texture": "#0"}, "south": {"uv": [14, 4, 15, 5], "texture": "#0"}, "west": {"uv": [14, 4, 15, 5], "texture": "#0"}, "up": {"uv": [14, 4, 15, 5], "texture": "#0"}, "down": {"uv": [14, 4, 15, 5], "texture": "#0"} } }, { "from": [2.21422, 5.47245, -0.9], "to": [2.91422, 5.84745, 0.1], "rotation": {"angle": 22.5, "axis": "z", "origin": [2.06422, 0.24745, 0]}, "faces": { "north": {"uv": [0, 0, 0.2, 0.375], "texture": "#0"}, "east": {"uv": [0, 0, 0.2, 0.375], "texture": "#0"}, "south": {"uv": [0, 0, 0.2, 0.375], "texture": "#0"}, "west": {"uv": [0, 0, 0.2, 0.375], "texture": "#0"}, "up": {"uv": [0, 0, 0.2, 0.375], "texture": "#0"}, "down": {"uv": [0, 0, 0.2, 0.375], "texture": "#0"} } }, { "from": [-2.10004, 6.04647, -0.9], "to": [-1.50004, 6.42147, 0.1], "rotation": {"angle": -22.5, "axis": "z", "origin": [-2.75004, 0.82147, 0]}, "faces": { "north": {"uv": [0, 0, 0.2, 0.375], "texture": "#0"}, "east": {"uv": [0, 0, 0.2, 0.375], "texture": "#0"}, "south": {"uv": [0, 0, 0.2, 0.375], "texture": "#0"}, "west": {"uv": [0, 0, 0.2, 0.375], "texture": "#0"}, "up": {"uv": [0, 0, 0.2, 0.375], "texture": "#0"}, "down": {"uv": [0, 0, 0.2, 0.375], "texture": "#0"} } }, { "from": [3.72791, 5.30212, -0.9], "to": [4.22791, 5.77712, 0.1], "rotation": {"angle": 45, "axis": "z", "origin": [3.37791, 1.37712, 0]}, "faces": { "north": {"uv": [0, 0, 0.5, 0.475], "texture": "#0"}, "east": {"uv": [0, 0, 0.5, 0.475], "texture": "#0"}, "south": {"uv": [0, 0, 0.5, 0.475], "texture": "#0"}, "west": {"uv": [0, 0, 0.5, 0.475], "texture": "#0"}, "up": {"uv": [0, 0, 0.5, 0.475], "texture": "#0"}, "down": {"uv": [0, 0, 0.5, 0.475], "texture": "#0"} } }, { "from": [-3.52791, 5.30212, -0.9], "to": [-3.02791, 5.77712, 0.1], "rotation": {"angle": -45, "axis": "z", "origin": [-2.67791, 1.37712, -0.8]}, "faces": { "north": {"uv": [0, 0, 0.5, 0.475], "texture": "#0"}, "east": {"uv": [0, 0, 0.5, 0.475], "texture": "#0"}, "south": {"uv": [0, 0, 0.5, 0.475], "texture": "#0"}, "west": {"uv": [0, 0, 0.5, 0.475], "texture": "#0"}, "up": {"uv": [0, 0, 0.5, 0.475], "texture": "#0"}, "down": {"uv": [0, 0, 0.5, 0.475], "texture": "#0"} } }, { "name": "octagon", "from": [-0.00711, 0.4, -0.9], "to": [0.40711, 0.5, 0.1], "rotation": {"angle": 45, "axis": "z", "origin": [0.2, 0, -0.4]}, "faces": { "north": {"uv": [0, 0, 1, 1], "rotation": 180, "texture": "#0"}, "east": {"uv": [0, 0, 1, 1], "rotation": 180, "texture": "#0"}, "south": {"uv": [0, 0, 1, 1], "rotation": 180, "texture": "#0"}, "west": {"uv": [0, 0, 1, 1], "rotation": 180, "texture": "#0"}, "up": {"uv": [0, 0, 1, 1], "rotation": 180, "texture": "#0"}, "down": {"uv": [0, 0, 1, 1], "rotation": 180, "texture": "#0"} } }, { "name": "octagon", "from": [-0.00711, 0.4, -0.9], "to": [0.70711, 0.5, 0.1], "rotation": {"angle": 0, "axis": "y", "origin": [0.5, 0, -0.4]}, "faces": { "north": {"uv": [0, 0, 1, 1], "rotation": 180, "texture": "#0"}, "east": {"uv": [0, 0, 1, 1], "rotation": 180, "texture": "#0"}, "south": {"uv": [0, 0, 1, 1], "rotation": 180, "texture": "#0"}, "west": {"uv": [0, 0, 1, 1], "rotation": 180, "texture": "#0"}, "up": {"uv": [0, 0, 1, 1], "rotation": 180, "texture": "#0"}, "down": {"uv": [0, 0, 1, 1], "rotation": 180, "texture": "#0"} } }, { "name": "octagon", "from": [0.29289, -0.5, -0.9], "to": [0.70711, -0.4, 0.1], "rotation": {"angle": 45, "axis": "z", "origin": [0.5, 0, -0.4]}, "faces": { "north": {"uv": [0, 0, 1, 1], "rotation": 180, "texture": "#0"}, "east": {"uv": [0, 0, 1, 1], "rotation": 180, "texture": "#0"}, "south": {"uv": [0, 0, 1, 1], "rotation": 180, "texture": "#0"}, "west": {"uv": [0, 0, 1, 1], "rotation": 180, "texture": "#0"}, "up": {"uv": [0, 0, 1, 1], "rotation": 180, "texture": "#0"}, "down": {"uv": [0, 0, 1, 1], "rotation": 180, "texture": "#0"} } }, { "name": "octagon", "from": [-0.00711, -0.5, -0.9], "to": [0.70711, -0.4, 0.1], "rotation": {"angle": 0, "axis": "y", "origin": [0.5, 0, -0.4]}, "faces": { "north": {"uv": [0, 0, 1, 1], "rotation": 180, "texture": "#0"}, "east": {"uv": [0, 0, 1, 1], "rotation": 180, "texture": "#0"}, "south": {"uv": [0, 0, 1, 1], "rotation": 180, "texture": "#0"}, "west": {"uv": [0, 0, 1, 1], "rotation": 180, "texture": "#0"}, "up": {"uv": [0, 0, 1, 1], "rotation": 180, "texture": "#0"}, "down": {"uv": [0, 0, 1, 1], "rotation": 180, "texture": "#0"} } }, { "name": "octagon", "from": [-0.3, -0.20711, -0.9], "to": [-0.2, 0.20711, 0.1], "rotation": {"angle": 45, "axis": "z", "origin": [0.2, 0, -0.4]}, "faces": { "north": {"uv": [0, 0, 1, 1], "rotation": 180, "texture": "#0"}, "east": {"uv": [0, 0, 1, 1], "rotation": 180, "texture": "#0"}, "south": {"uv": [0, 0, 1, 1], "rotation": 180, "texture": "#0"}, "west": {"uv": [0, 0, 1, 1], "rotation": 180, "texture": "#0"}, "up": {"uv": [0, 0, 1, 1], "rotation": 180, "texture": "#0"}, "down": {"uv": [0, 0, 1, 1], "rotation": 180, "texture": "#0"} } }, { "name": "octagon", "from": [-0.3, -0.20711, -0.9], "to": [-0.2, 0.20711, 0.1], "rotation": {"angle": 0, "axis": "y", "origin": [0.2, 0, -0.4]}, "faces": { "north": {"uv": [0, 0, 1, 1], "rotation": 180, "texture": "#0"}, "east": {"uv": [0, 0, 1, 1], "rotation": 180, "texture": "#0"}, "south": {"uv": [0, 0, 1, 1], "rotation": 180, "texture": "#0"}, "west": {"uv": [0, 0, 1, 1], "rotation": 180, "texture": "#0"}, "up": {"uv": [0, 0, 1, 1], "rotation": 180, "texture": "#0"}, "down": {"uv": [0, 0, 1, 1], "rotation": 180, "texture": "#0"} } }, { "name": "octagon", "from": [0.9, -0.20711, -0.9], "to": [1, 0.20711, 0.1], "rotation": {"angle": 45, "axis": "z", "origin": [0.5, 0, -0.4]}, "faces": { "north": {"uv": [0, 0, 1, 1], "rotation": 180, "texture": "#0"}, "east": {"uv": [0, 0, 1, 1], "rotation": 180, "texture": "#0"}, "south": {"uv": [0, 0, 1, 1], "rotation": 180, "texture": "#0"}, "west": {"uv": [0, 0, 1, 1], "rotation": 180, "texture": "#0"}, "up": {"uv": [0, 0, 1, 1], "rotation": 180, "texture": "#0"}, "down": {"uv": [0, 0, 1, 1], "rotation": 180, "texture": "#0"} } }, { "name": "octagon", "from": [0.9, -0.20711, -0.9], "to": [1, 0.20711, 0.1], "rotation": {"angle": 0, "axis": "y", "origin": [0.5, 0, -0.4]}, "faces": { "north": {"uv": [0, 0, 1, 1], "rotation": 180, "texture": "#0"}, "east": {"uv": [0, 0, 1, 1], "rotation": 180, "texture": "#0"}, "south": {"uv": [0, 0, 1, 1], "rotation": 180, "texture": "#0"}, "west": {"uv": [0, 0, 1, 1], "rotation": 180, "texture": "#0"}, "up": {"uv": [0, 0, 1, 1], "rotation": 180, "texture": "#0"}, "down": {"uv": [0, 0, 1, 1], "rotation": 180, "texture": "#0"} } } ], "display": { "thirdperson_righthand": { "rotation": [0, 90, 0], "translation": [8.25, 3.25, -7] }, "thirdperson_lefthand": { "rotation": [-180, 90, 0], "translation": [8, -6.25, -6.75] }, "firstperson_righthand": { "rotation": [0, 109, 0], "translation": [9.75, 0, -13.25] }, "firstperson_lefthand": { "rotation": [126, -109, 0], "translation": [1.5, 3.75, 1] }, "ground": { "translation": [7.5, 6.5, 10.25] }, "gui": { "rotation": [0, 0, -35.5], "translation": [2.5, -4, 0], "scale": [0.45, 0.45, 0.45] } }, "groups": [ 0, 1, 2, 3, 4, 5, 6, 7, 8, 9, 10, 11, 12, 13, 14, 15, 16, 17, 18, 19, 20, 21, 22, 23, 24, 25, 26, 27, 28, 29, 30, { "name": "octagon", "origin": [8, 8, 8], "color": 0, "children": [31, 32, 33, 34, 35, 36, 37, 38] } ] }