{ "credit": "Made with Blockbench", "textures": { "0": "timetoplay:roleplay/itmes/katanas/shusuikatanatexture", "particle": "timetoplay:roleplay/itmes/katanas/shusuikatanatexture" }, "elements": [ { "name": "Holder", "from": [7.65, -8.9, 7.25], "to": [8.35, -0.65, 8.75], "rotation": {"angle": 0, "axis": "y", "origin": [8, -0.775, 8]}, "faces": { "north": {"uv": [15, 0, 16, 1], "texture": "#0"}, "east": {"uv": [12, 0, 16, 11], "texture": "#0"}, "south": {"uv": [15, 0, 16, 1], "texture": "#0"}, "west": {"uv": [15, 0, 16, 1], "texture": "#0"}, "up": {"uv": [15, 0, 16, 1], "texture": "#0"}, "down": {"uv": [15, 0, 16, 1], "texture": "#0"} } }, { "name": "Holder", "from": [7.4, -5.4, 7.5], "to": [8.6, -0.65, 8.5], "rotation": {"angle": 0, "axis": "y", "origin": [8, -0.775, 8]}, "faces": { "north": {"uv": [15, 0, 16, 1], "texture": "#0"}, "east": {"uv": [12, 0, 16, 16], "texture": "#0"}, "south": {"uv": [15, 0, 16, 1], "texture": "#0"}, "west": {"uv": [16, 0, 12, 16], "texture": "#0"}, "up": {"uv": [4, 8, 5, 9], "rotation": 270, "texture": "#0"}, "down": {"uv": [4, 8, 5, 9], "rotation": 90, "texture": "#0"} } }, { "name": "Holder", "from": [7.4, -8.9, 7.5], "to": [8.6, -5.4, 8.5], "rotation": {"angle": 0, "axis": "y", "origin": [8, -0.775, 8]}, "faces": { "north": {"uv": [15, 0, 16, 1], "texture": "#0"}, "east": {"uv": [12, 0, 16, 11], "texture": "#0"}, "south": {"uv": [15, 0, 16, 1], "texture": "#0"}, "west": {"uv": [16, 0, 12, 11], "texture": "#0"}, "up": {"uv": [4, 8, 5, 9], "rotation": 270, "texture": "#0"}, "down": {"uv": [4, 8, 5, 9], "rotation": 90, "texture": "#0"} } }, { "name": "Holder", "from": [7.65, -0.65, 7.25], "to": [8.35, 0.1, 8.75], "rotation": {"angle": 0, "axis": "y", "origin": [8, -0.775, 8]}, "faces": { "north": {"uv": [1, 4, 2, 5], "texture": "#0"}, "east": {"uv": [1, 4, 2, 5], "texture": "#0"}, "south": {"uv": [1, 4, 2, 5], "texture": "#0"}, "west": {"uv": [1, 4, 2, 5], "texture": "#0"}, "up": {"uv": [1, 4, 2, 5], "texture": "#0"}, "down": {"uv": [1, 4, 2, 5], "texture": "#0"} } }, { "name": "Holder", "from": [7.4, -0.65, 7.5], "to": [8.6, 0.1, 8.5], "rotation": {"angle": 0, "axis": "y", "origin": [8, -0.775, 8]}, "faces": { "north": {"uv": [1, 4, 2, 5], "texture": "#0"}, "east": {"uv": [1, 4, 2, 5], "texture": "#0"}, "south": {"uv": [1, 4, 2, 5], "texture": "#0"}, "west": {"uv": [1, 4, 2, 5], "texture": "#0"}, "up": {"uv": [1, 4, 2, 5], "texture": "#0"}, "down": {"uv": [1, 4, 2, 5], "texture": "#0"} } }, { "from": [8.75, 0, 8.25], "to": [9.75, 0.25, 10.25], "rotation": {"angle": 0, "axis": "y", "origin": [5.75, 0, 5.75]}, "faces": { "north": {"uv": [4, 4, 5, 5], "texture": "#0"}, "east": {"uv": [4, 4, 5, 5], "texture": "#0"}, "south": {"uv": [4, 4, 5, 5], "texture": "#0"}, "west": {"uv": [4, 4, 5, 5], "texture": "#0"}, "up": {"uv": [4, 4, 5, 5], "texture": "#0"}, "down": {"uv": [4, 4, 5, 5], "texture": "#0"} } }, { "from": [8.25, 0, 8.75], "to": [10.25, 0.25, 9.75], "rotation": {"angle": 0, "axis": "y", "origin": [5.75, 0, 5.75]}, "faces": { "north": {"uv": [4, 4, 5, 5], "texture": "#0"}, "east": {"uv": [4, 4, 5, 5], "texture": "#0"}, "south": {"uv": [4, 4, 5, 5], "texture": "#0"}, "west": {"uv": [4, 4, 5, 5], "texture": "#0"}, "up": {"uv": [4, 4, 5, 5], "texture": "#0"}, "down": {"uv": [4, 4, 5, 5], "texture": "#0"} } }, { "from": [6.75, 0, 6.75], "to": [9.25, 0.25, 9.25], "rotation": {"angle": 0, "axis": "y", "origin": [5.75, 0, 5.75]}, "faces": { "north": {"uv": [4, 4, 5, 5], "texture": "#0"}, "east": {"uv": [4, 4, 5, 5], "texture": "#0"}, "south": {"uv": [4, 4, 5, 5], "texture": "#0"}, "west": {"uv": [4, 4, 5, 5], "texture": "#0"}, "up": {"uv": [4, 4, 5, 5], "texture": "#0"}, "down": {"uv": [4, 4, 5, 5], "texture": "#0"} } }, { "from": [8.75, 0, 5.75], "to": [9.75, 0.25, 7.75], "rotation": {"angle": 0, "axis": "y", "origin": [5.75, 0, 5.75]}, "faces": { "north": {"uv": [4, 4, 5, 5], "texture": "#0"}, "east": {"uv": [4, 4, 5, 5], "texture": "#0"}, "south": {"uv": [4, 4, 5, 5], "texture": "#0"}, "west": {"uv": [4, 4, 5, 5], "texture": "#0"}, "up": {"uv": [4, 4, 5, 5], "texture": "#0"}, "down": {"uv": [4, 4, 5, 5], "texture": "#0"} } }, { "from": [8.25, 0, 6.25], "to": [10.25, 0.25, 7.25], "rotation": {"angle": 0, "axis": "y", "origin": [5.75, 0, 5.75]}, "faces": { "north": {"uv": [4, 4, 5, 5], "texture": "#0"}, "east": {"uv": [4, 4, 5, 5], "texture": "#0"}, "south": {"uv": [4, 4, 5, 5], "texture": "#0"}, "west": {"uv": [4, 4, 5, 5], "texture": "#0"}, "up": {"uv": [4, 4, 5, 5], "texture": "#0"}, "down": {"uv": [4, 4, 5, 5], "texture": "#0"} } }, { "from": [6.25, 0, 8.25], "to": [7.25, 0.25, 10.25], "rotation": {"angle": 0, "axis": "y", "origin": [5.75, 0, 5.75]}, "faces": { "north": {"uv": [4, 4, 5, 5], "texture": "#0"}, "east": {"uv": [4, 4, 5, 5], "texture": "#0"}, "south": {"uv": [4, 4, 5, 5], "texture": "#0"}, "west": {"uv": [4, 4, 5, 5], "texture": "#0"}, "up": {"uv": [4, 4, 5, 5], "texture": "#0"}, "down": {"uv": [4, 4, 5, 5], "texture": "#0"} } }, { "from": [5.75, 0, 8.75], "to": [7.75, 0.25, 9.75], "rotation": {"angle": 0, "axis": "y", "origin": [5.75, 0, 5.75]}, "faces": { "north": {"uv": [4, 4, 5, 5], "texture": "#0"}, "east": {"uv": [4, 4, 5, 5], "texture": "#0"}, "south": {"uv": [4, 4, 5, 5], "texture": "#0"}, "west": {"uv": [4, 4, 5, 5], "texture": "#0"}, "up": {"uv": [4, 4, 5, 5], "texture": "#0"}, "down": {"uv": [4, 4, 5, 5], "texture": "#0"} } }, { "from": [5.75, 0, 6.25], "to": [7.75, 0.25, 7.25], "rotation": {"angle": 0, "axis": "y", "origin": [5.75, 0, 5.75]}, "faces": { "north": {"uv": [4, 4, 5, 5], "texture": "#0"}, "east": {"uv": [4, 4, 5, 5], "texture": "#0"}, "south": {"uv": [4, 4, 5, 5], "texture": "#0"}, "west": {"uv": [4, 4, 5, 5], "texture": "#0"}, "up": {"uv": [4, 4, 5, 5], "texture": "#0"}, "down": {"uv": [4, 4, 5, 5], "texture": "#0"} } }, { "from": [6.25, 0, 5.75], "to": [7.25, 0.25, 7.75], "rotation": {"angle": 0, "axis": "y", "origin": [5.75, 0, 5.75]}, "faces": { "north": {"uv": [4, 4, 5, 5], "texture": "#0"}, "east": {"uv": [4, 4, 5, 5], "texture": "#0"}, "south": {"uv": [4, 4, 5, 5], "texture": "#0"}, "west": {"uv": [4, 4, 5, 5], "texture": "#0"}, "up": {"uv": [4, 4, 5, 5], "texture": "#0"}, "down": {"uv": [4, 4, 5, 5], "texture": "#0"} } }, { "from": [7.4, 0.25, 7.15], "to": [8.6, 0.75, 8.85], "rotation": {"angle": 0, "axis": "y", "origin": [5.75, 0, 5.75]}, "faces": { "north": {"uv": [1, 4, 2, 5], "texture": "#0"}, "east": {"uv": [1, 4, 2, 5], "texture": "#0"}, "south": {"uv": [1, 4, 2, 5], "texture": "#0"}, "west": {"uv": [1, 4, 2, 5], "texture": "#0"}, "up": {"uv": [1, 4, 2, 5], "texture": "#0"}, "down": {"uv": [1, 4, 2, 5], "texture": "#0"} } }, { "from": [7.4, -9.65, 7.15], "to": [8.6, -8.9, 8.85], "rotation": {"angle": 0, "axis": "y", "origin": [5.75, 0, 5.75]}, "faces": { "north": {"uv": [4, 4, 5, 5], "texture": "#0"}, "east": {"uv": [4, 4, 5, 5], "texture": "#0"}, "south": {"uv": [4, 4, 5, 5], "texture": "#0"}, "west": {"uv": [4, 4, 5, 5], "texture": "#0"}, "up": {"uv": [4, 4, 5, 5], "texture": "#0"}, "down": {"uv": [4, 4, 5, 5], "texture": "#0"} } }, { "from": [7.57492, 9.12636, 7.6], "to": [8.42492, 10.87536, 8.6], "rotation": {"angle": 0, "axis": "y", "origin": [0.52492, 20.71836, 15.95]}, "faces": { "north": {"uv": [4, 1, 5, 2], "texture": "#0"}, "east": {"uv": [9, 0, 3, 3], "texture": "#0"}, "south": {"uv": [7, 1, 8, 2], "texture": "#0"}, "west": {"uv": [3, 0, 9, 3], "texture": "#0"}, "up": {"uv": [4, 1, 5, 2], "texture": "#0"}, "down": {"uv": [7, 1, 8, 2], "texture": "#0"} } }, { "from": [7.57492, 10.87536, 7.65], "to": [8.42492, 12.53691, 8.65], "rotation": {"angle": 0, "axis": "y", "origin": [0.52492, 22.46736, 16]}, "faces": { "north": {"uv": [4, 1, 5, 2], "texture": "#0"}, "east": {"uv": [9, 0, 3, 3], "texture": "#0"}, "south": {"uv": [7, 1, 8, 2], "texture": "#0"}, "west": {"uv": [3, 0, 9, 3], "texture": "#0"}, "up": {"uv": [4, 1, 5, 2], "texture": "#0"}, "down": {"uv": [7, 1, 8, 2], "texture": "#0"} } }, { "from": [7.57492, 14.11101, 7.775], "to": [8.42492, 15.59766, 8.775], "rotation": {"angle": 0, "axis": "y", "origin": [0.52492, 25.70301, 16.125]}, "faces": { "north": {"uv": [4, 1, 5, 2], "texture": "#0"}, "east": {"uv": [9, 0, 3, 3], "texture": "#0"}, "south": {"uv": [7, 1, 8, 2], "texture": "#0"}, "west": {"uv": [3, 0, 9, 3], "texture": "#0"}, "up": {"uv": [4, 1, 5, 2], "texture": "#0"}, "down": {"uv": [7, 1, 8, 2], "texture": "#0"} } }, { "from": [7.57492, 15.59766, 7.825], "to": [8.42492, 16.99686, 8.825], "rotation": {"angle": 0, "axis": "y", "origin": [0.52492, 27.18966, 16.2]}, "faces": { "north": {"uv": [4, 1, 5, 2], "texture": "#0"}, "east": {"uv": [9, 0, 3, 3], "texture": "#0"}, "south": {"uv": [7, 1, 8, 2], "texture": "#0"}, "west": {"uv": [3, 0, 9, 3], "texture": "#0"}, "up": {"uv": [4, 1, 5, 2], "texture": "#0"}, "down": {"uv": [7, 1, 8, 2], "texture": "#0"} } }, { "from": [7.57492, 16.99686, 7.9], "to": [8.42492, 18.30861, 8.9], "rotation": {"angle": 0, "axis": "y", "origin": [0.52492, 28.58886, 16.3]}, "faces": { "north": {"uv": [4, 1, 5, 2], "texture": "#0"}, "east": {"uv": [9, 0, 3, 3], "texture": "#0"}, "south": {"uv": [7, 1, 8, 2], "texture": "#0"}, "west": {"uv": [3, 0, 9, 3], "texture": "#0"}, "up": {"uv": [4, 1, 5, 2], "texture": "#0"}, "down": {"uv": [7, 1, 8, 2], "texture": "#0"} } }, { "from": [7.57492, 19.57663, 8.1], "to": [8.42492, 20.84466, 9.05], "rotation": {"angle": 0, "axis": "y", "origin": [0.52492, 31.16863, 16.525]}, "faces": { "north": {"uv": [4, 1, 5, 2], "texture": "#0"}, "east": {"uv": [9, 0, 3, 3], "texture": "#0"}, "south": {"uv": [7, 1, 8, 2], "texture": "#0"}, "west": {"uv": [3, 0, 9, 3], "texture": "#0"}, "up": {"uv": [4, 1, 5, 2], "texture": "#0"}, "down": {"uv": [7, 1, 8, 2], "texture": "#0"} } }, { "from": [7.57492, 20.84466, 8.2], "to": [8.42492, 22.06896, 9.15], "rotation": {"angle": 0, "axis": "y", "origin": [0.52492, 32.43666, 16.65]}, "faces": { "north": {"uv": [4, 1, 5, 2], "texture": "#0"}, "east": {"uv": [9, 0, 3, 3], "texture": "#0"}, "south": {"uv": [7, 1, 8, 2], "texture": "#0"}, "west": {"uv": [3, 0, 9, 3], "texture": "#0"}, "up": {"uv": [4, 1, 5, 2], "texture": "#0"}, "down": {"uv": [7, 1, 8, 2], "texture": "#0"} } }, { "from": [7.57492, 22.06896, 8.325], "to": [8.42492, 23.20581, 9.225], "rotation": {"angle": 0, "axis": "y", "origin": [0.52492, 33.66096, 16.8]}, "faces": { "north": {"uv": [4, 1, 5, 2], "texture": "#0"}, "east": {"uv": [9, 0, 3, 3], "texture": "#0"}, "south": {"uv": [7, 1, 8, 2], "texture": "#0"}, "west": {"uv": [3, 0, 9, 3], "texture": "#0"}, "up": {"uv": [4, 1, 5, 2], "texture": "#0"}, "down": {"uv": [7, 1, 8, 2], "texture": "#0"} } }, { "from": [7.57492, 23.20581, 8.45], "to": [8.42492, 24.25521, 9.35], "rotation": {"angle": 0, "axis": "y", "origin": [0.52492, 34.79781, 16.975]}, "faces": { "north": {"uv": [4, 1, 5, 2], "texture": "#0"}, "east": {"uv": [9, 0, 3, 3], "texture": "#0"}, "south": {"uv": [7, 1, 8, 2], "texture": "#0"}, "west": {"uv": [3, 0, 9, 3], "texture": "#0"}, "up": {"uv": [4, 1, 5, 2], "texture": "#0"}, "down": {"uv": [7, 1, 8, 2], "texture": "#0"} } }, { "from": [7.57492, 24.25521, 8.6], "to": [8.42492, 25.30461, 9.45], "rotation": {"angle": 0, "axis": "y", "origin": [0.52492, 35.84721, 17.175]}, "faces": { "north": {"uv": [4, 1, 5, 2], "texture": "#0"}, "east": {"uv": [9, 0, 3, 3], "texture": "#0"}, "south": {"uv": [7, 1, 8, 2], "texture": "#0"}, "west": {"uv": [3, 0, 9, 3], "texture": "#0"}, "up": {"uv": [4, 1, 5, 2], "texture": "#0"}, "down": {"uv": [7, 1, 8, 2], "texture": "#0"} } }, { "from": [7.57492, 25.30461, 8.75], "to": [8.42492, 26.17911, 9.55], "rotation": {"angle": 0, "axis": "y", "origin": [0.52492, 36.89661, 17.425]}, "faces": { "north": {"uv": [4, 1, 5, 2], "texture": "#0"}, "east": {"uv": [9, 0, 3, 3], "texture": "#0"}, "south": {"uv": [7, 1, 8, 2], "texture": "#0"}, "west": {"uv": [3, 0, 9, 3], "texture": "#0"}, "up": {"uv": [4, 1, 5, 2], "texture": "#0"}, "down": {"uv": [7, 1, 8, 2], "texture": "#0"} } }, { "from": [7.57492, 26.17911, 8.9], "to": [8.42492, 27.05361, 9.625], "rotation": {"angle": 0, "axis": "y", "origin": [0.52492, 37.77111, 17.65]}, "faces": { "north": {"uv": [4, 1, 5, 2], "texture": "#0"}, "east": {"uv": [9, 0, 3, 3], "texture": "#0"}, "south": {"uv": [7, 1, 8, 2], "texture": "#0"}, "west": {"uv": [3, 0, 9, 3], "texture": "#0"}, "up": {"uv": [4, 1, 5, 2], "texture": "#0"}, "down": {"uv": [7, 1, 8, 2], "texture": "#0"} } }, { "from": [7.57492, 27.05361, 9.05], "to": [8.42492, 27.84066, 9.725], "rotation": {"angle": 0, "axis": "y", "origin": [0.52492, 38.64561, 17.875]}, "faces": { "north": {"uv": [4, 1, 5, 2], "texture": "#0"}, "east": {"uv": [9, 0, 3, 3], "texture": "#0"}, "south": {"uv": [7, 1, 8, 2], "texture": "#0"}, "west": {"uv": [3, 0, 9, 3], "texture": "#0"}, "up": {"uv": [4, 1, 5, 2], "texture": "#0"}, "down": {"uv": [7, 1, 8, 2], "texture": "#0"} } }, { "from": [7.57492, 27.84066, 9.275], "to": [8.42492, 28.54026, 9.825], "rotation": {"angle": 0, "axis": "y", "origin": [0.52492, 39.43266, 18.175]}, "faces": { "north": {"uv": [4, 1, 5, 2], "texture": "#0"}, "east": {"uv": [8, 0, 3, 3], "texture": "#0"}, "south": {"uv": [7, 1, 8, 2], "texture": "#0"}, "west": {"uv": [3, 0, 8, 3], "texture": "#0"}, "up": {"uv": [4, 1, 5, 2], "texture": "#0"}, "down": {"uv": [7, 1, 8, 2], "texture": "#0"} } }, { "from": [7.57492, 28.54026, 9.55], "to": [8.42492, 29.10868, 9.925], "rotation": {"angle": 0, "axis": "y", "origin": [0.52492, 40.13226, 18.475]}, "faces": { "north": {"uv": [4, 1, 5, 2], "texture": "#0"}, "east": {"uv": [8, 0, 3, 3], "texture": "#0"}, "south": {"uv": [7, 1, 8, 2], "texture": "#0"}, "west": {"uv": [3, 0, 10, 3], "texture": "#0"}, "up": {"uv": [4, 1, 5, 2], "texture": "#0"}, "down": {"uv": [7, 1, 8, 2], "texture": "#0"} } }, { "from": [7.57492, 7.37736, 7.55], "to": [8.42492, 9.12636, 8.55], "rotation": {"angle": 0, "axis": "y", "origin": [0.52492, 18.96936, 15.9]}, "faces": { "north": {"uv": [4, 1, 5, 2], "texture": "#0"}, "east": {"uv": [9, 0, 3, 3], "texture": "#0"}, "south": {"uv": [7, 1, 8, 2], "texture": "#0"}, "west": {"uv": [3, 0, 9, 3], "texture": "#0"}, "up": {"uv": [4, 1, 5, 2], "texture": "#0"}, "down": {"uv": [7, 1, 8, 2], "texture": "#0"} } }, { "from": [7.57492, 0.75786, 7.5], "to": [8.42492, 5.62836, 8.5], "rotation": {"angle": 0, "axis": "y", "origin": [0.52492, 15.47136, 15.85]}, "faces": { "north": {"uv": [4, 1, 5, 2], "texture": "#0"}, "east": {"uv": [9, 0, 3, 3], "texture": "#0"}, "south": {"uv": [7, 1, 8, 2], "texture": "#0"}, "west": {"uv": [3, 0, 9, 3], "texture": "#0"}, "up": {"uv": [4, 1, 5, 2], "texture": "#0"}, "down": {"uv": [15, 2, 16, 3], "texture": "#0"} } }, { "from": [7.57492, 5.62836, 7.525], "to": [8.42492, 7.37736, 8.525], "rotation": {"angle": 0, "axis": "y", "origin": [0.52492, 17.22036, 15.875]}, "faces": { "north": {"uv": [4, 1, 5, 2], "texture": "#0"}, "east": {"uv": [9, 0, 3, 3], "texture": "#0"}, "south": {"uv": [7, 1, 8, 2], "texture": "#0"}, "west": {"uv": [3, 0, 9, 3], "texture": "#0"}, "up": {"uv": [4, 1, 5, 2], "texture": "#0"}, "down": {"uv": [7, 1, 8, 2], "texture": "#0"} } }, { "from": [7.57492, 12.53691, 7.7], "to": [8.42492, 14.11101, 8.7], "rotation": {"angle": 0, "axis": "y", "origin": [0.52492, 24.12891, 16.05]}, "faces": { "north": {"uv": [4, 1, 5, 2], "texture": "#0"}, "east": {"uv": [9, 0, 3, 3], "texture": "#0"}, "south": {"uv": [7, 1, 8, 2], "texture": "#0"}, "west": {"uv": [3, 0, 9, 3], "texture": "#0"}, "up": {"uv": [4, 1, 5, 2], "texture": "#0"}, "down": {"uv": [7, 1, 8, 2], "texture": "#0"} } }, { "from": [7.57492, 18.30861, 8], "to": [8.42492, 19.57663, 8.95], "rotation": {"angle": 0, "axis": "y", "origin": [0.52492, 29.90061, 16.4]}, "faces": { "north": {"uv": [4, 1, 5, 2], "texture": "#0"}, "east": {"uv": [9, 0, 3, 3], "texture": "#0"}, "south": {"uv": [7, 1, 8, 2], "texture": "#0"}, "west": {"uv": [3, 0, 9, 3], "texture": "#0"}, "up": {"uv": [4, 1, 5, 2], "texture": "#0"}, "down": {"uv": [7, 1, 8, 2], "texture": "#0"} } }, { "from": [7.77492, 9.12636, 7.6], "to": [8.22492, 10.87536, 8.85], "rotation": {"angle": 0, "axis": "y", "origin": [0.52492, 20.71836, 15.95]}, "faces": { "north": {"uv": [10, 1, 11, 2], "texture": "#0"}, "east": {"uv": [10, 1, 11, 2], "texture": "#0"}, "south": {"uv": [10, 1, 11, 2], "texture": "#0"}, "west": {"uv": [10, 1, 11, 2], "texture": "#0"}, "up": {"uv": [10, 1, 11, 2], "texture": "#0"}, "down": {"uv": [10, 1, 11, 2], "texture": "#0"} } }, { "from": [7.77492, 10.87536, 7.65], "to": [8.22492, 12.53691, 8.9], "rotation": {"angle": 0, "axis": "y", "origin": [0.52492, 22.46736, 16]}, "faces": { "north": {"uv": [10, 1, 11, 2], "texture": "#0"}, "east": {"uv": [10, 1, 11, 2], "texture": "#0"}, "south": {"uv": [10, 1, 11, 2], "texture": "#0"}, "west": {"uv": [10, 1, 11, 2], "texture": "#0"}, "up": {"uv": [10, 1, 11, 2], "texture": "#0"}, "down": {"uv": [10, 1, 11, 2], "texture": "#0"} } }, { "from": [7.77492, 12.53691, 7.7], "to": [8.22492, 14.11101, 8.95], "rotation": {"angle": 0, "axis": "y", "origin": [0.52492, 24.12891, 16.05]}, "faces": { "north": {"uv": [10, 1, 11, 2], "texture": "#0"}, "east": {"uv": [10, 1, 11, 2], "texture": "#0"}, "south": {"uv": [10, 1, 11, 2], "texture": "#0"}, "west": {"uv": [10, 1, 11, 2], "texture": "#0"}, "up": {"uv": [10, 1, 11, 2], "texture": "#0"}, "down": {"uv": [10, 1, 11, 2], "texture": "#0"} } }, { "from": [7.77492, 14.11101, 7.775], "to": [8.22492, 15.59766, 9.025], "rotation": {"angle": 0, "axis": "y", "origin": [0.52492, 25.70301, 16.125]}, "faces": { "north": {"uv": [10, 1, 11, 2], "texture": "#0"}, "east": {"uv": [10, 1, 11, 2], "texture": "#0"}, "south": {"uv": [10, 1, 11, 2], "texture": "#0"}, "west": {"uv": [10, 1, 11, 2], "texture": "#0"}, "up": {"uv": [10, 1, 11, 2], "texture": "#0"}, "down": {"uv": [10, 1, 11, 2], "texture": "#0"} } }, { "from": [7.77492, 15.59766, 7.825], "to": [8.22492, 16.99686, 9.075], "rotation": {"angle": 0, "axis": "y", "origin": [0.52492, 27.18966, 16.2]}, "faces": { "north": {"uv": [10, 1, 11, 2], "texture": "#0"}, "east": {"uv": [10, 1, 11, 2], "texture": "#0"}, "south": {"uv": [10, 1, 11, 2], "texture": "#0"}, "west": {"uv": [10, 1, 11, 2], "texture": "#0"}, "up": {"uv": [10, 1, 11, 2], "texture": "#0"}, "down": {"uv": [10, 1, 11, 2], "texture": "#0"} } }, { "from": [7.77492, 16.99686, 7.9], "to": [8.22492, 18.30861, 9.15], "rotation": {"angle": 0, "axis": "y", "origin": [0.52492, 28.58886, 16.3]}, "faces": { "north": {"uv": [10, 1, 11, 2], "texture": "#0"}, "east": {"uv": [10, 1, 11, 2], "texture": "#0"}, "south": {"uv": [10, 1, 11, 2], "texture": "#0"}, "west": {"uv": [10, 1, 11, 2], "texture": "#0"}, "up": {"uv": [10, 1, 11, 2], "texture": "#0"}, "down": {"uv": [10, 1, 11, 2], "texture": "#0"} } }, { "from": [7.77492, 18.30861, 8], "to": [8.22492, 19.57663, 9.2], "rotation": {"angle": 0, "axis": "y", "origin": [0.52492, 29.90061, 16.4]}, "faces": { "north": {"uv": [10, 1, 11, 2], "texture": "#0"}, "east": {"uv": [10, 1, 11, 2], "texture": "#0"}, "south": {"uv": [10, 1, 11, 2], "texture": "#0"}, "west": {"uv": [10, 1, 11, 2], "texture": "#0"}, "up": {"uv": [10, 1, 11, 2], "texture": "#0"}, "down": {"uv": [10, 1, 11, 2], "texture": "#0"} } }, { "from": [7.77492, 19.57663, 8.1], "to": [8.22492, 20.84466, 9.3], "rotation": {"angle": 0, "axis": "y", "origin": [0.52492, 31.16863, 16.525]}, "faces": { "north": {"uv": [10, 1, 11, 2], "texture": "#0"}, "east": {"uv": [10, 1, 11, 2], "texture": "#0"}, "south": {"uv": [10, 1, 11, 2], "texture": "#0"}, "west": {"uv": [10, 1, 11, 2], "texture": "#0"}, "up": {"uv": [10, 1, 11, 2], "texture": "#0"}, "down": {"uv": [10, 1, 11, 2], "texture": "#0"} } }, { "from": [7.77492, 20.84466, 8.2], "to": [8.22492, 22.06896, 9.4], "rotation": {"angle": 0, "axis": "y", "origin": [0.52492, 32.43666, 16.65]}, "faces": { "north": {"uv": [10, 1, 11, 2], "texture": "#0"}, "east": {"uv": [10, 1, 11, 2], "texture": "#0"}, "south": {"uv": [10, 1, 11, 2], "texture": "#0"}, "west": {"uv": [10, 1, 11, 2], "texture": "#0"}, "up": {"uv": [10, 1, 11, 2], "texture": "#0"}, "down": {"uv": [10, 1, 11, 2], "texture": "#0"} } }, { "from": [7.77492, 22.06896, 8.325], "to": [8.22492, 23.20581, 9.475], "rotation": {"angle": 0, "axis": "y", "origin": [0.52492, 33.66096, 16.8]}, "faces": { "north": {"uv": [10, 1, 11, 2], "texture": "#0"}, "east": {"uv": [10, 1, 11, 2], "texture": "#0"}, "south": {"uv": [10, 1, 11, 2], "texture": "#0"}, "west": {"uv": [10, 1, 11, 2], "texture": "#0"}, "up": {"uv": [10, 1, 11, 2], "texture": "#0"}, "down": {"uv": [10, 1, 11, 2], "texture": "#0"} } }, { "from": [7.77492, 23.20581, 8.45], "to": [8.22492, 24.25521, 9.6], "rotation": {"angle": 0, "axis": "y", "origin": [0.52492, 34.79781, 16.975]}, "faces": { "north": {"uv": [10, 1, 11, 2], "texture": "#0"}, "east": {"uv": [10, 1, 11, 2], "texture": "#0"}, "south": {"uv": [10, 1, 11, 2], "texture": "#0"}, "west": {"uv": [10, 1, 11, 2], "texture": "#0"}, "up": {"uv": [10, 1, 11, 2], "texture": "#0"}, "down": {"uv": [10, 1, 11, 2], "texture": "#0"} } }, { "from": [7.77492, 24.25521, 8.6], "to": [8.22492, 25.30461, 9.7], "rotation": {"angle": 0, "axis": "y", "origin": [0.52492, 35.84721, 17.175]}, "faces": { "north": {"uv": [10, 1, 11, 2], "texture": "#0"}, "east": {"uv": [10, 1, 11, 2], "texture": "#0"}, "south": {"uv": [10, 1, 11, 2], "texture": "#0"}, "west": {"uv": [10, 1, 11, 2], "texture": "#0"}, "up": {"uv": [10, 1, 11, 2], "texture": "#0"}, "down": {"uv": [10, 1, 11, 2], "texture": "#0"} } }, { "from": [7.77492, 25.30461, 8.75], "to": [8.22492, 26.17911, 9.8], "rotation": {"angle": 0, "axis": "y", "origin": [0.52492, 36.89661, 17.425]}, "faces": { "north": {"uv": [10, 1, 11, 2], "texture": "#0"}, "east": {"uv": [10, 1, 11, 2], "texture": "#0"}, "south": {"uv": [10, 1, 11, 2], "texture": "#0"}, "west": {"uv": [10, 1, 11, 2], "texture": "#0"}, "up": {"uv": [10, 1, 11, 2], "texture": "#0"}, "down": {"uv": [10, 1, 11, 2], "texture": "#0"} } }, { "from": [7.77492, 26.17911, 8.9], "to": [8.22492, 27.05361, 9.875], "rotation": {"angle": 0, "axis": "y", "origin": [0.52492, 37.77111, 17.65]}, "faces": { "north": {"uv": [10, 1, 11, 2], "texture": "#0"}, "east": {"uv": [10, 1, 11, 2], "texture": "#0"}, "south": {"uv": [10, 1, 11, 2], "texture": "#0"}, "west": {"uv": [10, 1, 11, 2], "texture": "#0"}, "up": {"uv": [10, 1, 11, 2], "texture": "#0"}, "down": {"uv": [10, 1, 11, 2], "texture": "#0"} } }, { "from": [7.77492, 27.05361, 9.05], "to": [8.22492, 27.84066, 9.975], "rotation": {"angle": 0, "axis": "y", "origin": [0.52492, 38.64561, 17.875]}, "faces": { "north": {"uv": [10, 1, 11, 2], "texture": "#0"}, "east": {"uv": [10, 1, 11, 2], "texture": "#0"}, "south": {"uv": [10, 1, 11, 2], "texture": "#0"}, "west": {"uv": [10, 1, 11, 2], "texture": "#0"}, "up": {"uv": [10, 1, 11, 2], "texture": "#0"}, "down": {"uv": [10, 1, 11, 2], "texture": "#0"} } }, { "from": [7.77492, 27.84066, 9.825], "to": [8.22492, 28.54026, 10.075], "rotation": {"angle": 0, "axis": "y", "origin": [0.52492, 39.43266, 18.175]}, "faces": { "north": {"uv": [7, 1, 12, 2], "texture": "#0"}, "east": {"uv": [7, 1, 12, 2], "texture": "#0"}, "south": {"uv": [10, 1, 11, 2], "texture": "#0"}, "west": {"uv": [8, 1, 12, 2], "texture": "#0"}, "up": {"uv": [7, 1, 12, 2], "texture": "#0"}, "down": {"uv": [7, 1, 12, 2], "texture": "#0"} } }, { "from": [7.77492, 28.54026, 9.925], "to": [8.22492, 29.10868, 10.175], "rotation": {"angle": 0, "axis": "y", "origin": [0.52492, 40.13226, 18.475]}, "faces": { "north": {"uv": [15, 2, 16, 3], "texture": "#0"}, "east": {"uv": [12, 1, 8, 2], "texture": "#0"}, "south": {"uv": [10, 1, 11, 2], "texture": "#0"}, "west": {"uv": [8, 1, 12, 2], "texture": "#0"}, "up": {"uv": [15, 2, 16, 3], "texture": "#0"}, "down": {"uv": [10, 1, 11, 2], "texture": "#0"} } }, { "from": [7.77492, 29.10868, 9.95], "to": [8.22492, 29.67711, 10.3], "rotation": {"angle": 0, "axis": "y", "origin": [0.52492, 40.70068, 18.775]}, "faces": { "north": {"uv": [15, 2, 16, 3], "texture": "#0"}, "east": {"uv": [12, 1, 7, 2], "texture": "#0"}, "south": {"uv": [10, 1, 11, 2], "texture": "#0"}, "west": {"uv": [7, 1, 12, 2], "texture": "#0"}, "up": {"uv": [15, 2, 16, 3], "texture": "#0"}, "down": {"uv": [10, 1, 11, 2], "texture": "#0"} } }, { "from": [7.77492, 29.67711, 10.1], "to": [8.22492, 30.15808, 10.425], "rotation": {"angle": 0, "axis": "y", "origin": [0.52492, 41.26911, 19.075]}, "faces": { "north": {"uv": [15, 2, 16, 3], "texture": "#0"}, "east": {"uv": [12, 1, 7, 2], "texture": "#0"}, "south": {"uv": [10, 1, 11, 2], "texture": "#0"}, "west": {"uv": [7, 1, 12, 2], "texture": "#0"}, "up": {"uv": [15, 2, 16, 3], "texture": "#0"}, "down": {"uv": [10, 1, 11, 2], "texture": "#0"} } }, { "from": [7.77492, 30.15808, 10.325], "to": [8.22492, 30.55161, 10.55], "rotation": {"angle": 0, "axis": "y", "origin": [0.52492, 41.75008, 19.375]}, "faces": { "north": {"uv": [15, 2, 16, 3], "texture": "#0"}, "east": {"uv": [12, 1, 8, 2], "texture": "#0"}, "south": {"uv": [10, 1, 11, 2], "texture": "#0"}, "west": {"uv": [8, 1, 12, 2], "texture": "#0"}, "up": {"uv": [15, 2, 16, 3], "texture": "#0"}, "down": {"uv": [10, 1, 11, 2], "texture": "#0"} } }, { "from": [7.77492, 30.55161, 10.525], "to": [8.22492, 30.85768, 10.675], "rotation": {"angle": 0, "axis": "y", "origin": [0.52492, 42.14361, 19.675]}, "faces": { "north": {"uv": [15, 2, 16, 3], "texture": "#0"}, "east": {"uv": [12, 1, 9, 2], "texture": "#0"}, "south": {"uv": [10, 1, 11, 2], "texture": "#0"}, "west": {"uv": [9, 1, 12, 2], "texture": "#0"}, "up": {"uv": [15, 2, 16, 3], "texture": "#0"}, "down": {"uv": [10, 1, 11, 2], "texture": "#0"} } }, { "from": [7.77492, 7.37736, 7.55], "to": [8.22492, 9.12636, 8.8], "rotation": {"angle": 0, "axis": "y", "origin": [0.52492, 18.96936, 15.9]}, "faces": { "north": {"uv": [10, 1, 11, 2], "texture": "#0"}, "east": {"uv": [10, 1, 11, 2], "texture": "#0"}, "south": {"uv": [10, 1, 11, 2], "texture": "#0"}, "west": {"uv": [10, 1, 11, 2], "texture": "#0"}, "up": {"uv": [10, 1, 11, 2], "texture": "#0"}, "down": {"uv": [10, 1, 11, 2], "texture": "#0"} } }, { "from": [7.77492, 0.75786, 7.5], "to": [8.22492, 5.62836, 8.75], "rotation": {"angle": 0, "axis": "y", "origin": [0.52492, 15.47136, 15.85]}, "faces": { "north": {"uv": [10, 1, 11, 2], "texture": "#0"}, "east": {"uv": [10, 1, 11, 2], "texture": "#0"}, "south": {"uv": [10, 1, 11, 2], "texture": "#0"}, "west": {"uv": [10, 1, 11, 2], "texture": "#0"}, "up": {"uv": [10, 1, 11, 2], "texture": "#0"}, "down": {"uv": [10, 1, 11, 2], "texture": "#0"} } }, { "from": [7.77492, 5.62836, 7.525], "to": [8.22492, 7.37736, 8.775], "rotation": {"angle": 0, "axis": "y", "origin": [0.52492, 17.22036, 15.875]}, "faces": { "north": {"uv": [10, 1, 11, 2], "texture": "#0"}, "east": {"uv": [10, 1, 11, 2], "texture": "#0"}, "south": {"uv": [10, 1, 11, 2], "texture": "#0"}, "west": {"uv": [10, 1, 11, 2], "texture": "#0"}, "up": {"uv": [10, 1, 11, 2], "texture": "#0"}, "down": {"uv": [10, 1, 11, 2], "texture": "#0"} } }, { "from": [7.77492, 31.42213, 10.65], "to": [8.22492, 31.55463, 10.9], "rotation": {"angle": 0, "axis": "y", "origin": [0.52492, 42.14361, 19.425]}, "faces": { "north": {"uv": [1, 1, 2, 2], "texture": "#0"}, "east": {"uv": [1, 1, 2, 2], "texture": "#0"}, "south": {"uv": [1, 1, 2, 2], "texture": "#0"}, "west": {"uv": [1, 1, 2, 2], "texture": "#0"}, "up": {"uv": [1, 1, 2, 2], "texture": "#0"}, "down": {"uv": [1, 1, 2, 2], "texture": "#0"} } }, { "from": [7.77492, 31.23663, 10.45], "to": [8.22492, 31.42213, 10.85], "rotation": {"angle": 0, "axis": "y", "origin": [0.52492, 42.14361, 19.425]}, "faces": { "north": {"uv": [1, 1, 2, 2], "texture": "#0"}, "east": {"uv": [6, 1, 0, 2], "texture": "#0"}, "south": {"uv": [7, 1, 8, 2], "texture": "#0"}, "west": {"uv": [0, 1, 6, 2], "texture": "#0"}, "up": {"uv": [1, 1, 2, 2], "texture": "#0"}, "down": {"uv": [7, 1, 8, 2], "texture": "#0"} } }, { "from": [7.77492, 31.04716, 10.25], "to": [8.22492, 31.23663, 10.8], "rotation": {"angle": 0, "axis": "y", "origin": [7.99992, 31.1419, 10.525]}, "faces": { "north": {"uv": [1, 1, 2, 2], "texture": "#0"}, "east": {"uv": [9, 1, 0, 2], "texture": "#0"}, "south": {"uv": [10, 1, 11, 2], "texture": "#0"}, "west": {"uv": [0, 1, 9, 2], "texture": "#0"}, "up": {"uv": [1, 1, 2, 2], "texture": "#0"}, "down": {"uv": [10, 1, 11, 2], "texture": "#0"} } }, { "from": [7.77492, 30.85768, 10.1], "to": [8.22492, 31.04716, 10.75], "rotation": {"angle": 0, "axis": "y", "origin": [0.52492, 42.12903, 19.425]}, "faces": { "north": {"uv": [1, 1, 2, 2], "texture": "#0"}, "east": {"uv": [11, 1, 0, 2], "texture": "#0"}, "south": {"uv": [10, 1, 11, 2], "texture": "#0"}, "west": {"uv": [0, 1, 11, 2], "texture": "#0"}, "up": {"uv": [1, 1, 2, 2], "texture": "#0"}, "down": {"uv": [10, 1, 11, 2], "texture": "#0"} } }, { "from": [7.77492, 30.15808, 9.75], "to": [8.22492, 30.55161, 10.325], "rotation": {"angle": 0, "axis": "y", "origin": [0.52492, 41.75008, 19.375]}, "faces": { "north": {"uv": [1, 1, 2, 2], "texture": "#0"}, "east": {"uv": [8, 1, 0, 2], "texture": "#0"}, "south": {"uv": [2, 2, 3, 3], "texture": "#0"}, "west": {"uv": [0, 1, 8, 2], "texture": "#0"}, "up": {"uv": [1, 1, 2, 2], "texture": "#0"}, "down": {"uv": [2, 2, 3, 3], "texture": "#0"} } }, { "from": [7.77492, 30.55161, 9.95], "to": [8.22492, 30.85768, 10.525], "rotation": {"angle": 0, "axis": "y", "origin": [0.52492, 42.14361, 19.675]}, "faces": { "north": {"uv": [1, 1, 2, 2], "texture": "#0"}, "east": {"uv": [9, 1, 0, 2], "texture": "#0"}, "south": {"uv": [2, 2, 3, 3], "texture": "#0"}, "west": {"uv": [0, 1, 9, 2], "texture": "#0"}, "up": {"uv": [1, 1, 2, 2], "texture": "#0"}, "down": {"uv": [2, 2, 3, 3], "texture": "#0"} } }, { "from": [7.77492, 29.67711, 9.6], "to": [8.22492, 30.15808, 10.1], "rotation": {"angle": 0, "axis": "y", "origin": [0.52492, 41.26911, 19.075]}, "faces": { "north": {"uv": [1, 1, 2, 2], "texture": "#0"}, "east": {"uv": [7, 1, 0, 2], "texture": "#0"}, "south": {"uv": [2, 2, 3, 3], "texture": "#0"}, "west": {"uv": [0, 1, 7, 2], "texture": "#0"}, "up": {"uv": [1, 1, 2, 2], "texture": "#0"}, "down": {"uv": [2, 2, 3, 3], "texture": "#0"} } }, { "from": [7.77492, 28.54026, 9.225], "to": [8.22492, 29.10868, 9.55], "rotation": {"angle": 0, "axis": "y", "origin": [0.52492, 40.13226, 18.475]}, "faces": { "north": {"uv": [1, 1, 2, 2], "texture": "#0"}, "east": {"uv": [4, 1, 0, 2], "texture": "#0"}, "south": {"uv": [2, 2, 3, 3], "texture": "#0"}, "west": {"uv": [0, 1, 4, 2], "texture": "#0"}, "up": {"uv": [1, 1, 2, 2], "texture": "#0"}, "down": {"uv": [2, 2, 3, 3], "texture": "#0"} } }, { "from": [7.77492, 29.10868, 9.4], "to": [8.22492, 29.67711, 9.75], "rotation": {"angle": 0, "axis": "y", "origin": [0.52492, 40.70068, 18.775]}, "faces": { "north": {"uv": [1, 1, 2, 2], "texture": "#0"}, "east": {"uv": [5, 1, 0, 2], "texture": "#0"}, "south": {"uv": [2, 2, 3, 3], "texture": "#0"}, "west": {"uv": [0, 1, 5, 2], "texture": "#0"}, "up": {"uv": [1, 1, 2, 2], "texture": "#0"}, "down": {"uv": [2, 2, 3, 3], "texture": "#0"} } }, { "from": [7.77492, 27.84066, 9.025], "to": [8.22492, 28.54026, 9.275], "rotation": {"angle": 0, "axis": "y", "origin": [0.52492, 39.43266, 18.175]}, "faces": { "north": {"uv": [1, 1, 2, 2], "texture": "#0"}, "east": {"uv": [4, 1, 0, 2], "texture": "#0"}, "south": {"uv": [2, 2, 3, 3], "texture": "#0"}, "west": {"uv": [0, 1, 4, 2], "texture": "#0"}, "up": {"uv": [1, 1, 2, 2], "texture": "#0"}, "down": {"uv": [2, 2, 3, 3], "texture": "#0"} } }, { "from": [7.77492, 27.05361, 8.8], "to": [8.22492, 27.84066, 9.05], "rotation": {"angle": 0, "axis": "y", "origin": [0.52492, 38.64561, 17.875]}, "faces": { "north": {"uv": [1, 1, 2, 2], "texture": "#0"}, "east": {"uv": [1, 1, 2, 2], "texture": "#0"}, "south": {"uv": [1, 1, 2, 2], "texture": "#0"}, "west": {"uv": [1, 1, 2, 2], "texture": "#0"}, "up": {"uv": [1, 1, 2, 2], "texture": "#0"}, "down": {"uv": [1, 1, 2, 2], "texture": "#0"} } }, { "from": [7.77492, 26.17911, 8.65], "to": [8.22492, 27.05361, 8.9], "rotation": {"angle": 0, "axis": "y", "origin": [0.52492, 37.77111, 17.65]}, "faces": { "north": {"uv": [1, 1, 2, 2], "texture": "#0"}, "east": {"uv": [1, 1, 2, 2], "texture": "#0"}, "south": {"uv": [1, 1, 2, 2], "texture": "#0"}, "west": {"uv": [1, 1, 2, 2], "texture": "#0"}, "up": {"uv": [1, 1, 2, 2], "texture": "#0"}, "down": {"uv": [1, 1, 2, 2], "texture": "#0"} } }, { "from": [7.77492, 25.30461, 8.5], "to": [8.22492, 26.17911, 8.75], "rotation": {"angle": 0, "axis": "y", "origin": [0.52492, 36.89661, 17.425]}, "faces": { "north": {"uv": [1, 1, 2, 2], "texture": "#0"}, "east": {"uv": [1, 1, 2, 2], "texture": "#0"}, "south": {"uv": [1, 1, 2, 2], "texture": "#0"}, "west": {"uv": [1, 1, 2, 2], "texture": "#0"}, "up": {"uv": [1, 1, 2, 2], "texture": "#0"}, "down": {"uv": [1, 1, 2, 2], "texture": "#0"} } }, { "from": [7.77492, 24.25521, 8.35], "to": [8.22492, 25.30461, 8.6], "rotation": {"angle": 0, "axis": "y", "origin": [0.52492, 35.84721, 17.175]}, "faces": { "north": {"uv": [1, 1, 2, 2], "texture": "#0"}, "east": {"uv": [1, 1, 2, 2], "texture": "#0"}, "south": {"uv": [1, 1, 2, 2], "texture": "#0"}, "west": {"uv": [1, 1, 2, 2], "texture": "#0"}, "up": {"uv": [1, 1, 2, 2], "texture": "#0"}, "down": {"uv": [1, 1, 2, 2], "texture": "#0"} } }, { "from": [7.77492, 23.20581, 8.2], "to": [8.22492, 24.25521, 8.45], "rotation": {"angle": 0, "axis": "y", "origin": [0.52492, 34.79781, 16.975]}, "faces": { "north": {"uv": [1, 1, 2, 2], "texture": "#0"}, "east": {"uv": [1, 1, 2, 2], "texture": "#0"}, "south": {"uv": [1, 1, 2, 2], "texture": "#0"}, "west": {"uv": [1, 1, 2, 2], "texture": "#0"}, "up": {"uv": [1, 1, 2, 2], "texture": "#0"}, "down": {"uv": [1, 1, 2, 2], "texture": "#0"} } }, { "from": [7.77492, 22.06896, 8.075], "to": [8.22492, 23.20581, 8.325], "rotation": {"angle": 0, "axis": "y", "origin": [0.52492, 33.66096, 16.8]}, "faces": { "north": {"uv": [1, 1, 2, 2], "texture": "#0"}, "east": {"uv": [1, 1, 2, 2], "texture": "#0"}, "south": {"uv": [1, 1, 2, 2], "texture": "#0"}, "west": {"uv": [1, 1, 2, 2], "texture": "#0"}, "up": {"uv": [1, 1, 2, 2], "texture": "#0"}, "down": {"uv": [1, 1, 2, 2], "texture": "#0"} } }, { "from": [7.77492, 20.84466, 7.95], "to": [8.22492, 22.06896, 8.2], "rotation": {"angle": 0, "axis": "y", "origin": [0.52492, 32.43666, 16.65]}, "faces": { "north": {"uv": [1, 1, 2, 2], "texture": "#0"}, "east": {"uv": [1, 1, 2, 2], "texture": "#0"}, "south": {"uv": [1, 1, 2, 2], "texture": "#0"}, "west": {"uv": [1, 1, 2, 2], "texture": "#0"}, "up": {"uv": [1, 1, 2, 2], "texture": "#0"}, "down": {"uv": [1, 1, 2, 2], "texture": "#0"} } }, { "from": [7.77492, 19.57663, 7.85], "to": [8.22492, 20.84466, 8.1], "rotation": {"angle": 0, "axis": "y", "origin": [7.99992, 20.21065, 7.975]}, "faces": { "north": {"uv": [1, 1, 2, 2], "texture": "#0"}, "east": {"uv": [1, 1, 2, 2], "texture": "#0"}, "south": {"uv": [1, 1, 2, 2], "texture": "#0"}, "west": {"uv": [1, 1, 2, 2], "texture": "#0"}, "up": {"uv": [1, 1, 2, 2], "texture": "#0"}, "down": {"uv": [1, 1, 2, 2], "texture": "#0"} } }, { "from": [7.77492, 18.30861, 7.75], "to": [8.22492, 19.57663, 8], "rotation": {"angle": 0, "axis": "y", "origin": [0.52492, 29.90061, 16.4]}, "faces": { "north": {"uv": [1, 1, 2, 2], "texture": "#0"}, "east": {"uv": [1, 1, 2, 2], "texture": "#0"}, "south": {"uv": [1, 1, 2, 2], "texture": "#0"}, "west": {"uv": [1, 1, 2, 2], "texture": "#0"}, "up": {"uv": [1, 1, 2, 2], "texture": "#0"}, "down": {"uv": [1, 1, 2, 2], "texture": "#0"} } }, { "from": [7.77492, 16.99686, 7.65], "to": [8.22492, 18.30861, 7.9], "rotation": {"angle": 0, "axis": "y", "origin": [0.52492, 28.58886, 16.3]}, "faces": { "north": {"uv": [1, 1, 2, 2], "texture": "#0"}, "east": {"uv": [1, 1, 2, 2], "texture": "#0"}, "south": {"uv": [1, 1, 2, 2], "texture": "#0"}, "west": {"uv": [1, 1, 2, 2], "texture": "#0"}, "up": {"uv": [1, 1, 2, 2], "texture": "#0"}, "down": {"uv": [1, 1, 2, 2], "texture": "#0"} } }, { "from": [7.77492, 15.59766, 7.575], "to": [8.22492, 16.99686, 7.825], "rotation": {"angle": 0, "axis": "y", "origin": [0.52492, 27.18966, 16.2]}, "faces": { "north": {"uv": [1, 1, 2, 2], "texture": "#0"}, "east": {"uv": [1, 1, 2, 2], "texture": "#0"}, "south": {"uv": [1, 1, 2, 2], "texture": "#0"}, "west": {"uv": [1, 1, 2, 2], "texture": "#0"}, "up": {"uv": [1, 1, 2, 2], "texture": "#0"}, "down": {"uv": [1, 1, 2, 2], "texture": "#0"} } }, { "from": [7.77492, 14.11101, 7.525], "to": [8.22492, 15.59766, 7.775], "rotation": {"angle": 0, "axis": "y", "origin": [0.52492, 25.70301, 16.125]}, "faces": { "north": {"uv": [1, 1, 2, 2], "texture": "#0"}, "east": {"uv": [1, 1, 2, 2], "texture": "#0"}, "south": {"uv": [1, 1, 2, 2], "texture": "#0"}, "west": {"uv": [1, 1, 2, 2], "texture": "#0"}, "up": {"uv": [1, 1, 2, 2], "texture": "#0"}, "down": {"uv": [1, 1, 2, 2], "texture": "#0"} } }, { "from": [7.77492, 12.53691, 7.45], "to": [8.22492, 14.11101, 7.7], "rotation": {"angle": 0, "axis": "y", "origin": [0.52492, 24.12891, 16.05]}, "faces": { "north": {"uv": [1, 1, 2, 2], "texture": "#0"}, "east": {"uv": [1, 1, 2, 2], "texture": "#0"}, "south": {"uv": [1, 1, 2, 2], "texture": "#0"}, "west": {"uv": [1, 1, 2, 2], "texture": "#0"}, "up": {"uv": [1, 1, 2, 2], "texture": "#0"}, "down": {"uv": [1, 1, 2, 2], "texture": "#0"} } }, { "from": [7.77492, 10.87536, 7.4], "to": [8.22492, 12.53691, 7.65], "rotation": {"angle": 0, "axis": "y", "origin": [0.52492, 22.46736, 16]}, "faces": { "north": {"uv": [1, 1, 2, 2], "texture": "#0"}, "east": {"uv": [1, 1, 2, 2], "texture": "#0"}, "south": {"uv": [1, 1, 2, 2], "texture": "#0"}, "west": {"uv": [1, 1, 2, 2], "texture": "#0"}, "up": {"uv": [1, 1, 2, 2], "texture": "#0"}, "down": {"uv": [1, 1, 2, 2], "texture": "#0"} } }, { "from": [7.77492, 9.12636, 7.35], "to": [8.22492, 10.87536, 7.6], "rotation": {"angle": 0, "axis": "y", "origin": [0.52492, 20.71836, 15.95]}, "faces": { "north": {"uv": [1, 1, 2, 2], "texture": "#0"}, "east": {"uv": [1, 1, 2, 2], "texture": "#0"}, "south": {"uv": [1, 1, 2, 2], "texture": "#0"}, "west": {"uv": [1, 1, 2, 2], "texture": "#0"}, "up": {"uv": [1, 1, 2, 2], "texture": "#0"}, "down": {"uv": [1, 1, 2, 2], "texture": "#0"} } }, { "from": [7.77492, 7.37736, 7.3], "to": [8.22492, 9.12636, 7.55], "rotation": {"angle": 0, "axis": "y", "origin": [0.52492, 18.96936, 15.9]}, "faces": { "north": {"uv": [1, 1, 2, 2], "texture": "#0"}, "east": {"uv": [1, 1, 2, 2], "texture": "#0"}, "south": {"uv": [1, 1, 2, 2], "texture": "#0"}, "west": {"uv": [1, 1, 2, 2], "texture": "#0"}, "up": {"uv": [1, 1, 2, 2], "texture": "#0"}, "down": {"uv": [1, 1, 2, 2], "texture": "#0"} } }, { "from": [7.77492, 5.62836, 7.275], "to": [8.22492, 7.37736, 7.525], "rotation": {"angle": 0, "axis": "y", "origin": [0.52492, 17.22036, 15.875]}, "faces": { "north": {"uv": [1, 1, 2, 2], "texture": "#0"}, "east": {"uv": [1, 1, 2, 2], "texture": "#0"}, "south": {"uv": [1, 1, 2, 2], "texture": "#0"}, "west": {"uv": [1, 1, 2, 2], "texture": "#0"}, "up": {"uv": [1, 1, 2, 2], "texture": "#0"}, "down": {"uv": [1, 1, 2, 2], "texture": "#0"} } }, { "from": [7.77492, 0.75786, 7.25], "to": [8.22492, 5.62836, 7.5], "rotation": {"angle": 0, "axis": "y", "origin": [0.52492, 15.47136, 15.85]}, "faces": { "north": {"uv": [1, 1, 2, 2], "texture": "#0"}, "east": {"uv": [1, 1, 2, 2], "texture": "#0"}, "south": {"uv": [1, 1, 2, 2], "texture": "#0"}, "west": {"uv": [1, 1, 2, 2], "texture": "#0"}, "up": {"uv": [1, 1, 2, 2], "texture": "#0"}, "down": {"uv": [1, 1, 2, 2], "texture": "#0"} } }, { "from": [7.57492, 29.10868, 9.75], "to": [8.42492, 29.67711, 9.95], "rotation": {"angle": 0, "axis": "y", "origin": [0.52492, 40.70068, 18.775]}, "faces": { "north": {"uv": [4, 1, 5, 2], "texture": "#0"}, "east": {"uv": [8, 1, 5, 2], "texture": "#0"}, "south": {"uv": [7, 1, 8, 2], "texture": "#0"}, "west": {"uv": [5, 1, 8, 2], "texture": "#0"}, "up": {"uv": [7, 1, 8, 2], "texture": "#0"}, "down": {"uv": [7, 1, 8, 2], "texture": "#0"} } } ], "display": { "thirdperson_righthand": { "translation": [0, 6.25, 0.75], "scale": [0.7, 0.7, 0.7] }, "thirdperson_lefthand": { "rotation": [-9, 0, -180], "translation": [-0.75, -9.75, 2], "scale": [0.7, 0.7, 0.7] }, "firstperson_righthand": { "rotation": [-24, -3, 0], "translation": [4.25, 4, -4], "scale": [0.69141, 0.69141, 0.5625] }, "firstperson_lefthand": { "rotation": [133, -180, 0], "translation": [0.75, -2, 8.25], "scale": [0.69141, 0.69141, 0.5625] }, "ground": { "rotation": [90, 0, 0], "translation": [0, -3.25, 2], "scale": [0.69141, 0.69141, 0.5625] }, "gui": { "rotation": [57, 23, -36], "translation": [-0.75, -0.25, -0.25], "scale": [0.61, 0.61, 0.61] }, "head": { "rotation": [66, 0, 0], "translation": [0, -15.75, -1.25] }, "fixed": { "rotation": [0, 90, 0], "scale": [1.5, 1.5, 1.5] } }, "groups": [ 0, 1, 2, 3, 4, 5, 6, 7, 8, 9, 10, 11, 12, 13, 14, 15, { "name": "Blade", "origin": [8, -3, 8], "color": 0, "children": [ { "name": "Blade1", "origin": [8, 8, 8], "color": 0, "children": [16, 17, 18, 19, 20, 21, 22, 23, 24, 25, 26, 27, 28, 29, 30, 31, 32, 33, 34, 35] }, { "name": "Blade2", "origin": [0.52492, 17.22036, 15.875], "color": 0, "children": [36, 37, 38, 39, 40, 41, 42, 43, 44, 45, 46, 47, 48, 49, 50, 51, 52, 53, 54, 55, 56, 57, 58, 59] }, { "name": "Blade3", "origin": [0.52492, 18.96936, 15.9], "color": 0, "children": [60, 61, 62, 63, 64, 65, 66, 67, 68, 69, 70, 71, 72, 73, 74, 75, 76, 77, 78, 79, 80, 81, 82, 83, 84, 85, 86, 87, 88] } ] } ] }