{ "credit": "Made with Blockbench", "ambientocclusion": false, "texture_size": [64, 64], "textures": { "0": "timetoplay:roleplay/itmes/katanas/bluegoldsword", "particle": "timetoplay:roleplay/itmes/katanas/bluegoldsword" }, "elements": [ { "from": [3.26356, -9.83555, 0.1], "to": [5.46356, -8.33555, 1.7], "rotation": {"angle": 0, "axis": "y", "origin": [6.06556, 4.30901, 0.88533]}, "faces": { "north": {"uv": [8.5, 1.625, 8, 1.25], "rotation": 180, "texture": "#0"}, "east": {"uv": [8.375, 6.625, 8, 6.25], "rotation": 180, "texture": "#0"}, "south": {"uv": [1.75, 8.375, 1.25, 8], "rotation": 180, "texture": "#0"}, "west": {"uv": [3.625, 8.375, 3.25, 8], "rotation": 180, "texture": "#0"}, "up": {"uv": [1.75, 8, 2.25, 8.375], "texture": "#0"}, "down": {"uv": [8, 2.125, 8.5, 1.75], "texture": "#0"} } }, { "name": "spiral", "from": [3.46156, -7.41455, 0.244], "to": [5.36556, -0.35655, 1.556], "rotation": {"angle": 0, "axis": "y", "origin": [6.06556, 4.30901, 0.88533]}, "faces": { "north": {"uv": [7.25, 3.5, 6.75, 1.75], "rotation": 180, "texture": "#0"}, "east": {"uv": [7.875, 3.5, 7.5, 1.75], "rotation": 180, "texture": "#0"}, "south": {"uv": [7.25, 1.75, 6.75, 0], "rotation": 180, "texture": "#0"}, "west": {"uv": [7.875, 1.75, 7.5, 0], "rotation": 180, "texture": "#0"} } }, { "from": [3.66156, -1.11455, 0.444], "to": [5.46556, 12.14345, 1.356], "rotation": {"angle": 0, "axis": "y", "origin": [6.06556, 4.30901, 0.88533]}, "faces": { "north": {"uv": [6.25, 6.5, 6.625, 4.75], "rotation": 180, "texture": "#0"}, "east": {"uv": [8, 9, 7.75, 7.25], "rotation": 180, "texture": "#0"}, "south": {"uv": [6.625, 6.5, 6.25, 4.75], "rotation": 180, "texture": "#0"}, "west": {"uv": [7.75, 7.25, 8, 5.5], "texture": "#0"}, "up": {"uv": [4.875, 8, 5.25, 8.25], "texture": "#0"}, "down": {"uv": [8, 5.75, 8.625, 5.5], "texture": "#0"} } }, { "name": "handle", "from": [4.40756, -9.51455, 0.856], "to": [12.26556, -1.65655, 0.857], "rotation": {"angle": 0, "axis": "y", "origin": [6.06556, 4.30901, 0.88533]}, "faces": { "north": {"uv": [2, 4, 0, 2], "rotation": 180, "texture": "#0"}, "east": {"uv": [0, 2, 0, 0], "rotation": 180, "texture": "#0"}, "south": {"uv": [0, 4, 2, 2], "rotation": 180, "texture": "#0"}, "west": {"uv": [0, 2, 0, 0], "rotation": 180, "texture": "#0"}, "up": {"uv": [0, 0, 2, 0], "texture": "#0"}, "down": {"uv": [0, 0, 2, 0], "texture": "#0"} } }, { "name": "tail", "from": [2.65756, -15.57055, 0.856], "to": [10.51556, -7.71255, 0.857], "rotation": {"angle": 0, "axis": "y", "origin": [6.06556, 4.30901, 0.88533]}, "faces": { "north": {"uv": [6, 4, 4, 2], "rotation": 270, "texture": "#0"}, "east": {"uv": [0, 0, 2, 0], "rotation": 270, "texture": "#0"}, "south": {"uv": [6, 2, 4, 4], "rotation": 270, "texture": "#0"}, "west": {"uv": [0, 0, 2, 0], "rotation": 270, "texture": "#0"}, "up": {"uv": [0, 2, 0, 0], "rotation": 90, "texture": "#0"}, "down": {"uv": [0, 2, 0, 0], "rotation": 90, "texture": "#0"} } }, { "from": [5.10756, -1.01455, 0.856], "to": [12.96556, 12.14345, 0.857], "rotation": {"angle": 0, "axis": "y", "origin": [6.06556, 4.30901, 0.88533]}, "faces": { "north": {"uv": [6, 7.5, 4, 5.75], "rotation": 180, "texture": "#0"}, "east": {"uv": [0, 1.75, 0, 0], "rotation": 180, "texture": "#0"}, "south": {"uv": [6, 5.75, 4, 7.5], "texture": "#0"}, "west": {"uv": [0, 1.75, 0, 0], "rotation": 180, "texture": "#0"}, "up": {"uv": [0, 0, 2, 0], "texture": "#0"}, "down": {"uv": [0, 0, 2, 0], "texture": "#0"} } }, { "from": [4.60756, 12.14345, 0.856], "to": [12.46556, 26.50145, 0.857], "rotation": {"angle": 0, "axis": "y", "origin": [6.06556, 4.30901, 0.88533]}, "faces": { "north": {"uv": [4, 4, 2, 2], "rotation": 180, "texture": "#0"}, "east": {"uv": [0, 2, 0, 0], "rotation": 180, "texture": "#0"}, "south": {"uv": [4, 2, 2, 4], "texture": "#0"}, "west": {"uv": [0, 2, 0, 0], "rotation": 180, "texture": "#0"}, "up": {"uv": [0, 0, 2, 0], "texture": "#0"}, "down": {"uv": [0, 0, 2, 0], "texture": "#0"} } }, { "from": [3.30756, 26.50145, 0.856], "to": [6.56556, 29.85945, 0.857], "rotation": {"angle": 0, "axis": "y", "origin": [6.06556, 4.30901, 0.88533]}, "faces": { "north": {"uv": [4, 0.75, 4.75, 0], "rotation": 180, "texture": "#0"}, "east": {"uv": [0, 2, 0, 0], "rotation": 180, "texture": "#0"}, "south": {"uv": [4.75, 0.75, 4, 0], "rotation": 180, "texture": "#0"}, "west": {"uv": [0, 2, 0, 0], "rotation": 180, "texture": "#0"}, "up": {"uv": [0, 0, 2, 0], "texture": "#0"}, "down": {"uv": [0, 0, 2, 0], "texture": "#0"} } }, { "from": [3.36156, 12.14345, 0.444], "to": [5.16556, 26.50145, 1.356], "rotation": {"angle": 0, "axis": "y", "origin": [6.06556, 4.30901, 0.88533]}, "faces": { "north": {"uv": [3.625, 6, 3.25, 8], "rotation": 180, "texture": "#0"}, "east": {"uv": [7.75, 7.5, 7.5, 5.5], "rotation": 180, "texture": "#0"}, "south": {"uv": [3.25, 6, 3.625, 8], "rotation": 180, "texture": "#0"}, "west": {"uv": [5.5, 9.5, 5.75, 7.5], "texture": "#0"}, "up": {"uv": [8.25, 5.75, 8.625, 6], "texture": "#0"}, "down": {"uv": [8, 6.25, 8.625, 6], "texture": "#0"} } }, { "from": [2.87978, -1.71455, 0.144], "to": [8.27978, 0.88545, 1.656], "rotation": {"angle": 0, "axis": "y", "origin": [7.06556, 4.30901, 0.88533]}, "faces": { "north": {"uv": [8.125, 4.875, 6.75, 4.25], "rotation": 180, "texture": "#0"}, "east": {"uv": [1.125, 8.625, 0.75, 8], "rotation": 180, "texture": "#0"}, "south": {"uv": [8.125, 4.125, 6.75, 3.5], "rotation": 180, "texture": "#0"}, "west": {"uv": [8.375, 0.625, 8, 0], "rotation": 180, "texture": "#0"}, "up": {"uv": [4, 7.5, 5.375, 7.875], "texture": "#0"}, "down": {"uv": [7.5, 5.375, 8.875, 5], "texture": "#0"} } }, { "from": [1.41805, 1.57771, 0.15912], "to": [2.86605, 3.66971, 1.64088], "rotation": {"angle": 45, "axis": "z", "origin": [7.06556, 4.30901, 0.88533]}, "faces": { "north": {"uv": [0.375, 10, 0, 9.75], "rotation": 90, "texture": "#0"}, "east": {"uv": [0.125, 10.375, 0.5, 10.625], "rotation": 90, "texture": "#0"}, "south": {"uv": [0.375, 9.75, 0, 10], "rotation": 90, "texture": "#0"}, "west": {"uv": [7.5, 5.375, 8.875, 5], "rotation": 90, "texture": "#0"}, "up": {"uv": [8.375, 0.625, 8, 0], "rotation": 270, "texture": "#0"}, "down": {"uv": [1.125, 8.625, 0.75, 8], "rotation": 270, "texture": "#0"} } }, { "from": [2.86605, 0.87771, 0.15912], "to": [4.95805, 2.32571, 1.64088], "rotation": {"angle": 45, "axis": "z", "origin": [7.06556, 4.30901, 0.88533]}, "faces": { "north": {"uv": [0.375, 10, 0, 9.75], "rotation": 180, "texture": "#0"}, "east": {"uv": [0.25, 11.875, 0, 11.625], "rotation": 180, "texture": "#0"}, "south": {"uv": [0.375, 9.75, 0, 10], "texture": "#0"}, "west": {"uv": [8.375, 0.625, 8, 0], "rotation": 180, "texture": "#0"}, "up": {"uv": [0.125, 10.375, 0.5, 10.625], "texture": "#0"}, "down": {"uv": [7.5, 5.375, 8.875, 5], "texture": "#0"} } }, { "from": [3.51356, -8.38555, 0.25], "to": [5.31356, -0.48555, 1.55], "rotation": {"angle": 0, "axis": "y", "origin": [6.06556, 4.30901, 0.88533]}, "faces": { "north": {"uv": [7, 8.5, 6.5, 6.5], "rotation": 180, "texture": "#0"}, "east": {"uv": [7.375, 9, 7, 7], "rotation": 180, "texture": "#0"}, "south": {"uv": [6.5, 8.5, 6, 6.5], "rotation": 180, "texture": "#0"}, "west": {"uv": [7.375, 7, 7, 5], "rotation": 180, "texture": "#0"}, "up": {"uv": [2.25, 8, 2.75, 8.375], "texture": "#0"}, "down": {"uv": [8, 2.625, 8.5, 2.25], "texture": "#0"} } } ], "display": { "thirdperson_righthand": { "rotation": [177.25, -270.75, -177.25], "translation": [4.75, 7, -1.25], "scale": [0.69, 0.69, 0.69] }, "thirdperson_lefthand": { "rotation": [-1.25, -270.75, -177.25], "translation": [4.25, -11, -1.25], "scale": [0.69, 0.69, 0.69] }, "firstperson_righthand": { "rotation": [0, 100.5, 0], "translation": [16, 1.5, -11.5] }, "firstperson_lefthand": { "rotation": [-74.5, -273.75, -159.75], "translation": [13, -8.5, 2.75] }, "ground": { "rotation": [85.75, 0, -86.25], "translation": [0, -12.25, 0] }, "gui": { "rotation": [-42.5, 0, -36], "scale": [0.34, 0.34, 0.34] }, "fixed": { "translation": [4.5, 0, 10], "scale": [1.41, 1.41, 1.41] } } }