{
    "providers": [
        {
            "chars": ["ฦ"],
            "file":"minecraft:misc/space_split.png",
            "ascent":-32768,
            "height":-10,
            "type":"bitmap"
        },
        {
	    "type": "bitmap",
	    "file": "minecraft:font/mmb.png",
	    "height": 9,
            "ascent": 7,
	    "chars": ["㉛"]
	},
	{
            "type": "bitmap",
            "file": "minecraft:font/rmb.png",
            "height": 9,
            "ascent": 7,
            "chars": ["⑦"]
         },
         {
            "type": "bitmap",
            "file": "minecraft:font/lmb.png",
            "height": 9,
            "ascent": 7,
            "chars": ["②"]
         },
         {
            "type": "bitmap",
            "file": "minecraft:font/shift.png",
            "height": 9,
            "ascent": 7,
            "chars": ["㉜"]
         },
         {
            "type": "bitmap",
            "file": "minecraft:font/g_chat.png",
            "height": 7,
            "ascent": 7,
            "chars": ["㉞"]
        },
        {
            "type": "bitmap",
            "file": "migosmc:roleplay/tags/icons/compass.png",
            "height": 9,
            "ascent": 8,
            "chars": [
                "⬉↑⬈",
                "←Ú→",
                "⬋↓⬊"
            ]
        },
        {
            "type": "bitmap",
            "file": "migosmc:roleplay/tags/icons/microphone.png",
            "ascent": 7,
            "height": 7,
            "chars": [
                "㱀",
                "㱁"
            ]
        },
        {
            "type": "bitmap",
            "file": "migosmc:roleplay/tags/icons/error_mark.png",
            "ascent": 7,
            "height": 7,
            "chars": [
                "膣冈鏻鎓矣耩",
                "纤缎缍绗缴缵"
            ]
        },
        {
            "ascent": 7,
            "chars": [
                "ꑑ"
            ],
            "file": "migosmc:roleplay/tags/icons/tab-frame.png",
            "height": 10,
            "type": "bitmap"
        },
        {
            "type": "bitmap",
            "file": "migosmc:roleplay/gui/menu/trade.png",
            "ascent": 22,
            "height": 136,
            "chars": [
                ""
            ]
        },
        {
            "type": "bitmap",
            "file": "migosmc:roleplay/gui/menu/gps.png",
            "ascent": 22,
            "height": 136,
            "chars": [
                ""
            ]
        },
        {
            "type": "bitmap",
            "file": "migosmc:roleplay/gui/menu/business.png",
            "ascent": 22,
            "height": 136,
            "chars": [
                ""
            ]
        },
        {
            "type": "bitmap",
            "file": "migosmc:roleplay/gui/menu/fractions/boln.png",
            "ascent": 22,
            "height": 136,
            "chars": [
                ""
            ]
        },
        {
            "type": "bitmap",
            "file": "migosmc:roleplay/gui/menu/fractions/army.png",
            "ascent": 22,
            "height": 136,
            "chars": [
                ""
            ]
        },
        {
            "type": "bitmap",
            "file": "migosmc:roleplay/gui/menu/fractions/media.png",
            "ascent": 22,
            "height": 136,
            "chars": [
                ""
            ]
        },
        {
            "type": "bitmap",
            "file": "migosmc:roleplay/gui/menu/fractions/mafia.png",
            "ascent": 22,
            "height": 136,
            "chars": [
                ""
            ]
        },
        {
            "type": "bitmap",
            "file": "migosmc:roleplay/gui/menu/fractions/meria.png",
            "ascent": 22,
            "height": 136,
            "chars": [
                ""
            ]
        },
        {
            "type": "bitmap",
            "file": "migosmc:roleplay/gui/menu/fractions/police.png",
            "ascent": 22,
            "height": 136,
            "chars": [
                ""
            ]
        },
        {
            "type": "bitmap",
            "file": "migosmc:roleplay/gui/labels/mainmenu.png",
            "ascent": 19,
            "height": 20,
            "chars": [
                ""
            ]
        },
        {
            "type": "bitmap",
            "file": "migosmc:roleplay/gui/menu/help.png",
            "ascent": 22,
            "height": 136,
            "chars": [
                ""
            ]
        },
        {
            "type": "bitmap",
            "file": "minecraft:font/msa1.png",
            "height": 42,
            "ascent": -2,
            "chars": [
                "þ"
            ]
        },
        {
            "type": "bitmap",
            "file": "minecraft:font/msa2.png",
            "height": 42,
            "ascent": -2,
            "chars": [
                "đ"
            ]
        },
        {
            "type": "bitmap",
            "file": "minecraft:font/msa3.png",
            "height": 42,
            "ascent": -2,
            "chars": [
                "Ö"
            ]
        },
        {
            "type": "bitmap",
            "file": "minecraft:font/msa4.png",
            "height": 42,
            "ascent": -2,
            "chars": [
                "Ø"
            ]
        },
        {
            "type": "bitmap",
            "file": "minecraft:font/msa5.png",
            "height": 42,
            "ascent": -2,
            "chars": [
                "ø"
            ]
        },
        {
            "type": "bitmap",
            "file": "minecraft:font/msa6.png",
            "height": 42,
            "ascent": -2,
            "chars": [
                "ϐ"
            ]
        },
        {
            "type": "bitmap",
            "file": "minecraft:font/msa7.png",
            "height": 42,
            "ascent": -2,
            "chars": [
                "ϑ"
            ]
        },
        {
            "type": "bitmap",
            "file": "minecraft:font/msa8.png",
            "height": 42,
            "ascent": -2,
            "chars": [
                "ϒ"
            ]
        },
        {
            "type": "bitmap",
            "file": "minecraft:font/msa9.png",
            "height": 42,
            "ascent": -2,
            "chars": [
                "ϔ"
            ]
        },
        {
            "type": "bitmap",
            "file": "minecraft:font/msa10.png",
            "height": 42,
            "ascent": -2,
            "chars": [
                "ϕ"
            ]
        },
        {
            "type": "bitmap",
            "file": "minecraft:font/msa11.png",
            "height": 42,
            "ascent": -2,
            "chars": [
                "ϖ"
            ]
        },
        {
            "type": "bitmap",
            "file": "minecraft:font/msa12.png",
            "height": 42,
            "ascent": -2,
            "chars": [
                "ϗ"
            ]
        },
        {
            "type": "bitmap",
            "file": "minecraft:font/msa13.png",
            "height": 42,
            "ascent": -2,
            "chars": [
                "Ϛ"
            ]
        },
        {
            "type": "bitmap",
            "file": "minecraft:font/msa14.png",
            "height": 42,
            "ascent": -2,
            "chars": [
                "ϛ"
            ]
        },
        {
            "type": "bitmap",
            "file": "minecraft:font/msa15.png",
            "height": 42,
            "ascent": -2,
            "chars": [
                "ϝ"
            ]
        },
        {
            "type": "bitmap",
            "file": "minecraft:font/msa16.png",
            "height": 42,
            "ascent": -2,
            "chars": [
                "Ϟ"
            ]
        },
        {
            "type": "bitmap",
            "file": "minecraft:font/msa17.png",
            "height": 42,
            "ascent": -2,
            "chars": [
                "Ϡ"
            ]
        },
        {
            "type": "bitmap",
            "file": "minecraft:font/msa18.png",
            "height": 42,
            "ascent": -2,
            "chars": [
                "ϡ"
            ]
        },
        {
            "type": "bitmap",
            "file": "minecraft:font/msa19.png",
            "height": 42,
            "ascent": -2,
            "chars": [
                "Ϣ"
            ]
        },
        {
            "type": "bitmap",
            "file": "minecraft:font/msa20.png",
            "height": 42,
            "ascent": -2,
            "chars": [
                "ϣ"
            ]
        },
        {
            "type": "bitmap",
            "file": "minecraft:font/icons/error_green.png",
            "height": 8,
            "ascent": 8,
            "chars": [
                "Ù"
            ]
        },
        {
            "type": "bitmap",
            "file": "minecraft:font/icons/error_red.png",
            "height": 8,
            "ascent": 8,
            "chars": [
                "Ú"
            ]
        },
        {
            "type": "bitmap",
            "file": "minecraft:font/icons/error_yellow.png",
            "height": 8,
            "ascent": 8,
            "chars": [
                "Ü"
            ]
        },
        {
            "type": "bitmap",
            "file": "minecraft:font/icons/error_blue.png",
            "height": 8,
            "ascent": 8,
            "chars": [
                "ß"
            ]
        },
        {
            "type": "bitmap",
            "file": "rpghuds:money/money_icon.png",
            "height": 8,
            "ascent": 8,
            "chars": [
                "Ý"
            ]
        },
        {
            "type": "bitmap",
            "file": "minecraft:font/icons/icon_confirm.png",
            "height": 8,
            "ascent": 8,
            "chars": [
                "Η"
            ]
        },
        {
            "type": "bitmap",
            "file": "minecraft:font/icons/icon_cancel.png",
            "height": 8,
            "ascent": 8,
            "chars": [
                "Θ"
            ]
        },
        {
            "type": "bitmap",
            "file": "minecraft:font/icons/earth.png",
            "height": 8,
            "ascent": 8,
            "chars": [
                "Þ"
            ]
        },
        {
            "type": "bitmap",
            "file": "minecraft:font/icons/members.png",
            "height": 9,
            "ascent": 8,
            "chars": [
                "à"
            ]
        },
        {
            "type": "bitmap",
            "file": "minecraft:font/icons/star.png",
            "height": 8,
            "ascent": 8,
            "chars": [
                "á"
            ]
        },
        {
            "type": "bitmap",
            "file": "minecraft:font/icons/lock.png",
            "height": 8,
            "ascent": 8,
            "chars": [
                "î"
            ]
        },
        {
            "type": "bitmap",
            "file": "minecraft:font/icons/heart_half.png",
            "height": 9,
            "ascent": 7,
            "chars": [
                "â"
            ]
        },
        {
            "type": "bitmap",
            "file": "minecraft:font/icons/heart_full.png",
            "height": 9,
            "ascent": 7,
            "chars": [
                "ã"
            ]
        },
        {
            "type": "bitmap",
            "file": "minecraft:font/icons/donate.png",
            "height": 9,
            "ascent": 7,
            "chars": [
                "￥"
            ]
        },
        {
            "type": "bitmap",
            "file": "minecraft:font/icons/exp_icon.png",
            "height": 8,
            "ascent": 8,
            "chars": [
                "ä"
            ]
        },
        {
            "type": "bitmap",
            "file": "minecraft:font/icons/education.png",
            "height": 10,
            "ascent": 8,
            "chars": [
                "å"
            ]
        },
        {
            "type": "bitmap",
            "file": "minecraft:font/icons/job.png",
            "height": 10,
            "ascent": 8,
            "chars": [
                "æ"
            ]
        },
        {
            "type": "bitmap",
            "file": "minecraft:font/icons/name.png",
            "height": 12,
            "ascent": 4,
            "chars": [
                "ç"
            ]
        },
        {
            "type": "bitmap",
            "file": "minecraft:font/onehouse.png",
            "height": 14,
            "ascent": 5,
            "chars": [
                "ð"
            ]
        },
        {
            "type": "bitmap",
            "file": "minecraft:font/parustower.png",
            "height": 14,
            "ascent": 5,
            "chars": [
                "ñ"
            ]
        },
        {
            "type": "bitmap",
            "file": "minecraft:font/premiertower.png",
            "height": 14,
            "ascent": 5,
            "chars": [
                "ò"
            ]
        },
        {
            "type": "bitmap",
            "file": "minecraft:font/legendary.png",
            "height": 8,
            "ascent": 7,
            "chars": [
                "Ԏ"
            ]
        },
        {
            "type": "bitmap",
            "file": "minecraft:font/rare.png",
            "height": 8,
            "ascent": 7,
            "chars": [
                "ԏ"
            ]
        },
        {
            "type": "bitmap",
            "file": "minecraft:font/common.png",
            "height": 8,
            "ascent": 7,
            "chars": [
                "Ԑ"
            ]
        },
        {
            "type": "bitmap",
            "file": "minecraft:font/grandhouse.png",
            "height": 14,
            "ascent": 5,
            "chars": [
                "ó"
            ]
        },
        {
            "type": "bitmap",
            "file": "minecraft:font/business.png",
            "height": 14,
            "ascent": 5,
            "chars": [
                "ô"
            ]
        },
        {
            "type": "bitmap",
            "file": "minecraft:font/gruzchik.png",
            "height": 10,
            "ascent": 10,
            "chars": [
                "Ԁ"
            ]
        },
        {
            "type": "bitmap",
            "file": "minecraft:font/doyar.png",
            "height": 10,
            "ascent": 10,
            "chars": [
                "ԁ"
            ]
        },
        {
            "type": "bitmap",
            "file": "minecraft:font/icons/unlocked_button.png",
            "height": 9,
            "ascent": 8,
            "chars": [
                "ɕ"
            ]
        },
        {
            "file": "migosmc:hub/gta_holo.png",
            "chars": [
                ""
            ],
            "height": 100,
            "ascent": 8,
            "type": "bitmap"
        }
    ]
}