{"textures":{"particle":"gui:items/controller"},"elements":[{"from":[3.37868,6.37253,1.08868],"to":[6.37868,7.87253,6.08868],"rotation":{"angle":-22.5,"axis":"x","origin":[5.37868,13.87253,4.83868]},"faces":{"north":{"uv":[4.33333,3.66667,6.33333,4.66667],"texture":"#particle"},"east":{"uv":[3.66667,7.66667,0.33333,8.66667],"texture":"#particle"},"west":{"uv":[0.33333,7.66667,3.66667,8.66667],"texture":"#particle"},"up":{"uv":[6.33333,3.66667,4.33333,0.33333],"texture":"#particle"},"down":{"uv":[6.33333,8,4.33333,4.66667],"texture":"#particle"}}},{"from":[9.62132,6.37253,1.08868],"to":[12.62132,7.87253,6.08868],"rotation":{"angle":-22.5,"axis":"x","origin":[10.62132,13.87253,4.83868]},"faces":{"north":{"uv":[6.33333,3.66667,4.33333,4.66667],"texture":"#particle"},"east":{"uv":[3.66667,7.66667,0.33333,8.66667],"texture":"#particle"},"west":{"uv":[0.33333,7.66667,3.66667,8.66667],"texture":"#particle"},"up":{"uv":[4.33333,3.66667,6.33333,0.33333],"texture":"#particle"},"down":{"uv":[4.33333,8,6.33333,4.66667],"texture":"#particle"}}},{"from":[6.5,9.25,7.25],"to":[7,10.25,7.75],"rotation":{"angle":0,"axis":"y","origin":[7.5,15,10]},"faces":{"north":{"uv":[15,0.33333,15.33333,1],"texture":"#particle"},"east":{"uv":[15,0.33333,15.33333,1],"texture":"#particle"},"south":{"uv":[15,0.33333,15.33333,1],"texture":"#particle"},"west":{"uv":[15,0.33333,15.33333,1],"texture":"#particle"}}},{"from":[9,9.25,7.25],"to":[9.5,10.25,7.75],"rotation":{"angle":0,"axis":"y","origin":[8.5,15,10]},"faces":{"north":{"uv":[15.33333,0.33333,15,1],"texture":"#particle"},"east":{"uv":[15.33333,0.33333,15,1],"texture":"#particle"},"south":{"uv":[15.33333,0.33333,15,1],"texture":"#particle"},"west":{"uv":[15.33333,0.33333,15,1],"texture":"#particle"}}},{"from":[6,7.75,6.75],"to":[7.5,9.25,8.25],"rotation":{"angle":0,"axis":"y","origin":[8.5,15,10]},"faces":{"north":{"uv":[13,3,14,4],"texture":"#particle"},"east":{"uv":[13,3,14,4],"texture":"#particle"},"south":{"uv":[13,3,14,4],"texture":"#particle"},"west":{"uv":[13,3,14,4],"texture":"#particle"},"up":{"uv":[14,3,13,2],"texture":"#particle"},"down":{"uv":[14,5,13,4],"texture":"#particle"}}},{"from":[8.5,7.75,6.75],"to":[10,9.25,8.25],"rotation":{"angle":0,"axis":"y","origin":[7.5,15,10]},"faces":{"north":{"uv":[14,3,13,4],"texture":"#particle"},"east":{"uv":[14,3,13,4],"texture":"#particle"},"south":{"uv":[14,3,13,4],"texture":"#particle"},"west":{"uv":[14,3,13,4],"texture":"#particle"},"up":{"uv":[13,3,14,2],"texture":"#particle"},"down":{"uv":[13,5,14,4],"texture":"#particle"}}},{"from":[6,10.25,6.75],"to":[7.5,10.75,8.25],"rotation":{"angle":0,"axis":"y","origin":[8.5,15,10]},"faces":{"north":{"uv":[14.66667,3,15.66667,3.33333],"texture":"#particle"},"east":{"uv":[14.66667,3,15.66667,3.33333],"texture":"#particle"},"south":{"uv":[14.66667,3,15.66667,3.33333],"texture":"#particle"},"west":{"uv":[14.66667,3,15.66667,3.33333],"texture":"#particle"},"up":{"uv":[15.66667,3,14.66667,2],"texture":"#particle"},"down":{"uv":[15.66667,4.33333,14.66667,3.33333],"texture":"#particle"}}},{"from":[8.5,10.25,6.75],"to":[10,10.75,8.25],"rotation":{"angle":0,"axis":"y","origin":[7.5,15,10]},"faces":{"north":{"uv":[15.66667,3,14.66667,3.33333],"texture":"#particle"},"east":{"uv":[15.66667,3,14.66667,3.33333],"texture":"#particle"},"south":{"uv":[15.66667,3,14.66667,3.33333],"texture":"#particle"},"west":{"uv":[15.66667,3,14.66667,3.33333],"texture":"#particle"},"up":{"uv":[14.66667,3,15.66667,2],"texture":"#particle"},"down":{"uv":[14.66667,4.33333,15.66667,3.33333],"texture":"#particle"}}},{"from":[5.5,7,7],"to":[10.5,9,10],"rotation":{"angle":0,"axis":"y","origin":[7.5,15,10]},"faces":{"north":{"uv":[0.33333,2.33333,3.66667,3.66667],"texture":"#particle"},"south":{"uv":[3.66667,7,0.33333,5.66667],"texture":"#particle"},"up":{"uv":[3.66667,2.33333,0.33333,0.33333],"texture":"#particle"},"down":{"uv":[3.66667,5.66667,0.33333,3.66667],"texture":"#particle"}}},{"from":[7,8.25,8.75],"to":[9,9.25,10.25],"rotation":{"angle":0,"axis":"y","origin":[7.5,15,10]},"faces":{"north":{"uv":[9.66667,5.66667,11,6.33333],"texture":"#particle"},"east":{"uv":[12,5.66667,11,6.33333],"texture":"#particle"},"south":{"uv":[12,5.66667,13.33333,6.33333],"texture":"#particle"},"west":{"uv":[11,5.66667,12,6.33333],"texture":"#particle"},"up":{"uv":[11,5.66667,9.66667,4.66667],"texture":"#particle"},"down":{"uv":[11,7.33333,9.66667,6.33333],"texture":"#particle"}}},{"from":[10.5,9.25,7],"to":[11.5,9.75,10],"rotation":{"angle":0,"axis":"y","origin":[7.5,15,10]},"faces":{"north":{"uv":[7,9,7.66667,9.33333],"texture":"#particle"},"east":{"uv":[7.66667,9,9.66667,9.33333],"texture":"#particle"},"south":{"uv":[7,9,7.66667,9.33333],"texture":"#particle"},"west":{"uv":[7.66667,9,9.66667,9.33333],"texture":"#particle"},"up":{"uv":[7.66667,9,7,7],"texture":"#particle"}}},{"from":[9.5,9.25,8],"to":[12.5,9.75,9],"rotation":{"angle":0,"axis":"y","origin":[7.5,15,10]},"faces":{"north":{"uv":[9.66667,2.66667,11.66667,3],"texture":"#particle"},"east":{"uv":[11.66667,2.66667,12.33333,3],"texture":"#particle"},"south":{"uv":[9.66667,2.66667,11.66667,3],"texture":"#particle"},"west":{"uv":[11.66667,2.66667,12.33333,3],"texture":"#particle"},"up":{"uv":[11.66667,2.66667,9.66667,2],"texture":"#particle"}}},{"from":[3.75,9.25,7.25],"to":[4.75,9.75,8.25],"rotation":{"angle":-45,"axis":"y","origin":[5,8,8.5]},"faces":{"north":{"uv":[12.33333,1,13,1.33333],"texture":"#particle"},"east":{"uv":[12.33333,1,13,1.33333],"texture":"#particle"},"south":{"uv":[12.33333,1,13,1.33333],"texture":"#particle"},"west":{"uv":[12.33333,1,13,1.33333],"texture":"#particle"},"up":{"uv":[13,1,12.33333,0.33333],"texture":"#particle"}}},{"from":[5.25,9.25,7.25],"to":[6.25,9.75,8.25],"rotation":{"angle":-45,"axis":"y","origin":[5,8,8.5]},"faces":{"north":{"uv":[9.66667,1,10.33333,1.33333],"texture":"#particle"},"east":{"uv":[9.66667,1,10.33333,1.33333],"texture":"#particle"},"south":{"uv":[9.66667,1,10.33333,1.33333],"texture":"#particle"},"west":{"uv":[9.66667,1,10.33333,1.33333],"texture":"#particle"},"up":{"uv":[10.33333,1,9.66667,0.33333],"texture":"#particle"}}},{"from":[3.75,9.25,8.75],"to":[4.75,9.75,9.75],"rotation":{"angle":-45,"axis":"y","origin":[5,8,8.5]},"faces":{"north":{"uv":[13.66667,1,14.33333,1.33333],"texture":"#particle"},"east":{"uv":[13.66667,1,14.33333,1.33333],"texture":"#particle"},"south":{"uv":[13.66667,1,14.33333,1.33333],"texture":"#particle"},"west":{"uv":[13.66667,1,14.33333,1.33333],"texture":"#particle"},"up":{"uv":[14.33333,1,13.66667,0.33333],"texture":"#particle"}}},{"from":[5.25,9.25,8.75],"to":[6.25,9.75,9.75],"rotation":{"angle":-45,"axis":"y","origin":[5,8,8.5]},"faces":{"north":{"uv":[11,1,11.66667,1.33333],"texture":"#particle"},"east":{"uv":[11,1,11.66667,1.33333],"texture":"#particle"},"south":{"uv":[11,1,11.66667,1.33333],"texture":"#particle"},"west":{"uv":[11,1,11.66667,1.33333],"texture":"#particle"},"up":{"uv":[11.66667,1,11,0.33333],"texture":"#particle"}}},{"from":[3.5,6.5,7],"to":[6.5,9.5,10],"rotation":{"angle":-45,"axis":"y","origin":[5,8,8.5]},"faces":{"north":{"uv":[7,2.33333,9,4.33333],"texture":"#particle"},"east":{"uv":[7,2.33333,9,4.33333],"texture":"#particle"},"south":{"uv":[7,2.33333,9,4.33333],"texture":"#particle"},"west":{"uv":[7,2.33333,9,4.33333],"texture":"#particle"},"up":{"uv":[9,2.33333,7,0.33333],"texture":"#particle"},"down":{"uv":[9,6.33333,7,4.33333],"texture":"#particle"}}},{"from":[9.5,6.5,7],"to":[12.5,9.5,10],"rotation":{"angle":45,"axis":"y","origin":[11,8,8.5]},"faces":{"north":{"uv":[9,2.33333,7,4.33333],"texture":"#particle"},"east":{"uv":[9,2.33333,7,4.33333],"texture":"#particle"},"south":{"uv":[9,2.33333,7,4.33333],"texture":"#particle"},"west":{"uv":[9,2.33333,7,4.33333],"texture":"#particle"},"up":{"uv":[7,2.33333,9,0.33333],"texture":"#particle"},"down":{"uv":[7,6.33333,9,4.33333],"texture":"#particle"}}}],"display":{"thirdperson_righthand":{"rotation":[77.5,148.5,0],"translation":[-0.75,3.25,0.75],"scale":[0.8,0.8,0.8]},"firstperson_righthand":{"rotation":[55,154.75,-34],"translation":[4.75,0,-5.25]},"ground":{"scale":[0.7,0.7,0.7]},"gui":{"rotation":[30,225,0],"translation":[-0.75,-0.5,0]},"fixed":{"rotation":[-79.75,0,0],"translation":[0,0,-4],"scale":[3,3,3]}}}