{ "__comment": "Designed by SebxteR", "textures": { "texture": "vehicles/bike-1" }, "elements": [ { "__comment": "Element", "from": [ 7, -5.375, -8.125 ], "to": [ 9.2, -3.575, -4.525 ], "faces": { "down": { "uv": [ 1, 1, 2, 2 ], "texture": "#texture" }, "up": { "uv": [ 1, 1, 2, 2 ], "texture": "#texture" }, "north": { "uv": [ 1, 1, 2, 2 ], "texture": "#texture" }, "south": { "uv": [ 1, 1, 2, 2 ], "texture": "#texture" }, "west": { "uv": [ 1, 1, 2, 2 ], "texture": "#texture" }, "east": { "uv": [ 1, 1, 2, 2 ], "texture": "#texture" } } }, { "__comment": "Element", "from": [ 7, -5.375, -4.525 ], "to": [ 9.2, -3.575, -0.925 ], "rotation": { "origin": [ 7, -5.375, -4.525 ], "axis": "x", "angle": -22.5 }, "faces": { "down": { "uv": [ 1, 1, 2, 2 ], "texture": "#texture" }, "up": { "uv": [ 1, 1, 2, 2 ], "texture": "#texture" }, "north": { "uv": [ 1, 1, 2, 2 ], "texture": "#texture" }, "south": { "uv": [ 1, 1, 2, 2 ], "texture": "#texture" }, "west": { "uv": [ 1, 1, 2, 2 ], "texture": "#texture" }, "east": { "uv": [ 1, 1, 2, 2 ], "texture": "#texture" } } }, { "__comment": "Element", "from": [ 7, -4.0208, -1.1868 ], "to": [ 9.2, -2.2208, 2.4132 ], "rotation": { "origin": [ 7, -4.025, -1.225 ], "axis": "x", "angle": -45 }, "faces": { "down": { "uv": [ 1, 1, 2, 2 ], "texture": "#texture" }, "up": { "uv": [ 1, 1, 2, 2 ], "texture": "#texture" }, "north": { "uv": [ 1, 1, 2, 2 ], "texture": "#texture" }, "south": { "uv": [ 1, 1, 2, 2 ], "texture": "#texture" }, "west": { "uv": [ 1, 1, 2, 2 ], "texture": "#texture" }, "east": { "uv": [ 1, 1, 2, 2 ], "texture": "#texture" } } }, { "__comment": "Element", "from": [ 7, -1.451, -0.445 ], "to": [ 9.2, 2.149, 1.355 ], "rotation": { "origin": [ 7, -1.451, 1.355 ], "axis": "x", "angle": 22.5 }, "faces": { "down": { "uv": [ 1, 1, 2, 2 ], "texture": "#texture" }, "up": { "uv": [ 1, 1, 2, 2 ], "texture": "#texture" }, "north": { "uv": [ 1, 1, 2, 2 ], "texture": "#texture" }, "south": { "uv": [ 1, 1, 2, 2 ], "texture": "#texture" }, "west": { "uv": [ 1, 1, 2, 2 ], "texture": "#texture" }, "east": { "uv": [ 1, 1, 2, 2 ], "texture": "#texture" } } }, { "__comment": "Element", "from": [ 7, 1.873, 0.935 ], "to": [ 9.2, 5.533, 2.735 ], "faces": { "down": { "uv": [ 1, 1, 2, 2 ], "texture": "#texture" }, "up": { "uv": [ 1, 1, 2, 2 ], "texture": "#texture" }, "north": { "uv": [ 1, 1, 2, 2 ], "texture": "#texture" }, "south": { "uv": [ 1, 1, 2, 2 ], "texture": "#texture" }, "west": { "uv": [ 1, 1, 2, 2 ], "texture": "#texture" }, "east": { "uv": [ 1, 1, 2, 2 ], "texture": "#texture" } } }, { "__comment": "Element", "from": [ 7, 5.251, -0.445 ], "to": [ 9.2, 8.851, 1.355 ], "rotation": { "origin": [ 7, 8.851, 1.355 ], "axis": "x", "angle": -22.5 }, "faces": { "down": { "uv": [ 1, 1, 2, 2 ], "texture": "#texture" }, "up": { "uv": [ 1, 1, 2, 2 ], "texture": "#texture" }, "north": { "uv": [ 1, 1, 2, 2 ], "texture": "#texture" }, "south": { "uv": [ 1, 1, 2, 2 ], "texture": "#texture" }, "west": { "uv": [ 1, 1, 2, 2 ], "texture": "#texture" }, "east": { "uv": [ 1, 1, 2, 2 ], "texture": "#texture" } } }, { "__comment": "Element", "from": [ 7, 9.6208, -1.1868 ], "to": [ 9.2, 11.4208, 2.4132 ], "rotation": { "origin": [ 7, 11.425, -1.225 ], "axis": "x", "angle": 45 }, "faces": { "down": { "uv": [ 1, 1, 2, 2 ], "texture": "#texture" }, "up": { "uv": [ 1, 1, 2, 2 ], "texture": "#texture" }, "north": { "uv": [ 1, 1, 2, 2 ], "texture": "#texture" }, "south": { "uv": [ 1, 1, 2, 2 ], "texture": "#texture" }, "west": { "uv": [ 1, 1, 2, 2 ], "texture": "#texture" }, "east": { "uv": [ 1, 1, 2, 2 ], "texture": "#texture" } } }, { "__comment": "Element", "from": [ 7, 10.975, -4.525 ], "to": [ 9.2, 12.775, -0.925 ], "rotation": { "origin": [ 7, 12.775, -4.525 ], "axis": "x", "angle": 22.5 }, "faces": { "down": { "uv": [ 1, 1, 2, 2 ], "texture": "#texture" }, "up": { "uv": [ 1, 1, 2, 2 ], "texture": "#texture" }, "north": { "uv": [ 1, 1, 2, 2 ], "texture": "#texture" }, "south": { "uv": [ 1, 1, 2, 2 ], "texture": "#texture" }, "west": { "uv": [ 1, 1, 2, 2 ], "texture": "#texture" }, "east": { "uv": [ 1, 1, 2, 2 ], "texture": "#texture" } } }, { "__comment": "Element", "from": [ 7, 10.975, -8.125 ], "to": [ 9.2, 12.775, -4.525 ], "faces": { "down": { "uv": [ 1, 1, 2, 2 ], "texture": "#texture" }, "up": { "uv": [ 1, 1, 2, 2 ], "texture": "#texture" }, "north": { "uv": [ 1, 1, 2, 2 ], "texture": "#texture" }, "south": { "uv": [ 1, 1, 2, 2 ], "texture": "#texture" }, "west": { "uv": [ 1, 1, 2, 2 ], "texture": "#texture" }, "east": { "uv": [ 1, 1, 2, 2 ], "texture": "#texture" } } }, { "__comment": "Element", "from": [ 7, 5.251, -14.005 ], "to": [ 9.2, 8.851, -12.205 ], "rotation": { "origin": [ 7, 8.851, -14.005 ], "axis": "x", "angle": 22.5 }, "faces": { "down": { "uv": [ 1, 1, 2, 2 ], "texture": "#texture" }, "up": { "uv": [ 1, 1, 2, 2 ], "texture": "#texture" }, "north": { "uv": [ 1, 1, 2, 2 ], "texture": "#texture" }, "south": { "uv": [ 1, 1, 2, 2 ], "texture": "#texture" }, "west": { "uv": [ 1, 1, 2, 2 ], "texture": "#texture" }, "east": { "uv": [ 1, 1, 2, 2 ], "texture": "#texture" } } }, { "__comment": "Element", "from": [ 7, 9.6208, -15.0632 ], "to": [ 9.2, 11.4208, -11.4632 ], "rotation": { "origin": [ 7, 11.425, -11.425 ], "axis": "x", "angle": -45 }, "faces": { "down": { "uv": [ 1, 1, 2, 2 ], "texture": "#texture" }, "up": { "uv": [ 1, 1, 2, 2 ], "texture": "#texture" }, "north": { "uv": [ 1, 1, 2, 2 ], "texture": "#texture" }, "south": { "uv": [ 1, 1, 2, 2 ], "texture": "#texture" }, "west": { "uv": [ 1, 1, 2, 2 ], "texture": "#texture" }, "east": { "uv": [ 1, 1, 2, 2 ], "texture": "#texture" } } }, { "__comment": "Element", "from": [ 7, 10.975, -11.725 ], "to": [ 9.2, 12.775, -8.124998 ], "rotation": { "origin": [ 7, 12.775, -8.125 ], "axis": "x", "angle": -22.5 }, "faces": { "down": { "uv": [ 1, 1, 2, 2 ], "texture": "#texture" }, "up": { "uv": [ 1, 1, 2, 2 ], "texture": "#texture" }, "north": { "uv": [ 1, 1, 2, 2 ], "texture": "#texture" }, "south": { "uv": [ 1, 1, 2, 2 ], "texture": "#texture" }, "west": { "uv": [ 1, 1, 2, 2 ], "texture": "#texture" }, "east": { "uv": [ 1, 1, 2, 2 ], "texture": "#texture" } } }, { "__comment": "Element", "from": [ 7, -5.375, -11.725 ], "to": [ 9.2, -3.575, -8.124998 ], "rotation": { "origin": [ 7, -5.375, -8.125 ], "axis": "x", "angle": 22.5 }, "faces": { "down": { "uv": [ 1, 1, 2, 2 ], "texture": "#texture" }, "up": { "uv": [ 1, 1, 2, 2 ], "texture": "#texture" }, "north": { "uv": [ 1, 1, 2, 2 ], "texture": "#texture" }, "south": { "uv": [ 1, 1, 2, 2 ], "texture": "#texture" }, "west": { "uv": [ 1, 1, 2, 2 ], "texture": "#texture" }, "east": { "uv": [ 1, 1, 2, 2 ], "texture": "#texture" } } }, { "__comment": "Element", "from": [ 7, -4.0208, -15.0632 ], "to": [ 9.2, -2.2208, -11.4632 ], "rotation": { "origin": [ 7, -4.025, -11.425 ], "axis": "x", "angle": 45 }, "faces": { "down": { "uv": [ 1, 1, 2, 2 ], "texture": "#texture" }, "up": { "uv": [ 1, 1, 2, 2 ], "texture": "#texture" }, "north": { "uv": [ 1, 1, 2, 2 ], "texture": "#texture" }, "south": { "uv": [ 1, 1, 2, 2 ], "texture": "#texture" }, "west": { "uv": [ 1, 1, 2, 2 ], "texture": "#texture" }, "east": { "uv": [ 1, 1, 2, 2 ], "texture": "#texture" } } }, { "__comment": "Element", "from": [ 7, -1.451, -14.005 ], "to": [ 9.2, 2.149, -12.205 ], "rotation": { "origin": [ 7, -1.451, -14.005 ], "axis": "x", "angle": -22.5 }, "faces": { "down": { "uv": [ 1, 1, 2, 2 ], "texture": "#texture" }, "up": { "uv": [ 1, 1, 2, 2 ], "texture": "#texture" }, "north": { "uv": [ 1, 1, 2, 2 ], "texture": "#texture" }, "south": { "uv": [ 1, 1, 2, 2 ], "texture": "#texture" }, "west": { "uv": [ 1, 1, 2, 2 ], "texture": "#texture" }, "east": { "uv": [ 1, 1, 2, 2 ], "texture": "#texture" } } }, { "__comment": "Element", "from": [ 7, 1.873, -15.385 ], "to": [ 9.2, 5.533, -13.585 ], "faces": { "down": { "uv": [ 1, 1, 2, 2 ], "texture": "#texture" }, "up": { "uv": [ 1, 1, 2, 2 ], "texture": "#texture" }, "north": { "uv": [ 1, 1, 2, 2 ], "texture": "#texture" }, "south": { "uv": [ 1, 1, 2, 2 ], "texture": "#texture" }, "west": { "uv": [ 1, 1, 2, 2 ], "texture": "#texture" }, "east": { "uv": [ 1, 1, 2, 2 ], "texture": "#texture" } } }, { "__comment": "Element", "from": [ 7.25, -4.625, -7.975 ], "to": [ 8.854, -2.969, -4.663 ], "faces": { "down": { "uv": [ 4, 1, 5, 2 ], "texture": "#texture" }, "up": { "uv": [ 4, 1, 5, 2 ], "texture": "#texture" }, "north": { "uv": [ 4, 1, 5, 2 ], "texture": "#texture" }, "south": { "uv": [ 4, 1, 5, 2 ], "texture": "#texture" }, "west": { "uv": [ 4, 1, 5, 2 ], "texture": "#texture" }, "east": { "uv": [ 4, 1, 5, 2 ], "texture": "#texture" } } }, { "__comment": "Element", "from": [ 7.25, -4.625, -4.663 ], "to": [ 8.854, -2.969, -1.351 ], "rotation": { "origin": [ 7, -4.625, -4.663 ], "axis": "x", "angle": -22.5 }, "faces": { "down": { "uv": [ 4, 1, 5, 2 ], "texture": "#texture" }, "up": { "uv": [ 4, 1, 5, 2 ], "texture": "#texture" }, "north": { "uv": [ 4, 1, 5, 2 ], "texture": "#texture" }, "south": { "uv": [ 4, 1, 5, 2 ], "texture": "#texture" }, "west": { "uv": [ 4, 1, 5, 2 ], "texture": "#texture" }, "east": { "uv": [ 4, 1, 5, 2 ], "texture": "#texture" } } }, { "__comment": "Element", "from": [ 7.25, -3.3791, -1.5919 ], "to": [ 8.854, -1.7231, 1.7201 ], "rotation": { "origin": [ 7, -3.383, -1.627 ], "axis": "x", "angle": -45 }, "faces": { "down": { "uv": [ 4, 1, 5, 2 ], "texture": "#texture" }, "up": { "uv": [ 4, 1, 5, 2 ], "texture": "#texture" }, "north": { "uv": [ 4, 1, 5, 2 ], "texture": "#texture" }, "south": { "uv": [ 4, 1, 5, 2 ], "texture": "#texture" }, "west": { "uv": [ 4, 1, 5, 2 ], "texture": "#texture" }, "east": { "uv": [ 4, 1, 5, 2 ], "texture": "#texture" } } }, { "__comment": "Element", "from": [ 7.25, -1.0149, -0.9094 ], "to": [ 8.854, 2.2971, 0.7465999 ], "rotation": { "origin": [ 7, -1.01492, 0.7466 ], "axis": "x", "angle": 22.5 }, "faces": { "down": { "uv": [ 4, 1, 5, 2 ], "texture": "#texture" }, "up": { "uv": [ 4, 1, 5, 2 ], "texture": "#texture" }, "north": { "uv": [ 4, 1, 5, 2 ], "texture": "#texture" }, "south": { "uv": [ 4, 1, 5, 2 ], "texture": "#texture" }, "west": { "uv": [ 4, 1, 5, 2 ], "texture": "#texture" }, "east": { "uv": [ 4, 1, 5, 2 ], "texture": "#texture" } } }, { "__comment": "Element", "from": [ 7.25, 2.0432, 0.3602 ], "to": [ 8.854, 5.4104, 2.0162 ], "faces": { "down": { "uv": [ 4, 1, 5, 2 ], "texture": "#texture" }, "up": { "uv": [ 4, 1, 5, 2 ], "texture": "#texture" }, "north": { "uv": [ 4, 1, 5, 2 ], "texture": "#texture" }, "south": { "uv": [ 4, 1, 5, 2 ], "texture": "#texture" }, "west": { "uv": [ 4, 1, 5, 2 ], "texture": "#texture" }, "east": { "uv": [ 4, 1, 5, 2 ], "texture": "#texture" } } }, { "__comment": "Element", "from": [ 7.25, 5.1509, -0.9094 ], "to": [ 8.854, 8.4629, 0.7465999 ], "rotation": { "origin": [ 7, 8.46292, 0.7466 ], "axis": "x", "angle": -22.5 }, "faces": { "down": { "uv": [ 4, 1, 5, 2 ], "texture": "#texture" }, "up": { "uv": [ 4, 1, 5, 2 ], "texture": "#texture" }, "north": { "uv": [ 4, 1, 5, 2 ], "texture": "#texture" }, "south": { "uv": [ 4, 1, 5, 2 ], "texture": "#texture" }, "west": { "uv": [ 4, 1, 5, 2 ], "texture": "#texture" }, "east": { "uv": [ 4, 1, 5, 2 ], "texture": "#texture" } } }, { "__comment": "Element", "from": [ 7.25, 9.1711, -1.5919 ], "to": [ 8.854, 10.8271, 1.7201 ], "rotation": { "origin": [ 7, 10.831, -1.627 ], "axis": "x", "angle": 45 }, "faces": { "down": { "uv": [ 4, 1, 5, 2 ], "texture": "#texture" }, "up": { "uv": [ 4, 1, 5, 2 ], "texture": "#texture" }, "north": { "uv": [ 4, 1, 5, 2 ], "texture": "#texture" }, "south": { "uv": [ 4, 1, 5, 2 ], "texture": "#texture" }, "west": { "uv": [ 4, 1, 5, 2 ], "texture": "#texture" }, "east": { "uv": [ 4, 1, 5, 2 ], "texture": "#texture" } } }, { "__comment": "Element", "from": [ 7.25, 10.417, -4.663 ], "to": [ 8.854, 12.073, -1.351 ], "rotation": { "origin": [ 7, 12.073, -4.663 ], "axis": "x", "angle": 22.5 }, "faces": { "down": { "uv": [ 4, 1, 5, 2 ], "texture": "#texture" }, "up": { "uv": [ 4, 1, 5, 2 ], "texture": "#texture" }, "north": { "uv": [ 4, 1, 5, 2 ], "texture": "#texture" }, "south": { "uv": [ 4, 1, 5, 2 ], "texture": "#texture" }, "west": { "uv": [ 4, 1, 5, 2 ], "texture": "#texture" }, "east": { "uv": [ 4, 1, 5, 2 ], "texture": "#texture" } } }, { "__comment": "Element", "from": [ 7.25, 10.417, -7.975 ], "to": [ 8.854, 12.073, -4.663 ], "faces": { "down": { "uv": [ 4, 1, 5, 2 ], "texture": "#texture" }, "up": { "uv": [ 4, 1, 5, 2 ], "texture": "#texture" }, "north": { "uv": [ 4, 1, 5, 2 ], "texture": "#texture" }, "south": { "uv": [ 4, 1, 5, 2 ], "texture": "#texture" }, "west": { "uv": [ 4, 1, 5, 2 ], "texture": "#texture" }, "east": { "uv": [ 4, 1, 5, 2 ], "texture": "#texture" } } }, { "__comment": "Element", "from": [ 7.25, 5.1509, -13.3846 ], "to": [ 8.854, 8.4629, -11.7286 ], "rotation": { "origin": [ 7, 8.46292, -13.3846 ], "axis": "x", "angle": 22.5 }, "faces": { "down": { "uv": [ 4, 1, 5, 2 ], "texture": "#texture" }, "up": { "uv": [ 4, 1, 5, 2 ], "texture": "#texture" }, "north": { "uv": [ 4, 1, 5, 2 ], "texture": "#texture" }, "south": { "uv": [ 4, 1, 5, 2 ], "texture": "#texture" }, "west": { "uv": [ 4, 1, 5, 2 ], "texture": "#texture" }, "east": { "uv": [ 4, 1, 5, 2 ], "texture": "#texture" } } }, { "__comment": "Element", "from": [ 7.25, 9.1711, -14.3581 ], "to": [ 8.854, 10.8271, -11.0461 ], "rotation": { "origin": [ 7, 10.831, -11.011 ], "axis": "x", "angle": -45 }, "faces": { "down": { "uv": [ 4, 1, 5, 2 ], "texture": "#texture" }, "up": { "uv": [ 4, 1, 5, 2 ], "texture": "#texture" }, "north": { "uv": [ 4, 1, 5, 2 ], "texture": "#texture" }, "south": { "uv": [ 4, 1, 5, 2 ], "texture": "#texture" }, "west": { "uv": [ 4, 1, 5, 2 ], "texture": "#texture" }, "east": { "uv": [ 4, 1, 5, 2 ], "texture": "#texture" } } }, { "__comment": "Element", "from": [ 7.25, 10.417, -11.287 ], "to": [ 8.854, 12.073, -7.975 ], "rotation": { "origin": [ 7, 12.073, -7.975 ], "axis": "x", "angle": -22.5 }, "faces": { "down": { "uv": [ 4, 1, 5, 2 ], "texture": "#texture" }, "up": { "uv": [ 4, 1, 5, 2 ], "texture": "#texture" }, "north": { "uv": [ 4, 1, 5, 2 ], "texture": "#texture" }, "south": { "uv": [ 4, 1, 5, 2 ], "texture": "#texture" }, "west": { "uv": [ 4, 1, 5, 2 ], "texture": "#texture" }, "east": { "uv": [ 4, 1, 5, 2 ], "texture": "#texture" } } }, { "__comment": "Element", "from": [ 7.25, -4.625, -11.287 ], "to": [ 8.854, -2.969, -7.975 ], "rotation": { "origin": [ 7, -4.625, -7.975 ], "axis": "x", "angle": 22.5 }, "faces": { "down": { "uv": [ 4, 1, 5, 2 ], "texture": "#texture" }, "up": { "uv": [ 4, 1, 5, 2 ], "texture": "#texture" }, "north": { "uv": [ 4, 1, 5, 2 ], "texture": "#texture" }, "south": { "uv": [ 4, 1, 5, 2 ], "texture": "#texture" }, "west": { "uv": [ 4, 1, 5, 2 ], "texture": "#texture" }, "east": { "uv": [ 4, 1, 5, 2 ], "texture": "#texture" } } }, { "__comment": "Element", "from": [ 7.25, -3.3791, -14.3581 ], "to": [ 8.854, -1.7231, -11.0461 ], "rotation": { "origin": [ 7, -3.383, -11.011 ], "axis": "x", "angle": 45 }, "faces": { "down": { "uv": [ 4, 1, 5, 2 ], "texture": "#texture" }, "up": { "uv": [ 4, 1, 5, 2 ], "texture": "#texture" }, "north": { "uv": [ 4, 1, 5, 2 ], "texture": "#texture" }, "south": { "uv": [ 4, 1, 5, 2 ], "texture": "#texture" }, "west": { "uv": [ 4, 1, 5, 2 ], "texture": "#texture" }, "east": { "uv": [ 4, 1, 5, 2 ], "texture": "#texture" } } }, { "__comment": "Element", "from": [ 7.25, -1.0149, -13.3846 ], "to": [ 8.854, 2.2971, -11.7286 ], "rotation": { "origin": [ 7, -1.01492, -13.3846 ], "axis": "x", "angle": -22.5 }, "faces": { "down": { "uv": [ 4, 1, 5, 2 ], "texture": "#texture" }, "up": { "uv": [ 4, 1, 5, 2 ], "texture": "#texture" }, "north": { "uv": [ 4, 1, 5, 2 ], "texture": "#texture" }, "south": { "uv": [ 4, 1, 5, 2 ], "texture": "#texture" }, "west": { "uv": [ 4, 1, 5, 2 ], "texture": "#texture" }, "east": { "uv": [ 4, 1, 5, 2 ], "texture": "#texture" } } }, { "__comment": "Element", "from": [ 7.25, 2.0432, -14.6542 ], "to": [ 8.854, 5.4104, -12.9982 ], "faces": { "down": { "uv": [ 4, 1, 5, 2 ], "texture": "#texture" }, "up": { "uv": [ 4, 1, 5, 2 ], "texture": "#texture" }, "north": { "uv": [ 4, 1, 5, 2 ], "texture": "#texture" }, "south": { "uv": [ 4, 1, 5, 2 ], "texture": "#texture" }, "west": { "uv": [ 4, 1, 5, 2 ], "texture": "#texture" }, "east": { "uv": [ 4, 1, 5, 2 ], "texture": "#texture" } } }, { "__comment": "Element", "from": [ 7.0488, 1.866, -5.0159 ], "to": [ 9.0488, 6.141, -4.168 ], "rotation": { "origin": [ 7.0488, 1.8657, -5.0162 ], "axis": "x", "angle": -45 }, "faces": { "down": { "uv": [ 10, 1, 11, 2 ], "texture": "#texture" }, "up": { "uv": [ 10, 1, 11, 2 ], "texture": "#texture" }, "north": { "uv": [ 10, 1, 11, 2 ], "texture": "#texture" }, "south": { "uv": [ 10, 1, 11, 2 ], "texture": "#texture" }, "west": { "uv": [ 10, 1, 11, 2 ], "texture": "#texture" }, "east": { "uv": [ 10, 1, 11, 2 ], "texture": "#texture" } } }, { "__comment": "Element", "from": [ 7.0488, 1.5407, -5.7991 ], "to": [ 9.0488, 5.8157, -4.9512 ], "rotation": { "origin": [ 7.04876, 1.54074, -5.79911 ], "axis": "x", "angle": -22.5 }, "faces": { "down": { "uv": [ 10, 1, 11, 2 ], "texture": "#texture" }, "up": { "uv": [ 10, 1, 11, 2 ], "texture": "#texture" }, "north": { "uv": [ 10, 1, 11, 2 ], "texture": "#texture" }, "south": { "uv": [ 10, 1, 11, 2 ], "texture": "#texture" }, "west": { "uv": [ 10, 1, 11, 2 ], "texture": "#texture" }, "east": { "uv": [ 10, 1, 11, 2 ], "texture": "#texture" } } }, { "__comment": "Element", "from": [ 7.0488, 1.5411, -6.647 ], "to": [ 9.0488, 5.8161, -5.7991 ], "faces": { "down": { "uv": [ 10, 1, 11, 2 ], "texture": "#texture" }, "up": { "uv": [ 10, 1, 11, 2 ], "texture": "#texture" }, "north": { "uv": [ 10, 1, 11, 2 ], "texture": "#texture" }, "south": { "uv": [ 10, 1, 11, 2 ], "texture": "#texture" }, "west": { "uv": [ 10, 1, 11, 2 ], "texture": "#texture" }, "east": { "uv": [ 10, 1, 11, 2 ], "texture": "#texture" } } }, { "__comment": "Element", "from": [ 7.0488, 1.8652, -7.4303 ], "to": [ 9.0488, 6.1402, -6.582398 ], "rotation": { "origin": [ 7.0488, 1.8652, -7.4303 ], "axis": "x", "angle": 22.5 }, "faces": { "down": { "uv": [ 10, 1, 11, 2 ], "texture": "#texture" }, "up": { "uv": [ 10, 1, 11, 2 ], "texture": "#texture" }, "north": { "uv": [ 10, 1, 11, 2 ], "texture": "#texture" }, "south": { "uv": [ 10, 1, 11, 2 ], "texture": "#texture" }, "west": { "uv": [ 10, 1, 11, 2 ], "texture": "#texture" }, "east": { "uv": [ 10, 1, 11, 2 ], "texture": "#texture" } } }, { "__comment": "Element", "from": [ 7.0488, 2.4652, -8.0292 ], "to": [ 9.0488, 6.7402, -7.1813 ], "rotation": { "origin": [ 7.0488, 2.4653, -8.0294 ], "axis": "x", "angle": 45 }, "faces": { "down": { "uv": [ 10, 1, 11, 2 ], "texture": "#texture" }, "up": { "uv": [ 10, 1, 11, 2 ], "texture": "#texture" }, "north": { "uv": [ 10, 1, 11, 2 ], "texture": "#texture" }, "south": { "uv": [ 10, 1, 11, 2 ], "texture": "#texture" }, "west": { "uv": [ 10, 1, 11, 2 ], "texture": "#texture" }, "east": { "uv": [ 10, 1, 11, 2 ], "texture": "#texture" } } }, { "__comment": "Element", "from": [ 7.0488, 2.4651, -8.0322 ], "to": [ 9.0488, 3.313, -3.7572 ], "rotation": { "origin": [ 7.0488, 2.4649, -8.0318 ], "axis": "x", "angle": -22.5 }, "faces": { "down": { "uv": [ 10, 1, 11, 2 ], "texture": "#texture" }, "up": { "uv": [ 10, 1, 11, 2 ], "texture": "#texture" }, "north": { "uv": [ 10, 1, 11, 2 ], "texture": "#texture" }, "south": { "uv": [ 10, 1, 11, 2 ], "texture": "#texture" }, "west": { "uv": [ 10, 1, 11, 2 ], "texture": "#texture" }, "east": { "uv": [ 10, 1, 11, 2 ], "texture": "#texture" } } }, { "__comment": "Element", "from": [ 7.049, 3.2478, -8.3569 ], "to": [ 9.049, 4.109798, -4.0819 ], "faces": { "down": { "uv": [ 10, 1, 11, 2 ], "texture": "#texture" }, "up": { "uv": [ 10, 1, 11, 2 ], "texture": "#texture" }, "north": { "uv": [ 10, 1, 11, 2 ], "texture": "#texture" }, "south": { "uv": [ 10, 1, 11, 2 ], "texture": "#texture" }, "west": { "uv": [ 10, 1, 11, 2 ], "texture": "#texture" }, "east": { "uv": [ 10, 1, 11, 2 ], "texture": "#texture" } } }, { "__comment": "Element", "from": [ 7.0488, 4.108, -8.3561 ], "to": [ 9.0488, 4.9559, -4.0811 ], "rotation": { "origin": [ 7.0488, 4.1079, -8.3563 ], "axis": "x", "angle": 22.5 }, "faces": { "down": { "uv": [ 10, 1, 11, 2 ], "texture": "#texture" }, "up": { "uv": [ 10, 1, 11, 2 ], "texture": "#texture" }, "north": { "uv": [ 10, 1, 11, 2 ], "texture": "#texture" }, "south": { "uv": [ 10, 1, 11, 2 ], "texture": "#texture" }, "west": { "uv": [ 10, 1, 11, 2 ], "texture": "#texture" }, "east": { "uv": [ 10, 1, 11, 2 ], "texture": "#texture" } } }, { "__comment": "Element", "from": [ 7.75, -3.25, -6.5 ], "to": [ 8.25, 10.75, -6 ], "faces": { "down": { "uv": [ 7, 1, 8, 2 ], "texture": "#texture", "rotation": 270 }, "up": { "uv": [ 7, 1, 8, 2 ], "texture": "#texture", "rotation": 270 }, "north": { "uv": [ 7, 1, 8, 2 ], "texture": "#texture", "rotation": 270 }, "south": { "uv": [ 7, 1, 8, 2 ], "texture": "#texture", "rotation": 270 }, "west": { "uv": [ 7, 1, 8, 2 ], "texture": "#texture", "rotation": 270 }, "east": { "uv": [ 7, 1, 8, 2 ], "texture": "#texture", "rotation": 270 } } }, { "__comment": "Element", "from": [ 7.75, -3.25, -3.625 ], "to": [ 8.25, 11.75, -3.125 ], "rotation": { "origin": [ 7, -3.25, -3.625 ], "axis": "x", "angle": -22.5 }, "faces": { "down": { "uv": [ 7, 1, 8, 2 ], "texture": "#texture", "rotation": 270 }, "up": { "uv": [ 7, 1, 8, 2 ], "texture": "#texture", "rotation": 270 }, "north": { "uv": [ 7, 1, 8, 2 ], "texture": "#texture", "rotation": 270 }, "south": { "uv": [ 7, 1, 8, 2 ], "texture": "#texture", "rotation": 270 }, "west": { "uv": [ 7, 1, 8, 2 ], "texture": "#texture", "rotation": 270 }, "east": { "uv": [ 7, 1, 8, 2 ], "texture": "#texture", "rotation": 270 } } }, { "__comment": "Element", "from": [ 7.75, -1.75, -1.125 ], "to": [ 8.25, 13.25, -0.625 ], "rotation": { "origin": [ 7, -1.75, -1.125 ], "axis": "x", "angle": -45 }, "faces": { "down": { "uv": [ 7, 1, 8, 2 ], "texture": "#texture", "rotation": 270 }, "up": { "uv": [ 7, 1, 8, 2 ], "texture": "#texture", "rotation": 270 }, "north": { "uv": [ 7, 1, 8, 2 ], "texture": "#texture", "rotation": 270 }, "south": { "uv": [ 7, 1, 8, 2 ], "texture": "#texture", "rotation": 270 }, "west": { "uv": [ 7, 1, 8, 2 ], "texture": "#texture", "rotation": 270 }, "east": { "uv": [ 7, 1, 8, 2 ], "texture": "#texture", "rotation": 270 } } }, { "__comment": "Element", "from": [ 7.75, 0.75, -14.625 ], "to": [ 8.25, 1.25, 0.375 ], "rotation": { "origin": [ 7, 0.75, 0.375 ], "axis": "x", "angle": 22.5 }, "faces": { "down": { "uv": [ 7, 1, 8, 2 ], "texture": "#texture", "rotation": 270 }, "up": { "uv": [ 7, 1, 8, 2 ], "texture": "#texture", "rotation": 270 }, "north": { "uv": [ 7, 1, 8, 2 ], "texture": "#texture", "rotation": 270 }, "south": { "uv": [ 7, 1, 8, 2 ], "texture": "#texture", "rotation": 270 }, "west": { "uv": [ 7, 1, 8, 2 ], "texture": "#texture", "rotation": 270 }, "east": { "uv": [ 7, 1, 8, 2 ], "texture": "#texture", "rotation": 270 } } }, { "__comment": "Element", "from": [ 7.75, 3.5, -14 ], "to": [ 8.25, 4, 1 ], "faces": { "down": { "uv": [ 7, 1, 8, 2 ], "texture": "#texture", "rotation": 270 }, "up": { "uv": [ 7, 1, 8, 2 ], "texture": "#texture", "rotation": 270 }, "north": { "uv": [ 7, 1, 8, 2 ], "texture": "#texture", "rotation": 270 }, "south": { "uv": [ 7, 1, 8, 2 ], "texture": "#texture", "rotation": 270 }, "west": { "uv": [ 7, 1, 8, 2 ], "texture": "#texture", "rotation": 270 }, "east": { "uv": [ 7, 1, 8, 2 ], "texture": "#texture", "rotation": 270 } } }, { "__comment": "Element", "from": [ 7.75, 6.25, -13.75 ], "to": [ 8.25, 6.75, 0.25 ], "rotation": { "origin": [ 7, 6.25, 0.25 ], "axis": "x", "angle": -22.5 }, "faces": { "down": { "uv": [ 7, 1, 8, 2 ], "texture": "#texture", "rotation": 270 }, "up": { "uv": [ 7, 1, 8, 2 ], "texture": "#texture", "rotation": 270 }, "north": { "uv": [ 7, 1, 8, 2 ], "texture": "#texture", "rotation": 270 }, "south": { "uv": [ 7, 1, 8, 2 ], "texture": "#texture", "rotation": 270 }, "west": { "uv": [ 7, 1, 8, 2 ], "texture": "#texture", "rotation": 270 }, "east": { "uv": [ 7, 1, 8, 2 ], "texture": "#texture", "rotation": 270 } } }, { "__comment": "Element", "from": [ 7.75, -5.375, -1.75 ], "to": [ 8.25, 8.625, -1.25 ], "rotation": { "origin": [ 7, 8.625, -1.25 ], "axis": "x", "angle": 45 }, "faces": { "down": { "uv": [ 7, 1, 8, 2 ], "texture": "#texture", "rotation": 270 }, "up": { "uv": [ 7, 1, 8, 2 ], "texture": "#texture", "rotation": 270 }, "north": { "uv": [ 7, 1, 8, 2 ], "texture": "#texture", "rotation": 270 }, "south": { "uv": [ 7, 1, 8, 2 ], "texture": "#texture", "rotation": 270 }, "west": { "uv": [ 7, 1, 8, 2 ], "texture": "#texture", "rotation": 270 }, "east": { "uv": [ 7, 1, 8, 2 ], "texture": "#texture", "rotation": 270 } } }, { "__comment": "Element", "from": [ 7.75, -3.75, -4 ], "to": [ 8.25, 10.25, -3.5 ], "rotation": { "origin": [ 7, 10.25, -3.5 ], "axis": "x", "angle": 22.5 }, "faces": { "down": { "uv": [ 7, 1, 8, 2 ], "texture": "#texture", "rotation": 270 }, "up": { "uv": [ 7, 1, 8, 2 ], "texture": "#texture", "rotation": 270 }, "north": { "uv": [ 7, 1, 8, 2 ], "texture": "#texture", "rotation": 270 }, "south": { "uv": [ 7, 1, 8, 2 ], "texture": "#texture", "rotation": 270 }, "west": { "uv": [ 7, 1, 8, 2 ], "texture": "#texture", "rotation": 270 }, "east": { "uv": [ 7, 1, 8, 2 ], "texture": "#texture", "rotation": 270 } } }, { "__comment": "Element", "from": [ 7, -5.375, 20.125 ], "to": [ 9.2, -3.575, 23.725 ], "faces": { "down": { "uv": [ 1, 1, 2, 2 ], "texture": "#texture" }, "up": { "uv": [ 1, 1, 2, 2 ], "texture": "#texture" }, "north": { "uv": [ 1, 1, 2, 2 ], "texture": "#texture" }, "south": { "uv": [ 1, 1, 2, 2 ], "texture": "#texture" }, "west": { "uv": [ 1, 1, 2, 2 ], "texture": "#texture" }, "east": { "uv": [ 1, 1, 2, 2 ], "texture": "#texture" } } }, { "__comment": "Element", "from": [ 7, -5.375, 23.725 ], "to": [ 9.2, -3.575, 27.325 ], "rotation": { "origin": [ 7, -5.375, 23.725 ], "axis": "x", "angle": -22.5 }, "faces": { "down": { "uv": [ 1, 1, 2, 2 ], "texture": "#texture" }, "up": { "uv": [ 1, 1, 2, 2 ], "texture": "#texture" }, "north": { "uv": [ 1, 1, 2, 2 ], "texture": "#texture" }, "south": { "uv": [ 1, 1, 2, 2 ], "texture": "#texture" }, "west": { "uv": [ 1, 1, 2, 2 ], "texture": "#texture" }, "east": { "uv": [ 1, 1, 2, 2 ], "texture": "#texture" } } }, { "__comment": "Element", "from": [ 7, -4.0208, 27.0632 ], "to": [ 9.2, -2.2208, 30.6632 ], "rotation": { "origin": [ 7, -4.025, 27.025 ], "axis": "x", "angle": -45 }, "faces": { "down": { "uv": [ 1, 1, 2, 2 ], "texture": "#texture" }, "up": { "uv": [ 1, 1, 2, 2 ], "texture": "#texture" }, "north": { "uv": [ 1, 1, 2, 2 ], "texture": "#texture" }, "south": { "uv": [ 1, 1, 2, 2 ], "texture": "#texture" }, "west": { "uv": [ 1, 1, 2, 2 ], "texture": "#texture" }, "east": { "uv": [ 1, 1, 2, 2 ], "texture": "#texture" } } }, { "__comment": "Element", "from": [ 7, -1.451, 27.805 ], "to": [ 9.2, 2.149, 29.605 ], "rotation": { "origin": [ 7, -1.451, 29.605 ], "axis": "x", "angle": 22.5 }, "faces": { "down": { "uv": [ 1, 1, 2, 2 ], "texture": "#texture" }, "up": { "uv": [ 1, 1, 2, 2 ], "texture": "#texture" }, "north": { "uv": [ 1, 1, 2, 2 ], "texture": "#texture" }, "south": { "uv": [ 1, 1, 2, 2 ], "texture": "#texture" }, "west": { "uv": [ 1, 1, 2, 2 ], "texture": "#texture" }, "east": { "uv": [ 1, 1, 2, 2 ], "texture": "#texture" } } }, { "__comment": "Element", "from": [ 7, 1.873, 29.185 ], "to": [ 9.2, 5.533, 30.985 ], "faces": { "down": { "uv": [ 1, 1, 2, 2 ], "texture": "#texture" }, "up": { "uv": [ 1, 1, 2, 2 ], "texture": "#texture" }, "north": { "uv": [ 1, 1, 2, 2 ], "texture": "#texture" }, "south": { "uv": [ 1, 1, 2, 2 ], "texture": "#texture" }, "west": { "uv": [ 1, 1, 2, 2 ], "texture": "#texture" }, "east": { "uv": [ 1, 1, 2, 2 ], "texture": "#texture" } } }, { "__comment": "Element", "from": [ 7, 5.251, 27.805 ], "to": [ 9.2, 8.851, 29.605 ], "rotation": { "origin": [ 7, 8.851, 29.605 ], "axis": "x", "angle": -22.5 }, "faces": { "down": { "uv": [ 1, 1, 2, 2 ], "texture": "#texture" }, "up": { "uv": [ 1, 1, 2, 2 ], "texture": "#texture" }, "north": { "uv": [ 1, 1, 2, 2 ], "texture": "#texture" }, "south": { "uv": [ 1, 1, 2, 2 ], "texture": "#texture" }, "west": { "uv": [ 1, 1, 2, 2 ], "texture": "#texture" }, "east": { "uv": [ 1, 1, 2, 2 ], "texture": "#texture" } } }, { "__comment": "Element", "from": [ 7, 9.6208, 27.0632 ], "to": [ 9.2, 11.4208, 30.6632 ], "rotation": { "origin": [ 7, 11.425, 27.025 ], "axis": "x", "angle": 45 }, "faces": { "down": { "uv": [ 1, 1, 2, 2 ], "texture": "#texture" }, "up": { "uv": [ 1, 1, 2, 2 ], "texture": "#texture" }, "north": { "uv": [ 1, 1, 2, 2 ], "texture": "#texture" }, "south": { "uv": [ 1, 1, 2, 2 ], "texture": "#texture" }, "west": { "uv": [ 1, 1, 2, 2 ], "texture": "#texture" }, "east": { "uv": [ 1, 1, 2, 2 ], "texture": "#texture" } } }, { "__comment": "Element", "from": [ 7, 10.975, 23.725 ], "to": [ 9.2, 12.775, 27.325 ], "rotation": { "origin": [ 7, 12.775, 23.725 ], "axis": "x", "angle": 22.5 }, "faces": { "down": { "uv": [ 1, 1, 2, 2 ], "texture": "#texture" }, "up": { "uv": [ 1, 1, 2, 2 ], "texture": "#texture" }, "north": { "uv": [ 1, 1, 2, 2 ], "texture": "#texture" }, "south": { "uv": [ 1, 1, 2, 2 ], "texture": "#texture" }, "west": { "uv": [ 1, 1, 2, 2 ], "texture": "#texture" }, "east": { "uv": [ 1, 1, 2, 2 ], "texture": "#texture" } } }, { "__comment": "Element", "from": [ 7, 10.975, 20.125 ], "to": [ 9.2, 12.775, 23.725 ], "faces": { "down": { "uv": [ 1, 1, 2, 2 ], "texture": "#texture" }, "up": { "uv": [ 1, 1, 2, 2 ], "texture": "#texture" }, "north": { "uv": [ 1, 1, 2, 2 ], "texture": "#texture" }, "south": { "uv": [ 1, 1, 2, 2 ], "texture": "#texture" }, "west": { "uv": [ 1, 1, 2, 2 ], "texture": "#texture" }, "east": { "uv": [ 1, 1, 2, 2 ], "texture": "#texture" } } }, { "__comment": "Element", "from": [ 7, 5.251, 14.245 ], "to": [ 9.2, 8.851, 16.045 ], "rotation": { "origin": [ 7, 8.851, 14.245 ], "axis": "x", "angle": 22.5 }, "faces": { "down": { "uv": [ 1, 1, 2, 2 ], "texture": "#texture" }, "up": { "uv": [ 1, 1, 2, 2 ], "texture": "#texture" }, "north": { "uv": [ 1, 1, 2, 2 ], "texture": "#texture" }, "south": { "uv": [ 1, 1, 2, 2 ], "texture": "#texture" }, "west": { "uv": [ 1, 1, 2, 2 ], "texture": "#texture" }, "east": { "uv": [ 1, 1, 2, 2 ], "texture": "#texture" } } }, { "__comment": "Element", "from": [ 7, 9.6208, 13.1868 ], "to": [ 9.2, 11.4208, 16.7868 ], "rotation": { "origin": [ 7, 11.425, 16.825 ], "axis": "x", "angle": -45 }, "faces": { "down": { "uv": [ 1, 1, 2, 2 ], "texture": "#texture" }, "up": { "uv": [ 1, 1, 2, 2 ], "texture": "#texture" }, "north": { "uv": [ 1, 1, 2, 2 ], "texture": "#texture" }, "south": { "uv": [ 1, 1, 2, 2 ], "texture": "#texture" }, "west": { "uv": [ 1, 1, 2, 2 ], "texture": "#texture" }, "east": { "uv": [ 1, 1, 2, 2 ], "texture": "#texture" } } }, { "__comment": "Element", "from": [ 7, 10.975, 16.525 ], "to": [ 9.2, 12.775, 20.125 ], "rotation": { "origin": [ 7, 12.775, 20.125 ], "axis": "x", "angle": -22.5 }, "faces": { "down": { "uv": [ 1, 1, 2, 2 ], "texture": "#texture" }, "up": { "uv": [ 1, 1, 2, 2 ], "texture": "#texture" }, "north": { "uv": [ 1, 1, 2, 2 ], "texture": "#texture" }, "south": { "uv": [ 1, 1, 2, 2 ], "texture": "#texture" }, "west": { "uv": [ 1, 1, 2, 2 ], "texture": "#texture" }, "east": { "uv": [ 1, 1, 2, 2 ], "texture": "#texture" } } }, { "__comment": "Element", "from": [ 7, -5.375, 16.525 ], "to": [ 9.2, -3.575, 20.125 ], "rotation": { "origin": [ 7, -5.375, 20.125 ], "axis": "x", "angle": 22.5 }, "faces": { "down": { "uv": [ 1, 1, 2, 2 ], "texture": "#texture" }, "up": { "uv": [ 1, 1, 2, 2 ], "texture": "#texture" }, "north": { "uv": [ 1, 1, 2, 2 ], "texture": "#texture" }, "south": { "uv": [ 1, 1, 2, 2 ], "texture": "#texture" }, "west": { "uv": [ 1, 1, 2, 2 ], "texture": "#texture" }, "east": { "uv": [ 1, 1, 2, 2 ], "texture": "#texture" } } }, { "__comment": "Element", "from": [ 7, -4.0208, 13.1868 ], "to": [ 9.2, -2.2208, 16.7868 ], "rotation": { "origin": [ 7, -4.025, 16.825 ], "axis": "x", "angle": 45 }, "faces": { "down": { "uv": [ 1, 1, 2, 2 ], "texture": "#texture" }, "up": { "uv": [ 1, 1, 2, 2 ], "texture": "#texture" }, "north": { "uv": [ 1, 1, 2, 2 ], "texture": "#texture" }, "south": { "uv": [ 1, 1, 2, 2 ], "texture": "#texture" }, "west": { "uv": [ 1, 1, 2, 2 ], "texture": "#texture" }, "east": { "uv": [ 1, 1, 2, 2 ], "texture": "#texture" } } }, { "__comment": "Element", "from": [ 7, -1.451, 14.245 ], "to": [ 9.2, 2.149, 16.045 ], "rotation": { "origin": [ 7, -1.451, 14.245 ], "axis": "x", "angle": -22.5 }, "faces": { "down": { "uv": [ 1, 1, 2, 2 ], "texture": "#texture" }, "up": { "uv": [ 1, 1, 2, 2 ], "texture": "#texture" }, "north": { "uv": [ 1, 1, 2, 2 ], "texture": "#texture" }, "south": { "uv": [ 1, 1, 2, 2 ], "texture": "#texture" }, "west": { "uv": [ 1, 1, 2, 2 ], "texture": "#texture" }, "east": { "uv": [ 1, 1, 2, 2 ], "texture": "#texture" } } }, { "__comment": "Element", "from": [ 7, 1.873, 12.865 ], "to": [ 9.2, 5.533, 14.665 ], "faces": { "down": { "uv": [ 1, 1, 2, 2 ], "texture": "#texture" }, "up": { "uv": [ 1, 1, 2, 2 ], "texture": "#texture" }, "north": { "uv": [ 1, 1, 2, 2 ], "texture": "#texture" }, "south": { "uv": [ 1, 1, 2, 2 ], "texture": "#texture" }, "west": { "uv": [ 1, 1, 2, 2 ], "texture": "#texture" }, "east": { "uv": [ 1, 1, 2, 2 ], "texture": "#texture" } } }, { "__comment": "Element", "from": [ 7.25, -4.625, 20.275 ], "to": [ 8.854, -2.969, 23.587 ], "faces": { "down": { "uv": [ 4, 1, 5, 2 ], "texture": "#texture" }, "up": { "uv": [ 4, 1, 5, 2 ], "texture": "#texture" }, "north": { "uv": [ 4, 1, 5, 2 ], "texture": "#texture" }, "south": { "uv": [ 4, 1, 5, 2 ], "texture": "#texture" }, "west": { "uv": [ 4, 1, 5, 2 ], "texture": "#texture" }, "east": { "uv": [ 4, 1, 5, 2 ], "texture": "#texture" } } }, { "__comment": "Element", "from": [ 7.25, -4.625, 23.587 ], "to": [ 8.854, -2.969, 26.899 ], "rotation": { "origin": [ 7, -4.625, 23.587 ], "axis": "x", "angle": -22.5 }, "faces": { "down": { "uv": [ 4, 1, 5, 2 ], "texture": "#texture" }, "up": { "uv": [ 4, 1, 5, 2 ], "texture": "#texture" }, "north": { "uv": [ 4, 1, 5, 2 ], "texture": "#texture" }, "south": { "uv": [ 4, 1, 5, 2 ], "texture": "#texture" }, "west": { "uv": [ 4, 1, 5, 2 ], "texture": "#texture" }, "east": { "uv": [ 4, 1, 5, 2 ], "texture": "#texture" } } }, { "__comment": "Element", "from": [ 7.25, -3.3791, 26.6581 ], "to": [ 8.854, -1.7231, 29.9701 ], "rotation": { "origin": [ 7, -3.383, 26.623 ], "axis": "x", "angle": -45 }, "faces": { "down": { "uv": [ 4, 1, 5, 2 ], "texture": "#texture" }, "up": { "uv": [ 4, 1, 5, 2 ], "texture": "#texture" }, "north": { "uv": [ 4, 1, 5, 2 ], "texture": "#texture" }, "south": { "uv": [ 4, 1, 5, 2 ], "texture": "#texture" }, "west": { "uv": [ 4, 1, 5, 2 ], "texture": "#texture" }, "east": { "uv": [ 4, 1, 5, 2 ], "texture": "#texture" } } }, { "__comment": "Element", "from": [ 7.25, -1.0149, 27.3406 ], "to": [ 8.854, 2.2971, 28.9966 ], "rotation": { "origin": [ 7, -1.01492, 28.9966 ], "axis": "x", "angle": 22.5 }, "faces": { "down": { "uv": [ 4, 1, 5, 2 ], "texture": "#texture" }, "up": { "uv": [ 4, 1, 5, 2 ], "texture": "#texture" }, "north": { "uv": [ 4, 1, 5, 2 ], "texture": "#texture" }, "south": { "uv": [ 4, 1, 5, 2 ], "texture": "#texture" }, "west": { "uv": [ 4, 1, 5, 2 ], "texture": "#texture" }, "east": { "uv": [ 4, 1, 5, 2 ], "texture": "#texture" } } }, { "__comment": "Element", "from": [ 7.25, 2.0432, 28.6102 ], "to": [ 8.854, 5.4104, 30.2662 ], "faces": { "down": { "uv": [ 4, 1, 5, 2 ], "texture": "#texture" }, "up": { "uv": [ 4, 1, 5, 2 ], "texture": "#texture" }, "north": { "uv": [ 4, 1, 5, 2 ], "texture": "#texture" }, "south": { "uv": [ 4, 1, 5, 2 ], "texture": "#texture" }, "west": { "uv": [ 4, 1, 5, 2 ], "texture": "#texture" }, "east": { "uv": [ 4, 1, 5, 2 ], "texture": "#texture" } } }, { "__comment": "Element", "from": [ 7.25, 5.1509, 27.3406 ], "to": [ 8.854, 8.4629, 28.9966 ], "rotation": { "origin": [ 7, 8.46292, 28.9966 ], "axis": "x", "angle": -22.5 }, "faces": { "down": { "uv": [ 4, 1, 5, 2 ], "texture": "#texture" }, "up": { "uv": [ 4, 1, 5, 2 ], "texture": "#texture" }, "north": { "uv": [ 4, 1, 5, 2 ], "texture": "#texture" }, "south": { "uv": [ 4, 1, 5, 2 ], "texture": "#texture" }, "west": { "uv": [ 4, 1, 5, 2 ], "texture": "#texture" }, "east": { "uv": [ 4, 1, 5, 2 ], "texture": "#texture" } } }, { "__comment": "Element", "from": [ 7.25, 9.1711, 26.6581 ], "to": [ 8.854, 10.8271, 29.9701 ], "rotation": { "origin": [ 7, 10.831, 26.623 ], "axis": "x", "angle": 45 }, "faces": { "down": { "uv": [ 4, 1, 5, 2 ], "texture": "#texture" }, "up": { "uv": [ 4, 1, 5, 2 ], "texture": "#texture" }, "north": { "uv": [ 4, 1, 5, 2 ], "texture": "#texture" }, "south": { "uv": [ 4, 1, 5, 2 ], "texture": "#texture" }, "west": { "uv": [ 4, 1, 5, 2 ], "texture": "#texture" }, "east": { "uv": [ 4, 1, 5, 2 ], "texture": "#texture" } } }, { "__comment": "Element", "from": [ 7.25, 10.417, 23.587 ], "to": [ 8.854, 12.073, 26.899 ], "rotation": { "origin": [ 7, 12.073, 23.587 ], "axis": "x", "angle": 22.5 }, "faces": { "down": { "uv": [ 4, 1, 5, 2 ], "texture": "#texture" }, "up": { "uv": [ 4, 1, 5, 2 ], "texture": "#texture" }, "north": { "uv": [ 4, 1, 5, 2 ], "texture": "#texture" }, "south": { "uv": [ 4, 1, 5, 2 ], "texture": "#texture" }, "west": { "uv": [ 4, 1, 5, 2 ], "texture": "#texture" }, "east": { "uv": [ 4, 1, 5, 2 ], "texture": "#texture" } } }, { "__comment": "Element", "from": [ 7.25, 10.417, 20.275 ], "to": [ 8.854, 12.073, 23.587 ], "faces": { "down": { "uv": [ 4, 1, 5, 2 ], "texture": "#texture" }, "up": { "uv": [ 4, 1, 5, 2 ], "texture": "#texture" }, "north": { "uv": [ 4, 1, 5, 2 ], "texture": "#texture" }, "south": { "uv": [ 4, 1, 5, 2 ], "texture": "#texture" }, "west": { "uv": [ 4, 1, 5, 2 ], "texture": "#texture" }, "east": { "uv": [ 4, 1, 5, 2 ], "texture": "#texture" } } }, { "__comment": "Element", "from": [ 7.25, 5.1509, 14.8654 ], "to": [ 8.854, 8.4629, 16.5214 ], "rotation": { "origin": [ 7, 8.46292, 14.8654 ], "axis": "x", "angle": 22.5 }, "faces": { "down": { "uv": [ 4, 1, 5, 2 ], "texture": "#texture" }, "up": { "uv": [ 4, 1, 5, 2 ], "texture": "#texture" }, "north": { "uv": [ 4, 1, 5, 2 ], "texture": "#texture" }, "south": { "uv": [ 4, 1, 5, 2 ], "texture": "#texture" }, "west": { "uv": [ 4, 1, 5, 2 ], "texture": "#texture" }, "east": { "uv": [ 4, 1, 5, 2 ], "texture": "#texture" } } }, { "__comment": "Element", "from": [ 7.25, 9.1711, 13.8919 ], "to": [ 8.854, 10.8271, 17.2039 ], "rotation": { "origin": [ 7, 10.831, 17.239 ], "axis": "x", "angle": -45 }, "faces": { "down": { "uv": [ 4, 1, 5, 2 ], "texture": "#texture" }, "up": { "uv": [ 4, 1, 5, 2 ], "texture": "#texture" }, "north": { "uv": [ 4, 1, 5, 2 ], "texture": "#texture" }, "south": { "uv": [ 4, 1, 5, 2 ], "texture": "#texture" }, "west": { "uv": [ 4, 1, 5, 2 ], "texture": "#texture" }, "east": { "uv": [ 4, 1, 5, 2 ], "texture": "#texture" } } }, { "__comment": "Element", "from": [ 7.25, 10.417, 16.963 ], "to": [ 8.854, 12.073, 20.275 ], "rotation": { "origin": [ 7, 12.073, 20.275 ], "axis": "x", "angle": -22.5 }, "faces": { "down": { "uv": [ 4, 1, 5, 2 ], "texture": "#texture" }, "up": { "uv": [ 4, 1, 5, 2 ], "texture": "#texture" }, "north": { "uv": [ 4, 1, 5, 2 ], "texture": "#texture" }, "south": { "uv": [ 4, 1, 5, 2 ], "texture": "#texture" }, "west": { "uv": [ 4, 1, 5, 2 ], "texture": "#texture" }, "east": { "uv": [ 4, 1, 5, 2 ], "texture": "#texture" } } }, { "__comment": "Element", "from": [ 7.25, -4.625, 16.963 ], "to": [ 8.854, -2.969, 20.275 ], "rotation": { "origin": [ 7, -4.625, 20.275 ], "axis": "x", "angle": 22.5 }, "faces": { "down": { "uv": [ 4, 1, 5, 2 ], "texture": "#texture" }, "up": { "uv": [ 4, 1, 5, 2 ], "texture": "#texture" }, "north": { "uv": [ 4, 1, 5, 2 ], "texture": "#texture" }, "south": { "uv": [ 4, 1, 5, 2 ], "texture": "#texture" }, "west": { "uv": [ 4, 1, 5, 2 ], "texture": "#texture" }, "east": { "uv": [ 4, 1, 5, 2 ], "texture": "#texture" } } }, { "__comment": "Element", "from": [ 7.25, -3.3791, 13.8919 ], "to": [ 8.854, -1.7231, 17.2039 ], "rotation": { "origin": [ 7, -3.383, 17.239 ], "axis": "x", "angle": 45 }, "faces": { "down": { "uv": [ 4, 1, 5, 2 ], "texture": "#texture" }, "up": { "uv": [ 4, 1, 5, 2 ], "texture": "#texture" }, "north": { "uv": [ 4, 1, 5, 2 ], "texture": "#texture" }, "south": { "uv": [ 4, 1, 5, 2 ], "texture": "#texture" }, "west": { "uv": [ 4, 1, 5, 2 ], "texture": "#texture" }, "east": { "uv": [ 4, 1, 5, 2 ], "texture": "#texture" } } }, { "__comment": "Element", "from": [ 7.25, -1.0149, 14.8654 ], "to": [ 8.854, 2.2971, 16.5214 ], "rotation": { "origin": [ 7, -1.01492, 14.8654 ], "axis": "x", "angle": -22.5 }, "faces": { "down": { "uv": [ 4, 1, 5, 2 ], "texture": "#texture" }, "up": { "uv": [ 4, 1, 5, 2 ], "texture": "#texture" }, "north": { "uv": [ 4, 1, 5, 2 ], "texture": "#texture" }, "south": { "uv": [ 4, 1, 5, 2 ], "texture": "#texture" }, "west": { "uv": [ 4, 1, 5, 2 ], "texture": "#texture" }, "east": { "uv": [ 4, 1, 5, 2 ], "texture": "#texture" } } }, { "__comment": "Element", "from": [ 7.25, 2.0432, 13.5958 ], "to": [ 8.854, 5.4104, 15.2518 ], "faces": { "down": { "uv": [ 4, 1, 5, 2 ], "texture": "#texture" }, "up": { "uv": [ 4, 1, 5, 2 ], "texture": "#texture" }, "north": { "uv": [ 4, 1, 5, 2 ], "texture": "#texture" }, "south": { "uv": [ 4, 1, 5, 2 ], "texture": "#texture" }, "west": { "uv": [ 4, 1, 5, 2 ], "texture": "#texture" }, "east": { "uv": [ 4, 1, 5, 2 ], "texture": "#texture" } } }, { "__comment": "Element", "from": [ 7.0488, 1.866, 23.2341 ], "to": [ 9.0488, 6.141, 24.082 ], "rotation": { "origin": [ 7.0488, 1.8657, 23.2338 ], "axis": "x", "angle": -45 }, "faces": { "down": { "uv": [ 10, 1, 11, 2 ], "texture": "#texture" }, "up": { "uv": [ 10, 1, 11, 2 ], "texture": "#texture" }, "north": { "uv": [ 10, 1, 11, 2 ], "texture": "#texture" }, "south": { "uv": [ 10, 1, 11, 2 ], "texture": "#texture" }, "west": { "uv": [ 10, 1, 11, 2 ], "texture": "#texture" }, "east": { "uv": [ 10, 1, 11, 2 ], "texture": "#texture" } } }, { "__comment": "Element", "from": [ 7.0488, 1.5407, 22.4509 ], "to": [ 9.0488, 5.8157, 23.2988 ], "rotation": { "origin": [ 7.04876, 1.54074, 22.45089 ], "axis": "x", "angle": -22.5 }, "faces": { "down": { "uv": [ 10, 1, 11, 2 ], "texture": "#texture" }, "up": { "uv": [ 10, 1, 11, 2 ], "texture": "#texture" }, "north": { "uv": [ 10, 1, 11, 2 ], "texture": "#texture" }, "south": { "uv": [ 10, 1, 11, 2 ], "texture": "#texture" }, "west": { "uv": [ 10, 1, 11, 2 ], "texture": "#texture" }, "east": { "uv": [ 10, 1, 11, 2 ], "texture": "#texture" } } }, { "__comment": "Element", "from": [ 7.0488, 1.5411, 21.603 ], "to": [ 9.0488, 5.8161, 22.4509 ], "faces": { "down": { "uv": [ 10, 1, 11, 2 ], "texture": "#texture" }, "up": { "uv": [ 10, 1, 11, 2 ], "texture": "#texture" }, "north": { "uv": [ 10, 1, 11, 2 ], "texture": "#texture" }, "south": { "uv": [ 10, 1, 11, 2 ], "texture": "#texture" }, "west": { "uv": [ 10, 1, 11, 2 ], "texture": "#texture" }, "east": { "uv": [ 10, 1, 11, 2 ], "texture": "#texture" } } }, { "__comment": "Element", "from": [ 7.0488, 1.8652, 20.8197 ], "to": [ 9.0488, 6.1402, 21.6676 ], "rotation": { "origin": [ 7.0488, 1.8652, 20.8197 ], "axis": "x", "angle": 22.5 }, "faces": { "down": { "uv": [ 10, 1, 11, 2 ], "texture": "#texture" }, "up": { "uv": [ 10, 1, 11, 2 ], "texture": "#texture" }, "north": { "uv": [ 10, 1, 11, 2 ], "texture": "#texture" }, "south": { "uv": [ 10, 1, 11, 2 ], "texture": "#texture" }, "west": { "uv": [ 10, 1, 11, 2 ], "texture": "#texture" }, "east": { "uv": [ 10, 1, 11, 2 ], "texture": "#texture" } } }, { "__comment": "Element", "from": [ 7.0488, 2.4652, 20.2208 ], "to": [ 9.0488, 6.7402, 21.0687 ], "rotation": { "origin": [ 7.0488, 2.4653, 20.2206 ], "axis": "x", "angle": 45 }, "faces": { "down": { "uv": [ 10, 1, 11, 2 ], "texture": "#texture" }, "up": { "uv": [ 10, 1, 11, 2 ], "texture": "#texture" }, "north": { "uv": [ 10, 1, 11, 2 ], "texture": "#texture" }, "south": { "uv": [ 10, 1, 11, 2 ], "texture": "#texture" }, "west": { "uv": [ 10, 1, 11, 2 ], "texture": "#texture" }, "east": { "uv": [ 10, 1, 11, 2 ], "texture": "#texture" } } }, { "__comment": "Element", "from": [ 7.0488, 2.4651, 20.2178 ], "to": [ 9.0488, 3.313, 24.4928 ], "rotation": { "origin": [ 7.0488, 2.4649, 20.2182 ], "axis": "x", "angle": -22.5 }, "faces": { "down": { "uv": [ 10, 1, 11, 2 ], "texture": "#texture" }, "up": { "uv": [ 10, 1, 11, 2 ], "texture": "#texture" }, "north": { "uv": [ 10, 1, 11, 2 ], "texture": "#texture" }, "south": { "uv": [ 10, 1, 11, 2 ], "texture": "#texture" }, "west": { "uv": [ 10, 1, 11, 2 ], "texture": "#texture" }, "east": { "uv": [ 10, 1, 11, 2 ], "texture": "#texture" } } }, { "__comment": "Element", "from": [ 7.049, 3.2478, 19.8931 ], "to": [ 9.049, 4.109798, 24.1681 ], "faces": { "down": { "uv": [ 10, 1, 11, 2 ], "texture": "#texture" }, "up": { "uv": [ 10, 1, 11, 2 ], "texture": "#texture" }, "north": { "uv": [ 10, 1, 11, 2 ], "texture": "#texture" }, "south": { "uv": [ 10, 1, 11, 2 ], "texture": "#texture" }, "west": { "uv": [ 10, 1, 11, 2 ], "texture": "#texture" }, "east": { "uv": [ 10, 1, 11, 2 ], "texture": "#texture" } } }, { "__comment": "Element", "from": [ 7.0488, 4.108, 19.8939 ], "to": [ 9.0488, 4.9559, 24.1689 ], "rotation": { "origin": [ 7.0488, 4.1079, 19.8937 ], "axis": "x", "angle": 22.5 }, "faces": { "down": { "uv": [ 10, 1, 11, 2 ], "texture": "#texture" }, "up": { "uv": [ 10, 1, 11, 2 ], "texture": "#texture" }, "north": { "uv": [ 10, 1, 11, 2 ], "texture": "#texture" }, "south": { "uv": [ 10, 1, 11, 2 ], "texture": "#texture" }, "west": { "uv": [ 10, 1, 11, 2 ], "texture": "#texture" }, "east": { "uv": [ 10, 1, 11, 2 ], "texture": "#texture" } } }, { "__comment": "Element", "from": [ 7.75, -3.25, 21.75 ], "to": [ 8.25, 10.75, 22.25 ], "faces": { "down": { "uv": [ 7, 1, 8, 2 ], "texture": "#texture", "rotation": 270 }, "up": { "uv": [ 7, 1, 8, 2 ], "texture": "#texture", "rotation": 270 }, "north": { "uv": [ 7, 1, 8, 2 ], "texture": "#texture", "rotation": 270 }, "south": { "uv": [ 7, 1, 8, 2 ], "texture": "#texture", "rotation": 270 }, "west": { "uv": [ 7, 1, 8, 2 ], "texture": "#texture", "rotation": 270 }, "east": { "uv": [ 7, 1, 8, 2 ], "texture": "#texture", "rotation": 270 } } }, { "__comment": "Element", "from": [ 7.75, -3.25, 24.625 ], "to": [ 8.25, 11.75, 25.125 ], "rotation": { "origin": [ 7, -3.25, 24.625 ], "axis": "x", "angle": -22.5 }, "faces": { "down": { "uv": [ 7, 1, 8, 2 ], "texture": "#texture", "rotation": 270 }, "up": { "uv": [ 7, 1, 8, 2 ], "texture": "#texture", "rotation": 270 }, "north": { "uv": [ 7, 1, 8, 2 ], "texture": "#texture", "rotation": 270 }, "south": { "uv": [ 7, 1, 8, 2 ], "texture": "#texture", "rotation": 270 }, "west": { "uv": [ 7, 1, 8, 2 ], "texture": "#texture", "rotation": 270 }, "east": { "uv": [ 7, 1, 8, 2 ], "texture": "#texture", "rotation": 270 } } }, { "__comment": "Element", "from": [ 7.75, -1.75, 27.125 ], "to": [ 8.25, 13.25, 27.625 ], "rotation": { "origin": [ 7, -1.75, 27.125 ], "axis": "x", "angle": -45 }, "faces": { "down": { "uv": [ 7, 1, 8, 2 ], "texture": "#texture", "rotation": 270 }, "up": { "uv": [ 7, 1, 8, 2 ], "texture": "#texture", "rotation": 270 }, "north": { "uv": [ 7, 1, 8, 2 ], "texture": "#texture", "rotation": 270 }, "south": { "uv": [ 7, 1, 8, 2 ], "texture": "#texture", "rotation": 270 }, "west": { "uv": [ 7, 1, 8, 2 ], "texture": "#texture", "rotation": 270 }, "east": { "uv": [ 7, 1, 8, 2 ], "texture": "#texture", "rotation": 270 } } }, { "__comment": "Element", "from": [ 7.75, 0.75, 13.625 ], "to": [ 8.25, 1.25, 28.625 ], "rotation": { "origin": [ 7, 0.75, 28.625 ], "axis": "x", "angle": 22.5 }, "faces": { "down": { "uv": [ 7, 1, 8, 2 ], "texture": "#texture", "rotation": 270 }, "up": { "uv": [ 7, 1, 8, 2 ], "texture": "#texture", "rotation": 270 }, "north": { "uv": [ 7, 1, 8, 2 ], "texture": "#texture", "rotation": 270 }, "south": { "uv": [ 7, 1, 8, 2 ], "texture": "#texture", "rotation": 270 }, "west": { "uv": [ 7, 1, 8, 2 ], "texture": "#texture", "rotation": 270 }, "east": { "uv": [ 7, 1, 8, 2 ], "texture": "#texture", "rotation": 270 } } }, { "__comment": "Element", "from": [ 7.75, 3.5, 14.25 ], "to": [ 8.25, 4, 29.25 ], "faces": { "down": { "uv": [ 7, 1, 8, 2 ], "texture": "#texture", "rotation": 270 }, "up": { "uv": [ 7, 1, 8, 2 ], "texture": "#texture", "rotation": 270 }, "north": { "uv": [ 7, 1, 8, 2 ], "texture": "#texture", "rotation": 270 }, "south": { "uv": [ 7, 1, 8, 2 ], "texture": "#texture", "rotation": 270 }, "west": { "uv": [ 7, 1, 8, 2 ], "texture": "#texture", "rotation": 270 }, "east": { "uv": [ 7, 1, 8, 2 ], "texture": "#texture", "rotation": 270 } } }, { "__comment": "Element", "from": [ 7.75, 6.25, 14.5 ], "to": [ 8.25, 6.75, 28.5 ], "rotation": { "origin": [ 7, 6.25, 28.5 ], "axis": "x", "angle": -22.5 }, "faces": { "down": { "uv": [ 7, 1, 8, 2 ], "texture": "#texture", "rotation": 270 }, "up": { "uv": [ 7, 1, 8, 2 ], "texture": "#texture", "rotation": 270 }, "north": { "uv": [ 7, 1, 8, 2 ], "texture": "#texture", "rotation": 270 }, "south": { "uv": [ 7, 1, 8, 2 ], "texture": "#texture", "rotation": 270 }, "west": { "uv": [ 7, 1, 8, 2 ], "texture": "#texture", "rotation": 270 }, "east": { "uv": [ 7, 1, 8, 2 ], "texture": "#texture", "rotation": 270 } } }, { "__comment": "Element", "from": [ 7.75, -5.375, 26.5 ], "to": [ 8.25, 8.625, 27 ], "rotation": { "origin": [ 7, 8.625, 27 ], "axis": "x", "angle": 45 }, "faces": { "down": { "uv": [ 7, 1, 8, 2 ], "texture": "#texture", "rotation": 270 }, "up": { "uv": [ 7, 1, 8, 2 ], "texture": "#texture", "rotation": 270 }, "north": { "uv": [ 7, 1, 8, 2 ], "texture": "#texture", "rotation": 270 }, "south": { "uv": [ 7, 1, 8, 2 ], "texture": "#texture", "rotation": 270 }, "west": { "uv": [ 7, 1, 8, 2 ], "texture": "#texture", "rotation": 270 }, "east": { "uv": [ 7, 1, 8, 2 ], "texture": "#texture", "rotation": 270 } } }, { "__comment": "Element", "from": [ 7.75, -3.75, 24.25 ], "to": [ 8.25, 10.25, 24.75 ], "rotation": { "origin": [ 7, 10.25, 24.75 ], "axis": "x", "angle": 22.5 }, "faces": { "down": { "uv": [ 7, 1, 8, 2 ], "texture": "#texture", "rotation": 270 }, "up": { "uv": [ 7, 1, 8, 2 ], "texture": "#texture", "rotation": 270 }, "north": { "uv": [ 7, 1, 8, 2 ], "texture": "#texture", "rotation": 270 }, "south": { "uv": [ 7, 1, 8, 2 ], "texture": "#texture", "rotation": 270 }, "west": { "uv": [ 7, 1, 8, 2 ], "texture": "#texture", "rotation": 270 }, "east": { "uv": [ 7, 1, 8, 2 ], "texture": "#texture", "rotation": 270 } } }, { "__comment": "Element", "from": [ 5.5, 3.5, -6.75 ], "to": [ 6.5, 4.5, 5.25 ], "rotation": { "origin": [ 7, 3.5, -6.75 ], "axis": "x", "angle": -45 }, "faces": { "down": { "uv": [ 13, 1, 14, 2 ], "texture": "#texture", "tintindex": 0 }, "up": { "uv": [ 13, 1, 14, 2 ], "texture": "#texture", "tintindex": 0 }, "north": { "uv": [ 13, 1, 14, 2 ], "texture": "#texture", "tintindex": 0 }, "south": { "uv": [ 13, 1, 14, 2 ], "texture": "#texture", "tintindex": 0 }, "west": { "uv": [ 13, 1, 14, 2 ], "texture": "#texture", "tintindex": 0 }, "east": { "uv": [ 13, 1, 14, 2 ], "texture": "#texture", "tintindex": 0 } } }, { "__comment": "Element", "from": [ 5.5, 3.5, 4.25 ], "to": [ 10.5, 4.5, 5.25 ], "rotation": { "origin": [ 7, 3.5, -6.75 ], "axis": "x", "angle": -45 }, "faces": { "down": { "uv": [ 13, 1, 14, 2 ], "texture": "#texture", "tintindex": 0 }, "up": { "uv": [ 13, 1, 14, 2 ], "texture": "#texture", "tintindex": 0 }, "north": { "uv": [ 13, 1, 14, 2 ], "texture": "#texture", "tintindex": 0 }, "south": { "uv": [ 13, 1, 14, 2 ], "texture": "#texture", "tintindex": 0 }, "west": { "uv": [ 13, 1, 14, 2 ], "texture": "#texture", "tintindex": 0 }, "east": { "uv": [ 13, 1, 14, 2 ], "texture": "#texture", "tintindex": 0 } } }, { "__comment": "Element", "from": [ 5.5, 3.5, -6.75 ], "to": [ 10.5, 4.5, -5.75 ], "rotation": { "origin": [ 7, 3.5, -6.75 ], "axis": "x", "angle": -45 }, "faces": { "down": { "uv": [ 13, 1, 14, 2 ], "texture": "#texture", "tintindex": 0 }, "up": { "uv": [ 13, 1, 14, 2 ], "texture": "#texture", "tintindex": 0 }, "north": { "uv": [ 13, 1, 14, 2 ], "texture": "#texture", "tintindex": 0 }, "south": { "uv": [ 13, 1, 14, 2 ], "texture": "#texture", "tintindex": 0 }, "west": { "uv": [ 13, 1, 14, 2 ], "texture": "#texture", "tintindex": 0 }, "east": { "uv": [ 13, 1, 14, 2 ], "texture": "#texture", "tintindex": 0 } } }, { "__comment": "Element", "from": [ 9.5, 3.5, -6.75 ], "to": [ 10.5, 4.5, 5.25 ], "rotation": { "origin": [ 7, 3.5, -6.75 ], "axis": "x", "angle": -45 }, "faces": { "down": { "uv": [ 13, 1, 14, 2 ], "texture": "#texture", "tintindex": 0 }, "up": { "uv": [ 13, 1, 14, 2 ], "texture": "#texture", "tintindex": 0 }, "north": { "uv": [ 13, 1, 14, 2 ], "texture": "#texture", "tintindex": 0 }, "south": { "uv": [ 13, 1, 14, 2 ], "texture": "#texture", "tintindex": 0 }, "west": { "uv": [ 13, 1, 14, 2 ], "texture": "#texture", "tintindex": 0 }, "east": { "uv": [ 13, 1, 14, 2 ], "texture": "#texture", "tintindex": 0 } } }, { "__comment": "Element", "from": [ 6, 3.5, -7 ], "to": [ 7, 4.5, 6 ], "faces": { "down": { "uv": [ 13, 1, 14, 2 ], "texture": "#texture", "tintindex": 0 }, "up": { "uv": [ 13, 1, 14, 2 ], "texture": "#texture", "tintindex": 0 }, "north": { "uv": [ 13, 1, 14, 2 ], "texture": "#texture", "tintindex": 0 }, "south": { "uv": [ 13, 1, 14, 2 ], "texture": "#texture", "tintindex": 0 }, "west": { "uv": [ 13, 1, 14, 2 ], "texture": "#texture", "tintindex": 0 }, "east": { "uv": [ 13, 1, 14, 2 ], "texture": "#texture", "tintindex": 0 } } }, { "__comment": "Element", "from": [ 6, 3.5, 5 ], "to": [ 10, 4.5, 6 ], "faces": { "down": { "uv": [ 13, 1, 14, 2 ], "texture": "#texture", "tintindex": 0 }, "up": { "uv": [ 13, 1, 14, 2 ], "texture": "#texture", "tintindex": 0 }, "north": { "uv": [ 13, 1, 14, 2 ], "texture": "#texture", "tintindex": 0 }, "south": { "uv": [ 13, 1, 14, 2 ], "texture": "#texture", "tintindex": 0 }, "west": { "uv": [ 13, 1, 14, 2 ], "texture": "#texture", "tintindex": 0 }, "east": { "uv": [ 13, 1, 14, 2 ], "texture": "#texture", "tintindex": 0 } } }, { "__comment": "Element", "from": [ 9, 3.5, -7 ], "to": [ 10, 4.5, 6 ], "faces": { "down": { "uv": [ 13, 1, 14, 2 ], "texture": "#texture", "tintindex": 0 }, "up": { "uv": [ 13, 1, 14, 2 ], "texture": "#texture", "tintindex": 0 }, "north": { "uv": [ 13, 1, 14, 2 ], "texture": "#texture", "tintindex": 0 }, "south": { "uv": [ 13, 1, 14, 2 ], "texture": "#texture", "tintindex": 0 }, "west": { "uv": [ 13, 1, 14, 2 ], "texture": "#texture", "tintindex": 0 }, "east": { "uv": [ 13, 1, 14, 2 ], "texture": "#texture", "tintindex": 0 } } }, { "__comment": "Element", "from": [ 7.5, 3.5, 6 ], "to": [ 8.5, 4.5, 20.5 ], "rotation": { "origin": [ 7, 3.5, 6 ], "axis": "x", "angle": -45 }, "faces": { "down": { "uv": [ 1, 4, 2, 5 ], "texture": "#texture", "tintindex": 0 }, "up": { "uv": [ 1, 4, 2, 5 ], "texture": "#texture", "tintindex": 0 }, "north": { "uv": [ 1, 4, 2, 5 ], "texture": "#texture", "tintindex": 0 }, "south": { "uv": [ 1, 4, 2, 5 ], "texture": "#texture", "tintindex": 0 }, "west": { "uv": [ 1, 4, 2, 5 ], "texture": "#texture", "tintindex": 0 }, "east": { "uv": [ 1, 4, 2, 5 ], "texture": "#texture", "tintindex": 0 } } }, { "__comment": "Element", "from": [ 7.5, 3.625, 5 ], "to": [ 8.5, 14.825, 6 ], "rotation": { "origin": [ 7, 3.625, 5 ], "axis": "x", "angle": -22.5 }, "faces": { "down": { "uv": [ 1, 4, 2, 5 ], "texture": "#texture", "tintindex": 0 }, "up": { "uv": [ 1, 4, 2, 5 ], "texture": "#texture", "tintindex": 0 }, "north": { "uv": [ 1, 4, 2, 5 ], "texture": "#texture", "tintindex": 0 }, "south": { "uv": [ 1, 4, 2, 5 ], "texture": "#texture", "tintindex": 0 }, "west": { "uv": [ 1, 4, 2, 5 ], "texture": "#texture", "tintindex": 0 }, "east": { "uv": [ 1, 4, 2, 5 ], "texture": "#texture", "tintindex": 0 } } }, { "__comment": "Element", "from": [ 7.375, 13.75, 0.5 ], "to": [ 8.675, 14.05, 2.05 ], "rotation": { "origin": [ 7.375, 13.75, 0.5 ], "axis": "x", "angle": -22.5 }, "faces": { "down": { "uv": [ 7, 1, 8, 2 ], "texture": "#texture" }, "up": { "uv": [ 7, 1, 8, 2 ], "texture": "#texture" }, "north": { "uv": [ 7, 1, 8, 2 ], "texture": "#texture" }, "south": { "uv": [ 7, 1, 8, 2 ], "texture": "#texture" }, "west": { "uv": [ 7, 1, 8, 2 ], "texture": "#texture" }, "east": { "uv": [ 7, 1, 8, 2 ], "texture": "#texture" } } }, { "__comment": "Element", "from": [ 7.5, 11.25, 2.125 ], "to": [ 8.5, 12.25, 17.415 ], "rotation": { "origin": [ 7, 11.25, 2.125 ], "axis": "x", "angle": -22.5 }, "faces": { "down": { "uv": [ 1, 4, 2, 5 ], "texture": "#texture", "tintindex": 0 }, "up": { "uv": [ 1, 4, 2, 5 ], "texture": "#texture", "tintindex": 0 }, "north": { "uv": [ 1, 4, 2, 5 ], "texture": "#texture", "tintindex": 0 }, "south": { "uv": [ 1, 4, 2, 5 ], "texture": "#texture", "tintindex": 0 }, "west": { "uv": [ 1, 4, 2, 5 ], "texture": "#texture", "tintindex": 0 }, "east": { "uv": [ 1, 4, 2, 5 ], "texture": "#texture", "tintindex": 0 } } }, { "__comment": "Element", "from": [ 7.5, 13.75, 15.25 ], "to": [ 8.5, 17.1, 16.25 ], "faces": { "down": { "uv": [ 1, 4, 2, 5 ], "texture": "#texture", "tintindex": 0 }, "up": { "uv": [ 1, 4, 2, 5 ], "texture": "#texture", "tintindex": 0 }, "north": { "uv": [ 1, 4, 2, 5 ], "texture": "#texture", "tintindex": 0 }, "south": { "uv": [ 1, 4, 2, 5 ], "texture": "#texture", "tintindex": 0 }, "west": { "uv": [ 1, 4, 2, 5 ], "texture": "#texture", "tintindex": 0 }, "east": { "uv": [ 1, 4, 2, 5 ], "texture": "#texture", "tintindex": 0 } } }, { "__comment": "Element", "from": [ 7.625, 15.0185, 16.7215 ], "to": [ 8.375, 18.2685, 17.4715 ], "rotation": { "origin": [ 7.625, 15.0185, 16.7215 ], "axis": "x", "angle": -22.5 }, "faces": { "down": { "uv": [ 7, 1, 8, 2 ], "texture": "#texture" }, "up": { "uv": [ 7, 1, 8, 2 ], "texture": "#texture" }, "north": { "uv": [ 7, 1, 8, 2 ], "texture": "#texture" }, "south": { "uv": [ 7, 1, 8, 2 ], "texture": "#texture" }, "west": { "uv": [ 7, 1, 8, 2 ], "texture": "#texture" }, "east": { "uv": [ 7, 1, 8, 2 ], "texture": "#texture" } } }, { "__comment": "Element", "from": [ 7.5, 13.5, 21.375 ], "to": [ 8.5, 16.5, 22.375 ], "rotation": { "origin": [ 7, 3.5, 21.375 ], "axis": "x", "angle": -22.5 }, "faces": { "down": { "uv": [ 13, 1, 14, 2 ], "texture": "#texture", "tintindex": 0 }, "up": { "uv": [ 13, 1, 14, 2 ], "texture": "#texture", "tintindex": 0 }, "north": { "uv": [ 13, 1, 14, 2 ], "texture": "#texture", "tintindex": 0 }, "south": { "uv": [ 13, 1, 14, 2 ], "texture": "#texture", "tintindex": 0 }, "west": { "uv": [ 13, 1, 14, 2 ], "texture": "#texture", "tintindex": 0 }, "east": { "uv": [ 13, 1, 14, 2 ], "texture": "#texture", "tintindex": 0 } } }, { "__comment": "Element", "from": [ 5.75, 3.5, 21.375 ], "to": [ 6.75, 13.5, 22.375 ], "rotation": { "origin": [ 7, 3.5, 21.375 ], "axis": "x", "angle": -22.5 }, "faces": { "down": { "uv": [ 13, 1, 14, 2 ], "texture": "#texture", "tintindex": 0 }, "up": { "uv": [ 13, 1, 14, 2 ], "texture": "#texture", "tintindex": 0 }, "north": { "uv": [ 13, 1, 14, 2 ], "texture": "#texture", "tintindex": 0 }, "south": { "uv": [ 13, 1, 14, 2 ], "texture": "#texture", "tintindex": 0 }, "west": { "uv": [ 13, 1, 14, 2 ], "texture": "#texture", "tintindex": 0 }, "east": { "uv": [ 13, 1, 14, 2 ], "texture": "#texture", "tintindex": 0 } } }, { "__comment": "Element", "from": [ 5.75, 13.5, 21.375 ], "to": [ 10.5, 14.5, 22.375 ], "rotation": { "origin": [ 7, 3.5, 21.375 ], "axis": "x", "angle": -22.5 }, "faces": { "down": { "uv": [ 13, 1, 14, 2 ], "texture": "#texture", "tintindex": 0 }, "up": { "uv": [ 13, 1, 14, 2 ], "texture": "#texture", "tintindex": 0 }, "north": { "uv": [ 13, 1, 14, 2 ], "texture": "#texture", "tintindex": 0 }, "south": { "uv": [ 13, 1, 14, 2 ], "texture": "#texture", "tintindex": 0 }, "west": { "uv": [ 13, 1, 14, 2 ], "texture": "#texture", "tintindex": 0 }, "east": { "uv": [ 13, 1, 14, 2 ], "texture": "#texture", "tintindex": 0 } } }, { "__comment": "Element", "from": [ 5.75, 3.5, 21.375 ], "to": [ 9.75, 4.5, 22.375 ], "rotation": { "origin": [ 7, 3.5, 21.375 ], "axis": "x", "angle": -22.5 }, "faces": { "down": { "uv": [ 13, 1, 14, 2 ], "texture": "#texture", "tintindex": 0 }, "up": { "uv": [ 13, 1, 14, 2 ], "texture": "#texture", "tintindex": 0 }, "north": { "uv": [ 13, 1, 14, 2 ], "texture": "#texture", "tintindex": 0 }, "south": { "uv": [ 13, 1, 14, 2 ], "texture": "#texture", "tintindex": 0 }, "west": { "uv": [ 13, 1, 14, 2 ], "texture": "#texture", "tintindex": 0 }, "east": { "uv": [ 13, 1, 14, 2 ], "texture": "#texture", "tintindex": 0 } } }, { "__comment": "Element", "from": [ 9.5, 3.5, 21.375 ], "to": [ 10.5, 13.5, 22.375 ], "rotation": { "origin": [ 7, 3.5, 21.375 ], "axis": "x", "angle": -22.5 }, "faces": { "down": { "uv": [ 13, 1, 14, 2 ], "texture": "#texture", "tintindex": 0 }, "up": { "uv": [ 13, 1, 14, 2 ], "texture": "#texture", "tintindex": 0 }, "north": { "uv": [ 13, 1, 14, 2 ], "texture": "#texture", "tintindex": 0 }, "south": { "uv": [ 13, 1, 14, 2 ], "texture": "#texture", "tintindex": 0 }, "west": { "uv": [ 13, 1, 14, 2 ], "texture": "#texture", "tintindex": 0 }, "east": { "uv": [ 13, 1, 14, 2 ], "texture": "#texture", "tintindex": 0 } } }, { "__comment": "Element", "from": [ 7.5, 17.5389, 15.5421 ], "to": [ 8.497, 20.0389, 16.5421 ], "rotation": { "origin": [ 7.5, 17.5389, 15.5421 ], "axis": "x", "angle": -22.5 }, "faces": { "down": { "uv": [ 10, 1, 11, 2 ], "texture": "#texture" }, "up": { "uv": [ 10, 1, 11, 2 ], "texture": "#texture" }, "north": { "uv": [ 10, 1, 11, 2 ], "texture": "#texture" }, "south": { "uv": [ 10, 1, 11, 2 ], "texture": "#texture" }, "west": { "uv": [ 10, 1, 11, 2 ], "texture": "#texture" }, "east": { "uv": [ 10, 1, 11, 2 ], "texture": "#texture" } } }, { "__comment": "Element", "from": [ 7.75, 19.5, 15.5 ], "to": [ 8.25, 20, 18.5 ], "rotation": { "origin": [ 7, 19, 15.5 ], "axis": "x", "angle": -22.5 }, "faces": { "down": { "uv": [ 7, 1, 8, 2 ], "texture": "#texture" }, "up": { "uv": [ 7, 1, 8, 2 ], "texture": "#texture" }, "north": { "uv": [ 7, 1, 8, 2 ], "texture": "#texture" }, "south": { "uv": [ 7, 1, 8, 2 ], "texture": "#texture" }, "west": { "uv": [ 7, 1, 8, 2 ], "texture": "#texture" }, "east": { "uv": [ 7, 1, 8, 2 ], "texture": "#texture" } } }, { "__comment": "Element", "from": [ 3.75, 19.25, 18.5 ], "to": [ 12.25, 20.25, 19.5 ], "rotation": { "origin": [ 7, 19, 15.5 ], "axis": "x", "angle": -22.5 }, "faces": { "down": { "uv": [ 13, 1, 14, 2 ], "texture": "#texture", "tintindex": 0 }, "up": { "uv": [ 13, 1, 14, 2 ], "texture": "#texture", "tintindex": 0 }, "north": { "uv": [ 13, 1, 14, 2 ], "texture": "#texture", "tintindex": 0 }, "south": { "uv": [ 13, 1, 14, 2 ], "texture": "#texture", "tintindex": 0 }, "west": { "uv": [ 13, 1, 14, 2 ], "texture": "#texture", "tintindex": 0 }, "east": { "uv": [ 13, 1, 14, 2 ], "texture": "#texture", "tintindex": 0 } } }, { "__comment": "Element", "from": [ 1.75, 19.5, 18.75 ], "to": [ 14.25, 20, 19.25 ], "rotation": { "origin": [ 7, 19, 15.5 ], "axis": "x", "angle": -22.5 }, "faces": { "down": { "uv": [ 7, 1, 8, 2 ], "texture": "#texture" }, "up": { "uv": [ 7, 1, 8, 2 ], "texture": "#texture" }, "north": { "uv": [ 7, 1, 8, 2 ], "texture": "#texture" }, "south": { "uv": [ 7, 1, 8, 2 ], "texture": "#texture" }, "west": { "uv": [ 7, 1, 8, 2 ], "texture": "#texture" }, "east": { "uv": [ 7, 1, 8, 2 ], "texture": "#texture" } } }, { "__comment": "Element", "from": [ 13.75, 19.5, 16.75 ], "to": [ 14.25, 20, 19.25 ], "rotation": { "origin": [ 7, 19, 15.5 ], "axis": "x", "angle": -22.5 }, "faces": { "down": { "uv": [ 7, 1, 8, 2 ], "texture": "#texture" }, "up": { "uv": [ 7, 1, 8, 2 ], "texture": "#texture" }, "north": { "uv": [ 7, 1, 8, 2 ], "texture": "#texture" }, "south": { "uv": [ 7, 1, 8, 2 ], "texture": "#texture" }, "west": { "uv": [ 7, 1, 8, 2 ], "texture": "#texture" }, "east": { "uv": [ 7, 1, 8, 2 ], "texture": "#texture" } } }, { "__comment": "Element", "from": [ 1.75, 19.5, 16.75 ], "to": [ 2.25, 20, 19.25 ], "rotation": { "origin": [ 7, 19, 15.5 ], "axis": "x", "angle": -22.5 }, "faces": { "down": { "uv": [ 7, 1, 8, 2 ], "texture": "#texture" }, "up": { "uv": [ 7, 1, 8, 2 ], "texture": "#texture" }, "north": { "uv": [ 7, 1, 8, 2 ], "texture": "#texture" }, "south": { "uv": [ 7, 1, 8, 2 ], "texture": "#texture" }, "west": { "uv": [ 7, 1, 8, 2 ], "texture": "#texture" }, "east": { "uv": [ 7, 1, 8, 2 ], "texture": "#texture" } } }, { "__comment": "Element", "from": [ 7.75, 13.25, 1.25 ], "to": [ 8.25, 17.25, 1.75 ], "rotation": { "origin": [ 7, 13.25, 1.125 ], "axis": "x", "angle": -22.5 }, "faces": { "down": { "uv": [ 10, 1, 11, 2 ], "texture": "#texture" }, "up": { "uv": [ 10, 1, 11, 2 ], "texture": "#texture" }, "north": { "uv": [ 10, 1, 11, 2 ], "texture": "#texture" }, "south": { "uv": [ 10, 1, 11, 2 ], "texture": "#texture" }, "west": { "uv": [ 10, 1, 11, 2 ], "texture": "#texture" }, "east": { "uv": [ 10, 1, 11, 2 ], "texture": "#texture" } } }, { "__comment": "Element", "from": [ 7.25, 16.75, -0.875 ], "to": [ 8.75, 17.75, 0.625 ], "faces": { "down": { "uv": [ 1, 1, 2, 2 ], "texture": "#texture" }, "up": { "uv": [ 1, 1, 2, 2 ], "texture": "#texture" }, "north": { "uv": [ 1, 1, 2, 2 ], "texture": "#texture" }, "south": { "uv": [ 1, 1, 2, 2 ], "texture": "#texture" }, "west": { "uv": [ 1, 1, 2, 2 ], "texture": "#texture" }, "east": { "uv": [ 1, 1, 2, 2 ], "texture": "#texture" } } }, { "__comment": "Element", "from": [ 7, 16.75, -1.625 ], "to": [ 9, 17.65, 0.375 ], "rotation": { "origin": [ 8, 16.75, -1.625 ], "axis": "x", "angle": -22.5 }, "faces": { "down": { "uv": [ 4, 1, 5, 2 ], "texture": "#texture" }, "up": { "uv": [ 4, 1, 5, 2 ], "texture": "#texture" }, "north": { "uv": [ 4, 1, 5, 2 ], "texture": "#texture" }, "south": { "uv": [ 4, 1, 5, 2 ], "texture": "#texture" }, "west": { "uv": [ 4, 1, 5, 2 ], "texture": "#texture" }, "east": { "uv": [ 4, 1, 5, 2 ], "texture": "#texture" } } }, { "__comment": "Element", "from": [ 7, 17.5, 0 ], "to": [ 9, 18, 3.5 ], "faces": { "down": { "uv": [ 4, 1, 5, 2 ], "texture": "#texture" }, "up": { "uv": [ 4, 1, 5, 2 ], "texture": "#texture" }, "north": { "uv": [ 4, 1, 5, 2 ], "texture": "#texture" }, "south": { "uv": [ 4, 1, 5, 2 ], "texture": "#texture" }, "west": { "uv": [ 4, 1, 5, 2 ], "texture": "#texture" }, "east": { "uv": [ 4, 1, 5, 2 ], "texture": "#texture" } } }, { "__comment": "Element", "from": [ 7, 17.625, -4.25 ], "to": [ 9, 18.625, -1.96 ], "rotation": { "origin": [ 8, 17.625, -4.25 ], "axis": "x", "angle": 22.5 }, "faces": { "down": { "uv": [ 4, 1, 5, 2 ], "texture": "#texture" }, "up": { "uv": [ 4, 1, 5, 2 ], "texture": "#texture" }, "north": { "uv": [ 4, 1, 5, 2 ], "texture": "#texture" }, "south": { "uv": [ 4, 1, 5, 2 ], "texture": "#texture" }, "west": { "uv": [ 4, 1, 5, 2 ], "texture": "#texture" }, "east": { "uv": [ 4, 1, 5, 2 ], "texture": "#texture" } } }, { "__comment": "Element", "from": [ 7, 16.75, -2.135 ], "to": [ 9, 17.75, -1.625 ], "faces": { "down": { "uv": [ 4, 1, 5, 2 ], "texture": "#texture" }, "up": { "uv": [ 4, 1, 5, 2 ], "texture": "#texture" }, "north": { "uv": [ 4, 1, 5, 2 ], "texture": "#texture" }, "south": { "uv": [ 4, 1, 5, 2 ], "texture": "#texture" }, "west": { "uv": [ 4, 1, 5, 2 ], "texture": "#texture" }, "east": { "uv": [ 4, 1, 5, 2 ], "texture": "#texture" } } }, { "__comment": "Element", "from": [ 7, 17.47, -4.375 ], "to": [ 9, 18.65, -3.875 ], "rotation": { "origin": [ 8, 17.47, -3.875 ], "axis": "x", "angle": 22.5 }, "faces": { "down": { "uv": [ 4, 1, 5, 2 ], "texture": "#texture" }, "up": { "uv": [ 4, 1, 5, 2 ], "texture": "#texture" }, "north": { "uv": [ 4, 1, 5, 2 ], "texture": "#texture" }, "south": { "uv": [ 4, 1, 5, 2 ], "texture": "#texture" }, "west": { "uv": [ 4, 1, 5, 2 ], "texture": "#texture" }, "east": { "uv": [ 4, 1, 5, 2 ], "texture": "#texture" } } }, { "__comment": "Element", "from": [ 7, 18.25, -3.875 ], "to": [ 9, 18.75, -2.075 ], "faces": { "down": { "uv": [ 4, 1, 5, 2 ], "texture": "#texture" }, "up": { "uv": [ 4, 1, 5, 2 ], "texture": "#texture" }, "north": { "uv": [ 4, 1, 5, 2 ], "texture": "#texture" }, "south": { "uv": [ 4, 1, 5, 2 ], "texture": "#texture" }, "west": { "uv": [ 4, 1, 5, 2 ], "texture": "#texture" }, "east": { "uv": [ 4, 1, 5, 2 ], "texture": "#texture" } } }, { "__comment": "Element", "from": [ 7, 18.29, -2.265 ], "to": [ 9, 18.79, -1.265 ], "rotation": { "origin": [ 8, 18.29, -2.265 ], "axis": "x", "angle": 22.5 }, "faces": { "down": { "uv": [ 4, 1, 5, 2 ], "texture": "#texture" }, "up": { "uv": [ 4, 1, 5, 2 ], "texture": "#texture" }, "north": { "uv": [ 4, 1, 5, 2 ], "texture": "#texture" }, "south": { "uv": [ 4, 1, 5, 2 ], "texture": "#texture" }, "west": { "uv": [ 4, 1, 5, 2 ], "texture": "#texture" }, "east": { "uv": [ 4, 1, 5, 2 ], "texture": "#texture" } } }, { "__comment": "Element", "from": [ 7, 17.875, -1.375 ], "to": [ 9, 18.375, 2.625 ], "faces": { "down": { "uv": [ 4, 1, 5, 2 ], "texture": "#texture" }, "up": { "uv": [ 4, 1, 5, 2 ], "texture": "#texture" }, "north": { "uv": [ 4, 1, 5, 2 ], "texture": "#texture" }, "south": { "uv": [ 4, 1, 5, 2 ], "texture": "#texture" }, "west": { "uv": [ 4, 1, 5, 2 ], "texture": "#texture" }, "east": { "uv": [ 4, 1, 5, 2 ], "texture": "#texture" } } }, { "__comment": "Element", "from": [ 7, 17.915, 2.42 ], "to": [ 9, 18.415, 3.38 ], "rotation": { "origin": [ 8, 17.915, 2.42 ], "axis": "x", "angle": 22.5 }, "faces": { "down": { "uv": [ 4, 1, 5, 2 ], "texture": "#texture" }, "up": { "uv": [ 4, 1, 5, 2 ], "texture": "#texture" }, "north": { "uv": [ 4, 1, 5, 2 ], "texture": "#texture" }, "south": { "uv": [ 4, 1, 5, 2 ], "texture": "#texture" }, "west": { "uv": [ 4, 1, 5, 2 ], "texture": "#texture" }, "east": { "uv": [ 4, 1, 5, 2 ], "texture": "#texture" } } }, { "__comment": "Element", "from": [ 7, 18, -3.375 ], "to": [ 9, 18.76, -1.375 ], "rotation": { "origin": [ 8, 18, -3.375 ], "axis": "x", "angle": 22.5 }, "faces": { "down": { "uv": [ 4, 1, 5, 2 ], "texture": "#texture" }, "up": { "uv": [ 4, 1, 5, 2 ], "texture": "#texture" }, "north": { "uv": [ 4, 1, 5, 2 ], "texture": "#texture" }, "south": { "uv": [ 4, 1, 5, 2 ], "texture": "#texture" }, "west": { "uv": [ 4, 1, 5, 2 ], "texture": "#texture" }, "east": { "uv": [ 4, 1, 5, 2 ], "texture": "#texture" } } } ], "display": { "thirdperson_righthand": { "scale":  [ 0.5, 0.5, 0.5 ] }, "thirdperson_lefthand": { "scale":  [ 0.5, 0.5, 0.5 ] }, "firstperson_righthand": { "translation":  [ -1, 0, 0 ], "scale":  [ 0.6, 0.6, 0.6 ] }, "firstperson_lefthand": { "translation":  [ -1, 0, 0 ], "scale":  [ 0.6, 0.6, 0.6 ] }, "gui": { "rotation":  [ 30, 40, 0 ], "translation":  [ 0, 1, 0 ], "scale":  [ 0.425, 0.425, 0.425 ] }, "head": { "rotation":  [ 0, 180, 0 ], "translation":  [ 0, -25, 0 ], "scale":  [ 1.35, 1.35, 1.35 ] }, "ground": { "translation":  [ 0, 3, 0 ], "scale":  [ 0.25, 0.25, 0.25 ] } } }