{ "credit": "www.sebxter.pl", "texture_size": [128, 128], "textures": { "0": "vehicles/civilian_vehicle_1", "1": "vehicles/car_id_1", "1_0": "vehicles/seats", "particle": "vehicles/tire", "1_1_0": "vehicles/tire" }, "elements": [ { "from": [-1, 4, -6.5], "to": [17, 7, -0.5], "rotation": {"angle": 0, "axis": "y", "origin": [8, 4.5, -6]}, "faces": { "north": {"uv": [0.75, 6.5, 3, 6.875], "texture": "#0"}, "east": {"uv": [0, 6.5, 0.75, 6.875], "texture": "#0"}, "south": {"uv": [3.75, 6.5, 6, 6.875], "texture": "#0"}, "west": {"uv": [3, 6.5, 3.75, 6.875], "texture": "#0"}, "up": {"uv": [3, 6.5, 0.75, 5.75], "texture": "#0"}, "down": {"uv": [5.25, 5.75, 3, 6.5], "texture": "#0"} } }, { "from": [1, 0, -6.5], "to": [15, 4, -0.5], "rotation": {"angle": 0, "axis": "y", "origin": [8, 2, 8.5]}, "faces": { "north": {"uv": [7.875, 4.75, 9.625, 5.25], "texture": "#0"}, "east": {"uv": [7.125, 4.75, 7.875, 5.25], "texture": "#0"}, "south": {"uv": [10.375, 4.75, 12.125, 5.25], "texture": "#0"}, "west": {"uv": [9.625, 4.75, 10.375, 5.25], "texture": "#0"}, "up": {"uv": [9.625, 4.75, 7.875, 4], "texture": "#0"}, "down": {"uv": [11.375, 4, 9.625, 4.75], "texture": "#0"} } }, { "from": [-1, 4, 12.5], "to": [1, 7, 18.5], "rotation": {"angle": 0, "axis": "y", "origin": [8, 5.5, 20.5]}, "faces": { "north": {"uv": [0.75, 3.125, 1, 3.5], "texture": "#0"}, "east": {"uv": [0, 3.125, 0.75, 3.5], "texture": "#0"}, "south": {"uv": [1.75, 3.125, 2, 3.5], "texture": "#0"}, "west": {"uv": [1, 3.125, 1.75, 3.5], "texture": "#0"}, "up": {"uv": [1, 3.125, 0.75, 2.375], "texture": "#0"}, "down": {"uv": [1.25, 2.375, 1, 3.125], "texture": "#0"} } }, { "from": [-1, 0, -10.5], "to": [17, 7, -6.5], "rotation": {"angle": 0, "axis": "y", "origin": [8, 4.5, -6]}, "faces": { "north": {"uv": [6.25, 2.875, 8.5, 3.75], "texture": "#0"}, "east": {"uv": [5.75, 2.875, 6.25, 3.75], "texture": "#0"}, "south": {"uv": [9, 2.875, 11.25, 3.75], "texture": "#0"}, "west": {"uv": [8.5, 2.875, 9, 3.75], "texture": "#0"}, "up": {"uv": [8.5, 2.875, 6.25, 2.375], "texture": "#0"}, "down": {"uv": [10.75, 2.375, 8.5, 2.875], "texture": "#0"} } }, { "from": [14, 4.6, -11.25], "to": [16, 6.6, -9.25], "rotation": {"angle": 45, "axis": "z", "origin": [15, 5.6, -10.25]}, "faces": { "north": {"uv": [6.125, 5, 6.375, 5.25], "texture": "#0"}, "east": {"uv": [5.875, 5, 6.125, 5.25], "texture": "#0"}, "south": {"uv": [6.625, 5, 6.875, 5.25], "texture": "#0"}, "west": {"uv": [6.375, 5, 6.625, 5.25], "texture": "#0"}, "up": {"uv": [6.375, 5, 6.125, 4.75], "texture": "#0"}, "down": {"uv": [6.625, 4.75, 6.375, 5], "texture": "#0"} } }, { "from": [0, 4.6, -11.25], "to": [2, 6.6, -9.25], "rotation": {"angle": 45, "axis": "z", "origin": [1, 5.6, -10.25]}, "faces": { "north": {"uv": [6, 4.125, 6.25, 4.375], "texture": "#0"}, "east": {"uv": [5.75, 4.125, 6, 4.375], "texture": "#0"}, "south": {"uv": [6.5, 4.125, 6.75, 4.375], "texture": "#0"}, "west": {"uv": [6.25, 4.125, 6.5, 4.375], "texture": "#0"}, "up": {"uv": [6.25, 4.125, 6, 3.875], "texture": "#0"}, "down": {"uv": [6.5, 3.875, 6.25, 4.125], "texture": "#0"} } }, { "from": [3, 3.5, -11], "to": [13, 7.5, -1], "rotation": {"angle": 0, "axis": "y", "origin": [8, 5.5, -6]}, "faces": { "north": {"uv": [6.125, 7, 7.375, 7.5], "texture": "#0"}, "east": {"uv": [4.875, 7, 6.125, 7.5], "texture": "#0"}, "south": {"uv": [8.625, 7, 9.875, 7.5], "texture": "#0"}, "west": {"uv": [7.375, 7, 8.625, 7.5], "texture": "#0"}, "up": {"uv": [7.375, 7, 6.125, 5.75], "texture": "#0"}, "down": {"uv": [8.625, 5.75, 7.375, 7], "texture": "#0"} } }, { "from": [-1.5, 1.5, -11.5], "to": [17.5, 4.5, -7.5], "rotation": {"angle": 0, "axis": "y", "origin": [8.5, 3, -9.5]}, "faces": { "north": {"uv": [7, 0.5, 9.375, 0.875], "texture": "#0"}, "east": {"uv": [6.5, 0.5, 7, 0.875], "texture": "#0"}, "south": {"uv": [9.875, 0.5, 12.25, 0.875], "texture": "#0"}, "west": {"uv": [9.375, 0.5, 9.875, 0.875], "texture": "#0"}, "up": {"uv": [9.375, 0.5, 7, 0], "texture": "#0"}, "down": {"uv": [11.75, 0, 9.375, 0.5], "texture": "#0"} } }, { "from": [-2, 1.5, 19.5], "to": [18, 4.5, 21.5], "rotation": {"angle": 0, "axis": "y", "origin": [8, 3, 26.5]}, "faces": { "north": {"uv": [6.75, 1.25, 9.25, 1.625], "texture": "#0"}, "east": {"uv": [6.5, 1.25, 6.75, 1.625], "texture": "#0"}, "south": {"uv": [9.5, 1.25, 12, 1.625], "texture": "#0"}, "west": {"uv": [9.25, 1.25, 9.5, 1.625], "texture": "#0"}, "up": {"uv": [9.25, 1.25, 6.75, 1], "texture": "#0"}, "down": {"uv": [11.75, 1, 9.25, 1.25], "texture": "#0"} } }, { "from": [2.5, 0.5, -11.5], "to": [13.5, 1.5, -10.5], "rotation": {"angle": 0, "axis": "y", "origin": [8.5, 1, -9.5]}, "faces": { "north": {"uv": [2.375, 7.75, 3.75, 7.875], "texture": "#0"}, "east": {"uv": [2.25, 7.75, 2.375, 7.875], "texture": "#0"}, "south": {"uv": [3.875, 7.75, 5.25, 7.875], "texture": "#0"}, "west": {"uv": [3.75, 7.75, 3.875, 7.875], "texture": "#0"}, "up": {"uv": [3.75, 7.75, 2.375, 7.625], "texture": "#0"}, "down": {"uv": [5.125, 7.625, 3.75, 7.75], "texture": "#0"} } }, { "from": [15.5, 0.5, -12], "to": [16.5, 3.5, -10], "rotation": {"angle": 0, "axis": "y", "origin": [8.5, 1, -9.5]}, "faces": { "north": {"uv": [4, 10.5, 4.125, 10.875], "texture": "#0"}, "east": {"uv": [3.75, 10.5, 4, 10.875], "texture": "#0"}, "south": {"uv": [4.375, 10.5, 4.5, 10.875], "texture": "#0"}, "west": {"uv": [4.125, 10.5, 4.375, 10.875], "texture": "#0"}, "up": {"uv": [4.125, 10.5, 4, 10.25], "texture": "#0"}, "down": {"uv": [4.25, 10.25, 4.125, 10.5], "texture": "#0"} } }, { "from": [-0.5, 0.5, -12], "to": [0.5, 3.5, -10], "rotation": {"angle": 0, "axis": "y", "origin": [7.5, 1, -9.5]}, "faces": { "north": {"uv": [8.625, 10.375, 8.75, 10.75], "texture": "#0"}, "east": {"uv": [8.375, 10.375, 8.625, 10.75], "texture": "#0"}, "south": {"uv": [9, 10.375, 9.125, 10.75], "texture": "#0"}, "west": {"uv": [8.75, 10.375, 9, 10.75], "texture": "#0"}, "up": {"uv": [8.75, 10.375, 8.625, 10.125], "texture": "#0"}, "down": {"uv": [8.875, 10.125, 8.75, 10.375], "texture": "#0"} } }, { "from": [3.5, 0.5, -12], "to": [4.5, 3.5, -10], "rotation": {"angle": 22.5, "axis": "z", "origin": [4, 2, -11]}, "faces": { "north": {"uv": [3.25, 9.875, 3.375, 10.25], "texture": "#0"}, "east": {"uv": [3, 9.875, 3.25, 10.25], "texture": "#0"}, "south": {"uv": [3.625, 9.875, 3.75, 10.25], "texture": "#0"}, "west": {"uv": [3.375, 9.875, 3.625, 10.25], "texture": "#0"}, "up": {"uv": [3.375, 9.875, 3.25, 9.625], "texture": "#0"}, "down": {"uv": [3.5, 9.625, 3.375, 9.875], "texture": "#0"} } }, { "from": [11.5, 0.5, -12], "to": [12.5, 3.5, -10], "rotation": {"angle": -22.5, "axis": "z", "origin": [12, 2, -11]}, "faces": { "north": {"uv": [1.375, 9.875, 1.5, 10.25], "texture": "#0"}, "east": {"uv": [1.125, 9.875, 1.375, 10.25], "texture": "#0"}, "south": {"uv": [1.75, 9.875, 1.875, 10.25], "texture": "#0"}, "west": {"uv": [1.5, 9.875, 1.75, 10.25], "texture": "#0"}, "up": {"uv": [1.5, 9.875, 1.375, 9.625], "texture": "#0"}, "down": {"uv": [1.625, 9.625, 1.5, 9.875], "texture": "#0"} } }, { "from": [-0.5, 4.625, 19.975], "to": [1.5, 6.625, 20.975], "rotation": {"angle": -22.5, "axis": "x", "origin": [8, 5.75, 20.85]}, "faces": { "north": {"uv": [2.375, 8.125, 2.625, 8.375], "texture": "#0"}, "east": {"uv": [2.25, 8.125, 2.375, 8.375], "texture": "#0"}, "south": {"uv": [2.75, 8.125, 3, 8.375], "texture": "#0"}, "west": {"uv": [2.625, 8.125, 2.75, 8.375], "texture": "#0"}, "up": {"uv": [2.625, 8.125, 2.375, 8], "texture": "#0"}, "down": {"uv": [2.875, 8, 2.625, 8.125], "texture": "#0"} } }, { "from": [14.5, 4.625, 19.975], "to": [16.5, 6.625, 20.975], "rotation": {"angle": -22.5, "axis": "x", "origin": [8, 5.75, 20.85]}, "faces": { "north": {"uv": [0.125, 8.125, 0.375, 8.375], "texture": "#0"}, "east": {"uv": [0, 8.125, 0.125, 8.375], "texture": "#0"}, "south": {"uv": [0.5, 8.125, 0.75, 8.375], "texture": "#0"}, "west": {"uv": [0.375, 8.125, 0.5, 8.375], "texture": "#0"}, "up": {"uv": [0.375, 8.125, 0.125, 8], "texture": "#0"}, "down": {"uv": [0.625, 8, 0.375, 8.125], "texture": "#0"} } }, { "from": [-1.13043, 2.25, 21], "to": [3.86957, 3.25, 22], "rotation": {"angle": 0, "axis": "y", "origin": [8, 0.75, 26.75]}, "faces": { "north": {"uv": [0.125, 4.25, 0.75, 4.375], "texture": "#0"}, "east": {"uv": [0, 4.25, 0.125, 4.375], "texture": "#0"}, "south": {"uv": [0.875, 4.25, 1.5, 4.375], "texture": "#0"}, "west": {"uv": [0.75, 4.25, 0.875, 4.375], "texture": "#0"}, "up": {"uv": [0.75, 4.25, 0.125, 4.125], "texture": "#0"}, "down": {"uv": [1.375, 4.125, 0.75, 4.25], "texture": "#0"} } }, { "from": [12.13043, 2.25, 21], "to": [17.13043, 3.25, 22], "rotation": {"angle": 0, "axis": "y", "origin": [8, 0.75, 26.75]}, "faces": { "north": {"uv": [0.125, 1.875, 0.75, 2], "texture": "#0"}, "east": {"uv": [0, 1.875, 0.125, 2], "texture": "#0"}, "south": {"uv": [0.875, 1.875, 1.5, 2], "texture": "#0"}, "west": {"uv": [0.75, 1.875, 0.875, 2], "texture": "#0"}, "up": {"uv": [0.75, 1.875, 0.125, 1.75], "texture": "#0"}, "down": {"uv": [1.375, 1.75, 0.75, 1.875], "texture": "#0"} } }, { "from": [-1, 0, -0.5], "to": [1, 7, 12.5], "rotation": {"angle": 0, "axis": "y", "origin": [8, 3.5, 11.33333]}, "faces": { "north": {"uv": [5.5, 9.25, 5.75, 10.125], "texture": "#0"}, "east": {"uv": [3.875, 9.25, 5.5, 10.125], "texture": "#0"}, "south": {"uv": [7.375, 9.25, 7.625, 10.125], "texture": "#0"}, "west": {"uv": [5.75, 9.25, 7.375, 10.125], "texture": "#0"}, "up": {"uv": [5.75, 9.25, 5.5, 7.625], "texture": "#0"}, "down": {"uv": [6, 7.625, 5.75, 9.25], "texture": "#0"} } }, { "from": [15, 0, -0.5], "to": [17, 7, 12.5], "shade": false, "rotation": {"angle": 0, "axis": "y", "origin": [8, 3.5, 11.33333]}, "faces": { "north": {"uv": [5.75, 9.25, 5.5, 10.125], "texture": "#0"}, "east": {"uv": [7.375, 9.25, 5.75, 10.125], "texture": "#0"}, "south": {"uv": [7.625, 9.25, 7.375, 10.125], "texture": "#0"}, "west": {"uv": [5.5, 9.25, 3.875, 10.125], "texture": "#0"}, "up": {"uv": [5.5, 9.25, 5.75, 7.625], "texture": "#0"}, "down": {"uv": [5.75, 7.625, 6, 9.25], "texture": "#0"} } }, { "from": [1, 0, -0.5], "to": [15, 1, 16.5], "rotation": {"angle": 0, "axis": "y", "origin": [8, 3.5, 11.33333]}, "faces": { "north": {"uv": [2.125, 4.5, 3.875, 4.625], "texture": "#0"}, "east": {"uv": [0, 4.5, 2.125, 4.625], "texture": "#0"}, "south": {"uv": [6, 4.5, 7.75, 4.625], "texture": "#0"}, "west": {"uv": [3.875, 4.5, 6, 4.625], "texture": "#0"}, "up": {"uv": [3.875, 4.5, 2.125, 2.375], "texture": "#0"}, "down": {"uv": [5.625, 2.375, 3.875, 4.5], "texture": "#0"} } }, { "from": [1, 0.03702, -0.31389], "to": [15, 7.03702, 0.68611], "rotation": {"angle": -22.5, "axis": "x", "origin": [8, 4.03702, 0.18611]}, "faces": { "north": {"uv": [8.875, 6, 10.625, 6.875], "texture": "#0"}, "east": {"uv": [8.75, 6, 8.875, 6.875], "texture": "#0"}, "south": {"uv": [10.75, 6, 12.5, 6.875], "texture": "#0"}, "west": {"uv": [10.625, 6, 10.75, 6.875], "texture": "#0"}, "up": {"uv": [10.625, 6, 8.875, 5.875], "texture": "#0"}, "down": {"uv": [12.375, 5.875, 10.625, 6], "texture": "#0"} } }, { "from": [-2, 2.9, -1.5], "to": [18, 4.9, -0.5], "rotation": {"angle": -22.5, "axis": "x", "origin": [-1.5, 4.9, 0]}, "faces": { "north": {"uv": [8.875, 5.5, 11.375, 5.75], "texture": "#0"}, "east": {"uv": [8.75, 5.5, 8.875, 5.75], "texture": "#0"}, "south": {"uv": [11.5, 5.5, 14, 5.75], "texture": "#0"}, "west": {"uv": [11.375, 5.5, 11.5, 5.75], "texture": "#0"}, "up": {"uv": [11.375, 5.5, 8.875, 5.375], "texture": "#0"}, "down": {"uv": [13.875, 5.375, 11.375, 5.5], "texture": "#0"} } }, { "from": [-2, 1.75195, -6.65224], "to": [18, 3.75195, -5.65224], "rotation": {"angle": 22.5, "axis": "x", "origin": [-1.5, 3.75195, -4.15224]}, "faces": { "north": {"uv": [8.75, 1.875, 11.25, 2.125], "texture": "#0"}, "east": {"uv": [8.625, 1.875, 8.75, 2.125], "texture": "#0"}, "south": {"uv": [11.375, 1.875, 13.875, 2.125], "texture": "#0"}, "west": {"uv": [11.25, 1.875, 11.375, 2.125], "texture": "#0"}, "up": {"uv": [11.25, 1.875, 8.75, 1.75], "texture": "#0"}, "down": {"uv": [13.75, 1.75, 11.25, 1.875], "texture": "#0"} } }, { "from": [-1.995, 3.71366, -6.45694], "to": [17.995, 4.70366, -0.46694], "rotation": {"angle": 0, "axis": "x", "origin": [-1.5, 5.20866, -2.46194]}, "faces": { "north": {"uv": [0.75, 5.5, 3.25, 5.625], "texture": "#0"}, "east": {"uv": [0, 5.5, 0.75, 5.625], "texture": "#0"}, "south": {"uv": [4, 5.5, 6.5, 5.625], "texture": "#0"}, "west": {"uv": [3.25, 5.5, 4, 5.625], "texture": "#0"}, "up": {"uv": [3.25, 5.5, 0.75, 4.75], "texture": "#0"}, "down": {"uv": [5.75, 4.75, 3.25, 5.5], "texture": "#0"} } }, { "from": [-2, 1.75195, 12.34776], "to": [0, 3.75195, 13.34776], "rotation": {"angle": 22.5, "axis": "x", "origin": [-1.5, 3.75195, 14.84776]}, "faces": { "north": {"uv": [4.125, 7.125, 4.375, 7.375], "texture": "#0"}, "east": {"uv": [4, 7.125, 4.125, 7.375], "texture": "#0"}, "south": {"uv": [4.5, 7.125, 4.75, 7.375], "texture": "#0"}, "west": {"uv": [4.375, 7.125, 4.5, 7.375], "texture": "#0"}, "up": {"uv": [4.375, 7.125, 4.125, 7], "texture": "#0"}, "down": {"uv": [4.625, 7, 4.375, 7.125], "texture": "#0"} } }, { "from": [-1.995, 3.71366, 12.54306], "to": [-0.005, 4.70366, 18.53306], "rotation": {"angle": 0, "axis": "x", "origin": [-1.5, 5.20866, 16.53806]}, "faces": { "north": {"uv": [9.875, 10.875, 10.125, 11], "texture": "#0"}, "east": {"uv": [9.125, 10.875, 9.875, 11], "texture": "#0"}, "south": {"uv": [10.875, 10.875, 11.125, 11], "texture": "#0"}, "west": {"uv": [10.125, 10.875, 10.875, 11], "texture": "#0"}, "up": {"uv": [10.125, 10.875, 9.875, 10.125], "texture": "#0"}, "down": {"uv": [10.375, 10.125, 10.125, 10.875], "texture": "#0"} } }, { "from": [-2, 2.9, 17.5], "to": [0, 4.9, 18.5], "rotation": {"angle": -22.5, "axis": "x", "origin": [-1.5, 4.9, 19]}, "faces": { "north": {"uv": [3.25, 7.125, 3.5, 7.375], "texture": "#0"}, "east": {"uv": [3.125, 7.125, 3.25, 7.375], "texture": "#0"}, "south": {"uv": [3.625, 7.125, 3.875, 7.375], "texture": "#0"}, "west": {"uv": [3.5, 7.125, 3.625, 7.375], "texture": "#0"}, "up": {"uv": [3.5, 7.125, 3.25, 7], "texture": "#0"}, "down": {"uv": [3.75, 7, 3.5, 7.125], "texture": "#0"} } }, { "from": [0, 0, 12.5], "to": [1, 4, 18.5], "rotation": {"angle": 0, "axis": "y", "origin": [8, 2, 27.5]}, "faces": { "north": {"uv": [2.625, 10.375, 2.75, 10.875], "texture": "#0"}, "east": {"uv": [1.875, 10.375, 2.625, 10.875], "texture": "#0"}, "south": {"uv": [3.5, 10.375, 3.625, 10.875], "texture": "#0"}, "west": {"uv": [2.75, 10.375, 3.5, 10.875], "texture": "#0"}, "up": {"uv": [2.75, 10.375, 2.625, 9.625], "texture": "#0"}, "down": {"uv": [2.875, 9.625, 2.75, 10.375], "texture": "#0"} } }, { "from": [15, 4, 12.5], "to": [17, 7, 18.5], "rotation": {"angle": 0, "axis": "y", "origin": [8, 5.5, 20.5]}, "faces": { "north": {"uv": [0.75, 0.75, 1, 1.125], "texture": "#0"}, "east": {"uv": [0, 0.75, 0.75, 1.125], "texture": "#0"}, "south": {"uv": [1.75, 0.75, 2, 1.125], "texture": "#0"}, "west": {"uv": [1, 0.75, 1.75, 1.125], "texture": "#0"}, "up": {"uv": [1, 0.75, 0.75, 0], "texture": "#0"}, "down": {"uv": [1.25, 0, 1, 0.75], "texture": "#0"} } }, { "from": [16, 1.75195, 12.34776], "to": [18, 3.75195, 13.34776], "rotation": {"angle": 22.5, "axis": "x", "origin": [17.5, 3.75195, 14.84776]}, "faces": { "north": {"uv": [2.375, 7.125, 2.625, 7.375], "texture": "#0"}, "east": {"uv": [2.25, 7.125, 2.375, 7.375], "texture": "#0"}, "south": {"uv": [2.75, 7.125, 3, 7.375], "texture": "#0"}, "west": {"uv": [2.625, 7.125, 2.75, 7.375], "texture": "#0"}, "up": {"uv": [2.625, 7.125, 2.375, 7], "texture": "#0"}, "down": {"uv": [2.875, 7, 2.625, 7.125], "texture": "#0"} } }, { "from": [16.005, 3.71366, 12.54306], "to": [17.995, 4.70366, 18.53306], "rotation": {"angle": 0, "axis": "x", "origin": [17.5, 5.20866, 16.53806]}, "faces": { "north": {"uv": [7.75, 10.875, 8, 11], "texture": "#0"}, "east": {"uv": [7, 10.875, 7.75, 11], "texture": "#0"}, "south": {"uv": [8.75, 10.875, 9, 11], "texture": "#0"}, "west": {"uv": [8, 10.875, 8.75, 11], "texture": "#0"}, "up": {"uv": [8, 10.875, 7.75, 10.125], "texture": "#0"}, "down": {"uv": [8.25, 10.125, 8, 10.875], "texture": "#0"} } }, { "from": [15, 0, 12.5], "to": [16, 4, 18.5], "rotation": {"angle": 0, "axis": "y", "origin": [8, 2, 27.5]}, "faces": { "north": {"uv": [0.75, 10.375, 0.875, 10.875], "texture": "#0"}, "east": {"uv": [0, 10.375, 0.75, 10.875], "texture": "#0"}, "south": {"uv": [1.625, 10.375, 1.75, 10.875], "texture": "#0"}, "west": {"uv": [0.875, 10.375, 1.625, 10.875], "texture": "#0"}, "up": {"uv": [0.875, 10.375, 0.75, 9.625], "texture": "#0"}, "down": {"uv": [1, 9.625, 0.875, 10.375], "texture": "#0"} } }, { "from": [16, 2.9, 17.5], "to": [18, 4.9, 18.5], "rotation": {"angle": -22.5, "axis": "x", "origin": [17.5, 4.9, 19]}, "faces": { "north": {"uv": [7, 4, 7.25, 4.25], "texture": "#0"}, "east": {"uv": [6.875, 4, 7, 4.25], "texture": "#0"}, "south": {"uv": [7.375, 4, 7.625, 4.25], "texture": "#0"}, "west": {"uv": [7.25, 4, 7.375, 4.25], "texture": "#0"}, "up": {"uv": [7.25, 4, 7, 3.875], "texture": "#0"}, "down": {"uv": [7.5, 3.875, 7.25, 4], "texture": "#0"} } }, { "from": [-1, 0, 18.5], "to": [17, 7, 20.5], "rotation": {"angle": 0, "axis": "y", "origin": [8, 3.5, 11.33333]}, "faces": { "north": {"uv": [6.375, 7.875, 8.625, 8.75], "texture": "#0"}, "east": {"uv": [6.125, 7.875, 6.375, 8.75], "texture": "#0"}, "south": {"uv": [8.875, 7.875, 11.125, 8.75], "texture": "#0"}, "west": {"uv": [8.625, 7.875, 8.875, 8.75], "texture": "#0"}, "up": {"uv": [8.625, 7.875, 6.375, 7.625], "texture": "#0"}, "down": {"uv": [10.875, 7.625, 8.625, 7.875], "texture": "#0"} } }, { "from": [-0.5, 6.52336, -0.36334], "to": [0.5, 12.52336, 0.63666], "rotation": {"angle": 22.5, "axis": "x", "origin": [8, 9.52336, 0.13666]}, "faces": { "north": {"uv": [4.625, 8.125, 4.75, 8.875], "texture": "#0"}, "east": {"uv": [4.5, 8.125, 4.625, 8.875], "texture": "#0"}, "south": {"uv": [4.875, 8.125, 5, 8.875], "texture": "#0"}, "west": {"uv": [4.75, 8.125, 4.875, 8.875], "texture": "#0"}, "up": {"uv": [4.75, 8.125, 4.625, 8], "texture": "#0"}, "down": {"uv": [4.875, 8, 4.75, 8.125], "texture": "#0"} } }, { "from": [-0.495, 11.49134, 0.82777], "to": [16.495, 12.48134, 17.81777], "rotation": {"angle": 0, "axis": "x", "origin": [8, 11.98634, 9.32277]}, "faces": { "north": {"uv": [2.125, 2.125, 4.25, 2.25], "texture": "#0"}, "east": {"uv": [0, 2.125, 2.125, 2.25], "texture": "#0"}, "south": {"uv": [6.375, 2.125, 8.5, 2.25], "texture": "#0"}, "west": {"uv": [4.25, 2.125, 6.375, 2.25], "texture": "#0"}, "up": {"uv": [4.25, 2.125, 2.125, 0], "texture": "#0"}, "down": {"uv": [6.375, 0, 4.25, 2.125], "texture": "#0"} } }, { "from": [-0.5, 6.48634, 8.82277], "to": [0.5, 11.48634, 9.82277], "rotation": {"angle": 0, "axis": "x", "origin": [8, 11.98634, 9.32277]}, "faces": { "north": {"uv": [5.375, 10.375, 5.5, 11], "texture": "#0"}, "east": {"uv": [5.25, 10.375, 5.375, 11], "texture": "#0"}, "south": {"uv": [5.625, 10.375, 5.75, 11], "texture": "#0"}, "west": {"uv": [5.5, 10.375, 5.625, 11], "texture": "#0"}, "up": {"uv": [5.5, 10.375, 5.375, 10.25], "texture": "#0"}, "down": {"uv": [5.625, 10.25, 5.5, 10.375], "texture": "#0"} } }, { "from": [15.5, 6.48634, 8.82277], "to": [16.5, 11.48634, 9.82277], "rotation": {"angle": 0, "axis": "x", "origin": [8, 11.98634, 9.32277]}, "faces": { "north": {"uv": [4.75, 10.375, 4.875, 11], "texture": "#0"}, "east": {"uv": [4.625, 10.375, 4.75, 11], "texture": "#0"}, "south": {"uv": [5, 10.375, 5.125, 11], "texture": "#0"}, "west": {"uv": [4.875, 10.375, 5, 11], "texture": "#0"}, "up": {"uv": [4.875, 10.375, 4.75, 10.25], "texture": "#0"}, "down": {"uv": [5, 10.25, 4.875, 10.375], "texture": "#0"} } }, { "from": [15.5, 6.52336, -0.36334], "to": [16.5, 12.52336, 0.63666], "rotation": {"angle": 22.5, "axis": "x", "origin": [8, 9.52336, 0.13666]}, "faces": { "north": {"uv": [4, 8.125, 4.125, 8.875], "texture": "#0"}, "east": {"uv": [3.875, 8.125, 4, 8.875], "texture": "#0"}, "south": {"uv": [4.25, 8.125, 4.375, 8.875], "texture": "#0"}, "west": {"uv": [4.125, 8.125, 4.25, 8.875], "texture": "#0"}, "up": {"uv": [4.125, 8.125, 4, 8], "texture": "#0"}, "down": {"uv": [4.25, 8, 4.125, 8.125], "texture": "#0"} } }, { "from": [15.5, 6.52336, 18.00888], "to": [16.5, 12.52336, 19.00888], "rotation": {"angle": -22.5, "axis": "x", "origin": [8, 9.52336, 18.50888]}, "faces": { "north": {"uv": [0.75, 7.125, 0.875, 7.875], "texture": "#0"}, "east": {"uv": [0.625, 7.125, 0.75, 7.875], "texture": "#0"}, "south": {"uv": [1, 7.125, 1.125, 7.875], "texture": "#0"}, "west": {"uv": [0.875, 7.125, 1, 7.875], "texture": "#0"}, "up": {"uv": [0.875, 7.125, 0.75, 7], "texture": "#0"}, "down": {"uv": [1, 7, 0.875, 7.125], "texture": "#0"} } }, { "from": [-0.5, 6.52336, 18.00888], "to": [0.5, 12.52336, 19.00888], "rotation": {"angle": -22.5, "axis": "x", "origin": [8, 9.52336, 18.50888]}, "faces": { "north": {"uv": [0.125, 7.125, 0.25, 7.875], "texture": "#0"}, "east": {"uv": [0, 7.125, 0.125, 7.875], "texture": "#0"}, "south": {"uv": [0.375, 7.125, 0.5, 7.875], "texture": "#0"}, "west": {"uv": [0.25, 7.125, 0.375, 7.875], "texture": "#0"}, "up": {"uv": [0.25, 7.125, 0.125, 7], "texture": "#0"}, "down": {"uv": [0.375, 7, 0.25, 7.125], "texture": "#0"} } }, { "from": [1, 0, 16.5], "to": [15, 7, 18.5], "rotation": {"angle": 0, "axis": "y", "origin": [8, 3.5, 11.33333]}, "faces": { "north": {"uv": [8, 9.125, 9.75, 10], "texture": "#0"}, "east": {"uv": [7.75, 9.125, 8, 10], "texture": "#0"}, "south": {"uv": [10, 9.125, 11.75, 10], "texture": "#0"}, "west": {"uv": [9.75, 9.125, 10, 10], "texture": "#0"}, "up": {"uv": [9.75, 9.125, 8, 8.875], "texture": "#0"}, "down": {"uv": [11.5, 8.875, 9.75, 9.125], "texture": "#0"} } }, { "from": [-4.3, 7, -0.4], "to": [-1.3, 9, -0.4], "rotation": {"angle": 22.5, "axis": "y", "origin": [-2.8, 8, -0.75]}, "faces": { "north": {"uv": [3.25, 4, 4, 4.5], "texture": "#1_0"}, "east": {"uv": [3.25, 4, 3.25, 4.5], "texture": "#1_0"}, "south": {"uv": [4, 4, 4.75, 4.5], "texture": "#1_0"}, "west": {"uv": [4, 4, 4, 4.5], "texture": "#1_0"}, "up": {"uv": [4, 4, 3.25, 4], "texture": "#1_0"}, "down": {"uv": [4.75, 4, 4, 4], "texture": "#1_0"} } }, { "from": [0.5, 6.50276, -0.01662], "to": [15.5, 12.50276, -0.01662], "rotation": {"angle": 22.5, "axis": "x", "origin": [-1.5, 9.25276, -0.51662]}, "faces": { "north": {"uv": [5.25, 1.75, 9, 3.25], "texture": "#1_0"}, "east": {"uv": [5.25, 1.75, 5.25, 3.25], "texture": "#1_0"}, "south": {"uv": [9, 1.75, 12.75, 3.25], "texture": "#1_0"}, "west": {"uv": [9, 1.75, 9, 3.25], "texture": "#1_0"}, "up": {"uv": [9, 1.75, 5.25, 1.75], "texture": "#1_0"}, "down": {"uv": [12.75, 1.75, 9, 1.75], "texture": "#1_0"} } }, { "from": [0.5, 5.25276, 18.51662], "to": [15.5, 11.25276, 18.51662], "rotation": {"angle": -22.5, "axis": "x", "origin": [-1.5, 9.25276, 16.51662]}, "faces": { "north": {"uv": [12.75, 1.75, 9, 3.25], "texture": "#1_0"}, "east": {"uv": [5.25, 1.75, 5.25, 3.25], "texture": "#1_0"}, "south": {"uv": [9, 1.75, 5.25, 3.25], "texture": "#1_0"}, "west": {"uv": [9, 1.75, 9, 3.25], "texture": "#1_0"}, "up": {"uv": [9, 1.75, 5.25, 1.75], "texture": "#1_0"}, "down": {"uv": [12.75, 1.75, 9, 1.75], "texture": "#1_0"} } }, { "from": [0, 6.65, -0.5], "to": [0, 11.65, 19.5], "rotation": {"angle": 0, "axis": "y", "origin": [0, 9.25, 9.5]}, "faces": { "north": {"uv": [5, 5, 5, 6.25], "texture": "#1_0"}, "east": {"uv": [0, 5, 5, 6.25], "texture": "#1_0"}, "south": {"uv": [10, 5, 10, 6.25], "texture": "#1_0"}, "west": {"uv": [5, 5, 10, 6.25], "texture": "#1_0"}, "up": {"uv": [5, 5, 5, 0], "texture": "#1_0"}, "down": {"uv": [5, 0, 5, 5], "texture": "#1_0"} } }, { "from": [16, 6.65, -0.5], "to": [16, 11.65, 19.5], "rotation": {"angle": 0, "axis": "y", "origin": [16, 9.25, 9.5]}, "faces": { "north": {"uv": [5, 5, 5, 6.25], "texture": "#1_0"}, "east": {"uv": [10, 5, 5, 6.25], "texture": "#1_0"}, "south": {"uv": [10, 5, 10, 6.25], "texture": "#1_0"}, "west": {"uv": [5, 5, 0, 6.25], "texture": "#1_0"}, "up": {"uv": [5, 5, 5, 0], "texture": "#1_0"}, "down": {"uv": [5, 0, 5, 5], "texture": "#1_0"} } }, { "from": [2, 2, 2.5], "to": [7, 3, 7.5], "rotation": {"angle": 0, "axis": "y", "origin": [-0.5, 1, -0.5]}, "faces": { "north": {"uv": [1.25, 7.75, 2.5, 8], "texture": "#1_0"}, "east": {"uv": [0, 7.75, 1.25, 8], "texture": "#1_0"}, "south": {"uv": [3.75, 7.75, 5, 8], "texture": "#1_0"}, "west": {"uv": [2.5, 7.75, 3.75, 8], "texture": "#1_0"}, "up": {"uv": [2.5, 7.75, 1.25, 6.5], "texture": "#1_0"}, "down": {"uv": [3.75, 6.5, 2.5, 7.75], "texture": "#1_0"} } }, { "from": [4, 5.75, -0.175], "to": [5, 6.75, 1.825], "rotation": {"angle": -22.5, "axis": "x", "origin": [4.5, 6.25, 1.25]}, "faces": { "north": {"uv": [3.75, 2.75, 4, 3], "texture": "#1_0"}, "east": {"uv": [3.25, 2.75, 3.75, 3], "texture": "#1_0"}, "south": {"uv": [4.5, 2.75, 4.75, 3], "texture": "#1_0"}, "west": {"uv": [4, 2.75, 4.5, 3], "texture": "#1_0"}, "up": {"uv": [4, 2.75, 3.75, 2.25], "texture": "#1_0"}, "down": {"uv": [4.25, 2.25, 4, 2.75], "texture": "#1_0"} } }, { "from": [2, 3.75, 1.875], "to": [7, 8.75, 1.875], "rotation": {"angle": -22.5, "axis": "x", "origin": [4.5, 6.25, 1.25]}, "faces": { "north": {"uv": [5.25, 6.5, 6.5, 7.75], "texture": "#1_0"}, "east": {"uv": [5.25, 6.5, 5.25, 7.75], "texture": "#1_0"}, "south": {"uv": [6.5, 6.5, 7.75, 7.75], "texture": "#1_0"}, "west": {"uv": [6.5, 6.5, 6.5, 7.75], "texture": "#1_0"}, "up": {"uv": [6.5, 6.5, 5.25, 6.5], "texture": "#1_0"}, "down": {"uv": [7.75, 6.5, 6.5, 6.5], "texture": "#1_0"} } }, { "from": [2, 2.00104, 7.49477], "to": [7, 5.00104, 8.49477], "rotation": {"angle": 22.5, "axis": "x", "origin": [4.5, 4.50104, 7.99477]}, "faces": { "north": {"uv": [0.25, 3.5, 1.5, 4.25], "texture": "#1_0"}, "east": {"uv": [0, 3.5, 0.25, 4.25], "texture": "#1_0"}, "south": {"uv": [1.75, 3.5, 3, 4.25], "texture": "#1_0"}, "west": {"uv": [1.5, 3.5, 1.75, 4.25], "texture": "#1_0"}, "up": {"uv": [1.5, 3.5, 0.25, 3.25], "texture": "#1_0"}, "down": {"uv": [2.75, 3.25, 1.5, 3.5], "texture": "#1_0"} } }, { "from": [2, 4.77164, 7.64805], "to": [7, 8.77164, 8.64805], "rotation": {"angle": 0, "axis": "y", "origin": [4.5, 6.27164, 8.14805]}, "faces": { "north": {"uv": [0.25, 2, 1.5, 3], "texture": "#1_0"}, "east": {"uv": [0, 2, 0.25, 3], "texture": "#1_0"}, "south": {"uv": [1.75, 2, 3, 3], "texture": "#1_0"}, "west": {"uv": [1.5, 2, 1.75, 3], "texture": "#1_0"}, "up": {"uv": [1.5, 2, 0.25, 1.75], "texture": "#1_0"}, "down": {"uv": [2.75, 1.75, 1.5, 2], "texture": "#1_0"} } }, { "from": [3, 7.77164, 7.39805], "to": [6, 9.77164, 8.39805], "rotation": {"angle": 22.5, "axis": "x", "origin": [4.5, 9.27164, 7.64805]}, "faces": { "north": {"uv": [2.25, 0.25, 3, 0.75], "texture": "#1_0"}, "east": {"uv": [2, 0.25, 2.25, 0.75], "texture": "#1_0"}, "south": {"uv": [3.25, 0.25, 4, 0.75], "texture": "#1_0"}, "west": {"uv": [3, 0.25, 3.25, 0.75], "texture": "#1_0"}, "up": {"uv": [3, 0.25, 2.25, 0], "texture": "#1_0"}, "down": {"uv": [3.75, 0, 3, 0.25], "texture": "#1_0"} } }, { "from": [2, 4.77164, 14.64805], "to": [7, 8.77164, 15.64805], "rotation": {"angle": 0, "axis": "y", "origin": [4.5, 6.27164, 15.14805]}, "faces": { "north": {"uv": [0.25, 2, 1.5, 3], "texture": "#1_0"}, "east": {"uv": [0, 2, 0.25, 3], "texture": "#1_0"}, "south": {"uv": [1.75, 2, 3, 3], "texture": "#1_0"}, "west": {"uv": [1.5, 2, 1.75, 3], "texture": "#1_0"}, "up": {"uv": [1.5, 2, 0.25, 1.75], "texture": "#1_0"}, "down": {"uv": [2.75, 1.75, 1.5, 2], "texture": "#1_0"} } }, { "from": [3, 7.77164, 14.39805], "to": [6, 9.77164, 15.39805], "rotation": {"angle": 22.5, "axis": "x", "origin": [4.5, 9.27164, 14.64805]}, "faces": { "north": {"uv": [2.25, 0.25, 3, 0.75], "texture": "#1_0"}, "east": {"uv": [2, 0.25, 2.25, 0.75], "texture": "#1_0"}, "south": {"uv": [3.25, 0.25, 4, 0.75], "texture": "#1_0"}, "west": {"uv": [3, 0.25, 3.25, 0.75], "texture": "#1_0"}, "up": {"uv": [3, 0.25, 2.25, 0], "texture": "#1_0"}, "down": {"uv": [3.75, 0, 3, 0.25], "texture": "#1_0"} } }, { "from": [9, 4.77164, 14.64805], "to": [14, 8.77164, 15.64805], "rotation": {"angle": 0, "axis": "y", "origin": [11.5, 6.27164, 15.14805]}, "faces": { "north": {"uv": [0.25, 2, 1.5, 3], "texture": "#1_0"}, "east": {"uv": [0, 2, 0.25, 3], "texture": "#1_0"}, "south": {"uv": [1.75, 2, 3, 3], "texture": "#1_0"}, "west": {"uv": [1.5, 2, 1.75, 3], "texture": "#1_0"}, "up": {"uv": [1.5, 2, 0.25, 1.75], "texture": "#1_0"}, "down": {"uv": [2.75, 1.75, 1.5, 2], "texture": "#1_0"} } }, { "from": [10, 7.77164, 14.39805], "to": [13, 9.77164, 15.39805], "rotation": {"angle": 22.5, "axis": "x", "origin": [11.5, 9.27164, 14.64805]}, "faces": { "north": {"uv": [2.25, 0.25, 3, 0.75], "texture": "#1_0"}, "east": {"uv": [2, 0.25, 2.25, 0.75], "texture": "#1_0"}, "south": {"uv": [3.25, 0.25, 4, 0.75], "texture": "#1_0"}, "west": {"uv": [3, 0.25, 3.25, 0.75], "texture": "#1_0"}, "up": {"uv": [3, 0.25, 2.25, 0], "texture": "#1_0"}, "down": {"uv": [3.75, 0, 3, 0.25], "texture": "#1_0"} } }, { "from": [1.5, 5.52164, 2.37305], "to": [2.5, 6.52164, 7.37305], "rotation": {"angle": -22.5, "axis": "x", "origin": [6.5, 7.27164, 8.14805]}, "faces": { "north": {"uv": [1.25, 1.25, 1.5, 1.5], "texture": "#1_0"}, "east": {"uv": [0, 1.25, 1.25, 1.5], "texture": "#1_0"}, "south": {"uv": [2.75, 1.25, 3, 1.5], "texture": "#1_0"}, "west": {"uv": [1.5, 1.25, 2.75, 1.5], "texture": "#1_0"}, "up": {"uv": [1.5, 1.25, 1.25, 0], "texture": "#1_0"}, "down": {"uv": [1.75, 0, 1.5, 1.25], "texture": "#1_0"} } }, { "from": [1.5, 4.52164, 2.37305], "to": [2.5, 5.52164, 3.37305], "rotation": {"angle": -22.5, "axis": "x", "origin": [6.5, 7.27164, 8.14805]}, "faces": { "north": {"uv": [0.25, 0.25, 0.5, 0.5], "texture": "#1_0"}, "east": {"uv": [0, 0.25, 0.25, 0.5], "texture": "#1_0"}, "south": {"uv": [0.75, 0.25, 1, 0.5], "texture": "#1_0"}, "west": {"uv": [0.5, 0.25, 0.75, 0.5], "texture": "#1_0"}, "up": {"uv": [0.5, 0.25, 0.25, 0], "texture": "#1_0"}, "down": {"uv": [0.75, 0, 0.5, 0.25], "texture": "#1_0"} } }, { "from": [6.5, 5.52164, 2.37305], "to": [7.5, 6.52164, 7.37305], "rotation": {"angle": -22.5, "axis": "x", "origin": [6.5, 7.27164, 8.14805]}, "faces": { "north": {"uv": [1.25, 1.25, 1.5, 1.5], "texture": "#1_0"}, "east": {"uv": [0, 1.25, 1.25, 1.5], "texture": "#1_0"}, "south": {"uv": [2.75, 1.25, 3, 1.5], "texture": "#1_0"}, "west": {"uv": [1.5, 1.25, 2.75, 1.5], "texture": "#1_0"}, "up": {"uv": [1.5, 1.25, 1.25, 0], "texture": "#1_0"}, "down": {"uv": [1.75, 0, 1.5, 1.25], "texture": "#1_0"} } }, { "from": [6.5, 4.52164, 2.37305], "to": [7.5, 5.52164, 3.37305], "rotation": {"angle": -22.5, "axis": "x", "origin": [6.5, 7.27164, 8.14805]}, "faces": { "north": {"uv": [0.25, 0.25, 0.5, 0.5], "texture": "#1_0"}, "east": {"uv": [0, 0.25, 0.25, 0.5], "texture": "#1_0"}, "south": {"uv": [0.75, 0.25, 1, 0.5], "texture": "#1_0"}, "west": {"uv": [0.5, 0.25, 0.75, 0.5], "texture": "#1_0"}, "up": {"uv": [0.5, 0.25, 0.25, 0], "texture": "#1_0"}, "down": {"uv": [0.75, 0, 0.5, 0.25], "texture": "#1_0"} } }, { "from": [9, 2, 2.5], "to": [14, 3, 7.5], "shade": false, "rotation": {"angle": 0, "axis": "y", "origin": [16.5, 1, -0.5]}, "faces": { "north": {"uv": [2.5, 7.75, 1.25, 8], "texture": "#1_0"}, "east": {"uv": [3.75, 7.75, 2.5, 8], "texture": "#1_0"}, "south": {"uv": [5, 7.75, 3.75, 8], "texture": "#1_0"}, "west": {"uv": [1.25, 7.75, 0, 8], "texture": "#1_0"}, "up": {"uv": [1.25, 7.75, 2.5, 6.5], "texture": "#1_0"}, "down": {"uv": [2.5, 6.5, 3.75, 7.75], "texture": "#1_0"} } }, { "from": [13.5, 4.52164, 2.37305], "to": [14.5, 5.52164, 3.37305], "shade": false, "rotation": {"angle": -22.5, "axis": "x", "origin": [9.5, 7.27164, 8.14805]}, "faces": { "north": {"uv": [0.5, 0.25, 0.25, 0.5], "texture": "#1_0"}, "east": {"uv": [0.75, 0.25, 0.5, 0.5], "texture": "#1_0"}, "south": {"uv": [1, 0.25, 0.75, 0.5], "texture": "#1_0"}, "west": {"uv": [0.25, 0.25, 0, 0.5], "texture": "#1_0"}, "up": {"uv": [0.25, 0.25, 0.5, 0], "texture": "#1_0"}, "down": {"uv": [0.5, 0, 0.75, 0.25], "texture": "#1_0"} } }, { "from": [13.5, 5.52164, 2.37305], "to": [14.5, 6.52164, 7.37305], "shade": false, "rotation": {"angle": -22.5, "axis": "x", "origin": [9.5, 7.27164, 8.14805]}, "faces": { "north": {"uv": [1.5, 1.25, 1.25, 1.5], "texture": "#1_0"}, "east": {"uv": [2.75, 1.25, 1.5, 1.5], "texture": "#1_0"}, "south": {"uv": [3, 1.25, 2.75, 1.5], "texture": "#1_0"}, "west": {"uv": [1.25, 1.25, 0, 1.5], "texture": "#1_0"}, "up": {"uv": [1.25, 1.25, 1.5, 0], "texture": "#1_0"}, "down": {"uv": [1.5, 0, 1.75, 1.25], "texture": "#1_0"} } }, { "from": [8.5, 4.52164, 2.37305], "to": [9.5, 5.52164, 3.37305], "shade": false, "rotation": {"angle": -22.5, "axis": "x", "origin": [9.5, 7.27164, 8.14805]}, "faces": { "north": {"uv": [0.5, 0.25, 0.25, 0.5], "texture": "#1_0"}, "east": {"uv": [0.75, 0.25, 0.5, 0.5], "texture": "#1_0"}, "south": {"uv": [1, 0.25, 0.75, 0.5], "texture": "#1_0"}, "west": {"uv": [0.25, 0.25, 0, 0.5], "texture": "#1_0"}, "up": {"uv": [0.25, 0.25, 0.5, 0], "texture": "#1_0"}, "down": {"uv": [0.5, 0, 0.75, 0.25], "texture": "#1_0"} } }, { "from": [8.5, 5.52164, 2.37305], "to": [9.5, 6.52164, 7.37305], "shade": false, "rotation": {"angle": -22.5, "axis": "x", "origin": [9.5, 7.27164, 8.14805]}, "faces": { "north": {"uv": [1.5, 1.25, 1.25, 1.5], "texture": "#1_0"}, "east": {"uv": [2.75, 1.25, 1.5, 1.5], "texture": "#1_0"}, "south": {"uv": [3, 1.25, 2.75, 1.5], "texture": "#1_0"}, "west": {"uv": [1.25, 1.25, 0, 1.5], "texture": "#1_0"}, "up": {"uv": [1.25, 1.25, 1.5, 0], "texture": "#1_0"}, "down": {"uv": [1.5, 0, 1.75, 1.25], "texture": "#1_0"} } }, { "from": [9, 4.77164, 7.64805], "to": [14, 8.77164, 8.64805], "shade": false, "rotation": {"angle": 0, "axis": "y", "origin": [11.5, 6.27164, 8.14805]}, "faces": { "north": {"uv": [1.5, 2, 0.25, 3], "texture": "#1_0"}, "east": {"uv": [1.75, 2, 1.5, 3], "texture": "#1_0"}, "south": {"uv": [3, 2, 1.75, 3], "texture": "#1_0"}, "west": {"uv": [0.25, 2, 0, 3], "texture": "#1_0"}, "up": {"uv": [0.25, 2, 1.5, 1.75], "texture": "#1_0"}, "down": {"uv": [1.5, 1.75, 2.75, 2], "texture": "#1_0"} } }, { "from": [9, 2.00104, 7.49477], "to": [14, 5.00104, 8.49477], "shade": false, "rotation": {"angle": 22.5, "axis": "x", "origin": [11.5, 4.50104, 7.99477]}, "faces": { "north": {"uv": [1.5, 3.5, 0.25, 4.25], "texture": "#1_0"}, "east": {"uv": [1.75, 3.5, 1.5, 4.25], "texture": "#1_0"}, "south": {"uv": [3, 3.5, 1.75, 4.25], "texture": "#1_0"}, "west": {"uv": [0.25, 3.5, 0, 4.25], "texture": "#1_0"}, "up": {"uv": [0.25, 3.5, 1.5, 3.25], "texture": "#1_0"}, "down": {"uv": [1.5, 3.25, 2.75, 3.5], "texture": "#1_0"} } }, { "from": [10, 7.77164, 7.39805], "to": [13, 9.77164, 8.39805], "shade": false, "rotation": {"angle": 22.5, "axis": "x", "origin": [11.5, 9.27164, 7.64805]}, "faces": { "north": {"uv": [3, 0.25, 2.25, 0.75], "texture": "#1_0"}, "east": {"uv": [3.25, 0.25, 3, 0.75], "texture": "#1_0"}, "south": {"uv": [4, 0.25, 3.25, 0.75], "texture": "#1_0"}, "west": {"uv": [2.25, 0.25, 2, 0.75], "texture": "#1_0"}, "up": {"uv": [2.25, 0.25, 3, 0], "texture": "#1_0"}, "down": {"uv": [3, 0, 3.75, 0.25], "texture": "#1_0"} } }, { "from": [1.5, 4.52164, 9.37305], "to": [2.5, 5.52164, 10.37305], "rotation": {"angle": -22.5, "axis": "x", "origin": [6.5, 7.27164, 15.14805]}, "faces": { "north": {"uv": [0.25, 0.25, 0.5, 0.5], "texture": "#1_0"}, "east": {"uv": [0, 0.25, 0.25, 0.5], "texture": "#1_0"}, "south": {"uv": [0.75, 0.25, 1, 0.5], "texture": "#1_0"}, "west": {"uv": [0.5, 0.25, 0.75, 0.5], "texture": "#1_0"}, "up": {"uv": [0.5, 0.25, 0.25, 0], "texture": "#1_0"}, "down": {"uv": [0.75, 0, 0.5, 0.25], "texture": "#1_0"} } }, { "from": [1.5, 5.52164, 9.37305], "to": [2.5, 6.52164, 14.37305], "rotation": {"angle": -22.5, "axis": "x", "origin": [6.5, 7.27164, 15.14805]}, "faces": { "north": {"uv": [1.25, 1.25, 1.5, 1.5], "texture": "#1_0"}, "east": {"uv": [0, 1.25, 1.25, 1.5], "texture": "#1_0"}, "south": {"uv": [2.75, 1.25, 3, 1.5], "texture": "#1_0"}, "west": {"uv": [1.5, 1.25, 2.75, 1.5], "texture": "#1_0"}, "up": {"uv": [1.5, 1.25, 1.25, 0], "texture": "#1_0"}, "down": {"uv": [1.75, 0, 1.5, 1.25], "texture": "#1_0"} } }, { "from": [13.5, 4.52164, 9.37305], "to": [14.5, 5.52164, 10.37305], "shade": false, "rotation": {"angle": -22.5, "axis": "x", "origin": [9.5, 7.27164, 15.14805]}, "faces": { "north": {"uv": [0.5, 0.25, 0.25, 0.5], "texture": "#1_0"}, "east": {"uv": [0.75, 0.25, 0.5, 0.5], "texture": "#1_0"}, "south": {"uv": [1, 0.25, 0.75, 0.5], "texture": "#1_0"}, "west": {"uv": [0.25, 0.25, 0, 0.5], "texture": "#1_0"}, "up": {"uv": [0.25, 0.25, 0.5, 0], "texture": "#1_0"}, "down": {"uv": [0.5, 0, 0.75, 0.25], "texture": "#1_0"} } }, { "from": [13.5, 5.52164, 9.37305], "to": [14.5, 6.52164, 14.37305], "shade": false, "rotation": {"angle": -22.5, "axis": "x", "origin": [9.5, 7.27164, 15.14805]}, "faces": { "north": {"uv": [1.5, 1.25, 1.25, 1.5], "texture": "#1_0"}, "east": {"uv": [2.75, 1.25, 1.5, 1.5], "texture": "#1_0"}, "south": {"uv": [3, 1.25, 2.75, 1.5], "texture": "#1_0"}, "west": {"uv": [1.25, 1.25, 0, 1.5], "texture": "#1_0"}, "up": {"uv": [1.25, 1.25, 1.5, 0], "texture": "#1_0"}, "down": {"uv": [1.5, 0, 1.75, 1.25], "texture": "#1_0"} } }, { "from": [2, 2, 9.5], "to": [14, 3, 14.5], "rotation": {"angle": 0, "axis": "y", "origin": [-0.5, 1, 6.5]}, "faces": { "north": {"uv": [6.5, 1.25, 9.5, 1.5], "texture": "#1_0"}, "east": {"uv": [5.25, 1.25, 6.5, 1.5], "texture": "#1_0"}, "south": {"uv": [10.75, 1.25, 13.75, 1.5], "texture": "#1_0"}, "west": {"uv": [9.5, 1.25, 10.75, 1.5], "texture": "#1_0"}, "up": {"uv": [9.5, 1.25, 6.5, 0], "texture": "#1_0"}, "down": {"uv": [12.5, 0, 9.5, 1.25], "texture": "#1_0"} } }, { "from": [2, 2.00104, 14.49477], "to": [14, 5.00104, 15.49477], "rotation": {"angle": 22.5, "axis": "x", "origin": [4.5, 4.50104, 14.99477]}, "faces": { "north": {"uv": [5.5, 3.75, 8.5, 4.5], "texture": "#1_0"}, "east": {"uv": [5.25, 3.75, 5.5, 4.5], "texture": "#1_0"}, "south": {"uv": [8.75, 3.75, 11.75, 4.5], "texture": "#1_0"}, "west": {"uv": [8.5, 3.75, 8.75, 4.5], "texture": "#1_0"}, "up": {"uv": [8.5, 3.75, 5.5, 3.5], "texture": "#1_0"}, "down": {"uv": [11.5, 3.5, 8.5, 3.75], "texture": "#1_0"} } }, { "from": [7, 4.77164, 14.64805], "to": [9, 7.77164, 15.64805], "rotation": {"angle": 0, "axis": "y", "origin": [4.5, 6.27164, 15.14805]}, "faces": { "north": {"uv": [3.5, 1.25, 4, 2], "texture": "#1_0"}, "east": {"uv": [3.25, 1.25, 3.5, 2], "texture": "#1_0"}, "south": {"uv": [4.25, 1.25, 4.75, 2], "texture": "#1_0"}, "west": {"uv": [4, 1.25, 4.25, 2], "texture": "#1_0"}, "up": {"uv": [4, 1.25, 3.5, 1], "texture": "#1_0"}, "down": {"uv": [4.5, 1, 4, 1.25], "texture": "#1_0"} } }, { "from": [-5.475, 7.475, -1.25], "to": [-3.475, 8.475, -0.25], "rotation": {"angle": -45, "axis": "z", "origin": [-3.9, 3.35, 0.5]}, "faces": { "north": {"uv": [3.5, 3.5, 4, 3.75], "texture": "#1_0"}, "east": {"uv": [3.25, 3.5, 3.5, 3.75], "texture": "#1_0"}, "south": {"uv": [4.25, 3.5, 4.75, 3.75], "texture": "#1_0"}, "west": {"uv": [4, 3.5, 4.25, 3.75], "texture": "#1_0"}, "up": {"uv": [4, 3.5, 3.5, 3.25], "texture": "#1_0"}, "down": {"uv": [4.5, 3.25, 4, 3.5], "texture": "#1_0"} } }, { "from": [19.475, 7.475, -1.25], "to": [21.475, 8.475, -0.25], "rotation": {"angle": 45, "axis": "z", "origin": [19.9, 3.35, 0.5]}, "faces": { "north": {"uv": [4, 3.5, 3.5, 3.75], "texture": "#1_0"}, "east": {"uv": [4.25, 3.5, 4, 3.75], "texture": "#1_0"}, "south": {"uv": [4.75, 3.5, 4.25, 3.75], "texture": "#1_0"}, "west": {"uv": [3.5, 3.5, 3.25, 3.75], "texture": "#1_0"}, "up": {"uv": [3.5, 3.5, 4, 3.25], "texture": "#1_0"}, "down": {"uv": [4, 3.25, 4.5, 3.5], "texture": "#1_0"} } }, { "from": [17.3, 7, -0.4], "to": [20.3, 9, -0.4], "rotation": {"angle": -22.5, "axis": "y", "origin": [18.8, 8, -0.75]}, "faces": { "north": {"uv": [4, 4, 3.25, 4.5], "texture": "#1_0"}, "east": {"uv": [4, 4, 4, 4.5], "texture": "#1_0"}, "south": {"uv": [4.75, 4, 4, 4.5], "texture": "#1_0"}, "west": {"uv": [3.25, 4, 3.25, 4.5], "texture": "#1_0"}, "up": {"uv": [3.25, 4, 4, 4], "texture": "#1_0"}, "down": {"uv": [4, 4, 4.75, 4], "texture": "#1_0"} } }, { "from": [5.5, 1, -12], "to": [10.5, 3, -11], "rotation": {"angle": 0, "axis": "y", "origin": [8.5, 3, -9.5]}, "faces": { "north": {"uv": [8, 8, 9.25, 8.5], "texture": "#1_0"}, "east": {"uv": [7.75, 8, 8, 8.5], "texture": "#1_0"}, "south": {"uv": [9.5, 8, 10.75, 8.5], "texture": "#1_0"}, "west": {"uv": [9.25, 8, 9.5, 8.5], "texture": "#1_0"}, "up": {"uv": [9.25, 8, 8, 7.75], "texture": "#1_0"}, "down": {"uv": [10.5, 7.75, 9.25, 8], "texture": "#1_0"} } }, { "from": [5.5, 1, -12.05], "to": [10.5, 3, -12.05], "rotation": {"angle": 0, "axis": "y", "origin": [8.5, 3, -9.5]}, "faces": { "north": {"uv": [10, 12, 15, 14], "texture": "#1"} } }, { "from": [5.5, 1, 22.075], "to": [10.5, 3, 22.075], "rotation": {"angle": 0, "axis": "y", "origin": [7.5, 3, 25.5]}, "faces": { "south": {"uv": [10, 12, 15, 14], "texture": "#1"} } }, { "from": [5.5, 1, 21.025], "to": [10.5, 3, 22.025], "rotation": {"angle": 0, "axis": "y", "origin": [7.5, 3, 25.5]}, "faces": { "north": {"uv": [9.5, 8, 10.75, 8.5], "texture": "#1_0"}, "east": {"uv": [9.25, 8, 9.5, 8.5], "texture": "#1_0"}, "south": {"uv": [8, 8, 9.25, 8.5], "texture": "#1_0"}, "west": {"uv": [7.75, 8, 8, 8.5], "texture": "#1_0"}, "up": {"uv": [8, 7.75, 9.25, 8], "texture": "#1_0"}, "down": {"uv": [9.25, 8, 10.5, 7.75], "texture": "#1_0"} } }, { "from": [-1.23341, -1.84576, 14.35883], "to": [0.91699, -0.9856, 16.50923], "rotation": {"angle": -22.5, "axis": "x", "origin": [-0.15821, 0.75, 15.43403]}, "faces": { "north": {"uv": [8.25, 0, 7, 0.5], "texture": "#1_1_0"}, "east": {"uv": [7.25, 6.75, 6, 7.25], "texture": "#1_1_0"}, "south": {"uv": [1.25, 6.5, 0, 7], "texture": "#1_1_0"}, "west": {"uv": [7.25, 6, 6, 6.5], "texture": "#1_1_0"}, "up": {"uv": [3.75, 0, 2.5, 1.25], "rotation": 90, "texture": "#1_1_0"}, "down": {"uv": [3.75, 2.75, 2.5, 1.5], "rotation": 270, "texture": "#1_1_0"} } }, { "from": [-1.23341, 0.31992, 15.00395], "to": [0.05683, 1.18008, 15.86411], "rotation": {"angle": -45, "axis": "x", "origin": [-0.34488, 0.75, 15.43403]}, "faces": { "north": {"uv": [9.25, 0, 8.5, 0.5], "texture": "#1_1_0"}, "east": {"uv": [2.75, 9, 2.25, 9.5], "texture": "#1_1_0"}, "south": {"uv": [2.25, 5, 1.5, 5.5], "texture": "#1_1_0"}, "west": {"uv": [9, 5.25, 8.5, 5.75], "texture": "#1_1_0"}, "up": {"uv": [1.25, 8.75, 0.75, 9.5], "rotation": 90, "texture": "#1_1_0"}, "down": {"uv": [2, 9.75, 1.5, 9], "rotation": 270, "texture": "#1_1_0"} } }, { "from": [-0.4387, -1.18536, 13.59665], "to": [-0.4387, 2.68536, 17.46737], "rotation": {"angle": -22.5, "axis": "y", "origin": [-0.4387, 0.75, 15.53201]}, "faces": { "east": {"uv": [8.875, 15.75, 15.625, 9], "rotation": 90, "texture": "#1_1_0"}, "west": {"uv": [8.875, 15.75, 15.625, 9], "rotation": 90, "texture": "#1_1_0"} } }, { "from": [-0.39406, -1.18536, 13.37224], "to": [-0.39406, 2.68536, 17.24296], "rotation": {"angle": 22.5, "axis": "y", "origin": [-0.34488, 0.75, 15.43403]}, "faces": { "east": {"uv": [8.875, 15.75, 15.625, 9], "rotation": 90, "texture": "#1_1_0"}, "west": {"uv": [8.875, 15.75, 15.625, 9], "rotation": 90, "texture": "#1_1_0"} } }, { "from": [-0.39406, -1.31179, 13.49867], "to": [-0.39406, 2.55893, 17.36939], "rotation": {"angle": -22.5, "axis": "z", "origin": [-0.34488, 0.75, 15.43403]}, "faces": { "east": {"uv": [8.875, 15.75, 15.625, 9], "rotation": 90, "texture": "#1_1_0"}, "west": {"uv": [8.875, 15.75, 15.625, 9], "rotation": 90, "texture": "#1_1_0"} } }, { "from": [-0.39406, -1.05893, 13.49867], "to": [-0.39406, 2.81179, 17.36939], "rotation": {"angle": 22.5, "axis": "z", "origin": [-0.34488, 0.75, 15.43403]}, "faces": { "east": {"uv": [8.875, 15.75, 15.625, 9], "rotation": 90, "texture": "#1_1_0"}, "west": {"uv": [8.875, 15.75, 15.625, 9], "rotation": 90, "texture": "#1_1_0"} } }, { "from": [-1.23341, 2.4856, 14.35883], "to": [0.91699, 3.34576, 16.50923], "rotation": {"angle": -22.5, "axis": "x", "origin": [-0.15821, 0.75, 15.43403]}, "faces": { "north": {"uv": [9, 1.5, 7.75, 2], "texture": "#1_1_0"}, "east": {"uv": [9, 0.75, 7.75, 1.25], "texture": "#1_1_0"}, "south": {"uv": [8.75, 6.75, 7.5, 7.25], "texture": "#1_1_0"}, "west": {"uv": [8, 7.5, 6.75, 8], "texture": "#1_1_0"}, "up": {"uv": [1.25, 5, 0, 6.25], "rotation": 90, "texture": "#1_1_0"}, "down": {"uv": [6.75, 1.25, 5.5, 0], "rotation": 270, "texture": "#1_1_0"} } }, { "from": [-1.23126, -0.32305, 17.17178], "to": [0.91484, 1.82305, 18.02764], "rotation": {"angle": 22.5, "axis": "x", "origin": [-0.15821, 0.75, 15.43403]}, "faces": { "north": {"uv": [5.25, 0, 4, 1.25], "texture": "#1_1_0"}, "east": {"uv": [7.5, 2.25, 7, 3.5], "texture": "#1_1_0"}, "south": {"uv": [3.75, 3, 2.5, 4.25], "texture": "#1_1_0"}, "west": {"uv": [7.5, 0.75, 7, 2], "texture": "#1_1_0"}, "up": {"uv": [7.5, 3.75, 7, 5], "rotation": 90, "texture": "#1_1_0"}, "down": {"uv": [0.5, 8.5, 0, 7.25], "rotation": 270, "texture": "#1_1_0"} } }, { "from": [-1.23341, -0.3252, 17.16963], "to": [0.91699, 1.8252, 18.02979], "rotation": {"angle": -22.5, "axis": "x", "origin": [-0.15821, 0.75, 15.43403]}, "faces": { "north": {"uv": [5.25, 3, 4, 4.25], "texture": "#1_1_0"}, "east": {"uv": [2, 7.5, 1.5, 8.75], "texture": "#1_1_0"}, "south": {"uv": [5.25, 1.5, 4, 2.75], "texture": "#1_1_0"}, "west": {"uv": [1.25, 7.25, 0.75, 8.5], "texture": "#1_1_0"}, "up": {"uv": [2.75, 7.5, 2.25, 8.75], "rotation": 90, "texture": "#1_1_0"}, "down": {"uv": [3.5, 8.75, 3, 7.5], "rotation": 270, "texture": "#1_1_0"} } }, { "from": [-1.23126, 2.48775, 14.36098], "to": [0.91484, 3.34361, 16.50708], "rotation": {"angle": 22.5, "axis": "x", "origin": [-0.15821, 0.75, 15.43403]}, "faces": { "north": {"uv": [8.75, 6, 7.5, 6.5], "texture": "#1_1_0"}, "east": {"uv": [6.5, 7.5, 5.25, 8], "texture": "#1_1_0"}, "south": {"uv": [5, 7.5, 3.75, 8], "texture": "#1_1_0"}, "west": {"uv": [8.25, 5.25, 7, 5.75], "texture": "#1_1_0"}, "up": {"uv": [3.75, 4.5, 2.5, 5.75], "rotation": 90, "texture": "#1_1_0"}, "down": {"uv": [5.25, 5.75, 4, 4.5], "rotation": 270, "texture": "#1_1_0"} } }, { "from": [-1.23126, -0.32305, 12.84042], "to": [0.91484, 1.82305, 13.69628], "rotation": {"angle": 22.5, "axis": "x", "origin": [-0.15821, 0.75, 15.43403]}, "faces": { "north": {"uv": [5.75, 6, 4.5, 7.25], "texture": "#1_1_0"}, "east": {"uv": [8, 8.25, 7.5, 9.5], "texture": "#1_1_0"}, "south": {"uv": [4.25, 6, 3, 7.25], "texture": "#1_1_0"}, "west": {"uv": [7.25, 8.25, 6.75, 9.5], "texture": "#1_1_0"}, "up": {"uv": [8.75, 7.5, 8.25, 8.75], "rotation": 90, "texture": "#1_1_0"}, "down": {"uv": [0.5, 10, 0, 8.75], "rotation": 270, "texture": "#1_1_0"} } }, { "from": [-1.23341, -0.3252, 12.83827], "to": [0.91699, 1.8252, 13.69843], "rotation": {"angle": -22.5, "axis": "x", "origin": [-0.15821, 0.75, 15.43403]}, "faces": { "north": {"uv": [2.75, 6, 1.5, 7.25], "texture": "#1_1_0"}, "east": {"uv": [5, 8.25, 4.5, 9.5], "texture": "#1_1_0"}, "south": {"uv": [6.75, 4.5, 5.5, 5.75], "texture": "#1_1_0"}, "west": {"uv": [4.25, 8.25, 3.75, 9.5], "texture": "#1_1_0"}, "up": {"uv": [5.75, 8.25, 5.25, 9.5], "rotation": 90, "texture": "#1_1_0"}, "down": {"uv": [6.5, 9.5, 6, 8.25], "rotation": 270, "texture": "#1_1_0"} } }, { "from": [-1.23126, -1.84361, 14.36098], "to": [0.91484, -0.98775, 16.50708], "rotation": {"angle": 22.5, "axis": "x", "origin": [-0.15821, 0.75, 15.43403]}, "faces": { "north": {"uv": [9, 4.5, 7.75, 5], "texture": "#1_1_0"}, "east": {"uv": [9, 3.75, 7.75, 4.25], "texture": "#1_1_0"}, "south": {"uv": [9, 3, 7.75, 3.5], "texture": "#1_1_0"}, "west": {"uv": [9, 2.25, 7.75, 2.75], "texture": "#1_1_0"}, "up": {"uv": [6.75, 1.5, 5.5, 2.75], "rotation": 90, "texture": "#1_1_0"}, "down": {"uv": [6.75, 4.25, 5.5, 3], "rotation": 270, "texture": "#1_1_0"} } }, { "from": [15.08301, -1.84576, 14.35883], "to": [17.23341, -0.9856, 16.50923], "rotation": {"angle": -22.5, "axis": "x", "origin": [16.15821, 0.75, 15.43403]}, "faces": { "north": {"uv": [7, 0, 8.25, 0.5], "texture": "#1_1_0"}, "east": {"uv": [6, 6, 7.25, 6.5], "texture": "#1_1_0"}, "south": {"uv": [0, 6.5, 1.25, 7], "texture": "#1_1_0"}, "west": {"uv": [6, 6.75, 7.25, 7.25], "texture": "#1_1_0"}, "up": {"uv": [3.75, 1.25, 2.5, 0], "rotation": 90, "texture": "#1_1_0"}, "down": {"uv": [3.75, 1.5, 2.5, 2.75], "rotation": 270, "texture": "#1_1_0"} } }, { "from": [15.94317, 0.31992, 15.00395], "to": [17.23341, 1.18008, 15.86411], "rotation": {"angle": -45, "axis": "x", "origin": [16.34488, 0.75, 15.43403]}, "faces": { "north": {"uv": [8.5, 0, 9.25, 0.5], "texture": "#1_1_0"}, "east": {"uv": [8.5, 5.25, 9, 5.75], "texture": "#1_1_0"}, "south": {"uv": [1.5, 5, 2.25, 5.5], "texture": "#1_1_0"}, "west": {"uv": [2.25, 9, 2.75, 9.5], "texture": "#1_1_0"}, "up": {"uv": [1.25, 9.5, 0.75, 8.75], "rotation": 90, "texture": "#1_1_0"}, "down": {"uv": [2, 9, 1.5, 9.75], "rotation": 270, "texture": "#1_1_0"} } }, { "from": [16.4387, -1.18536, 13.59665], "to": [16.4387, 2.68536, 17.46737], "rotation": {"angle": 22.5, "axis": "y", "origin": [16.4387, 0.75, 15.53201]}, "faces": { "east": {"uv": [8.875, 9, 15.625, 15.75], "rotation": 90, "texture": "#1_1_0"}, "west": {"uv": [8.875, 9, 15.625, 15.75], "rotation": 90, "texture": "#1_1_0"} } }, { "from": [16.39406, -1.18536, 13.37224], "to": [16.39406, 2.68536, 17.24296], "rotation": {"angle": -22.5, "axis": "y", "origin": [16.34488, 0.75, 15.43403]}, "faces": { "east": {"uv": [8.875, 9, 15.625, 15.75], "rotation": 90, "texture": "#1_1_0"}, "west": {"uv": [8.875, 9, 15.625, 15.75], "rotation": 90, "texture": "#1_1_0"} } }, { "from": [16.39406, -1.31179, 13.49867], "to": [16.39406, 2.55893, 17.36939], "rotation": {"angle": 22.5, "axis": "z", "origin": [16.34488, 0.75, 15.43403]}, "faces": { "east": {"uv": [8.875, 9, 15.625, 15.75], "rotation": 90, "texture": "#1_1_0"}, "west": {"uv": [8.875, 9, 15.625, 15.75], "rotation": 90, "texture": "#1_1_0"} } }, { "from": [16.39406, -1.05893, 13.49867], "to": [16.39406, 2.81179, 17.36939], "rotation": {"angle": -22.5, "axis": "z", "origin": [16.34488, 0.75, 15.43403]}, "faces": { "east": {"uv": [8.875, 9, 15.625, 15.75], "rotation": 90, "texture": "#1_1_0"}, "west": {"uv": [8.875, 9, 15.625, 15.75], "rotation": 90, "texture": "#1_1_0"} } }, { "from": [15.08301, 2.4856, 14.35883], "to": [17.23341, 3.34576, 16.50923], "rotation": {"angle": -22.5, "axis": "x", "origin": [16.15821, 0.75, 15.43403]}, "faces": { "north": {"uv": [7.75, 1.5, 9, 2], "texture": "#1_1_0"}, "east": {"uv": [6.75, 7.5, 8, 8], "texture": "#1_1_0"}, "south": {"uv": [7.5, 6.75, 8.75, 7.25], "texture": "#1_1_0"}, "west": {"uv": [7.75, 0.75, 9, 1.25], "texture": "#1_1_0"}, "up": {"uv": [1.25, 6.25, 0, 5], "rotation": 90, "texture": "#1_1_0"}, "down": {"uv": [6.75, 0, 5.5, 1.25], "rotation": 270, "texture": "#1_1_0"} } }, { "from": [15.08516, -0.32305, 17.17178], "to": [17.23126, 1.82305, 18.02764], "rotation": {"angle": 22.5, "axis": "x", "origin": [16.15821, 0.75, 15.43403]}, "faces": { "north": {"uv": [4, 0, 5.25, 1.25], "texture": "#1_1_0"}, "east": {"uv": [7, 0.75, 7.5, 2], "texture": "#1_1_0"}, "south": {"uv": [2.5, 3, 3.75, 4.25], "texture": "#1_1_0"}, "west": {"uv": [7, 2.25, 7.5, 3.5], "texture": "#1_1_0"}, "up": {"uv": [7.5, 5, 7, 3.75], "rotation": 90, "texture": "#1_1_0"}, "down": {"uv": [0.5, 7.25, 0, 8.5], "rotation": 270, "texture": "#1_1_0"} } }, { "from": [15.08301, -0.3252, 17.16963], "to": [17.23341, 1.8252, 18.02979], "rotation": {"angle": -22.5, "axis": "x", "origin": [16.15821, 0.75, 15.43403]}, "faces": { "north": {"uv": [4, 3, 5.25, 4.25], "texture": "#1_1_0"}, "east": {"uv": [0.75, 7.25, 1.25, 8.5], "texture": "#1_1_0"}, "south": {"uv": [4, 1.5, 5.25, 2.75], "texture": "#1_1_0"}, "west": {"uv": [1.5, 7.5, 2, 8.75], "texture": "#1_1_0"}, "up": {"uv": [2.75, 8.75, 2.25, 7.5], "rotation": 90, "texture": "#1_1_0"}, "down": {"uv": [3.5, 7.5, 3, 8.75], "rotation": 270, "texture": "#1_1_0"} } }, { "from": [15.08516, 2.48775, 14.36098], "to": [17.23126, 3.34361, 16.50708], "rotation": {"angle": 22.5, "axis": "x", "origin": [16.15821, 0.75, 15.43403]}, "faces": { "north": {"uv": [7.5, 6, 8.75, 6.5], "texture": "#1_1_0"}, "east": {"uv": [7, 5.25, 8.25, 5.75], "texture": "#1_1_0"}, "south": {"uv": [3.75, 7.5, 5, 8], "texture": "#1_1_0"}, "west": {"uv": [5.25, 7.5, 6.5, 8], "texture": "#1_1_0"}, "up": {"uv": [3.75, 5.75, 2.5, 4.5], "rotation": 90, "texture": "#1_1_0"}, "down": {"uv": [5.25, 4.5, 4, 5.75], "rotation": 270, "texture": "#1_1_0"} } }, { "from": [15.08516, -0.32305, 12.84042], "to": [17.23126, 1.82305, 13.69628], "rotation": {"angle": 22.5, "axis": "x", "origin": [16.15821, 0.75, 15.43403]}, "faces": { "north": {"uv": [4.5, 6, 5.75, 7.25], "texture": "#1_1_0"}, "east": {"uv": [6.75, 8.25, 7.25, 9.5], "texture": "#1_1_0"}, "south": {"uv": [3, 6, 4.25, 7.25], "texture": "#1_1_0"}, "west": {"uv": [7.5, 8.25, 8, 9.5], "texture": "#1_1_0"}, "up": {"uv": [8.75, 8.75, 8.25, 7.5], "rotation": 90, "texture": "#1_1_0"}, "down": {"uv": [0.5, 8.75, 0, 10], "rotation": 270, "texture": "#1_1_0"} } }, { "from": [15.08301, -0.3252, 12.83827], "to": [17.23341, 1.8252, 13.69843], "rotation": {"angle": -22.5, "axis": "x", "origin": [16.15821, 0.75, 15.43403]}, "faces": { "north": {"uv": [1.5, 6, 2.75, 7.25], "texture": "#1_1_0"}, "east": {"uv": [3.75, 8.25, 4.25, 9.5], "texture": "#1_1_0"}, "south": {"uv": [5.5, 4.5, 6.75, 5.75], "texture": "#1_1_0"}, "west": {"uv": [4.5, 8.25, 5, 9.5], "texture": "#1_1_0"}, "up": {"uv": [5.75, 9.5, 5.25, 8.25], "rotation": 90, "texture": "#1_1_0"}, "down": {"uv": [6.5, 8.25, 6, 9.5], "rotation": 270, "texture": "#1_1_0"} } }, { "from": [15.08516, -1.84361, 14.36098], "to": [17.23126, -0.98775, 16.50708], "rotation": {"angle": 22.5, "axis": "x", "origin": [16.15821, 0.75, 15.43403]}, "faces": { "north": {"uv": [7.75, 4.5, 9, 5], "texture": "#1_1_0"}, "east": {"uv": [7.75, 2.25, 9, 2.75], "texture": "#1_1_0"}, "south": {"uv": [7.75, 3, 9, 3.5], "texture": "#1_1_0"}, "west": {"uv": [7.75, 3.75, 9, 4.25], "texture": "#1_1_0"}, "up": {"uv": [6.75, 2.75, 5.5, 1.5], "rotation": 90, "texture": "#1_1_0"}, "down": {"uv": [6.75, 3, 5.5, 4.25], "rotation": 270, "texture": "#1_1_0"} } }, { "from": [-1.23341, -1.84576, -4.59117], "to": [0.91699, -0.9856, -2.44077], "rotation": {"angle": -22.5, "axis": "x", "origin": [-0.15821, 0.75, -3.51597]}, "faces": { "north": {"uv": [8.25, 0, 7, 0.5], "texture": "#1_1_0"}, "east": {"uv": [7.25, 6.75, 6, 7.25], "texture": "#1_1_0"}, "south": {"uv": [1.25, 6.5, 0, 7], "texture": "#1_1_0"}, "west": {"uv": [7.25, 6, 6, 6.5], "texture": "#1_1_0"}, "up": {"uv": [3.75, 0, 2.5, 1.25], "rotation": 90, "texture": "#1_1_0"}, "down": {"uv": [3.75, 2.75, 2.5, 1.5], "rotation": 270, "texture": "#1_1_0"} } }, { "from": [-1.23341, 0.31992, -3.94605], "to": [0.05683, 1.18008, -3.08589], "rotation": {"angle": -45, "axis": "x", "origin": [-0.34488, 0.75, -3.51597]}, "faces": { "north": {"uv": [9.25, 0, 8.5, 0.5], "texture": "#1_1_0"}, "east": {"uv": [2.75, 9, 2.25, 9.5], "texture": "#1_1_0"}, "south": {"uv": [2.25, 5, 1.5, 5.5], "texture": "#1_1_0"}, "west": {"uv": [9, 5.25, 8.5, 5.75], "texture": "#1_1_0"}, "up": {"uv": [1.25, 8.75, 0.75, 9.5], "rotation": 90, "texture": "#1_1_0"}, "down": {"uv": [2, 9.75, 1.5, 9], "rotation": 270, "texture": "#1_1_0"} } }, { "from": [-0.4387, -1.18536, -5.35335], "to": [-0.4387, 2.68536, -1.48263], "rotation": {"angle": -22.5, "axis": "y", "origin": [-0.4387, 0.75, -3.41799]}, "faces": { "east": {"uv": [8.875, 15.75, 15.625, 9], "rotation": 90, "texture": "#1_1_0"}, "west": {"uv": [8.875, 15.75, 15.625, 9], "rotation": 90, "texture": "#1_1_0"} } }, { "from": [-0.39406, -1.18536, -5.57776], "to": [-0.39406, 2.68536, -1.70704], "rotation": {"angle": 22.5, "axis": "y", "origin": [-0.34488, 0.75, -3.51597]}, "faces": { "east": {"uv": [8.875, 15.75, 15.625, 9], "rotation": 90, "texture": "#1_1_0"}, "west": {"uv": [8.875, 15.75, 15.625, 9], "rotation": 90, "texture": "#1_1_0"} } }, { "from": [-0.39406, -1.31179, -5.45133], "to": [-0.39406, 2.55893, -1.58061], "rotation": {"angle": -22.5, "axis": "z", "origin": [-0.34488, 0.75, -3.51597]}, "faces": { "east": {"uv": [8.875, 15.75, 15.625, 9], "rotation": 90, "texture": "#1_1_0"}, "west": {"uv": [8.875, 15.75, 15.625, 9], "rotation": 90, "texture": "#1_1_0"} } }, { "from": [-0.39406, -1.05893, -5.45133], "to": [-0.39406, 2.81179, -1.58061], "rotation": {"angle": 22.5, "axis": "z", "origin": [-0.34488, 0.75, -3.51597]}, "faces": { "east": {"uv": [8.875, 15.75, 15.625, 9], "rotation": 90, "texture": "#1_1_0"}, "west": {"uv": [8.875, 15.75, 15.625, 9], "rotation": 90, "texture": "#1_1_0"} } }, { "from": [-1.23341, 2.4856, -4.59117], "to": [0.91699, 3.34576, -2.44077], "rotation": {"angle": -22.5, "axis": "x", "origin": [-0.15821, 0.75, -3.51597]}, "faces": { "north": {"uv": [9, 1.5, 7.75, 2], "texture": "#1_1_0"}, "east": {"uv": [9, 0.75, 7.75, 1.25], "texture": "#1_1_0"}, "south": {"uv": [8.75, 6.75, 7.5, 7.25], "texture": "#1_1_0"}, "west": {"uv": [8, 7.5, 6.75, 8], "texture": "#1_1_0"}, "up": {"uv": [1.25, 5, 0, 6.25], "rotation": 90, "texture": "#1_1_0"}, "down": {"uv": [6.75, 1.25, 5.5, 0], "rotation": 270, "texture": "#1_1_0"} } }, { "from": [-1.23126, -0.32305, -1.77822], "to": [0.91484, 1.82305, -0.92236], "rotation": {"angle": 22.5, "axis": "x", "origin": [-0.15821, 0.75, -3.51597]}, "faces": { "north": {"uv": [5.25, 0, 4, 1.25], "texture": "#1_1_0"}, "east": {"uv": [7.5, 2.25, 7, 3.5], "texture": "#1_1_0"}, "south": {"uv": [3.75, 3, 2.5, 4.25], "texture": "#1_1_0"}, "west": {"uv": [7.5, 0.75, 7, 2], "texture": "#1_1_0"}, "up": {"uv": [7.5, 3.75, 7, 5], "rotation": 90, "texture": "#1_1_0"}, "down": {"uv": [0.5, 8.5, 0, 7.25], "rotation": 270, "texture": "#1_1_0"} } }, { "from": [-1.23341, -0.3252, -1.78037], "to": [0.91699, 1.8252, -0.92021], "rotation": {"angle": -22.5, "axis": "x", "origin": [-0.15821, 0.75, -3.51597]}, "faces": { "north": {"uv": [5.25, 3, 4, 4.25], "texture": "#1_1_0"}, "east": {"uv": [2, 7.5, 1.5, 8.75], "texture": "#1_1_0"}, "south": {"uv": [5.25, 1.5, 4, 2.75], "texture": "#1_1_0"}, "west": {"uv": [1.25, 7.25, 0.75, 8.5], "texture": "#1_1_0"}, "up": {"uv": [2.75, 7.5, 2.25, 8.75], "rotation": 90, "texture": "#1_1_0"}, "down": {"uv": [3.5, 8.75, 3, 7.5], "rotation": 270, "texture": "#1_1_0"} } }, { "from": [-1.23126, 2.48775, -4.58902], "to": [0.91484, 3.34361, -2.44292], "rotation": {"angle": 22.5, "axis": "x", "origin": [-0.15821, 0.75, -3.51597]}, "faces": { "north": {"uv": [8.75, 6, 7.5, 6.5], "texture": "#1_1_0"}, "east": {"uv": [6.5, 7.5, 5.25, 8], "texture": "#1_1_0"}, "south": {"uv": [5, 7.5, 3.75, 8], "texture": "#1_1_0"}, "west": {"uv": [8.25, 5.25, 7, 5.75], "texture": "#1_1_0"}, "up": {"uv": [3.75, 4.5, 2.5, 5.75], "rotation": 90, "texture": "#1_1_0"}, "down": {"uv": [5.25, 5.75, 4, 4.5], "rotation": 270, "texture": "#1_1_0"} } }, { "from": [-1.23126, -0.32305, -6.10958], "to": [0.91484, 1.82305, -5.25372], "rotation": {"angle": 22.5, "axis": "x", "origin": [-0.15821, 0.75, -3.51597]}, "faces": { "north": {"uv": [5.75, 6, 4.5, 7.25], "texture": "#1_1_0"}, "east": {"uv": [8, 8.25, 7.5, 9.5], "texture": "#1_1_0"}, "south": {"uv": [4.25, 6, 3, 7.25], "texture": "#1_1_0"}, "west": {"uv": [7.25, 8.25, 6.75, 9.5], "texture": "#1_1_0"}, "up": {"uv": [8.75, 7.5, 8.25, 8.75], "rotation": 90, "texture": "#1_1_0"}, "down": {"uv": [0.5, 10, 0, 8.75], "rotation": 270, "texture": "#1_1_0"} } }, { "from": [-1.23341, -0.3252, -6.11173], "to": [0.91699, 1.8252, -5.25157], "rotation": {"angle": -22.5, "axis": "x", "origin": [-0.15821, 0.75, -3.51597]}, "faces": { "north": {"uv": [2.75, 6, 1.5, 7.25], "texture": "#1_1_0"}, "east": {"uv": [5, 8.25, 4.5, 9.5], "texture": "#1_1_0"}, "south": {"uv": [6.75, 4.5, 5.5, 5.75], "texture": "#1_1_0"}, "west": {"uv": [4.25, 8.25, 3.75, 9.5], "texture": "#1_1_0"}, "up": {"uv": [5.75, 8.25, 5.25, 9.5], "rotation": 90, "texture": "#1_1_0"}, "down": {"uv": [6.5, 9.5, 6, 8.25], "rotation": 270, "texture": "#1_1_0"} } }, { "from": [-1.23126, -1.84361, -4.58902], "to": [0.91484, -0.98775, -2.44292], "rotation": {"angle": 22.5, "axis": "x", "origin": [-0.15821, 0.75, -3.51597]}, "faces": { "north": {"uv": [9, 4.5, 7.75, 5], "texture": "#1_1_0"}, "east": {"uv": [9, 3.75, 7.75, 4.25], "texture": "#1_1_0"}, "south": {"uv": [9, 3, 7.75, 3.5], "texture": "#1_1_0"}, "west": {"uv": [9, 2.25, 7.75, 2.75], "texture": "#1_1_0"}, "up": {"uv": [6.75, 1.5, 5.5, 2.75], "rotation": 90, "texture": "#1_1_0"}, "down": {"uv": [6.75, 4.25, 5.5, 3], "rotation": 270, "texture": "#1_1_0"} } }, { "from": [15.08301, -1.84576, -4.59117], "to": [17.23341, -0.9856, -2.44077], "rotation": {"angle": -22.5, "axis": "x", "origin": [16.15821, 0.75, -3.51597]}, "faces": { "north": {"uv": [7, 0, 8.25, 0.5], "texture": "#1_1_0"}, "east": {"uv": [6, 6, 7.25, 6.5], "texture": "#1_1_0"}, "south": {"uv": [0, 6.5, 1.25, 7], "texture": "#1_1_0"}, "west": {"uv": [6, 6.75, 7.25, 7.25], "texture": "#1_1_0"}, "up": {"uv": [3.75, 1.25, 2.5, 0], "rotation": 90, "texture": "#1_1_0"}, "down": {"uv": [3.75, 1.5, 2.5, 2.75], "rotation": 270, "texture": "#1_1_0"} } }, { "from": [15.94317, 0.31992, -3.94605], "to": [17.23341, 1.18008, -3.08589], "rotation": {"angle": -45, "axis": "x", "origin": [16.34488, 0.75, -3.51597]}, "faces": { "north": {"uv": [8.5, 0, 9.25, 0.5], "texture": "#1_1_0"}, "east": {"uv": [8.5, 5.25, 9, 5.75], "texture": "#1_1_0"}, "south": {"uv": [1.5, 5, 2.25, 5.5], "texture": "#1_1_0"}, "west": {"uv": [2.25, 9, 2.75, 9.5], "texture": "#1_1_0"}, "up": {"uv": [1.25, 9.5, 0.75, 8.75], "rotation": 90, "texture": "#1_1_0"}, "down": {"uv": [2, 9, 1.5, 9.75], "rotation": 270, "texture": "#1_1_0"} } }, { "from": [16.4387, -1.18536, -5.35335], "to": [16.4387, 2.68536, -1.48263], "rotation": {"angle": 22.5, "axis": "y", "origin": [16.4387, 0.75, -3.41799]}, "faces": { "east": {"uv": [8.875, 9, 15.625, 15.75], "rotation": 90, "texture": "#1_1_0"}, "west": {"uv": [8.875, 9, 15.625, 15.75], "rotation": 90, "texture": "#1_1_0"} } }, { "from": [16.39406, -1.18536, -5.57776], "to": [16.39406, 2.68536, -1.70704], "rotation": {"angle": -22.5, "axis": "y", "origin": [16.34488, 0.75, -3.51597]}, "faces": { "east": {"uv": [8.875, 9, 15.625, 15.75], "rotation": 90, "texture": "#1_1_0"}, "west": {"uv": [8.875, 9, 15.625, 15.75], "rotation": 90, "texture": "#1_1_0"} } }, { "from": [16.39406, -1.31179, -5.45133], "to": [16.39406, 2.55893, -1.58061], "rotation": {"angle": 22.5, "axis": "z", "origin": [16.34488, 0.75, -3.51597]}, "faces": { "east": {"uv": [8.875, 9, 15.625, 15.75], "rotation": 90, "texture": "#1_1_0"}, "west": {"uv": [8.875, 9, 15.625, 15.75], "rotation": 90, "texture": "#1_1_0"} } }, { "from": [16.39406, -1.05893, -5.45133], "to": [16.39406, 2.81179, -1.58061], "rotation": {"angle": -22.5, "axis": "z", "origin": [16.34488, 0.75, -3.51597]}, "faces": { "east": {"uv": [8.875, 9, 15.625, 15.75], "rotation": 90, "texture": "#1_1_0"}, "west": {"uv": [8.875, 9, 15.625, 15.75], "rotation": 90, "texture": "#1_1_0"} } }, { "from": [15.08301, 2.4856, -4.59117], "to": [17.23341, 3.34576, -2.44077], "rotation": {"angle": -22.5, "axis": "x", "origin": [16.15821, 0.75, -3.51597]}, "faces": { "north": {"uv": [7.75, 1.5, 9, 2], "texture": "#1_1_0"}, "east": {"uv": [6.75, 7.5, 8, 8], "texture": "#1_1_0"}, "south": {"uv": [7.5, 6.75, 8.75, 7.25], "texture": "#1_1_0"}, "west": {"uv": [7.75, 0.75, 9, 1.25], "texture": "#1_1_0"}, "up": {"uv": [1.25, 6.25, 0, 5], "rotation": 90, "texture": "#1_1_0"}, "down": {"uv": [6.75, 0, 5.5, 1.25], "rotation": 270, "texture": "#1_1_0"} } }, { "from": [15.08516, -0.32305, -1.77822], "to": [17.23126, 1.82305, -0.92236], "rotation": {"angle": 22.5, "axis": "x", "origin": [16.15821, 0.75, -3.51597]}, "faces": { "north": {"uv": [4, 0, 5.25, 1.25], "texture": "#1_1_0"}, "east": {"uv": [7, 0.75, 7.5, 2], "texture": "#1_1_0"}, "south": {"uv": [2.5, 3, 3.75, 4.25], "texture": "#1_1_0"}, "west": {"uv": [7, 2.25, 7.5, 3.5], "texture": "#1_1_0"}, "up": {"uv": [7.5, 5, 7, 3.75], "rotation": 90, "texture": "#1_1_0"}, "down": {"uv": [0.5, 7.25, 0, 8.5], "rotation": 270, "texture": "#1_1_0"} } }, { "from": [15.08301, -0.3252, -1.78037], "to": [17.23341, 1.8252, -0.92021], "rotation": {"angle": -22.5, "axis": "x", "origin": [16.15821, 0.75, -3.51597]}, "faces": { "north": {"uv": [4, 3, 5.25, 4.25], "texture": "#1_1_0"}, "east": {"uv": [0.75, 7.25, 1.25, 8.5], "texture": "#1_1_0"}, "south": {"uv": [4, 1.5, 5.25, 2.75], "texture": "#1_1_0"}, "west": {"uv": [1.5, 7.5, 2, 8.75], "texture": "#1_1_0"}, "up": {"uv": [2.75, 8.75, 2.25, 7.5], "rotation": 90, "texture": "#1_1_0"}, "down": {"uv": [3.5, 7.5, 3, 8.75], "rotation": 270, "texture": "#1_1_0"} } }, { "from": [15.08516, 2.48775, -4.58902], "to": [17.23126, 3.34361, -2.44292], "rotation": {"angle": 22.5, "axis": "x", "origin": [16.15821, 0.75, -3.51597]}, "faces": { "north": {"uv": [7.5, 6, 8.75, 6.5], "texture": "#1_1_0"}, "east": {"uv": [7, 5.25, 8.25, 5.75], "texture": "#1_1_0"}, "south": {"uv": [3.75, 7.5, 5, 8], "texture": "#1_1_0"}, "west": {"uv": [5.25, 7.5, 6.5, 8], "texture": "#1_1_0"}, "up": {"uv": [3.75, 5.75, 2.5, 4.5], "rotation": 90, "texture": "#1_1_0"}, "down": {"uv": [5.25, 4.5, 4, 5.75], "rotation": 270, "texture": "#1_1_0"} } }, { "from": [15.08516, -0.32305, -6.10958], "to": [17.23126, 1.82305, -5.25372], "rotation": {"angle": 22.5, "axis": "x", "origin": [16.15821, 0.75, -3.51597]}, "faces": { "north": {"uv": [4.5, 6, 5.75, 7.25], "texture": "#1_1_0"}, "east": {"uv": [6.75, 8.25, 7.25, 9.5], "texture": "#1_1_0"}, "south": {"uv": [3, 6, 4.25, 7.25], "texture": "#1_1_0"}, "west": {"uv": [7.5, 8.25, 8, 9.5], "texture": "#1_1_0"}, "up": {"uv": [8.75, 8.75, 8.25, 7.5], "rotation": 90, "texture": "#1_1_0"}, "down": {"uv": [0.5, 8.75, 0, 10], "rotation": 270, "texture": "#1_1_0"} } }, { "from": [15.08301, -0.3252, -6.11173], "to": [17.23341, 1.8252, -5.25157], "rotation": {"angle": -22.5, "axis": "x", "origin": [16.15821, 0.75, -3.51597]}, "faces": { "north": {"uv": [1.5, 6, 2.75, 7.25], "texture": "#1_1_0"}, "east": {"uv": [3.75, 8.25, 4.25, 9.5], "texture": "#1_1_0"}, "south": {"uv": [5.5, 4.5, 6.75, 5.75], "texture": "#1_1_0"}, "west": {"uv": [4.5, 8.25, 5, 9.5], "texture": "#1_1_0"}, "up": {"uv": [5.75, 9.5, 5.25, 8.25], "rotation": 90, "texture": "#1_1_0"}, "down": {"uv": [6.5, 8.25, 6, 9.5], "rotation": 270, "texture": "#1_1_0"} } }, { "from": [15.08516, -1.84361, -4.58902], "to": [17.23126, -0.98775, -2.44292], "rotation": {"angle": 22.5, "axis": "x", "origin": [16.15821, 0.75, -3.51597]}, "faces": { "north": {"uv": [7.75, 4.5, 9, 5], "texture": "#1_1_0"}, "east": {"uv": [7.75, 2.25, 9, 2.75], "texture": "#1_1_0"}, "south": {"uv": [7.75, 3, 9, 3.5], "texture": "#1_1_0"}, "west": {"uv": [7.75, 3.75, 9, 4.25], "texture": "#1_1_0"}, "up": {"uv": [6.75, 2.75, 5.5, 1.5], "rotation": 90, "texture": "#1_1_0"}, "down": {"uv": [6.75, 3, 5.5, 4.25], "rotation": 270, "texture": "#1_1_0"} } } ], "display": { "thirdperson_righthand": { "rotation": [75, 45, 0], "translation": [0, 2.5, 0], "scale": [0.375, 0.375, 0.375] }, "thirdperson_lefthand": { "rotation": [75, 45, 0], "translation": [0, 2.5, 0], "scale": [0.375, 0.375, 0.375] }, "firstperson_righthand": { "rotation": [0, 45, 0], "scale": [0.4, 0.4, 0.4] }, "firstperson_lefthand": { "rotation": [0, 225, 0], "scale": [0.4, 0.4, 0.4] }, "ground": { "translation": [0, 3, 0], "scale": [0.25, 0.25, 0.25] }, "gui": { "rotation": [30, 225, 0], "translation": [0.25, 1, 0], "scale": [0.37, 0.37, 0.37] }, "head": { "translation": [0, -3, 14], "scale": [4, 4, 4] }, "fixed": { "scale": [0.5, 0.5, 0.5] } }, "groups": [ { "name": "group", "origin": [3, 6, -6.5], "color": 0, "children": [0, 1, 2, 3, 4, 5, 6, 7, 8, 9, 10, 11, 12, 13, 14, 15, 16, 17, 18, 19, 20, 21, 22, 23, 24, 25, 26, 27, 28, 29, 30, 31, 32, 33, 34, 35, 36, 37, 38, 39, 40, 41, 42] }, { "name": "seats", "origin": [8, 8, 8], "color": 0, "children": [ { "name": "group", "origin": [8.5, 3, -9.5], "color": 0, "children": [43, 44, 45, 46, 47, 48, 49, 50, 51, 52, 53, 54, 55, 56, 57, 58, 59, 60, 61, 62, 63, 64, 65, 66, 67, 68, 69, 70, 71, 72, 73, 74, 75, 76, 77, 78, 79, 80, 81, 82, 83] } ] }, { "name": "tires2", "origin": [8, 8, 8], "color": 0, "children": [ { "name": "tires", "origin": [8, 8, 8], "color": 0, "children": [ { "name": "tire", "origin": [8, 8, 8], "color": 0, "children": [84, 85, 86, 87, 88, 89, 90, 91, 92, 93, 94, 95, 96] }, { "name": "tire", "origin": [8, 8, 8], "color": 0, "children": [97, 98, 99, 100, 101, 102, 103, 104, 105, 106, 107, 108, 109] }, { "name": "tire", "origin": [8, 8, 8], "color": 0, "children": [110, 111, 112, 113, 114, 115, 116, 117, 118, 119, 120, 121, 122] }, { "name": "tire", "origin": [8, 8, 8], "color": 0, "children": [123, 124, 125, 126, 127, 128, 129, 130, 131, 132, 133, 134, 135] } ] } ] } ] }