{ "credit": "Made with Blockbench", "textures": { "0": "block/gray_concrete_powder", "1": "block/black_concrete" }, "elements": [ { "name": "hexadecagon", "from": [7.8224, 7.4395, 11.19727], "to": [7.9724, 8.39428, 11.49727], "rotation": {"angle": -45, "axis": "x", "origin": [7.4724, 7.91689, 13.59727]}, "faces": { "north": {"uv": [14, 0, 15, 1], "texture": "#0"}, "east": {"uv": [14, 0, 15, 1], "texture": "#0"}, "south": {"uv": [14, 0, 15, 1], "texture": "#0"}, "west": {"uv": [14, 0, 15, 1], "texture": "#0"}, "up": {"uv": [14, 0, 15, 1], "texture": "#0"}, "down": {"uv": [14, 0, 15, 1], "texture": "#0"} } }, { "name": "hexadecagon", "from": [7.9724, 7.47032, 0.02842], "to": [8.1224, 8.4051, 0.30842], "rotation": {"angle": 0, "axis": "y", "origin": [8.0974, 7.93771, 0.11842]}, "faces": { "north": {"uv": [10, 0, 11, 1], "texture": "#0"}, "east": {"uv": [10, 0, 11, 1], "texture": "#0"}, "south": {"uv": [10, 0, 11, 1], "texture": "#0"}, "west": {"uv": [10, 0, 11, 1], "texture": "#0"}, "up": {"uv": [10, 0, 11, 1], "texture": "#0"}, "down": {"uv": [10, 0, 11, 1], "texture": "#0"} } }, { "name": "hexadecagon", "from": [7.9724, 8.33508, 0.20043], "to": [8.1224, 9.26986, 0.48043], "rotation": {"angle": 22.5, "axis": "x", "origin": [8.0974, 8.80247, 0.29043]}, "faces": { "north": {"uv": [10, 0, 11, 1], "texture": "#0"}, "east": {"uv": [10, 0, 11, 1], "texture": "#0"}, "south": {"uv": [10, 0, 11, 1], "texture": "#0"}, "west": {"uv": [10, 0, 11, 1], "texture": "#0"}, "up": {"uv": [10, 0, 11, 1], "texture": "#0"}, "down": {"uv": [10, 0, 11, 1], "texture": "#0"} } }, { "name": "hexadecagon", "from": [7.9724, 10.01509, 1.92923], "to": [8.1224, 10.29509, 2.87723], "rotation": {"angle": 0, "axis": "y", "origin": [8.0974, 10.20509, 2.39984]}, "faces": { "north": {"uv": [10, 0, 11, 1], "rotation": 270, "texture": "#0"}, "east": {"uv": [10, 0, 11, 1], "rotation": 270, "texture": "#0"}, "south": {"uv": [10, 0, 11, 1], "rotation": 270, "texture": "#0"}, "west": {"uv": [10, 0, 11, 1], "rotation": 270, "texture": "#0"}, "up": {"uv": [10, 0, 11, 1], "rotation": 270, "texture": "#0"}, "down": {"uv": [10, 0, 11, 1], "rotation": 270, "texture": "#0"} } }, { "name": "hexadecagon", "from": [7.9724, 9.83925, 1.04523], "to": [8.1224, 10.11925, 2.00001], "rotation": {"angle": -22.5, "axis": "x", "origin": [8.0974, 10.02925, 1.52262]}, "faces": { "north": {"uv": [10, 0, 11, 1], "rotation": 270, "texture": "#0"}, "east": {"uv": [10, 0, 11, 1], "rotation": 270, "texture": "#0"}, "south": {"uv": [10, 0, 11, 1], "rotation": 270, "texture": "#0"}, "west": {"uv": [10, 0, 11, 1], "rotation": 270, "texture": "#0"}, "up": {"uv": [10, 0, 11, 1], "rotation": 270, "texture": "#0"}, "down": {"uv": [10, 0, 11, 1], "rotation": 270, "texture": "#0"} } }, { "name": "hexadecagon", "from": [7.9724, 9.06526, 0.69735], "to": [8.1224, 10.00004, 0.97735], "rotation": {"angle": 45, "axis": "x", "origin": [8.0974, 9.54265, 0.78735]}, "faces": { "north": {"uv": [10, 0, 11, 1], "texture": "#0"}, "east": {"uv": [10, 0, 11, 1], "texture": "#0"}, "south": {"uv": [10, 0, 11, 1], "texture": "#0"}, "west": {"uv": [10, 0, 11, 1], "texture": "#0"}, "up": {"uv": [10, 0, 11, 1], "texture": "#0"}, "down": {"uv": [10, 0, 11, 1], "texture": "#0"} } }, { "name": "hexadecagon", "from": [7.9724, 9.83925, 2.80645], "to": [8.1224, 10.11925, 3.76123], "rotation": {"angle": 22.5, "axis": "x", "origin": [8.0974, 10.02925, 3.28384]}, "faces": { "north": {"uv": [10, 0, 11, 1], "rotation": 270, "texture": "#0"}, "east": {"uv": [10, 0, 11, 1], "rotation": 270, "texture": "#0"}, "south": {"uv": [10, 0, 11, 1], "rotation": 270, "texture": "#0"}, "west": {"uv": [10, 0, 11, 1], "rotation": 270, "texture": "#0"}, "up": {"uv": [10, 0, 11, 1], "rotation": 270, "texture": "#0"}, "down": {"uv": [10, 0, 11, 1], "rotation": 270, "texture": "#0"} } }, { "name": "hexadecagon", "from": [7.9724, 9.06526, 3.82912], "to": [8.1224, 10.00004, 4.10912], "rotation": {"angle": -45, "axis": "x", "origin": [8.0974, 9.54265, 4.01912]}, "faces": { "north": {"uv": [10, 0, 11, 1], "texture": "#0"}, "east": {"uv": [10, 0, 11, 1], "texture": "#0"}, "south": {"uv": [10, 0, 11, 1], "texture": "#0"}, "west": {"uv": [10, 0, 11, 1], "texture": "#0"}, "up": {"uv": [10, 0, 11, 1], "texture": "#0"}, "down": {"uv": [10, 0, 11, 1], "texture": "#0"} } }, { "name": "hexadecagon", "from": [7.7724, 7.79032, 0.11418], "to": [8.2224, 7.9451, 0.23418], "rotation": {"angle": 0, "axis": "y", "origin": [7.7224, 7.86771, 2.41842]}, "faces": { "north": {"uv": [0, 0, 1, 1], "texture": "#0"}, "east": {"uv": [0, 0, 1, 1], "texture": "#0"}, "south": {"uv": [0, 0, 1, 1], "texture": "#0"}, "west": {"uv": [0, 0, 1, 1], "texture": "#0"}, "up": {"uv": [0, 0, 1, 1], "texture": "#0"}, "down": {"uv": [0, 0, 1, 1], "texture": "#0"} } }, { "name": "hexadecagon", "from": [7.9724, 7.4395, 4.50418], "to": [8.1224, 8.39428, 4.78418], "rotation": {"angle": -22.5, "axis": "x", "origin": [7.7224, 7.91689, 2.40418]}, "faces": { "north": {"uv": [10, 0, 11, 1], "texture": "#0"}, "east": {"uv": [10, 0, 11, 1], "texture": "#0"}, "south": {"uv": [10, 0, 11, 1], "texture": "#0"}, "west": {"uv": [10, 0, 11, 1], "texture": "#0"}, "up": {"uv": [10, 0, 11, 1], "texture": "#0"}, "down": {"uv": [10, 0, 11, 1], "texture": "#0"} } }, { "name": "hexadecagon", "from": [7.8224, 10.01689, 1.92679], "to": [7.9724, 10.31689, 2.88157], "rotation": {"angle": -22.5, "axis": "x", "origin": [7.4724, 7.91689, 2.40418]}, "faces": { "north": {"uv": [14, 0, 15, 1], "texture": "#0"}, "east": {"uv": [14, 0, 15, 1], "texture": "#0"}, "south": {"uv": [14, 0, 15, 1], "texture": "#0"}, "west": {"uv": [14, 0, 15, 1], "texture": "#0"}, "up": {"uv": [14, 0, 15, 1], "texture": "#0"}, "down": {"uv": [14, 0, 15, 1], "texture": "#0"} } }, { "name": "hexadecagon", "from": [7.8224, 10.01689, 1.92679], "to": [7.9724, 10.31689, 2.88157], "rotation": {"angle": 0, "axis": "y", "origin": [7.4724, 7.91689, 2.40418]}, "faces": { "north": {"uv": [14, 0, 15, 1], "texture": "#0"}, "east": {"uv": [14, 0, 15, 1], "texture": "#0"}, "south": {"uv": [14, 0, 15, 1], "texture": "#0"}, "west": {"uv": [14, 0, 15, 1], "texture": "#0"}, "up": {"uv": [14, 0, 15, 1], "texture": "#0"}, "down": {"uv": [14, 0, 15, 1], "texture": "#0"} } }, { "name": "hexadecagon", "from": [7.8224, 10.01689, 1.92679], "to": [7.9724, 10.31689, 2.88157], "rotation": {"angle": 22.5, "axis": "x", "origin": [7.4724, 7.91689, 2.40418]}, "faces": { "north": {"uv": [14, 0, 15, 1], "texture": "#0"}, "east": {"uv": [14, 0, 15, 1], "texture": "#0"}, "south": {"uv": [14, 0, 15, 1], "texture": "#0"}, "west": {"uv": [14, 0, 15, 1], "texture": "#0"}, "up": {"uv": [14, 0, 15, 1], "texture": "#0"}, "down": {"uv": [14, 0, 15, 1], "texture": "#0"} } }, { "name": "hexadecagon", "from": [7.8224, 5.51689, 1.92679], "to": [7.9724, 5.81689, 2.88157], "rotation": {"angle": -22.5, "axis": "x", "origin": [7.4724, 7.91689, 2.40418]}, "faces": { "north": {"uv": [14, 0, 15, 1], "texture": "#0"}, "east": {"uv": [14, 0, 15, 1], "texture": "#0"}, "south": {"uv": [14, 0, 15, 1], "texture": "#0"}, "west": {"uv": [14, 0, 15, 1], "texture": "#0"}, "up": {"uv": [14, 0, 15, 1], "texture": "#0"}, "down": {"uv": [14, 0, 15, 1], "texture": "#0"} } }, { "name": "hexadecagon", "from": [7.8224, 5.51689, 1.92679], "to": [7.9724, 5.81689, 2.88157], "rotation": {"angle": 0, "axis": "y", "origin": [7.4724, 7.91689, 2.40418]}, "faces": { "north": {"uv": [14, 0, 15, 1], "texture": "#0"}, "east": {"uv": [14, 0, 15, 1], "texture": "#0"}, "south": {"uv": [14, 0, 15, 1], "texture": "#0"}, "west": {"uv": [14, 0, 15, 1], "texture": "#0"}, "up": {"uv": [14, 0, 15, 1], "texture": "#0"}, "down": {"uv": [14, 0, 15, 1], "texture": "#0"} } }, { "name": "hexadecagon", "from": [7.8224, 5.51689, 1.92679], "to": [7.9724, 5.81689, 2.88157], "rotation": {"angle": 22.5, "axis": "x", "origin": [7.4724, 7.91689, 2.40418]}, "faces": { "north": {"uv": [14, 0, 15, 1], "texture": "#0"}, "east": {"uv": [14, 0, 15, 1], "texture": "#0"}, "south": {"uv": [14, 0, 15, 1], "texture": "#0"}, "west": {"uv": [14, 0, 15, 1], "texture": "#0"}, "up": {"uv": [14, 0, 15, 1], "texture": "#0"}, "down": {"uv": [14, 0, 15, 1], "texture": "#0"} } }, { "name": "hexadecagon", "from": [7.8224, 7.4395, 0.00418], "to": [7.9724, 8.39428, 0.30418], "rotation": {"angle": -45, "axis": "x", "origin": [7.4724, 7.91689, 2.40418]}, "faces": { "north": {"uv": [14, 0, 15, 1], "texture": "#0"}, "east": {"uv": [14, 0, 15, 1], "texture": "#0"}, "south": {"uv": [14, 0, 15, 1], "texture": "#0"}, "west": {"uv": [14, 0, 15, 1], "texture": "#0"}, "up": {"uv": [14, 0, 15, 1], "texture": "#0"}, "down": {"uv": [14, 0, 15, 1], "texture": "#0"} } }, { "name": "hexadecagon", "from": [7.8224, 7.4395, 0.00418], "to": [7.9724, 8.39428, 0.30418], "rotation": {"angle": -22.5, "axis": "x", "origin": [7.4724, 7.91689, 2.40418]}, "faces": { "north": {"uv": [14, 0, 15, 1], "texture": "#0"}, "east": {"uv": [14, 0, 15, 1], "texture": "#0"}, "south": {"uv": [14, 0, 15, 1], "texture": "#0"}, "west": {"uv": [14, 0, 15, 1], "texture": "#0"}, "up": {"uv": [14, 0, 15, 1], "texture": "#0"}, "down": {"uv": [14, 0, 15, 1], "texture": "#0"} } }, { "name": "hexadecagon", "from": [7.8224, 7.4395, 0.00418], "to": [7.9724, 8.39428, 0.30418], "rotation": {"angle": 0, "axis": "y", "origin": [7.4724, 7.91689, 2.40418]}, "faces": { "north": {"uv": [14, 0, 15, 1], "texture": "#0"}, "east": {"uv": [14, 0, 15, 1], "texture": "#0"}, "south": {"uv": [14, 0, 15, 1], "texture": "#0"}, "west": {"uv": [14, 0, 15, 1], "texture": "#0"}, "up": {"uv": [14, 0, 15, 1], "texture": "#0"}, "down": {"uv": [14, 0, 15, 1], "texture": "#0"} } }, { "name": "hexadecagon", "from": [7.8224, 7.4395, 0.00418], "to": [7.9724, 8.39428, 0.30418], "rotation": {"angle": 22.5, "axis": "x", "origin": [7.4724, 7.91689, 2.40418]}, "faces": { "north": {"uv": [14, 0, 15, 1], "texture": "#0"}, "east": {"uv": [14, 0, 15, 1], "texture": "#0"}, "south": {"uv": [14, 0, 15, 1], "texture": "#0"}, "west": {"uv": [14, 0, 15, 1], "texture": "#0"}, "up": {"uv": [14, 0, 15, 1], "texture": "#0"}, "down": {"uv": [14, 0, 15, 1], "texture": "#0"} } }, { "name": "hexadecagon", "from": [7.8224, 7.4395, 0.00418], "to": [7.9724, 8.39428, 0.30418], "rotation": {"angle": 45, "axis": "x", "origin": [7.4724, 7.91689, 2.40418]}, "faces": { "north": {"uv": [14, 0, 15, 1], "texture": "#0"}, "east": {"uv": [14, 0, 15, 1], "texture": "#0"}, "south": {"uv": [14, 0, 15, 1], "texture": "#0"}, "west": {"uv": [14, 0, 15, 1], "texture": "#0"}, "up": {"uv": [14, 0, 15, 1], "texture": "#0"}, "down": {"uv": [14, 0, 15, 1], "texture": "#0"} } }, { "name": "hexadecagon", "from": [7.8224, 7.4395, 4.50418], "to": [7.9724, 8.39428, 4.80418], "rotation": {"angle": -45, "axis": "x", "origin": [7.4724, 7.91689, 2.40418]}, "faces": { "north": {"uv": [14, 0, 15, 1], "texture": "#0"}, "east": {"uv": [14, 0, 15, 1], "texture": "#0"}, "south": {"uv": [14, 0, 15, 1], "texture": "#0"}, "west": {"uv": [14, 0, 15, 1], "texture": "#0"}, "up": {"uv": [14, 0, 15, 1], "texture": "#0"}, "down": {"uv": [14, 0, 15, 1], "texture": "#0"} } }, { "name": "hexadecagon", "from": [7.8224, 7.4395, 4.50418], "to": [7.9724, 8.39428, 4.80418], "rotation": {"angle": -22.5, "axis": "x", "origin": [7.4724, 7.91689, 2.40418]}, "faces": { "north": {"uv": [14, 0, 15, 1], "texture": "#0"}, "east": {"uv": [14, 0, 15, 1], "texture": "#0"}, "south": {"uv": [14, 0, 15, 1], "texture": "#0"}, "west": {"uv": [14, 0, 15, 1], "texture": "#0"}, "up": {"uv": [14, 0, 15, 1], "texture": "#0"}, "down": {"uv": [14, 0, 15, 1], "texture": "#0"} } }, { "name": "hexadecagon", "from": [7.8224, 7.4395, 4.50418], "to": [7.9724, 8.39428, 4.80418], "rotation": {"angle": 22.5, "axis": "x", "origin": [7.4724, 7.91689, 2.40418]}, "faces": { "north": {"uv": [14, 0, 15, 1], "texture": "#0"}, "east": {"uv": [14, 0, 15, 1], "texture": "#0"}, "south": {"uv": [14, 0, 15, 1], "texture": "#0"}, "west": {"uv": [14, 0, 15, 1], "texture": "#0"}, "up": {"uv": [14, 0, 15, 1], "texture": "#0"}, "down": {"uv": [14, 0, 15, 1], "texture": "#0"} } }, { "name": "hexadecagon", "from": [7.8224, 7.4395, 4.50418], "to": [7.9724, 8.39428, 4.80418], "rotation": {"angle": 45, "axis": "x", "origin": [7.4724, 7.91689, 2.40418]}, "faces": { "north": {"uv": [14, 0, 15, 1], "texture": "#0"}, "east": {"uv": [14, 0, 15, 1], "texture": "#0"}, "south": {"uv": [14, 0, 15, 1], "texture": "#0"}, "west": {"uv": [14, 0, 15, 1], "texture": "#0"}, "up": {"uv": [14, 0, 15, 1], "texture": "#0"}, "down": {"uv": [14, 0, 15, 1], "texture": "#0"} } }, { "name": "hexadecagon", "from": [7.8224, 7.4395, 11.19727], "to": [7.9724, 8.39428, 11.49727], "rotation": {"angle": -22.5, "axis": "x", "origin": [7.4724, 7.91689, 13.59727]}, "faces": { "north": {"uv": [14, 0, 15, 1], "texture": "#0"}, "east": {"uv": [14, 0, 15, 1], "texture": "#0"}, "south": {"uv": [14, 0, 15, 1], "texture": "#0"}, "west": {"uv": [14, 0, 15, 1], "texture": "#0"}, "up": {"uv": [14, 0, 15, 1], "texture": "#0"}, "down": {"uv": [14, 0, 15, 1], "texture": "#0"} } }, { "name": "hexadecagon", "from": [7.8224, 7.20053, 11.02573], "to": [7.9724, 8.394, 11.27573], "rotation": {"angle": 0, "axis": "x", "origin": [7.4724, 7.79726, 14.02573]}, "faces": { "north": {"uv": [14, 0, 15, 1], "texture": "#0"}, "east": {"uv": [14, 0, 15, 1], "texture": "#0"}, "south": {"uv": [14, 0, 15, 1], "texture": "#0"}, "west": {"uv": [14, 0, 15, 1], "texture": "#0"}, "up": {"uv": [14, 0, 15, 1], "texture": "#0"}, "down": {"uv": [14, 0, 15, 1], "texture": "#0"} } }, { "name": "hexadecagon", "from": [7.8224, 7.4395, 11.19727], "to": [7.9724, 8.39428, 11.49727], "rotation": {"angle": 22.5, "axis": "x", "origin": [7.4724, 7.91689, 13.59727]}, "faces": { "north": {"uv": [14, 0, 15, 1], "texture": "#0"}, "east": {"uv": [14, 0, 15, 1], "texture": "#0"}, "south": {"uv": [14, 0, 15, 1], "texture": "#0"}, "west": {"uv": [14, 0, 15, 1], "texture": "#0"}, "up": {"uv": [14, 0, 15, 1], "texture": "#0"}, "down": {"uv": [14, 0, 15, 1], "texture": "#0"} } }, { "name": "hexadecagon", "from": [7.8224, 7.4395, 11.19727], "to": [7.9724, 8.39428, 11.49727], "rotation": {"angle": 45, "axis": "x", "origin": [7.4724, 7.91689, 13.59727]}, "faces": { "north": {"uv": [14, 0, 15, 1], "texture": "#0"}, "east": {"uv": [14, 0, 15, 1], "texture": "#0"}, "south": {"uv": [14, 0, 15, 1], "texture": "#0"}, "west": {"uv": [14, 0, 15, 1], "texture": "#0"}, "up": {"uv": [14, 0, 15, 1], "texture": "#0"}, "down": {"uv": [14, 0, 15, 1], "texture": "#0"} } }, { "name": "hexadecagon", "from": [7.8224, 7.4395, 15.69727], "to": [7.9724, 8.39428, 15.99727], "rotation": {"angle": -45, "axis": "x", "origin": [7.4724, 7.91689, 13.59727]}, "faces": { "north": {"uv": [14, 0, 15, 1], "texture": "#0"}, "east": {"uv": [14, 0, 15, 1], "texture": "#0"}, "south": {"uv": [14, 0, 15, 1], "texture": "#0"}, "west": {"uv": [14, 0, 15, 1], "texture": "#0"}, "up": {"uv": [14, 0, 15, 1], "texture": "#0"}, "down": {"uv": [14, 0, 15, 1], "texture": "#0"} } }, { "name": "hexadecagon", "from": [7.8224, 7.4395, 15.69727], "to": [7.9724, 8.39428, 15.99727], "rotation": {"angle": -22.5, "axis": "x", "origin": [7.4724, 7.91689, 13.59727]}, "faces": { "north": {"uv": [14, 0, 15, 1], "texture": "#0"}, "east": {"uv": [14, 0, 15, 1], "texture": "#0"}, "south": {"uv": [14, 0, 15, 1], "texture": "#0"}, "west": {"uv": [14, 0, 15, 1], "texture": "#0"}, "up": {"uv": [14, 0, 15, 1], "texture": "#0"}, "down": {"uv": [14, 0, 15, 1], "texture": "#0"} } }, { "name": "hexadecagon", "from": [7.8224, 7.4395, 15.69727], "to": [7.9724, 8.39428, 15.99727], "rotation": {"angle": 0, "axis": "x", "origin": [7.4724, 7.91689, 13.59727]}, "faces": { "north": {"uv": [14, 0, 15, 1], "texture": "#0"}, "east": {"uv": [14, 0, 15, 1], "texture": "#0"}, "south": {"uv": [14, 0, 15, 1], "texture": "#0"}, "west": {"uv": [14, 0, 15, 1], "texture": "#0"}, "up": {"uv": [14, 0, 15, 1], "texture": "#0"}, "down": {"uv": [14, 0, 15, 1], "texture": "#0"} } }, { "name": "hexadecagon", "from": [7.8224, 7.4395, 15.69727], "to": [7.9724, 8.39428, 15.99727], "rotation": {"angle": 22.5, "axis": "x", "origin": [7.4724, 7.91689, 13.59727]}, "faces": { "north": {"uv": [14, 0, 15, 1], "texture": "#0"}, "east": {"uv": [14, 0, 15, 1], "texture": "#0"}, "south": {"uv": [14, 0, 15, 1], "texture": "#0"}, "west": {"uv": [14, 0, 15, 1], "texture": "#0"}, "up": {"uv": [14, 0, 15, 1], "texture": "#0"}, "down": {"uv": [14, 0, 15, 1], "texture": "#0"} } }, { "name": "hexadecagon", "from": [7.8224, 7.4395, 15.69727], "to": [7.9724, 8.39428, 15.99727], "rotation": {"angle": 45, "axis": "x", "origin": [7.4724, 7.91689, 13.59727]}, "faces": { "north": {"uv": [14, 0, 15, 1], "texture": "#0"}, "east": {"uv": [14, 0, 15, 1], "texture": "#0"}, "south": {"uv": [14, 0, 15, 1], "texture": "#0"}, "west": {"uv": [14, 0, 15, 1], "texture": "#0"}, "up": {"uv": [14, 0, 15, 1], "texture": "#0"}, "down": {"uv": [14, 0, 15, 1], "texture": "#0"} } }, { "name": "hexadecagon", "from": [7.8224, 5.51689, 13.11988], "to": [7.9724, 5.81689, 14.07466], "rotation": {"angle": -22.5, "axis": "x", "origin": [7.4724, 7.91689, 13.59727]}, "faces": { "north": {"uv": [14, 0, 15, 1], "texture": "#0"}, "east": {"uv": [14, 0, 15, 1], "texture": "#0"}, "south": {"uv": [14, 0, 15, 1], "texture": "#0"}, "west": {"uv": [14, 0, 15, 1], "texture": "#0"}, "up": {"uv": [14, 0, 15, 1], "texture": "#0"}, "down": {"uv": [14, 0, 15, 1], "texture": "#0"} } }, { "name": "hexadecagon", "from": [7.8224, 5.51689, 13.11988], "to": [7.9724, 5.81689, 14.07466], "rotation": {"angle": 0, "axis": "x", "origin": [7.4724, 7.91689, 13.59727]}, "faces": { "north": {"uv": [14, 0, 15, 1], "texture": "#0"}, "east": {"uv": [14, 0, 15, 1], "texture": "#0"}, "south": {"uv": [14, 0, 15, 1], "texture": "#0"}, "west": {"uv": [14, 0, 15, 1], "texture": "#0"}, "up": {"uv": [14, 0, 15, 1], "texture": "#0"}, "down": {"uv": [14, 0, 15, 1], "texture": "#0"} } }, { "name": "hexadecagon", "from": [7.8224, 5.51689, 13.11988], "to": [7.9724, 5.81689, 14.07466], "rotation": {"angle": 22.5, "axis": "x", "origin": [7.4724, 7.91689, 13.59727]}, "faces": { "north": {"uv": [14, 0, 15, 1], "texture": "#0"}, "east": {"uv": [14, 0, 15, 1], "texture": "#0"}, "south": {"uv": [14, 0, 15, 1], "texture": "#0"}, "west": {"uv": [14, 0, 15, 1], "texture": "#0"}, "up": {"uv": [14, 0, 15, 1], "texture": "#0"}, "down": {"uv": [14, 0, 15, 1], "texture": "#0"} } }, { "name": "hexadecagon", "from": [7.8224, 10.01689, 13.11988], "to": [7.9724, 10.31689, 14.07466], "rotation": {"angle": -22.5, "axis": "x", "origin": [7.4724, 7.91689, 13.59727]}, "faces": { "north": {"uv": [14, 0, 15, 1], "texture": "#0"}, "east": {"uv": [14, 0, 15, 1], "texture": "#0"}, "south": {"uv": [14, 0, 15, 1], "texture": "#0"}, "west": {"uv": [14, 0, 15, 1], "texture": "#0"}, "up": {"uv": [14, 0, 15, 1], "texture": "#0"}, "down": {"uv": [14, 0, 15, 1], "texture": "#0"} } }, { "name": "hexadecagon", "from": [7.8224, 10.01689, 13.11988], "to": [7.9724, 10.31689, 14.07466], "rotation": {"angle": 0, "axis": "x", "origin": [7.4724, 7.91689, 13.59727]}, "faces": { "north": {"uv": [14, 0, 15, 1], "texture": "#0"}, "east": {"uv": [14, 0, 15, 1], "texture": "#0"}, "south": {"uv": [14, 0, 15, 1], "texture": "#0"}, "west": {"uv": [14, 0, 15, 1], "texture": "#0"}, "up": {"uv": [14, 0, 15, 1], "texture": "#0"}, "down": {"uv": [14, 0, 15, 1], "texture": "#0"} } }, { "name": "hexadecagon", "from": [7.8224, 10.01689, 13.11988], "to": [7.9724, 10.31689, 14.07466], "rotation": {"angle": 22.5, "axis": "x", "origin": [7.4724, 7.91689, 13.59727]}, "faces": { "north": {"uv": [14, 0, 15, 1], "texture": "#0"}, "east": {"uv": [14, 0, 15, 1], "texture": "#0"}, "south": {"uv": [14, 0, 15, 1], "texture": "#0"}, "west": {"uv": [14, 0, 15, 1], "texture": "#0"}, "up": {"uv": [14, 0, 15, 1], "texture": "#0"}, "down": {"uv": [14, 0, 15, 1], "texture": "#0"} } }, { "name": "hexadecagon", "from": [7.8224, 6.70053, 11.07573], "to": [8.2224, 8.894, 11.47573], "rotation": {"angle": 0, "axis": "y", "origin": [7.7224, 7.79726, 14.27573]}, "faces": { "north": {"uv": [14, 0, 15, 1], "texture": "#0"}, "east": {"uv": [14, 0, 15, 1], "texture": "#0"}, "south": {"uv": [14, 0, 15, 1], "texture": "#0"}, "west": {"uv": [14, 0, 15, 1], "texture": "#0"}, "up": {"uv": [14, 0, 15, 1], "texture": "#0"}, "down": {"uv": [14, 0, 15, 1], "texture": "#0"} } }, { "name": "hexadecagon", "from": [7.8224, 6.70053, 10.32573], "to": [8.2224, 8.894, 10.72573], "rotation": {"angle": 0, "axis": "y", "origin": [7.7224, 7.79726, 13.52573]}, "faces": { "north": {"uv": [14, 0, 15, 1], "texture": "#0"}, "east": {"uv": [14, 0, 15, 1], "texture": "#0"}, "south": {"uv": [14, 0, 15, 1], "texture": "#0"}, "west": {"uv": [14, 0, 15, 1], "texture": "#0"}, "up": {"uv": [14, 0, 15, 1], "texture": "#0"}, "down": {"uv": [14, 0, 15, 1], "texture": "#0"} } }, { "name": "hexadecagon", "from": [7.7724, 8.57553, 11.17573], "to": [8.3224, 8.77553, 11.37573], "rotation": {"angle": 0, "axis": "y", "origin": [7.7224, 7.89726, 14.17573]}, "faces": { "north": {"uv": [0, 0, 1, 1], "texture": "#0"}, "east": {"uv": [0, 0, 1, 1], "texture": "#0"}, "south": {"uv": [0, 0, 1, 1], "texture": "#0"}, "west": {"uv": [0, 0, 1, 1], "texture": "#0"}, "up": {"uv": [0, 0, 1, 1], "texture": "#0"}, "down": {"uv": [0, 0, 1, 1], "texture": "#0"} } }, { "name": "hexadecagon", "from": [7.7724, 8.42553, 10.42573], "to": [8.3224, 8.62553, 10.62573], "rotation": {"angle": 0, "axis": "y", "origin": [7.7224, 7.74726, 7.62573]}, "faces": { "north": {"uv": [0, 0, 1, 1], "texture": "#0"}, "east": {"uv": [0, 0, 1, 1], "texture": "#0"}, "south": {"uv": [0, 0, 1, 1], "texture": "#0"}, "west": {"uv": [0, 0, 1, 1], "texture": "#0"}, "up": {"uv": [0, 0, 1, 1], "texture": "#0"}, "down": {"uv": [0, 0, 1, 1], "texture": "#0"} } }, { "name": "hexadecagon", "from": [7.7724, 6.819, 11.17573], "to": [8.3224, 7.019, 11.37573], "rotation": {"angle": 0, "axis": "y", "origin": [7.7224, 7.69726, 14.17573]}, "faces": { "north": {"uv": [0, 0, 1, 1], "texture": "#0"}, "east": {"uv": [0, 0, 1, 1], "texture": "#0"}, "south": {"uv": [0, 0, 1, 1], "texture": "#0"}, "west": {"uv": [0, 0, 1, 1], "texture": "#0"}, "up": {"uv": [0, 0, 1, 1], "texture": "#0"}, "down": {"uv": [0, 0, 1, 1], "texture": "#0"} } }, { "name": "hexadecagon", "from": [7.7724, 6.969, 10.42573], "to": [8.3224, 7.169, 10.62573], "rotation": {"angle": 0, "axis": "y", "origin": [7.7224, 7.84726, 7.62573]}, "faces": { "north": {"uv": [0, 0, 1, 1], "texture": "#0"}, "east": {"uv": [0, 0, 1, 1], "texture": "#0"}, "south": {"uv": [0, 0, 1, 1], "texture": "#0"}, "west": {"uv": [0, 0, 1, 1], "texture": "#0"}, "up": {"uv": [0, 0, 1, 1], "texture": "#0"}, "down": {"uv": [0, 0, 1, 1], "texture": "#0"} } }, { "name": "hexadecagon", "from": [7.8224, 8.17553, 10.52573], "to": [8.2224, 9.094, 11.27573], "rotation": {"angle": 0, "axis": "y", "origin": [7.7224, 7.79726, 14.27573]}, "faces": { "north": {"uv": [14, 0, 15, 1], "texture": "#0"}, "east": {"uv": [14, 0, 15, 1], "texture": "#0"}, "south": {"uv": [14, 0, 15, 1], "texture": "#0"}, "west": {"uv": [14, 0, 15, 1], "texture": "#0"}, "up": {"uv": [14, 0, 15, 1], "texture": "#0"}, "down": {"uv": [14, 0, 15, 1], "texture": "#0"} } }, { "name": "hexadecagon", "from": [7.8224, 6.50112, 10.52513], "to": [8.2224, 7.6446, 11.27513], "rotation": {"angle": 0, "axis": "y", "origin": [7.7224, 5.64786, 14.27513]}, "faces": { "north": {"uv": [14, 0, 15, 1], "texture": "#0"}, "east": {"uv": [14, 0, 15, 1], "texture": "#0"}, "south": {"uv": [14, 0, 15, 1], "texture": "#0"}, "west": {"uv": [14, 0, 15, 1], "texture": "#0"}, "up": {"uv": [14, 0, 15, 1], "texture": "#0"}, "down": {"uv": [14, 0, 15, 1], "texture": "#0"} } }, { "name": "hexadecagon", "from": [7.8224, 7.4946, 10.95013], "to": [8.2224, 7.8446, 11.27513], "rotation": {"angle": 0, "axis": "y", "origin": [7.7224, 5.64786, 14.27513]}, "faces": { "north": {"uv": [14, 0, 15, 1], "texture": "#0"}, "east": {"uv": [14, 0, 15, 1], "texture": "#0"}, "south": {"uv": [14, 0, 15, 1], "texture": "#0"}, "west": {"uv": [14, 0, 15, 1], "texture": "#0"}, "up": {"uv": [14, 0, 15, 1], "texture": "#0"}, "down": {"uv": [14, 0, 15, 1], "texture": "#0"} } }, { "name": "hexadecagon", "from": [8.0724, 8.1446, 11.05013], "to": [8.2224, 8.4946, 11.37513], "rotation": {"angle": 0, "axis": "y", "origin": [7.7224, 6.29786, 14.37513]}, "faces": { "north": {"uv": [14, 0, 15, 1], "texture": "#0"}, "east": {"uv": [14, 0, 15, 1], "texture": "#0"}, "south": {"uv": [14, 0, 15, 1], "texture": "#0"}, "west": {"uv": [14, 0, 15, 1], "texture": "#0"}, "up": {"uv": [14, 0, 15, 1], "texture": "#0"}, "down": {"uv": [14, 0, 15, 1], "texture": "#0"} } }, { "name": "hexadecagon", "from": [7.8224, 7.3196, 10.92513], "to": [8.2224, 7.6696, 11.25013], "rotation": {"angle": 0, "axis": "y", "origin": [7.7224, 5.47286, 14.25013]}, "faces": { "north": {"uv": [14, 0, 15, 1], "texture": "#0"}, "east": {"uv": [14, 0, 15, 1], "texture": "#0"}, "south": {"uv": [14, 0, 15, 1], "texture": "#0"}, "west": {"uv": [14, 0, 15, 1], "texture": "#0"}, "up": {"uv": [14, 0, 15, 1], "texture": "#0"}, "down": {"uv": [14, 0, 15, 1], "texture": "#0"} } }, { "name": "hexadecagon", "from": [7.8224, 7.5196, 11.05013], "to": [8.2224, 7.8696, 11.37513], "rotation": {"angle": 0, "axis": "y", "origin": [7.7224, 5.67286, 14.37513]}, "faces": { "north": {"uv": [14, 0, 15, 1], "texture": "#0"}, "east": {"uv": [14, 0, 15, 1], "texture": "#0"}, "south": {"uv": [14, 0, 15, 1], "texture": "#0"}, "west": {"uv": [14, 0, 15, 1], "texture": "#0"}, "up": {"uv": [14, 0, 15, 1], "texture": "#0"}, "down": {"uv": [14, 0, 15, 1], "texture": "#0"} } }, { "name": "hexadecagon", "from": [7.8224, 7.5196, 10.42513], "to": [8.2224, 7.8696, 10.75013], "rotation": {"angle": 0, "axis": "y", "origin": [7.7224, 5.67286, 13.75013]}, "faces": { "north": {"uv": [14, 0, 15, 1], "texture": "#0"}, "east": {"uv": [14, 0, 15, 1], "texture": "#0"}, "south": {"uv": [14, 0, 15, 1], "texture": "#0"}, "west": {"uv": [14, 0, 15, 1], "texture": "#0"}, "up": {"uv": [14, 0, 15, 1], "texture": "#0"}, "down": {"uv": [14, 0, 15, 1], "texture": "#0"} } }, { "name": "hexadecagon", "from": [7.8224, 7.3196, 10.55013], "to": [8.2224, 7.6696, 10.87513], "rotation": {"angle": 0, "axis": "y", "origin": [7.7224, 5.47286, 13.87513]}, "faces": { "north": {"uv": [14, 0, 15, 1], "texture": "#0"}, "east": {"uv": [14, 0, 15, 1], "texture": "#0"}, "south": {"uv": [14, 0, 15, 1], "texture": "#0"}, "west": {"uv": [14, 0, 15, 1], "texture": "#0"}, "up": {"uv": [14, 0, 15, 1], "texture": "#0"}, "down": {"uv": [14, 0, 15, 1], "texture": "#0"} } }, { "name": "hexadecagon", "from": [7.8224, 8.1446, 10.42513], "to": [8.2224, 8.4946, 10.75013], "rotation": {"angle": 0, "axis": "y", "origin": [7.7224, 6.29786, 13.75013]}, "faces": { "north": {"uv": [14, 0, 15, 1], "texture": "#0"}, "east": {"uv": [14, 0, 15, 1], "texture": "#0"}, "south": {"uv": [14, 0, 15, 1], "texture": "#0"}, "west": {"uv": [14, 0, 15, 1], "texture": "#0"}, "up": {"uv": [14, 0, 15, 1], "texture": "#0"}, "down": {"uv": [14, 0, 15, 1], "texture": "#0"} } }, { "name": "hexadecagon", "from": [7.8224, 7.494, 10.52573], "to": [8.2224, 7.844, 10.85073], "rotation": {"angle": 0, "axis": "y", "origin": [7.7224, 5.64726, 13.87573]}, "faces": { "north": {"uv": [14, 0, 15, 1], "texture": "#0"}, "east": {"uv": [14, 0, 15, 1], "texture": "#0"}, "south": {"uv": [14, 0, 15, 1], "texture": "#0"}, "west": {"uv": [14, 0, 15, 1], "texture": "#0"}, "up": {"uv": [14, 0, 15, 1], "texture": "#0"}, "down": {"uv": [14, 0, 15, 1], "texture": "#0"} } }, { "name": "hexadecagon", "from": [7.8224, 6.37375, 11.26463], "to": [8.2224, 6.96723, 11.54663], "rotation": {"angle": 45, "axis": "x", "origin": [8.0974, 7.67049, 11.18963]}, "faces": { "north": {"uv": [14, 0, 15, 1], "texture": "#0"}, "east": {"uv": [14, 0, 15, 1], "texture": "#0"}, "south": {"uv": [14, 0, 15, 1], "texture": "#0"}, "west": {"uv": [14, 0, 15, 1], "texture": "#0"}, "up": {"uv": [14, 0, 15, 1], "texture": "#0"}, "down": {"uv": [14, 0, 15, 1], "texture": "#0"} } }, { "name": "hexadecagon", "from": [7.8224, 8.48774, 11.0246], "to": [8.2224, 9.08121, 11.3066], "rotation": {"angle": 45, "axis": "x", "origin": [8.0974, 8.78447, 11.1656]}, "faces": { "north": {"uv": [14, 0, 15, 1], "texture": "#0"}, "east": {"uv": [14, 0, 15, 1], "texture": "#0"}, "south": {"uv": [14, 0, 15, 1], "texture": "#0"}, "west": {"uv": [14, 0, 15, 1], "texture": "#0"}, "up": {"uv": [14, 0, 15, 1], "texture": "#0"}, "down": {"uv": [14, 0, 15, 1], "texture": "#0"} } }, { "name": "hexadecagon", "from": [7.8224, 8.6273, 11.26463], "to": [8.2224, 9.22077, 11.54663], "rotation": {"angle": -45, "axis": "x", "origin": [8.0974, 7.92403, 11.18963]}, "faces": { "north": {"uv": [14, 0, 15, 1], "texture": "#0"}, "east": {"uv": [14, 0, 15, 1], "texture": "#0"}, "south": {"uv": [14, 0, 15, 1], "texture": "#0"}, "west": {"uv": [14, 0, 15, 1], "texture": "#0"}, "up": {"uv": [14, 0, 15, 1], "texture": "#0"}, "down": {"uv": [14, 0, 15, 1], "texture": "#0"} } }, { "name": "hexadecagon", "from": [7.8224, 6.51331, 11.0246], "to": [8.2224, 7.10679, 11.3066], "rotation": {"angle": -45, "axis": "x", "origin": [8.0974, 6.81005, 11.1656]}, "faces": { "north": {"uv": [14, 0, 15, 1], "texture": "#0"}, "east": {"uv": [14, 0, 15, 1], "texture": "#0"}, "south": {"uv": [14, 0, 15, 1], "texture": "#0"}, "west": {"uv": [14, 0, 15, 1], "texture": "#0"}, "up": {"uv": [14, 0, 15, 1], "texture": "#0"}, "down": {"uv": [14, 0, 15, 1], "texture": "#0"} } }, { "name": "hexadecagon", "from": [7.9724, 7.4395, 11.21727], "to": [8.1224, 8.39428, 11.49727], "rotation": {"angle": 22.5, "axis": "x", "origin": [7.7224, 7.91689, 13.59727]}, "faces": { "north": {"uv": [10, 0, 11, 1], "texture": "#0"}, "east": {"uv": [10, 0, 11, 1], "texture": "#0"}, "south": {"uv": [10, 0, 11, 1], "texture": "#0"}, "west": {"uv": [10, 0, 11, 1], "texture": "#0"}, "up": {"uv": [10, 0, 11, 1], "texture": "#0"}, "down": {"uv": [10, 0, 11, 1], "texture": "#0"} } }, { "name": "hexadecagon", "from": [7.9724, 9.06526, 11.89233], "to": [8.1224, 10.00004, 12.17233], "rotation": {"angle": 45, "axis": "x", "origin": [8.0974, 9.54265, 11.98233]}, "faces": { "north": {"uv": [10, 0, 11, 1], "texture": "#0"}, "east": {"uv": [10, 0, 11, 1], "texture": "#0"}, "south": {"uv": [10, 0, 11, 1], "texture": "#0"}, "west": {"uv": [10, 0, 11, 1], "texture": "#0"}, "up": {"uv": [10, 0, 11, 1], "texture": "#0"}, "down": {"uv": [10, 0, 11, 1], "texture": "#0"} } }, { "name": "hexadecagon", "from": [7.9724, 9.83925, 14.00144], "to": [8.1224, 10.11925, 14.95622], "rotation": {"angle": 22.5, "axis": "x", "origin": [8.0974, 10.02925, 14.47883]}, "faces": { "north": {"uv": [10, 0, 11, 1], "rotation": 270, "texture": "#0"}, "east": {"uv": [10, 0, 11, 1], "rotation": 270, "texture": "#0"}, "south": {"uv": [10, 0, 11, 1], "rotation": 270, "texture": "#0"}, "west": {"uv": [10, 0, 11, 1], "rotation": 270, "texture": "#0"}, "up": {"uv": [10, 0, 11, 1], "rotation": 270, "texture": "#0"}, "down": {"uv": [10, 0, 11, 1], "rotation": 270, "texture": "#0"} } }, { "name": "hexadecagon", "from": [7.9724, 9.06526, 15.0241], "to": [8.1224, 10.00004, 15.3041], "rotation": {"angle": -45, "axis": "x", "origin": [8.0974, 9.54265, 15.2141]}, "faces": { "north": {"uv": [10, 0, 11, 1], "texture": "#0"}, "east": {"uv": [10, 0, 11, 1], "texture": "#0"}, "south": {"uv": [10, 0, 11, 1], "texture": "#0"}, "west": {"uv": [10, 0, 11, 1], "texture": "#0"}, "up": {"uv": [10, 0, 11, 1], "texture": "#0"}, "down": {"uv": [10, 0, 11, 1], "texture": "#0"} } }, { "name": "hexadecagon", "from": [7.9724, 8.33508, 15.52102], "to": [8.1224, 9.26986, 15.80102], "rotation": {"angle": -22.5, "axis": "x", "origin": [8.0974, 8.80247, 15.71102]}, "faces": { "north": {"uv": [10, 0, 11, 1], "texture": "#0"}, "east": {"uv": [10, 0, 11, 1], "texture": "#0"}, "south": {"uv": [10, 0, 11, 1], "texture": "#0"}, "west": {"uv": [10, 0, 11, 1], "texture": "#0"}, "up": {"uv": [10, 0, 11, 1], "texture": "#0"}, "down": {"uv": [10, 0, 11, 1], "texture": "#0"} } }, { "name": "hexadecagon", "from": [7.9724, 7.47032, 15.69303], "to": [8.1224, 8.4051, 15.97303], "rotation": {"angle": 0, "axis": "x", "origin": [8.0974, 7.93771, 15.88303]}, "faces": { "north": {"uv": [10, 0, 11, 1], "texture": "#0"}, "east": {"uv": [10, 0, 11, 1], "texture": "#0"}, "south": {"uv": [10, 0, 11, 1], "texture": "#0"}, "west": {"uv": [10, 0, 11, 1], "texture": "#0"}, "up": {"uv": [10, 0, 11, 1], "texture": "#0"}, "down": {"uv": [10, 0, 11, 1], "texture": "#0"} } }, { "name": "hexadecagon", "from": [7.9724, 9.83925, 12.24022], "to": [8.1224, 10.11925, 13.195], "rotation": {"angle": -22.5, "axis": "x", "origin": [8.0974, 10.02925, 12.71761]}, "faces": { "north": {"uv": [10, 0, 11, 1], "rotation": 270, "texture": "#0"}, "east": {"uv": [10, 0, 11, 1], "rotation": 270, "texture": "#0"}, "south": {"uv": [10, 0, 11, 1], "rotation": 270, "texture": "#0"}, "west": {"uv": [10, 0, 11, 1], "rotation": 270, "texture": "#0"}, "up": {"uv": [10, 0, 11, 1], "rotation": 270, "texture": "#0"}, "down": {"uv": [10, 0, 11, 1], "rotation": 270, "texture": "#0"} } }, { "name": "hexadecagon", "from": [7.9724, 10.01509, 13.12422], "to": [8.1224, 10.29509, 14.07222], "rotation": {"angle": 0, "axis": "x", "origin": [8.0974, 10.20509, 13.60161]}, "faces": { "north": {"uv": [10, 0, 11, 1], "rotation": 270, "texture": "#0"}, "east": {"uv": [10, 0, 11, 1], "rotation": 270, "texture": "#0"}, "south": {"uv": [10, 0, 11, 1], "rotation": 270, "texture": "#0"}, "west": {"uv": [10, 0, 11, 1], "rotation": 270, "texture": "#0"}, "up": {"uv": [10, 0, 11, 1], "rotation": 270, "texture": "#0"}, "down": {"uv": [10, 0, 11, 1], "rotation": 270, "texture": "#0"} } }, { "name": "hexadecagon", "from": [7.7724, 7.79032, 15.76727], "to": [8.2224, 7.9451, 15.88727], "rotation": {"angle": 0, "axis": "y", "origin": [7.7224, 7.86771, 13.58303]}, "faces": { "north": {"uv": [0, 0, 1, 1], "texture": "#0"}, "east": {"uv": [0, 0, 1, 1], "texture": "#0"}, "south": {"uv": [0, 0, 1, 1], "texture": "#0"}, "west": {"uv": [0, 0, 1, 1], "texture": "#0"}, "up": {"uv": [0, 0, 1, 1], "texture": "#0"}, "down": {"uv": [0, 0, 1, 1], "texture": "#0"} } }, { "name": "hexadecagon", "from": [8.3974, 7.72553, 8.52573], "to": [8.4224, 7.869, 9.07573], "rotation": {"angle": 0, "axis": "y", "origin": [8.3599, 7.79726, 8.80073]}, "faces": { "north": {"uv": [14, 0, 15, 1], "texture": "#0"}, "east": {"uv": [14, 0, 15, 1], "texture": "#0"}, "south": {"uv": [14, 0, 15, 1], "texture": "#0"}, "west": {"uv": [14, 0, 15, 1], "texture": "#0"}, "up": {"uv": [14, 0, 15, 1], "texture": "#0"}, "down": {"uv": [14, 0, 15, 1], "texture": "#0"} } }, { "name": "hexadecagon", "from": [8.12893, 7.52226, 8.87573], "to": [8.1724, 8.07226, 9.00073], "rotation": {"angle": 0, "axis": "y", "origin": [8.10067, 7.42226, 11.80073]}, "faces": { "north": {"uv": [14, 0, 15, 1], "rotation": 270, "texture": "#0"}, "east": {"uv": [14, 0, 15, 1], "rotation": 270, "texture": "#0"}, "south": {"uv": [14, 0, 15, 1], "rotation": 270, "texture": "#0"}, "west": {"uv": [14, 0, 15, 1], "rotation": 270, "texture": "#0"}, "up": {"uv": [14, 0, 15, 1], "rotation": 270, "texture": "#0"}, "down": {"uv": [14, 0, 15, 1], "rotation": 270, "texture": "#0"} } }, { "name": "hexadecagon", "from": [8.12893, 7.47226, 8.92573], "to": [8.1724, 7.59726, 9.47573], "rotation": {"angle": 0, "axis": "y", "origin": [8.10067, 7.53476, 9.20073]}, "faces": { "north": {"uv": [14, 0, 15, 1], "rotation": 180, "texture": "#0"}, "east": {"uv": [14, 0, 15, 1], "rotation": 180, "texture": "#0"}, "south": {"uv": [14, 0, 15, 1], "rotation": 180, "texture": "#0"}, "west": {"uv": [14, 0, 15, 1], "rotation": 180, "texture": "#0"}, "up": {"uv": [14, 0, 15, 1], "rotation": 180, "texture": "#0"}, "down": {"uv": [14, 0, 15, 1], "rotation": 180, "texture": "#0"} } }, { "name": "hexadecagon", "from": [8.12893, 7.52226, 9.40073], "to": [8.1724, 8.07226, 9.52573], "rotation": {"angle": 0, "axis": "y", "origin": [8.10067, 7.42226, 12.32573]}, "faces": { "north": {"uv": [14, 0, 15, 1], "rotation": 270, "texture": "#0"}, "east": {"uv": [14, 0, 15, 1], "rotation": 270, "texture": "#0"}, "south": {"uv": [14, 0, 15, 1], "rotation": 270, "texture": "#0"}, "west": {"uv": [14, 0, 15, 1], "rotation": 270, "texture": "#0"}, "up": {"uv": [14, 0, 15, 1], "rotation": 270, "texture": "#0"}, "down": {"uv": [14, 0, 15, 1], "rotation": 270, "texture": "#0"} } }, { "name": "hexadecagon", "from": [7.8724, 7.72553, 9.32573], "to": [7.8974, 7.869, 9.87573], "rotation": {"angle": 0, "axis": "y", "origin": [7.8349, 7.79726, 9.60073]}, "faces": { "north": {"uv": [14, 0, 15, 1], "texture": "#0"}, "east": {"uv": [14, 0, 15, 1], "texture": "#0"}, "south": {"uv": [14, 0, 15, 1], "texture": "#0"}, "west": {"uv": [14, 0, 15, 1], "texture": "#0"}, "up": {"uv": [14, 0, 15, 1], "texture": "#0"}, "down": {"uv": [14, 0, 15, 1], "texture": "#0"} } }, { "name": "hexadecagon", "from": [7.9224, 7.72553, 9.27573], "to": [8.3724, 7.869, 9.40073], "rotation": {"angle": 0, "axis": "y", "origin": [7.7224, 7.79726, 12.20073]}, "faces": { "north": {"uv": [14, 0, 15, 1], "texture": "#0"}, "east": {"uv": [14, 0, 15, 1], "texture": "#0"}, "south": {"uv": [14, 0, 15, 1], "texture": "#0"}, "west": {"uv": [14, 0, 15, 1], "texture": "#0"}, "up": {"uv": [14, 0, 15, 1], "texture": "#0"}, "down": {"uv": [14, 0, 15, 1], "texture": "#0"} } }, { "name": "hexadecagon", "from": [8.3974, 7.72553, 9.32573], "to": [8.4224, 7.869, 9.87573], "rotation": {"angle": 0, "axis": "y", "origin": [8.3599, 7.79726, 9.60073]}, "faces": { "north": {"uv": [14, 0, 15, 1], "texture": "#0"}, "east": {"uv": [14, 0, 15, 1], "texture": "#0"}, "south": {"uv": [14, 0, 15, 1], "texture": "#0"}, "west": {"uv": [14, 0, 15, 1], "texture": "#0"}, "up": {"uv": [14, 0, 15, 1], "texture": "#0"}, "down": {"uv": [14, 0, 15, 1], "texture": "#0"} } }, { "name": "hexadecagon", "from": [7.9224, 7.72553, 9.80073], "to": [8.3724, 7.869, 9.92573], "rotation": {"angle": 0, "axis": "y", "origin": [7.7224, 7.79726, 12.72573]}, "faces": { "north": {"uv": [14, 0, 15, 1], "texture": "#0"}, "east": {"uv": [14, 0, 15, 1], "texture": "#0"}, "south": {"uv": [14, 0, 15, 1], "texture": "#0"}, "west": {"uv": [14, 0, 15, 1], "texture": "#0"}, "up": {"uv": [14, 0, 15, 1], "texture": "#0"}, "down": {"uv": [14, 0, 15, 1], "texture": "#0"} } }, { "name": "hexadecagon", "from": [8.12893, 7.99726, 9.72573], "to": [8.1724, 8.12226, 10.27573], "rotation": {"angle": 0, "axis": "y", "origin": [8.10067, 8.05976, 10.00073]}, "faces": { "north": {"uv": [14, 0, 15, 1], "rotation": 180, "texture": "#0"}, "east": {"uv": [14, 0, 15, 1], "rotation": 180, "texture": "#0"}, "south": {"uv": [14, 0, 15, 1], "rotation": 180, "texture": "#0"}, "west": {"uv": [14, 0, 15, 1], "rotation": 180, "texture": "#0"}, "up": {"uv": [14, 0, 15, 1], "rotation": 180, "texture": "#0"}, "down": {"uv": [14, 0, 15, 1], "rotation": 180, "texture": "#0"} } }, { "name": "hexadecagon", "from": [8.12893, 7.52226, 9.67573], "to": [8.1724, 8.07226, 9.80073], "rotation": {"angle": 0, "axis": "y", "origin": [8.10067, 7.42226, 12.60073]}, "faces": { "north": {"uv": [14, 0, 15, 1], "rotation": 270, "texture": "#0"}, "east": {"uv": [14, 0, 15, 1], "rotation": 270, "texture": "#0"}, "south": {"uv": [14, 0, 15, 1], "rotation": 270, "texture": "#0"}, "west": {"uv": [14, 0, 15, 1], "rotation": 270, "texture": "#0"}, "up": {"uv": [14, 0, 15, 1], "rotation": 270, "texture": "#0"}, "down": {"uv": [14, 0, 15, 1], "rotation": 270, "texture": "#0"} } }, { "name": "hexadecagon", "from": [8.12893, 7.47226, 9.72573], "to": [8.1724, 7.59726, 10.27573], "rotation": {"angle": 0, "axis": "y", "origin": [8.10067, 7.53476, 10.00073]}, "faces": { "north": {"uv": [14, 0, 15, 1], "rotation": 180, "texture": "#0"}, "east": {"uv": [14, 0, 15, 1], "rotation": 180, "texture": "#0"}, "south": {"uv": [14, 0, 15, 1], "rotation": 180, "texture": "#0"}, "west": {"uv": [14, 0, 15, 1], "rotation": 180, "texture": "#0"}, "up": {"uv": [14, 0, 15, 1], "rotation": 180, "texture": "#0"}, "down": {"uv": [14, 0, 15, 1], "rotation": 180, "texture": "#0"} } }, { "name": "hexadecagon", "from": [8.12893, 7.52226, 10.20073], "to": [8.1724, 8.07226, 10.32573], "rotation": {"angle": 0, "axis": "y", "origin": [8.10067, 7.42226, 13.12573]}, "faces": { "north": {"uv": [14, 0, 15, 1], "rotation": 270, "texture": "#0"}, "east": {"uv": [14, 0, 15, 1], "rotation": 270, "texture": "#0"}, "south": {"uv": [14, 0, 15, 1], "rotation": 270, "texture": "#0"}, "west": {"uv": [14, 0, 15, 1], "rotation": 270, "texture": "#0"}, "up": {"uv": [14, 0, 15, 1], "rotation": 270, "texture": "#0"}, "down": {"uv": [14, 0, 15, 1], "rotation": 270, "texture": "#0"} } }, { "name": "hexadecagon", "from": [8.12893, 7.99726, 8.12573], "to": [8.1724, 8.12226, 8.67573], "rotation": {"angle": 0, "axis": "y", "origin": [8.10067, 8.05976, 8.40073]}, "faces": { "north": {"uv": [14, 0, 15, 1], "rotation": 180, "texture": "#0"}, "east": {"uv": [14, 0, 15, 1], "rotation": 180, "texture": "#0"}, "south": {"uv": [14, 0, 15, 1], "rotation": 180, "texture": "#0"}, "west": {"uv": [14, 0, 15, 1], "rotation": 180, "texture": "#0"}, "up": {"uv": [14, 0, 15, 1], "rotation": 180, "texture": "#0"}, "down": {"uv": [14, 0, 15, 1], "rotation": 180, "texture": "#0"} } }, { "name": "hexadecagon", "from": [8.12893, 7.52226, 8.07573], "to": [8.1724, 8.07226, 8.20073], "rotation": {"angle": 0, "axis": "y", "origin": [8.10067, 7.42226, 11.00073]}, "faces": { "north": {"uv": [14, 0, 15, 1], "rotation": 270, "texture": "#0"}, "east": {"uv": [14, 0, 15, 1], "rotation": 270, "texture": "#0"}, "south": {"uv": [14, 0, 15, 1], "rotation": 270, "texture": "#0"}, "west": {"uv": [14, 0, 15, 1], "rotation": 270, "texture": "#0"}, "up": {"uv": [14, 0, 15, 1], "rotation": 270, "texture": "#0"}, "down": {"uv": [14, 0, 15, 1], "rotation": 270, "texture": "#0"} } }, { "name": "hexadecagon", "from": [8.12893, 7.47226, 8.12573], "to": [8.1724, 7.59726, 8.67573], "rotation": {"angle": 0, "axis": "y", "origin": [8.10067, 7.53476, 8.40073]}, "faces": { "north": {"uv": [14, 0, 15, 1], "rotation": 180, "texture": "#0"}, "east": {"uv": [14, 0, 15, 1], "rotation": 180, "texture": "#0"}, "south": {"uv": [14, 0, 15, 1], "rotation": 180, "texture": "#0"}, "west": {"uv": [14, 0, 15, 1], "rotation": 180, "texture": "#0"}, "up": {"uv": [14, 0, 15, 1], "rotation": 180, "texture": "#0"}, "down": {"uv": [14, 0, 15, 1], "rotation": 180, "texture": "#0"} } }, { "name": "hexadecagon", "from": [8.12893, 7.52226, 8.60073], "to": [8.1724, 8.07226, 8.72573], "rotation": {"angle": 0, "axis": "y", "origin": [8.10067, 7.42226, 11.52573]}, "faces": { "north": {"uv": [14, 0, 15, 1], "rotation": 270, "texture": "#0"}, "east": {"uv": [14, 0, 15, 1], "rotation": 270, "texture": "#0"}, "south": {"uv": [14, 0, 15, 1], "rotation": 270, "texture": "#0"}, "west": {"uv": [14, 0, 15, 1], "rotation": 270, "texture": "#0"}, "up": {"uv": [14, 0, 15, 1], "rotation": 270, "texture": "#0"}, "down": {"uv": [14, 0, 15, 1], "rotation": 270, "texture": "#0"} } }, { "name": "hexadecagon", "from": [8.12893, 7.99726, 8.92573], "to": [8.1724, 8.12226, 9.47573], "rotation": {"angle": 0, "axis": "y", "origin": [8.10067, 8.05976, 9.20073]}, "faces": { "north": {"uv": [14, 0, 15, 1], "rotation": 180, "texture": "#0"}, "east": {"uv": [14, 0, 15, 1], "rotation": 180, "texture": "#0"}, "south": {"uv": [14, 0, 15, 1], "rotation": 180, "texture": "#0"}, "west": {"uv": [14, 0, 15, 1], "rotation": 180, "texture": "#0"}, "up": {"uv": [14, 0, 15, 1], "rotation": 180, "texture": "#0"}, "down": {"uv": [14, 0, 15, 1], "rotation": 180, "texture": "#0"} } }, { "name": "hexadecagon", "from": [7.8724, 7.72553, 8.52573], "to": [7.8974, 7.869, 9.07573], "rotation": {"angle": 0, "axis": "y", "origin": [7.8349, 7.79726, 8.80073]}, "faces": { "north": {"uv": [14, 0, 15, 1], "texture": "#0"}, "east": {"uv": [14, 0, 15, 1], "texture": "#0"}, "south": {"uv": [14, 0, 15, 1], "texture": "#0"}, "west": {"uv": [14, 0, 15, 1], "texture": "#0"}, "up": {"uv": [14, 0, 15, 1], "texture": "#0"}, "down": {"uv": [14, 0, 15, 1], "texture": "#0"} } }, { "name": "hexadecagon", "from": [7.9224, 7.72553, 9.00073], "to": [8.3724, 7.869, 9.12573], "rotation": {"angle": 0, "axis": "y", "origin": [7.7224, 7.79726, 11.92573]}, "faces": { "north": {"uv": [14, 0, 15, 1], "texture": "#0"}, "east": {"uv": [14, 0, 15, 1], "texture": "#0"}, "south": {"uv": [14, 0, 15, 1], "texture": "#0"}, "west": {"uv": [14, 0, 15, 1], "texture": "#0"}, "up": {"uv": [14, 0, 15, 1], "texture": "#0"}, "down": {"uv": [14, 0, 15, 1], "texture": "#0"} } }, { "name": "hexadecagon", "from": [7.9224, 7.72553, 8.47573], "to": [8.3724, 7.869, 8.60073], "rotation": {"angle": 0, "axis": "y", "origin": [7.7224, 7.79726, 11.40073]}, "faces": { "north": {"uv": [14, 0, 15, 1], "texture": "#0"}, "east": {"uv": [14, 0, 15, 1], "texture": "#0"}, "south": {"uv": [14, 0, 15, 1], "texture": "#0"}, "west": {"uv": [14, 0, 15, 1], "texture": "#0"}, "up": {"uv": [14, 0, 15, 1], "texture": "#0"}, "down": {"uv": [14, 0, 15, 1], "texture": "#0"} } }, { "name": "hexadecagon", "from": [8.3974, 7.72553, 7.72573], "to": [8.4224, 7.869, 8.27573], "rotation": {"angle": 0, "axis": "y", "origin": [8.3599, 7.79726, 8.00073]}, "faces": { "north": {"uv": [14, 0, 15, 1], "texture": "#0"}, "east": {"uv": [14, 0, 15, 1], "texture": "#0"}, "south": {"uv": [14, 0, 15, 1], "texture": "#0"}, "west": {"uv": [14, 0, 15, 1], "texture": "#0"}, "up": {"uv": [14, 0, 15, 1], "texture": "#0"}, "down": {"uv": [14, 0, 15, 1], "texture": "#0"} } }, { "name": "hexadecagon", "from": [8.12893, 7.52226, 6.47573], "to": [8.1724, 8.07226, 6.60073], "rotation": {"angle": 0, "axis": "y", "origin": [8.10067, 7.42226, 9.40073]}, "faces": { "north": {"uv": [14, 0, 15, 1], "rotation": 270, "texture": "#0"}, "east": {"uv": [14, 0, 15, 1], "rotation": 270, "texture": "#0"}, "south": {"uv": [14, 0, 15, 1], "rotation": 270, "texture": "#0"}, "west": {"uv": [14, 0, 15, 1], "rotation": 270, "texture": "#0"}, "up": {"uv": [14, 0, 15, 1], "rotation": 270, "texture": "#0"}, "down": {"uv": [14, 0, 15, 1], "rotation": 270, "texture": "#0"} } }, { "name": "hexadecagon", "from": [8.12893, 7.47226, 6.52573], "to": [8.1724, 7.59726, 7.07573], "rotation": {"angle": 0, "axis": "y", "origin": [8.10067, 7.53476, 6.80073]}, "faces": { "north": {"uv": [14, 0, 15, 1], "rotation": 180, "texture": "#0"}, "east": {"uv": [14, 0, 15, 1], "rotation": 180, "texture": "#0"}, "south": {"uv": [14, 0, 15, 1], "rotation": 180, "texture": "#0"}, "west": {"uv": [14, 0, 15, 1], "rotation": 180, "texture": "#0"}, "up": {"uv": [14, 0, 15, 1], "rotation": 180, "texture": "#0"}, "down": {"uv": [14, 0, 15, 1], "rotation": 180, "texture": "#0"} } }, { "name": "hexadecagon", "from": [8.12893, 7.52226, 7.00073], "to": [8.1724, 8.07226, 7.12573], "rotation": {"angle": 0, "axis": "y", "origin": [8.10067, 7.42226, 9.92573]}, "faces": { "north": {"uv": [14, 0, 15, 1], "rotation": 270, "texture": "#0"}, "east": {"uv": [14, 0, 15, 1], "rotation": 270, "texture": "#0"}, "south": {"uv": [14, 0, 15, 1], "rotation": 270, "texture": "#0"}, "west": {"uv": [14, 0, 15, 1], "rotation": 270, "texture": "#0"}, "up": {"uv": [14, 0, 15, 1], "rotation": 270, "texture": "#0"}, "down": {"uv": [14, 0, 15, 1], "rotation": 270, "texture": "#0"} } }, { "name": "hexadecagon", "from": [8.12893, 7.99726, 6.52573], "to": [8.1724, 8.12226, 7.07573], "rotation": {"angle": 0, "axis": "y", "origin": [8.10067, 8.05976, 6.80073]}, "faces": { "north": {"uv": [14, 0, 15, 1], "rotation": 180, "texture": "#0"}, "east": {"uv": [14, 0, 15, 1], "rotation": 180, "texture": "#0"}, "south": {"uv": [14, 0, 15, 1], "rotation": 180, "texture": "#0"}, "west": {"uv": [14, 0, 15, 1], "rotation": 180, "texture": "#0"}, "up": {"uv": [14, 0, 15, 1], "rotation": 180, "texture": "#0"}, "down": {"uv": [14, 0, 15, 1], "rotation": 180, "texture": "#0"} } }, { "name": "hexadecagon", "from": [7.9224, 7.72553, 6.87573], "to": [8.3724, 7.869, 7.00073], "rotation": {"angle": 0, "axis": "y", "origin": [7.7224, 7.79726, 9.80073]}, "faces": { "north": {"uv": [14, 0, 15, 1], "texture": "#0"}, "east": {"uv": [14, 0, 15, 1], "texture": "#0"}, "south": {"uv": [14, 0, 15, 1], "texture": "#0"}, "west": {"uv": [14, 0, 15, 1], "texture": "#0"}, "up": {"uv": [14, 0, 15, 1], "texture": "#0"}, "down": {"uv": [14, 0, 15, 1], "texture": "#0"} } }, { "name": "hexadecagon", "from": [7.8724, 7.72553, 6.92573], "to": [7.8974, 7.869, 7.47573], "rotation": {"angle": 0, "axis": "y", "origin": [7.8349, 7.79726, 7.20073]}, "faces": { "north": {"uv": [14, 0, 15, 1], "texture": "#0"}, "east": {"uv": [14, 0, 15, 1], "texture": "#0"}, "south": {"uv": [14, 0, 15, 1], "texture": "#0"}, "west": {"uv": [14, 0, 15, 1], "texture": "#0"}, "up": {"uv": [14, 0, 15, 1], "texture": "#0"}, "down": {"uv": [14, 0, 15, 1], "texture": "#0"} } }, { "name": "hexadecagon", "from": [7.9224, 7.72553, 7.40073], "to": [8.3724, 7.869, 7.52573], "rotation": {"angle": 0, "axis": "y", "origin": [7.7224, 7.79726, 10.32573]}, "faces": { "north": {"uv": [14, 0, 15, 1], "texture": "#0"}, "east": {"uv": [14, 0, 15, 1], "texture": "#0"}, "south": {"uv": [14, 0, 15, 1], "texture": "#0"}, "west": {"uv": [14, 0, 15, 1], "texture": "#0"}, "up": {"uv": [14, 0, 15, 1], "texture": "#0"}, "down": {"uv": [14, 0, 15, 1], "texture": "#0"} } }, { "name": "hexadecagon", "from": [8.3974, 7.72553, 6.92573], "to": [8.4224, 7.869, 7.47573], "rotation": {"angle": 0, "axis": "y", "origin": [8.3599, 7.79726, 7.20073]}, "faces": { "north": {"uv": [14, 0, 15, 1], "texture": "#0"}, "east": {"uv": [14, 0, 15, 1], "texture": "#0"}, "south": {"uv": [14, 0, 15, 1], "texture": "#0"}, "west": {"uv": [14, 0, 15, 1], "texture": "#0"}, "up": {"uv": [14, 0, 15, 1], "texture": "#0"}, "down": {"uv": [14, 0, 15, 1], "texture": "#0"} } }, { "name": "hexadecagon", "from": [8.12893, 7.99726, 5.72573], "to": [8.1724, 8.12226, 6.27573], "rotation": {"angle": 0, "axis": "y", "origin": [8.10067, 8.05976, 6.00073]}, "faces": { "north": {"uv": [14, 0, 15, 1], "rotation": 180, "texture": "#0"}, "east": {"uv": [14, 0, 15, 1], "rotation": 180, "texture": "#0"}, "south": {"uv": [14, 0, 15, 1], "rotation": 180, "texture": "#0"}, "west": {"uv": [14, 0, 15, 1], "rotation": 180, "texture": "#0"}, "up": {"uv": [14, 0, 15, 1], "rotation": 180, "texture": "#0"}, "down": {"uv": [14, 0, 15, 1], "rotation": 180, "texture": "#0"} } }, { "name": "hexadecagon", "from": [8.12893, 7.52226, 5.67573], "to": [8.1724, 8.07226, 5.80073], "rotation": {"angle": 0, "axis": "y", "origin": [8.10067, 7.42226, 8.60073]}, "faces": { "north": {"uv": [14, 0, 15, 1], "rotation": 270, "texture": "#0"}, "east": {"uv": [14, 0, 15, 1], "rotation": 270, "texture": "#0"}, "south": {"uv": [14, 0, 15, 1], "rotation": 270, "texture": "#0"}, "west": {"uv": [14, 0, 15, 1], "rotation": 270, "texture": "#0"}, "up": {"uv": [14, 0, 15, 1], "rotation": 270, "texture": "#0"}, "down": {"uv": [14, 0, 15, 1], "rotation": 270, "texture": "#0"} } }, { "name": "hexadecagon", "from": [8.12893, 7.47226, 5.72573], "to": [8.1724, 7.59726, 6.27573], "rotation": {"angle": 0, "axis": "y", "origin": [8.10067, 7.53476, 6.00073]}, "faces": { "north": {"uv": [14, 0, 15, 1], "rotation": 180, "texture": "#0"}, "east": {"uv": [14, 0, 15, 1], "rotation": 180, "texture": "#0"}, "south": {"uv": [14, 0, 15, 1], "rotation": 180, "texture": "#0"}, "west": {"uv": [14, 0, 15, 1], "rotation": 180, "texture": "#0"}, "up": {"uv": [14, 0, 15, 1], "rotation": 180, "texture": "#0"}, "down": {"uv": [14, 0, 15, 1], "rotation": 180, "texture": "#0"} } }, { "name": "hexadecagon", "from": [8.12893, 7.52226, 6.20073], "to": [8.1724, 8.07226, 6.32573], "rotation": {"angle": 0, "axis": "y", "origin": [8.10067, 7.42226, 9.12573]}, "faces": { "north": {"uv": [14, 0, 15, 1], "rotation": 270, "texture": "#0"}, "east": {"uv": [14, 0, 15, 1], "rotation": 270, "texture": "#0"}, "south": {"uv": [14, 0, 15, 1], "rotation": 270, "texture": "#0"}, "west": {"uv": [14, 0, 15, 1], "rotation": 270, "texture": "#0"}, "up": {"uv": [14, 0, 15, 1], "rotation": 270, "texture": "#0"}, "down": {"uv": [14, 0, 15, 1], "rotation": 270, "texture": "#0"} } }, { "name": "hexadecagon", "from": [7.9224, 7.72553, 6.07573], "to": [8.3724, 7.869, 6.20073], "rotation": {"angle": 0, "axis": "y", "origin": [7.7224, 7.79726, 9.00073]}, "faces": { "north": {"uv": [14, 0, 15, 1], "texture": "#0"}, "east": {"uv": [14, 0, 15, 1], "texture": "#0"}, "south": {"uv": [14, 0, 15, 1], "texture": "#0"}, "west": {"uv": [14, 0, 15, 1], "texture": "#0"}, "up": {"uv": [14, 0, 15, 1], "texture": "#0"}, "down": {"uv": [14, 0, 15, 1], "texture": "#0"} } }, { "name": "hexadecagon", "from": [7.8724, 7.72553, 6.12573], "to": [7.8974, 7.869, 6.67573], "rotation": {"angle": 0, "axis": "y", "origin": [7.8349, 7.79726, 6.40073]}, "faces": { "north": {"uv": [14, 0, 15, 1], "texture": "#0"}, "east": {"uv": [14, 0, 15, 1], "texture": "#0"}, "south": {"uv": [14, 0, 15, 1], "texture": "#0"}, "west": {"uv": [14, 0, 15, 1], "texture": "#0"}, "up": {"uv": [14, 0, 15, 1], "texture": "#0"}, "down": {"uv": [14, 0, 15, 1], "texture": "#0"} } }, { "name": "hexadecagon", "from": [7.9224, 7.72553, 6.60073], "to": [8.3724, 7.869, 6.72573], "rotation": {"angle": 0, "axis": "y", "origin": [7.7224, 7.79726, 9.52573]}, "faces": { "north": {"uv": [14, 0, 15, 1], "texture": "#0"}, "east": {"uv": [14, 0, 15, 1], "texture": "#0"}, "south": {"uv": [14, 0, 15, 1], "texture": "#0"}, "west": {"uv": [14, 0, 15, 1], "texture": "#0"}, "up": {"uv": [14, 0, 15, 1], "texture": "#0"}, "down": {"uv": [14, 0, 15, 1], "texture": "#0"} } }, { "name": "hexadecagon", "from": [8.3974, 7.72553, 6.12573], "to": [8.4224, 7.869, 6.67573], "rotation": {"angle": 0, "axis": "y", "origin": [8.3599, 7.79726, 6.40073]}, "faces": { "north": {"uv": [14, 0, 15, 1], "texture": "#0"}, "east": {"uv": [14, 0, 15, 1], "texture": "#0"}, "south": {"uv": [14, 0, 15, 1], "texture": "#0"}, "west": {"uv": [14, 0, 15, 1], "texture": "#0"}, "up": {"uv": [14, 0, 15, 1], "texture": "#0"}, "down": {"uv": [14, 0, 15, 1], "texture": "#0"} } }, { "name": "hexadecagon", "from": [7.9224, 7.72553, 8.20073], "to": [8.3724, 7.869, 8.32573], "rotation": {"angle": 0, "axis": "y", "origin": [7.7224, 7.79726, 11.12573]}, "faces": { "north": {"uv": [14, 0, 15, 1], "texture": "#0"}, "east": {"uv": [14, 0, 15, 1], "texture": "#0"}, "south": {"uv": [14, 0, 15, 1], "texture": "#0"}, "west": {"uv": [14, 0, 15, 1], "texture": "#0"}, "up": {"uv": [14, 0, 15, 1], "texture": "#0"}, "down": {"uv": [14, 0, 15, 1], "texture": "#0"} } }, { "name": "hexadecagon", "from": [7.8724, 7.72553, 7.72573], "to": [7.8974, 7.869, 8.27573], "rotation": {"angle": 0, "axis": "y", "origin": [7.8349, 7.79726, 8.00073]}, "faces": { "north": {"uv": [14, 0, 15, 1], "texture": "#0"}, "east": {"uv": [14, 0, 15, 1], "texture": "#0"}, "south": {"uv": [14, 0, 15, 1], "texture": "#0"}, "west": {"uv": [14, 0, 15, 1], "texture": "#0"}, "up": {"uv": [14, 0, 15, 1], "texture": "#0"}, "down": {"uv": [14, 0, 15, 1], "texture": "#0"} } }, { "name": "hexadecagon", "from": [7.9224, 7.72553, 7.67573], "to": [8.3724, 7.869, 7.80073], "rotation": {"angle": 0, "axis": "y", "origin": [7.7224, 7.79726, 10.60073]}, "faces": { "north": {"uv": [14, 0, 15, 1], "texture": "#0"}, "east": {"uv": [14, 0, 15, 1], "texture": "#0"}, "south": {"uv": [14, 0, 15, 1], "texture": "#0"}, "west": {"uv": [14, 0, 15, 1], "texture": "#0"}, "up": {"uv": [14, 0, 15, 1], "texture": "#0"}, "down": {"uv": [14, 0, 15, 1], "texture": "#0"} } }, { "name": "hexadecagon", "from": [8.12893, 7.99726, 7.32573], "to": [8.1724, 8.12226, 7.87573], "rotation": {"angle": 0, "axis": "y", "origin": [8.10067, 8.05976, 7.60073]}, "faces": { "north": {"uv": [14, 0, 15, 1], "rotation": 180, "texture": "#0"}, "east": {"uv": [14, 0, 15, 1], "rotation": 180, "texture": "#0"}, "south": {"uv": [14, 0, 15, 1], "rotation": 180, "texture": "#0"}, "west": {"uv": [14, 0, 15, 1], "rotation": 180, "texture": "#0"}, "up": {"uv": [14, 0, 15, 1], "rotation": 180, "texture": "#0"}, "down": {"uv": [14, 0, 15, 1], "rotation": 180, "texture": "#0"} } }, { "name": "hexadecagon", "from": [8.12893, 7.52226, 7.80073], "to": [8.1724, 8.07226, 7.92573], "rotation": {"angle": 0, "axis": "y", "origin": [8.10067, 7.42226, 10.72573]}, "faces": { "north": {"uv": [14, 0, 15, 1], "rotation": 270, "texture": "#0"}, "east": {"uv": [14, 0, 15, 1], "rotation": 270, "texture": "#0"}, "south": {"uv": [14, 0, 15, 1], "rotation": 270, "texture": "#0"}, "west": {"uv": [14, 0, 15, 1], "rotation": 270, "texture": "#0"}, "up": {"uv": [14, 0, 15, 1], "rotation": 270, "texture": "#0"}, "down": {"uv": [14, 0, 15, 1], "rotation": 270, "texture": "#0"} } }, { "name": "hexadecagon", "from": [8.12893, 7.47226, 7.32573], "to": [8.1724, 7.59726, 7.87573], "rotation": {"angle": 0, "axis": "y", "origin": [8.10067, 7.53476, 7.60073]}, "faces": { "north": {"uv": [14, 0, 15, 1], "rotation": 180, "texture": "#0"}, "east": {"uv": [14, 0, 15, 1], "rotation": 180, "texture": "#0"}, "south": {"uv": [14, 0, 15, 1], "rotation": 180, "texture": "#0"}, "west": {"uv": [14, 0, 15, 1], "rotation": 180, "texture": "#0"}, "up": {"uv": [14, 0, 15, 1], "rotation": 180, "texture": "#0"}, "down": {"uv": [14, 0, 15, 1], "rotation": 180, "texture": "#0"} } }, { "name": "hexadecagon", "from": [8.12893, 7.52226, 7.27573], "to": [8.1724, 8.07226, 7.40073], "rotation": {"angle": 0, "axis": "y", "origin": [8.10067, 7.42226, 10.20073]}, "faces": { "north": {"uv": [14, 0, 15, 1], "rotation": 270, "texture": "#0"}, "east": {"uv": [14, 0, 15, 1], "rotation": 270, "texture": "#0"}, "south": {"uv": [14, 0, 15, 1], "rotation": 270, "texture": "#0"}, "west": {"uv": [14, 0, 15, 1], "rotation": 270, "texture": "#0"}, "up": {"uv": [14, 0, 15, 1], "rotation": 270, "texture": "#0"}, "down": {"uv": [14, 0, 15, 1], "rotation": 270, "texture": "#0"} } }, { "name": "hexadecagon", "from": [7.8224, 7.20053, 4.72573], "to": [7.9724, 8.394, 4.97573], "rotation": {"angle": 0, "axis": "y", "origin": [7.4724, 7.79726, 1.97573]}, "faces": { "north": {"uv": [14, 0, 15, 1], "texture": "#0"}, "east": {"uv": [14, 0, 15, 1], "texture": "#0"}, "south": {"uv": [14, 0, 15, 1], "texture": "#0"}, "west": {"uv": [14, 0, 15, 1], "texture": "#0"}, "up": {"uv": [14, 0, 15, 1], "texture": "#0"}, "down": {"uv": [14, 0, 15, 1], "texture": "#0"} } }, { "name": "hexadecagon", "from": [7.8224, 6.70053, 4.52573], "to": [8.2224, 8.894, 4.92573], "rotation": {"angle": 0, "axis": "y", "origin": [7.7224, 7.79726, 1.72573]}, "faces": { "north": {"uv": [14, 0, 15, 1], "texture": "#0"}, "east": {"uv": [14, 0, 15, 1], "texture": "#0"}, "south": {"uv": [14, 0, 15, 1], "texture": "#0"}, "west": {"uv": [14, 0, 15, 1], "texture": "#0"}, "up": {"uv": [14, 0, 15, 1], "texture": "#0"}, "down": {"uv": [14, 0, 15, 1], "texture": "#0"} } }, { "name": "hexadecagon", "from": [7.8224, 8.17553, 4.72573], "to": [8.2224, 9.094, 5.47573], "rotation": {"angle": 0, "axis": "y", "origin": [7.7224, 7.79726, 1.72573]}, "faces": { "north": {"uv": [14, 0, 15, 1], "texture": "#0"}, "east": {"uv": [14, 0, 15, 1], "texture": "#0"}, "south": {"uv": [14, 0, 15, 1], "texture": "#0"}, "west": {"uv": [14, 0, 15, 1], "texture": "#0"}, "up": {"uv": [14, 0, 15, 1], "texture": "#0"}, "down": {"uv": [14, 0, 15, 1], "texture": "#0"} } }, { "name": "hexadecagon", "from": [7.8224, 6.37375, 4.45483], "to": [8.2224, 6.96723, 4.73683], "rotation": {"angle": -45, "axis": "x", "origin": [8.0974, 7.67049, 4.81183]}, "faces": { "north": {"uv": [14, 0, 15, 1], "texture": "#0"}, "east": {"uv": [14, 0, 15, 1], "texture": "#0"}, "south": {"uv": [14, 0, 15, 1], "texture": "#0"}, "west": {"uv": [14, 0, 15, 1], "texture": "#0"}, "up": {"uv": [14, 0, 15, 1], "texture": "#0"}, "down": {"uv": [14, 0, 15, 1], "texture": "#0"} } }, { "name": "hexadecagon", "from": [7.8224, 6.51331, 4.69485], "to": [8.2224, 7.10679, 4.97685], "rotation": {"angle": 45, "axis": "x", "origin": [8.0974, 6.81005, 4.83585]}, "faces": { "north": {"uv": [14, 0, 15, 1], "texture": "#0"}, "east": {"uv": [14, 0, 15, 1], "texture": "#0"}, "south": {"uv": [14, 0, 15, 1], "texture": "#0"}, "west": {"uv": [14, 0, 15, 1], "texture": "#0"}, "up": {"uv": [14, 0, 15, 1], "texture": "#0"}, "down": {"uv": [14, 0, 15, 1], "texture": "#0"} } }, { "name": "hexadecagon", "from": [7.8224, 8.6273, 4.45483], "to": [8.2224, 9.22077, 4.73683], "rotation": {"angle": 45, "axis": "x", "origin": [8.0974, 7.92403, 4.81183]}, "faces": { "north": {"uv": [14, 0, 15, 1], "texture": "#0"}, "east": {"uv": [14, 0, 15, 1], "texture": "#0"}, "south": {"uv": [14, 0, 15, 1], "texture": "#0"}, "west": {"uv": [14, 0, 15, 1], "texture": "#0"}, "up": {"uv": [14, 0, 15, 1], "texture": "#0"}, "down": {"uv": [14, 0, 15, 1], "texture": "#0"} } }, { "name": "hexadecagon", "from": [7.8224, 8.48774, 4.69485], "to": [8.2224, 9.08121, 4.97685], "rotation": {"angle": -45, "axis": "x", "origin": [8.0974, 8.78447, 4.83585]}, "faces": { "north": {"uv": [14, 0, 15, 1], "texture": "#0"}, "east": {"uv": [14, 0, 15, 1], "texture": "#0"}, "south": {"uv": [14, 0, 15, 1], "texture": "#0"}, "west": {"uv": [14, 0, 15, 1], "texture": "#0"}, "up": {"uv": [14, 0, 15, 1], "texture": "#0"}, "down": {"uv": [14, 0, 15, 1], "texture": "#0"} } }, { "name": "hexadecagon", "from": [7.7724, 8.57553, 4.62573], "to": [8.3224, 8.77553, 4.82573], "rotation": {"angle": 0, "axis": "y", "origin": [7.7224, 7.89726, 1.82573]}, "faces": { "north": {"uv": [0, 0, 1, 1], "texture": "#0"}, "east": {"uv": [0, 0, 1, 1], "texture": "#0"}, "south": {"uv": [0, 0, 1, 1], "texture": "#0"}, "west": {"uv": [0, 0, 1, 1], "texture": "#0"}, "up": {"uv": [0, 0, 1, 1], "texture": "#0"}, "down": {"uv": [0, 0, 1, 1], "texture": "#0"} } }, { "name": "hexadecagon", "from": [7.7724, 6.819, 4.62573], "to": [8.3224, 7.019, 4.82573], "rotation": {"angle": 0, "axis": "y", "origin": [7.7224, 7.69726, 1.82573]}, "faces": { "north": {"uv": [0, 0, 1, 1], "texture": "#0"}, "east": {"uv": [0, 0, 1, 1], "texture": "#0"}, "south": {"uv": [0, 0, 1, 1], "texture": "#0"}, "west": {"uv": [0, 0, 1, 1], "texture": "#0"}, "up": {"uv": [0, 0, 1, 1], "texture": "#0"}, "down": {"uv": [0, 0, 1, 1], "texture": "#0"} } }, { "name": "hexadecagon", "from": [7.8224, 6.50112, 4.72632], "to": [8.2224, 7.6446, 5.47632], "rotation": {"angle": 0, "axis": "y", "origin": [7.7224, 5.64786, 1.72632]}, "faces": { "north": {"uv": [14, 0, 15, 1], "texture": "#0"}, "east": {"uv": [14, 0, 15, 1], "texture": "#0"}, "south": {"uv": [14, 0, 15, 1], "texture": "#0"}, "west": {"uv": [14, 0, 15, 1], "texture": "#0"}, "up": {"uv": [14, 0, 15, 1], "texture": "#0"}, "down": {"uv": [14, 0, 15, 1], "texture": "#0"} } }, { "name": "hexadecagon", "from": [7.8224, 6.70053, 5.27573], "to": [8.2224, 8.894, 5.67573], "rotation": {"angle": 0, "axis": "y", "origin": [7.7224, 7.79726, 2.47573]}, "faces": { "north": {"uv": [14, 0, 15, 1], "texture": "#0"}, "east": {"uv": [14, 0, 15, 1], "texture": "#0"}, "south": {"uv": [14, 0, 15, 1], "texture": "#0"}, "west": {"uv": [14, 0, 15, 1], "texture": "#0"}, "up": {"uv": [14, 0, 15, 1], "texture": "#0"}, "down": {"uv": [14, 0, 15, 1], "texture": "#0"} } }, { "name": "hexadecagon", "from": [7.8224, 7.4946, 4.72632], "to": [8.2224, 7.8446, 5.05132], "rotation": {"angle": 0, "axis": "y", "origin": [7.7224, 5.64786, 1.72632]}, "faces": { "north": {"uv": [14, 0, 15, 1], "texture": "#0"}, "east": {"uv": [14, 0, 15, 1], "texture": "#0"}, "south": {"uv": [14, 0, 15, 1], "texture": "#0"}, "west": {"uv": [14, 0, 15, 1], "texture": "#0"}, "up": {"uv": [14, 0, 15, 1], "texture": "#0"}, "down": {"uv": [14, 0, 15, 1], "texture": "#0"} } }, { "name": "hexadecagon", "from": [7.8224, 7.494, 5.15073], "to": [8.2224, 7.844, 5.47573], "rotation": {"angle": 0, "axis": "y", "origin": [7.7224, 5.64726, 2.12573]}, "faces": { "north": {"uv": [14, 0, 15, 1], "texture": "#0"}, "east": {"uv": [14, 0, 15, 1], "texture": "#0"}, "south": {"uv": [14, 0, 15, 1], "texture": "#0"}, "west": {"uv": [14, 0, 15, 1], "texture": "#0"}, "up": {"uv": [14, 0, 15, 1], "texture": "#0"}, "down": {"uv": [14, 0, 15, 1], "texture": "#0"} } }, { "name": "hexadecagon", "from": [7.8224, 8.1446, 4.62632], "to": [8.2224, 8.4946, 4.95132], "rotation": {"angle": 0, "axis": "y", "origin": [7.7224, 6.29786, 1.62632]}, "faces": { "north": {"uv": [14, 0, 15, 1], "texture": "#0"}, "east": {"uv": [14, 0, 15, 1], "texture": "#0"}, "south": {"uv": [14, 0, 15, 1], "texture": "#0"}, "west": {"uv": [14, 0, 15, 1], "texture": "#0"}, "up": {"uv": [14, 0, 15, 1], "texture": "#0"}, "down": {"uv": [14, 0, 15, 1], "texture": "#0"} } }, { "name": "hexadecagon", "from": [7.8224, 8.1446, 5.25132], "to": [8.2224, 8.4946, 5.57632], "rotation": {"angle": 0, "axis": "y", "origin": [7.7224, 6.29786, 2.25132]}, "faces": { "north": {"uv": [14, 0, 15, 1], "texture": "#0"}, "east": {"uv": [14, 0, 15, 1], "texture": "#0"}, "south": {"uv": [14, 0, 15, 1], "texture": "#0"}, "west": {"uv": [14, 0, 15, 1], "texture": "#0"}, "up": {"uv": [14, 0, 15, 1], "texture": "#0"}, "down": {"uv": [14, 0, 15, 1], "texture": "#0"} } }, { "name": "hexadecagon", "from": [7.8224, 7.3196, 4.75132], "to": [8.2224, 7.6696, 5.07632], "rotation": {"angle": 0, "axis": "y", "origin": [7.7224, 5.47286, 1.75132]}, "faces": { "north": {"uv": [14, 0, 15, 1], "texture": "#0"}, "east": {"uv": [14, 0, 15, 1], "texture": "#0"}, "south": {"uv": [14, 0, 15, 1], "texture": "#0"}, "west": {"uv": [14, 0, 15, 1], "texture": "#0"}, "up": {"uv": [14, 0, 15, 1], "texture": "#0"}, "down": {"uv": [14, 0, 15, 1], "texture": "#0"} } }, { "name": "hexadecagon", "from": [7.8224, 7.3196, 5.12632], "to": [8.2224, 7.6696, 5.45132], "rotation": {"angle": 0, "axis": "y", "origin": [7.7224, 5.47286, 2.12632]}, "faces": { "north": {"uv": [14, 0, 15, 1], "texture": "#0"}, "east": {"uv": [14, 0, 15, 1], "texture": "#0"}, "south": {"uv": [14, 0, 15, 1], "texture": "#0"}, "west": {"uv": [14, 0, 15, 1], "texture": "#0"}, "up": {"uv": [14, 0, 15, 1], "texture": "#0"}, "down": {"uv": [14, 0, 15, 1], "texture": "#0"} } }, { "name": "hexadecagon", "from": [7.8224, 7.5196, 4.62632], "to": [8.2224, 7.8696, 4.95132], "rotation": {"angle": 0, "axis": "y", "origin": [7.7224, 5.67286, 1.62632]}, "faces": { "north": {"uv": [14, 0, 15, 1], "texture": "#0"}, "east": {"uv": [14, 0, 15, 1], "texture": "#0"}, "south": {"uv": [14, 0, 15, 1], "texture": "#0"}, "west": {"uv": [14, 0, 15, 1], "texture": "#0"}, "up": {"uv": [14, 0, 15, 1], "texture": "#0"}, "down": {"uv": [14, 0, 15, 1], "texture": "#0"} } }, { "name": "hexadecagon", "from": [7.8224, 7.5196, 5.25132], "to": [8.2224, 7.8696, 5.57632], "rotation": {"angle": 0, "axis": "y", "origin": [7.7224, 5.67286, 2.25132]}, "faces": { "north": {"uv": [14, 0, 15, 1], "texture": "#0"}, "east": {"uv": [14, 0, 15, 1], "texture": "#0"}, "south": {"uv": [14, 0, 15, 1], "texture": "#0"}, "west": {"uv": [14, 0, 15, 1], "texture": "#0"}, "up": {"uv": [14, 0, 15, 1], "texture": "#0"}, "down": {"uv": [14, 0, 15, 1], "texture": "#0"} } }, { "name": "hexadecagon", "from": [7.7724, 6.969, 5.37573], "to": [8.3224, 7.169, 5.57573], "rotation": {"angle": 0, "axis": "y", "origin": [7.7224, 7.84726, 8.37573]}, "faces": { "north": {"uv": [0, 0, 1, 1], "texture": "#0"}, "east": {"uv": [0, 0, 1, 1], "texture": "#0"}, "south": {"uv": [0, 0, 1, 1], "texture": "#0"}, "west": {"uv": [0, 0, 1, 1], "texture": "#0"}, "up": {"uv": [0, 0, 1, 1], "texture": "#0"}, "down": {"uv": [0, 0, 1, 1], "texture": "#0"} } }, { "name": "hexadecagon", "from": [7.7724, 8.42553, 5.37573], "to": [8.3224, 8.62553, 5.57573], "rotation": {"angle": 0, "axis": "y", "origin": [7.7224, 7.74726, 8.37573]}, "faces": { "north": {"uv": [0, 0, 1, 1], "texture": "#0"}, "east": {"uv": [0, 0, 1, 1], "texture": "#0"}, "south": {"uv": [0, 0, 1, 1], "texture": "#0"}, "west": {"uv": [0, 0, 1, 1], "texture": "#0"}, "up": {"uv": [0, 0, 1, 1], "texture": "#0"}, "down": {"uv": [0, 0, 1, 1], "texture": "#0"} } }, { "name": "hexadecagon", "from": [7.8224, 7.6446, 4.72632], "to": [8.0224, 8.3946, 5.47632], "rotation": {"angle": 0, "axis": "y", "origin": [7.6724, 5.64786, 1.72632]}, "faces": { "north": {"uv": [14, 0, 15, 1], "texture": "#0"}, "east": {"uv": [14, 0, 15, 1], "texture": "#1"}, "south": {"uv": [14, 0, 15, 1], "texture": "#0"}, "west": {"uv": [14, 0, 15, 1], "texture": "#0"}, "up": {"uv": [14, 0, 15, 1], "texture": "#0"}, "down": {"uv": [14, 0, 15, 1], "texture": "#0"} } }, { "name": "hexadecagon", "from": [7.8224, 7.6446, 10.42632], "to": [8.0224, 8.3946, 11.17632], "rotation": {"angle": 0, "axis": "y", "origin": [7.6724, 5.64786, 7.42632]}, "faces": { "north": {"uv": [14, 0, 15, 1], "texture": "#0"}, "east": {"uv": [14, 0, 15, 1], "texture": "#1"}, "south": {"uv": [14, 0, 15, 1], "texture": "#0"}, "west": {"uv": [14, 0, 15, 1], "texture": "#0"}, "up": {"uv": [14, 0, 15, 1], "texture": "#0"}, "down": {"uv": [14, 0, 15, 1], "texture": "#0"} } } ], "display": { "thirdperson_righthand": { "rotation": [10, 19, 0], "translation": [-2, -0.25, -3.75], "scale": [-0.63867, 0.63867, 0.63867] }, "thirdperson_lefthand": { "rotation": [10, 19, 0], "translation": [-2, -0.25, -3.75], "scale": [0.63867, 0.63867, 0.63867] }, "firstperson_righthand": { "rotation": [3, 40, 0], "translation": [-2.25, 2.25, -2.5] }, "firstperson_lefthand": { "rotation": [3, 40, 0], "translation": [-2.25, 2.25, -2.5] }, "ground": { "translation": [0, -0.75, 0] }, "gui": { "rotation": [-50, -48, -16] }, "fixed": { "rotation": [0, -90, 0], "translation": [-0.5, 0, 0.75], "scale": [1.3, 1.3, 1.3] } }, "groups": [ { "name": "hexadecagon", "origin": [8, 8, 8], "color": 0, "children": [0, 1, 2, 3, 4, 5, 6, 7, 8, 9, 10, 11, 12, 13, 14, 15, 16, 17, 18, 19, 20, 21, 22, 23, 24, 25, 26, 27, 28, 29, 30, 31, 32, 33, 34, 35, 36, 37, 38, 39] }, { "name": "hexadecagon", "origin": [8, 8, 8], "color": 0, "children": [40, 41, 42, 43, 44, 45, 46, 47, 48, 49, 50, 51, 52, 53, 54, 55, 56, 57, 58, 59, 60, 61, 62, 63, 64, 65, 66, 67, 68] }, 69, 70, 71, 72, 73, 74, 75, 76, 77, 78, 79, 80, 81, 82, 83, 84, 85, 86, 87, 88, 89, 90, 91, 92, 93, 94, 95, 96, 97, 98, 99, 100, 101, 102, 103, 104, 105, 106, 107, 108, 109, 110, 111, 112, { "name": "group", "origin": [8, 8, 8], "color": 0, "children": [113, 114, 115, 116, 117, 118, 119, 120, 121, 122, 123, 124, 125, 126, 127, 128, 129, 130, 131, 132, 133] }, 134, 135 ] }