{ "credit": "Made with Blockbench", "textures": { "1": "block/gold_block", "2": "block/diamond_block", "particle": "block/diamond_block" }, "elements": [ { "from": [7, 0, 5], "to": [7.2, 0.3, 5.4], "rotation": {"angle": 0, "axis": "y", "origin": [15, 8, 13]}, "faces": { "north": {"uv": [0, 0, 0.4, 0.3], "texture": "#1"}, "east": {"uv": [0, 0, 0.4, 0.3], "texture": "#1"}, "south": {"uv": [0, 0, 0.4, 0.3], "texture": "#1"}, "west": {"uv": [0, 0, 0.4, 0.3], "texture": "#1"}, "up": {"uv": [0, 0, 0.4, 0.3], "texture": "#1"}, "down": {"uv": [0, 0, 0.4, 0.3], "texture": "#1"} } }, { "from": [7, 1.71094, 5], "to": [7.2, 2.01094, 5.4], "rotation": {"angle": 0, "axis": "y", "origin": [15, -5.98906, 13]}, "faces": { "north": {"uv": [0, 0.3, 0.4, 0.6], "texture": "#1"}, "east": {"uv": [0, 0.3, 0.4, 0.6], "texture": "#1"}, "south": {"uv": [0, 0.3, 0.4, 0.6], "texture": "#1"}, "west": {"uv": [0, 0.3, 0.4, 0.6], "texture": "#1"}, "up": {"uv": [0, 0.3, 0.4, 0.6], "texture": "#1"}, "down": {"uv": [0, 0.3, 0.4, 0.6], "texture": "#1"} } }, { "from": [6.9, 2.01094, 5], "to": [7.3, 2.11094, 5.4], "rotation": {"angle": 0, "axis": "y", "origin": [15, -5.68906, 13]}, "faces": { "north": {"uv": [3, 4, 4, 5], "texture": "#1"}, "east": {"uv": [3, 4, 4, 5], "texture": "#1"}, "south": {"uv": [3, 4, 4, 5], "texture": "#1"}, "west": {"uv": [3, 4, 4, 5], "texture": "#1"}, "up": {"uv": [3, 4, 4, 5], "texture": "#1"}, "down": {"uv": [3, 4, 4, 5], "texture": "#1"} } }, { "from": [7, 2.11094, 5.1], "to": [7.2, 2.31094, 5.3], "rotation": {"angle": 0, "axis": "y", "origin": [15, -5.58906, 13]}, "faces": { "north": {"uv": [0, 0, 16, 16], "texture": "#2"}, "east": {"uv": [0, 0, 16, 16], "texture": "#2"}, "south": {"uv": [0, 0, 16, 16], "texture": "#2"}, "west": {"uv": [0, 0, 16, 16], "texture": "#2"}, "up": {"uv": [0, 0, 16, 16], "texture": "#2"}, "down": {"uv": [0, 0, 16, 16], "texture": "#2"} } }, { "from": [7, 2.21094, 5], "to": [7.2, 2.41094, 5.1], "rotation": {"angle": 0, "axis": "y", "origin": [15, -5.58906, 12.8]}, "faces": { "north": {"uv": [0, 0, 16, 16], "texture": "#2"}, "east": {"uv": [0, 0, 16, 16], "texture": "#2"}, "south": {"uv": [0, 0, 16, 16], "texture": "#2"}, "west": {"uv": [0, 0, 16, 16], "texture": "#2"}, "up": {"uv": [0, 0, 16, 16], "texture": "#2"}, "down": {"uv": [0, 0, 16, 16], "texture": "#2"} } }, { "from": [7.2, 2.21094, 5.1], "to": [7.3, 2.41094, 5.3], "rotation": {"angle": 0, "axis": "y", "origin": [15.2, -5.58906, 12.9]}, "faces": { "north": {"uv": [0, 0, 16, 16], "texture": "#2"}, "east": {"uv": [0, 0, 16, 16], "texture": "#2"}, "south": {"uv": [0, 0, 16, 16], "texture": "#2"}, "west": {"uv": [0, 0, 16, 16], "texture": "#2"}, "up": {"uv": [0, 0, 16, 16], "texture": "#2"}, "down": {"uv": [0, 0, 16, 16], "texture": "#2"} } }, { "from": [6.9, 2.21094, 5.1], "to": [7, 2.41094, 5.3], "rotation": {"angle": 0, "axis": "y", "origin": [14.9, -5.58906, 12.9]}, "faces": { "north": {"uv": [0, 0, 16, 16], "texture": "#2"}, "east": {"uv": [0, 0, 16, 16], "texture": "#2"}, "south": {"uv": [0, 0, 16, 16], "texture": "#2"}, "west": {"uv": [0, 0, 16, 16], "texture": "#2"}, "up": {"uv": [0, 0, 16, 16], "texture": "#2"}, "down": {"uv": [0, 0, 16, 16], "texture": "#2"} } }, { "from": [7, 2.31094, 5.1], "to": [7.2, 2.51094, 5.3], "rotation": {"angle": 0, "axis": "y", "origin": [15, -5.48906, 12.9]}, "faces": { "north": {"uv": [0, 0, 16, 16], "texture": "#2"}, "east": {"uv": [0, 0, 16, 16], "texture": "#2"}, "south": {"uv": [0, 0, 16, 16], "texture": "#2"}, "west": {"uv": [0, 0, 16, 16], "texture": "#2"}, "up": {"uv": [0, 0, 16, 16], "texture": "#2"}, "down": {"uv": [0, 0, 16, 16], "texture": "#2"} } }, { "from": [7, 2.21094, 5.3], "to": [7.2, 2.41094, 5.4], "rotation": {"angle": 0, "axis": "y", "origin": [15, -5.58906, 13.1]}, "faces": { "north": {"uv": [0, 0, 16, 16], "texture": "#2"}, "east": {"uv": [0, 0, 16, 16], "texture": "#2"}, "south": {"uv": [0, 0, 16, 16], "texture": "#2"}, "west": {"uv": [0, 0, 16, 16], "texture": "#2"}, "up": {"uv": [0, 0, 16, 16], "texture": "#2"}, "down": {"uv": [0, 0, 16, 16], "texture": "#2"} } }, { "from": [7, -3.51736, 7.08295], "to": [7.2, -3.21736, 7.48295], "rotation": {"angle": 22.5, "axis": "x", "origin": [15, 4.48264, 15.08295]}, "faces": { "north": {"uv": [0, 0, 0.4, 0.3], "texture": "#1"}, "east": {"uv": [0, 0, 0.4, 0.3], "texture": "#1"}, "south": {"uv": [0, 0, 0.4, 0.3], "texture": "#1"}, "west": {"uv": [0, 0, 0.4, 0.3], "texture": "#1"}, "up": {"uv": [0, 0, 0.4, 0.3], "texture": "#1"}, "down": {"uv": [0, 0, 0.4, 0.3], "texture": "#1"} } }, { "from": [7, -3.51736, 2.91705], "to": [7.2, -3.21736, 3.31705], "rotation": {"angle": -22.5, "axis": "x", "origin": [15, 4.48264, -4.68295]}, "faces": { "north": {"uv": [0.4, 0, 0.8, 0.3], "texture": "#1"}, "east": {"uv": [0.4, 0, 0.8, 0.3], "texture": "#1"}, "south": {"uv": [0.4, 0, 0.8, 0.3], "texture": "#1"}, "west": {"uv": [0.4, 0, 0.8, 0.3], "texture": "#1"}, "up": {"uv": [0.4, 0, 0.8, 0.3], "texture": "#1"}, "down": {"uv": [0.4, 0, 0.8, 0.3], "texture": "#1"} } }, { "from": [7, 5.22829, 7.08295], "to": [7.2, 5.52829, 7.48295], "rotation": {"angle": -22.5, "axis": "x", "origin": [15, -2.47171, 15.08295]}, "faces": { "north": {"uv": [0, 0.3, 0.4, 0.6], "texture": "#1"}, "east": {"uv": [0, 0.3, 0.4, 0.6], "texture": "#1"}, "south": {"uv": [0, 0.3, 0.4, 0.6], "texture": "#1"}, "west": {"uv": [0, 0.3, 0.4, 0.6], "texture": "#1"}, "up": {"uv": [0, 0.3, 0.4, 0.6], "texture": "#1"}, "down": {"uv": [0, 0.3, 0.4, 0.6], "texture": "#1"} } }, { "from": [7, 5.22829, 2.91705], "to": [7.2, 5.52829, 3.31705], "rotation": {"angle": 22.5, "axis": "x", "origin": [15, -2.47171, -4.68295]}, "faces": { "north": {"uv": [0.4, 0.3, 0.8, 0.6], "texture": "#1"}, "east": {"uv": [0.4, 0.3, 0.8, 0.6], "texture": "#1"}, "south": {"uv": [0.4, 0.3, 0.8, 0.6], "texture": "#1"}, "west": {"uv": [0.4, 0.3, 0.8, 0.6], "texture": "#1"}, "up": {"uv": [0.4, 0.3, 0.8, 0.6], "texture": "#1"}, "down": {"uv": [0.4, 0.3, 0.8, 0.6], "texture": "#1"} } }, { "from": [7, -7.56408, 7.66131], "to": [7.2, -7.26408, 8.06131], "rotation": {"angle": 45, "axis": "x", "origin": [15, 0.43592, 15.66131]}, "faces": { "north": {"uv": [0, 0, 0.4, 0.3], "texture": "#1"}, "east": {"uv": [0, 0, 0.4, 0.3], "texture": "#1"}, "south": {"uv": [0, 0, 0.4, 0.3], "texture": "#1"}, "west": {"uv": [0, 0, 0.4, 0.3], "texture": "#1"}, "up": {"uv": [0, 0, 0.4, 0.3], "texture": "#1"}, "down": {"uv": [0, 0, 0.4, 0.3], "texture": "#1"} } }, { "from": [7, -7.56408, 2.33869], "to": [7.2, -7.26408, 2.73869], "rotation": {"angle": -45, "axis": "x", "origin": [15, 0.43592, -5.26131]}, "faces": { "north": {"uv": [0.4, 0, 0.8, 0.3], "texture": "#1"}, "east": {"uv": [0.4, 0, 0.8, 0.3], "texture": "#1"}, "south": {"uv": [0.4, 0, 0.8, 0.3], "texture": "#1"}, "west": {"uv": [0.4, 0, 0.8, 0.3], "texture": "#1"}, "up": {"uv": [0.4, 0, 0.8, 0.3], "texture": "#1"}, "down": {"uv": [0.4, 0, 0.8, 0.3], "texture": "#1"} } }, { "from": [7, 9.27502, 7.66131], "to": [7.2, 9.57502, 8.06131], "rotation": {"angle": -45, "axis": "x", "origin": [15, 1.57502, 15.66131]}, "faces": { "north": {"uv": [0, 0.3, 0.4, 0.6], "texture": "#1"}, "east": {"uv": [0, 0.3, 0.4, 0.6], "texture": "#1"}, "south": {"uv": [0, 0.3, 0.4, 0.6], "texture": "#1"}, "west": {"uv": [0, 0.3, 0.4, 0.6], "texture": "#1"}, "up": {"uv": [0, 0.3, 0.4, 0.6], "texture": "#1"}, "down": {"uv": [0, 0.3, 0.4, 0.6], "texture": "#1"} } }, { "from": [7, 9.27502, 2.33869], "to": [7.2, 9.57502, 2.73869], "rotation": {"angle": 45, "axis": "x", "origin": [15, 1.57502, -5.26131]}, "faces": { "north": {"uv": [0.4, 0.3, 0.8, 0.6], "texture": "#1"}, "east": {"uv": [0.4, 0.3, 0.8, 0.6], "texture": "#1"}, "south": {"uv": [0.4, 0.3, 0.8, 0.6], "texture": "#1"}, "west": {"uv": [0.4, 0.3, 0.8, 0.6], "texture": "#1"}, "up": {"uv": [0.4, 0.3, 0.8, 0.6], "texture": "#1"}, "down": {"uv": [0.4, 0.3, 0.8, 0.6], "texture": "#1"} } }, { "from": [7, 4.0759, 6.64704], "to": [7.2, 4.4759, 6.94704], "rotation": {"angle": -22.5, "axis": "x", "origin": [15, -3.5241, 14.64704]}, "faces": { "north": {"uv": [0, 0, 0.4, 0.3], "rotation": 90, "texture": "#1"}, "east": {"uv": [0, 0, 0.4, 0.3], "rotation": 90, "texture": "#1"}, "south": {"uv": [0, 0, 0.4, 0.3], "rotation": 90, "texture": "#1"}, "west": {"uv": [0, 0, 0.4, 0.3], "rotation": 90, "texture": "#1"}, "up": {"uv": [0, 0, 0.4, 0.3], "rotation": 90, "texture": "#1"}, "down": {"uv": [0, 0, 0.4, 0.3], "rotation": 90, "texture": "#1"} } }, { "from": [7, 4.0759, 3.45296], "to": [7.2, 4.4759, 3.75296], "rotation": {"angle": 22.5, "axis": "x", "origin": [15, -3.5241, -4.24704]}, "faces": { "north": {"uv": [0, 0.3, 0.4, 0.6], "rotation": 90, "texture": "#1"}, "east": {"uv": [0, 0.3, 0.4, 0.6], "rotation": 90, "texture": "#1"}, "south": {"uv": [0, 0.3, 0.4, 0.6], "rotation": 90, "texture": "#1"}, "west": {"uv": [0, 0.3, 0.4, 0.6], "rotation": 90, "texture": "#1"}, "up": {"uv": [0, 0.3, 0.4, 0.6], "rotation": 90, "texture": "#1"}, "down": {"uv": [0, 0.3, 0.4, 0.6], "rotation": 90, "texture": "#1"} } }, { "from": [7, -2.46496, 6.64704], "to": [7.2, -2.06496, 6.94704], "rotation": {"angle": 22.5, "axis": "x", "origin": [15, 5.53504, 14.64704]}, "faces": { "north": {"uv": [0.4, 0, 0.8, 0.3], "rotation": 90, "texture": "#1"}, "east": {"uv": [0.4, 0, 0.8, 0.3], "rotation": 90, "texture": "#1"}, "south": {"uv": [0.4, 0, 0.8, 0.3], "rotation": 90, "texture": "#1"}, "west": {"uv": [0.4, 0, 0.8, 0.3], "rotation": 90, "texture": "#1"}, "up": {"uv": [0.4, 0, 0.8, 0.3], "rotation": 90, "texture": "#1"}, "down": {"uv": [0.4, 0, 0.8, 0.3], "rotation": 90, "texture": "#1"} } }, { "from": [7, -2.46496, 3.45296], "to": [7.2, -2.06496, 3.75296], "rotation": {"angle": -22.5, "axis": "x", "origin": [15, 5.53504, -4.24704]}, "faces": { "north": {"uv": [0.4, 0.3, 0.8, 0.6], "rotation": 90, "texture": "#1"}, "east": {"uv": [0.4, 0.3, 0.8, 0.6], "rotation": 90, "texture": "#1"}, "south": {"uv": [0.4, 0.3, 0.8, 0.6], "rotation": 90, "texture": "#1"}, "west": {"uv": [0.4, 0.3, 0.8, 0.6], "rotation": 90, "texture": "#1"}, "up": {"uv": [0.4, 0.3, 0.8, 0.6], "rotation": 90, "texture": "#1"}, "down": {"uv": [0.4, 0.3, 0.8, 0.6], "rotation": 90, "texture": "#1"} } }, { "from": [7, 0.80547, 4.19453], "to": [7.2, 1.20547, 4.49453], "rotation": {"angle": 0, "axis": "x", "origin": [15, -6.79453, 12.19453]}, "faces": { "north": {"uv": [0, 0, 0.4, 0.3], "rotation": 90, "texture": "#1"}, "east": {"uv": [0, 0, 0.4, 0.3], "rotation": 90, "texture": "#1"}, "south": {"uv": [0, 0, 0.4, 0.3], "rotation": 90, "texture": "#1"}, "west": {"uv": [0, 0, 0.4, 0.3], "rotation": 90, "texture": "#1"}, "up": {"uv": [0, 0, 0.4, 0.3], "rotation": 90, "texture": "#1"}, "down": {"uv": [0, 0, 0.4, 0.3], "rotation": 90, "texture": "#1"} } }, { "from": [7, 0.80547, 5.90547], "to": [7.2, 1.20547, 6.20547], "rotation": {"angle": 0, "axis": "x", "origin": [15, -6.79453, -1.79453]}, "faces": { "north": {"uv": [0, 0.3, 0.4, 0.6], "rotation": 90, "texture": "#1"}, "east": {"uv": [0, 0.3, 0.4, 0.6], "rotation": 90, "texture": "#1"}, "south": {"uv": [0, 0.3, 0.4, 0.6], "rotation": 90, "texture": "#1"}, "west": {"uv": [0, 0.3, 0.4, 0.6], "rotation": 90, "texture": "#1"}, "up": {"uv": [0, 0.3, 0.4, 0.6], "rotation": 90, "texture": "#1"}, "down": {"uv": [0, 0.3, 0.4, 0.6], "rotation": 90, "texture": "#1"} } } ], "display": { "thirdperson_righthand": { "rotation": [9, 28, 0], "translation": [1.25, 6.25, 3.5] }, "thirdperson_lefthand": { "translation": [-1.5, 6.5, 2.75] }, "firstperson_righthand": { "rotation": [0, 20, 0], "translation": [1.5, 13.5, 4.75], "scale": [1.47, 1.47, 1.45] }, "firstperson_lefthand": { "rotation": [0, 26, 0], "translation": [-2.75, 11.5, 7.75] }, "ground": { "rotation": [0, 0, 90], "translation": [-7.25, -2.5, 2.25] }, "gui": { "rotation": [37, 90, -26], "translation": [6.25, 15, 0], "scale": [2.2, 2.2, 2.2] }, "head": { "translation": [0, 9.5, 0] }, "fixed": { "rotation": [0, 90, 0], "translation": [4.25, 11.5, -1.25], "scale": [1.56, 1.56, 1.56] } } }