{ "credit": "Made with Blockbench", "textures": { "4": "block/wool_colored_yellow", "5": "block/wool_colored_blue", "6": "block/wool_colored_white", "7": "block/wool_colored_red", "8": "block/wool_colored_brown", "particle": "block/wool_colored_red" }, "elements": [ { "from": [10.8, 0, 8], "to": [11.8, 28, 9], "rotation": {"angle": 0, "axis": "y", "origin": [18.8, 8, 16]}, "faces": { "north": {"uv": [0, 0, 1, 16], "texture": "#8"}, "east": {"uv": [0, 0, 1, 16], "texture": "#8"}, "south": {"uv": [0, 0, 1, 16], "texture": "#8"}, "west": {"uv": [0, 0, 1, 16], "texture": "#8"}, "up": {"uv": [0, 0, 1, 16], "texture": "#8"}, "down": {"uv": [0, 0, 1, 16], "texture": "#8"} } }, { "from": [10.8, 28, 8], "to": [11.8, 29, 9], "rotation": {"angle": 0, "axis": "y", "origin": [18.8, 12, 16]}, "faces": { "north": {"uv": [0, 0, 1, 16], "texture": "#missing"}, "east": {"uv": [0, 0, 1, 16], "texture": "#missing"}, "south": {"uv": [0, 0, 1, 16], "texture": "#missing"}, "west": {"uv": [0, 0, 1, 16], "texture": "#missing"}, "up": {"uv": [0, 0, 1, 16], "texture": "#missing"}, "down": {"uv": [0, 0, 1, 16], "texture": "#missing"} } }, { "from": [10.8, 29, 8], "to": [11.8, 29.1, 9], "rotation": {"angle": 0, "axis": "y", "origin": [18.8, 13, 16]}, "faces": { "north": {"uv": [0, 0, 1, 16], "texture": "#4"}, "east": {"uv": [0, 0, 1, 16], "texture": "#4"}, "south": {"uv": [0, 0, 1, 16], "texture": "#4"}, "west": {"uv": [0, 0, 1, 16], "texture": "#4"}, "up": {"uv": [0, 0, 1, 16], "texture": "#4"}, "down": {"uv": [0, 0, 1, 16], "texture": "#4"} } }, { "from": [11.8, 28, 8], "to": [11.9, 29, 9], "rotation": {"angle": 0, "axis": "y", "origin": [19.8, 12, 16]}, "faces": { "north": {"uv": [0, 0, 1, 16], "texture": "#4"}, "east": {"uv": [0, 0, 1, 16], "texture": "#4"}, "south": {"uv": [0, 0, 1, 16], "texture": "#4"}, "west": {"uv": [0, 0, 1, 16], "texture": "#4"}, "up": {"uv": [0, 0, 1, 16], "texture": "#4"}, "down": {"uv": [0, 0, 1, 16], "texture": "#4"} } }, { "from": [10.7, 28, 8], "to": [10.8, 29, 9], "rotation": {"angle": 0, "axis": "y", "origin": [18.7, 12, 16]}, "faces": { "north": {"uv": [0, 0, 1, 16], "texture": "#4"}, "east": {"uv": [0, 0, 1, 16], "texture": "#4"}, "south": {"uv": [0, 0, 1, 16], "texture": "#4"}, "west": {"uv": [0, 0, 1, 16], "texture": "#4"}, "up": {"uv": [0, 0, 1, 16], "texture": "#4"}, "down": {"uv": [0, 0, 1, 16], "texture": "#4"} } }, { "from": [10.8, 28, 7.9], "to": [11.8, 29, 8], "rotation": {"angle": 0, "axis": "y", "origin": [18.7, 12, 15]}, "faces": { "north": {"uv": [0, 0, 1, 16], "texture": "#4"}, "east": {"uv": [0, 0, 1, 16], "texture": "#4"}, "south": {"uv": [0, 0, 1, 16], "texture": "#4"}, "west": {"uv": [0, 0, 1, 16], "texture": "#4"}, "up": {"uv": [0, 0, 1, 16], "texture": "#4"}, "down": {"uv": [0, 0, 1, 16], "texture": "#4"} } }, { "from": [11.5, 27, 7.9], "to": [11.6, 28, 8], "rotation": {"angle": 0, "axis": "y", "origin": [18.7, 11, 15]}, "faces": { "north": {"uv": [0, 0, 1, 16], "texture": "#4"}, "east": {"uv": [0, 0, 1, 16], "texture": "#4"}, "south": {"uv": [0, 0, 1, 16], "texture": "#4"}, "west": {"uv": [0, 0, 1, 16], "texture": "#4"}, "up": {"uv": [0, 0, 1, 16], "texture": "#4"}, "down": {"uv": [0, 0, 1, 16], "texture": "#4"} } }, { "from": [11, 27, 7.9], "to": [11.1, 28, 8], "rotation": {"angle": 0, "axis": "y", "origin": [18.2, 11, 15]}, "faces": { "north": {"uv": [0, 0, 1, 16], "texture": "#4"}, "east": {"uv": [0, 0, 1, 16], "texture": "#4"}, "south": {"uv": [0, 0, 1, 16], "texture": "#4"}, "west": {"uv": [0, 0, 1, 16], "texture": "#4"}, "up": {"uv": [0, 0, 1, 16], "texture": "#4"}, "down": {"uv": [0, 0, 1, 16], "texture": "#4"} } }, { "from": [11.6, 26.6, 7.8], "to": [11.7, 27.6, 7.9], "rotation": {"angle": 0, "axis": "y", "origin": [18.8, 10.6, 14.9]}, "faces": { "north": {"uv": [0, 0, 1, 16], "texture": "#4"}, "east": {"uv": [0, 0, 1, 16], "texture": "#4"}, "south": {"uv": [0, 0, 1, 16], "texture": "#4"}, "west": {"uv": [0, 0, 1, 16], "texture": "#4"}, "up": {"uv": [0, 0, 1, 16], "texture": "#4"}, "down": {"uv": [0, 0, 1, 16], "texture": "#4"} } }, { "from": [10.9, 26.6, 7.8], "to": [11, 27.6, 7.9], "rotation": {"angle": 0, "axis": "y", "origin": [18.1, 10.6, 14.9]}, "faces": { "north": {"uv": [0, 0, 1, 16], "texture": "#4"}, "east": {"uv": [0, 0, 1, 16], "texture": "#4"}, "south": {"uv": [0, 0, 1, 16], "texture": "#4"}, "west": {"uv": [0, 0, 1, 16], "texture": "#4"}, "up": {"uv": [0, 0, 1, 16], "texture": "#4"}, "down": {"uv": [0, 0, 1, 16], "texture": "#4"} } }, { "from": [11.7, 26.1, 7.8], "to": [11.8, 27.1, 7.9], "rotation": {"angle": 0, "axis": "y", "origin": [18.9, 10.1, 14.9]}, "faces": { "north": {"uv": [0, 0, 1, 16], "texture": "#4"}, "east": {"uv": [0, 0, 1, 16], "texture": "#4"}, "south": {"uv": [0, 0, 1, 16], "texture": "#4"}, "west": {"uv": [0, 0, 1, 16], "texture": "#4"}, "up": {"uv": [0, 0, 1, 16], "texture": "#4"}, "down": {"uv": [0, 0, 1, 16], "texture": "#4"} } }, { "from": [10.8, 26.1, 7.8], "to": [10.9, 27.1, 7.9], "rotation": {"angle": 0, "axis": "y", "origin": [18, 10.1, 14.9]}, "faces": { "north": {"uv": [0, 0, 1, 16], "texture": "#4"}, "east": {"uv": [0, 0, 1, 16], "texture": "#4"}, "south": {"uv": [0, 0, 1, 16], "texture": "#4"}, "west": {"uv": [0, 0, 1, 16], "texture": "#4"}, "up": {"uv": [0, 0, 1, 16], "texture": "#4"}, "down": {"uv": [0, 0, 1, 16], "texture": "#4"} } }, { "from": [11.8, 25.7, 7.9], "to": [11.9, 26.7, 8], "rotation": {"angle": 0, "axis": "y", "origin": [19, 9.7, 15]}, "faces": { "north": {"uv": [0, 0, 1, 16], "texture": "#4"}, "east": {"uv": [0, 0, 1, 16], "texture": "#4"}, "south": {"uv": [0, 0, 1, 16], "texture": "#4"}, "west": {"uv": [0, 0, 1, 16], "texture": "#4"}, "up": {"uv": [0, 0, 1, 16], "texture": "#4"}, "down": {"uv": [0, 0, 1, 16], "texture": "#4"} } }, { "from": [11.9, 25.4, 8], "to": [12, 25.8, 8.1], "rotation": {"angle": 0, "axis": "y", "origin": [19.1, 8.8, 15.1]}, "faces": { "north": {"uv": [0, 0, 1, 16], "texture": "#4"}, "east": {"uv": [0, 0, 1, 16], "texture": "#4"}, "south": {"uv": [0, 0, 1, 16], "texture": "#4"}, "west": {"uv": [0, 0, 1, 16], "texture": "#4"}, "up": {"uv": [0, 0, 1, 16], "texture": "#4"}, "down": {"uv": [0, 0, 1, 16], "texture": "#4"} } }, { "from": [10.6, 25.4, 8], "to": [10.7, 25.8, 8.1], "rotation": {"angle": 0, "axis": "y", "origin": [17.8, 8.8, 15.1]}, "faces": { "north": {"uv": [0, 0, 1, 16], "texture": "#4"}, "east": {"uv": [0, 0, 1, 16], "texture": "#4"}, "south": {"uv": [0, 0, 1, 16], "texture": "#4"}, "west": {"uv": [0, 0, 1, 16], "texture": "#4"}, "up": {"uv": [0, 0, 1, 16], "texture": "#4"}, "down": {"uv": [0, 0, 1, 16], "texture": "#4"} } }, { "from": [11.7, 25.4, 7.8], "to": [11.8, 25.8, 7.9], "rotation": {"angle": 0, "axis": "y", "origin": [18.9, 8.8, 14.9]}, "faces": { "north": {"uv": [0, 0, 1, 16], "texture": "#4"}, "east": {"uv": [0, 0, 1, 16], "texture": "#4"}, "south": {"uv": [0, 0, 1, 16], "texture": "#4"}, "west": {"uv": [0, 0, 1, 16], "texture": "#4"}, "up": {"uv": [0, 0, 1, 16], "texture": "#4"}, "down": {"uv": [0, 0, 1, 16], "texture": "#4"} } }, { "from": [10.8, 25.4, 7.8], "to": [10.9, 25.8, 7.9], "rotation": {"angle": 0, "axis": "y", "origin": [18, 8.8, 14.9]}, "faces": { "north": {"uv": [0, 0, 1, 16], "texture": "#4"}, "east": {"uv": [0, 0, 1, 16], "texture": "#4"}, "south": {"uv": [0, 0, 1, 16], "texture": "#4"}, "west": {"uv": [0, 0, 1, 16], "texture": "#4"}, "up": {"uv": [0, 0, 1, 16], "texture": "#4"}, "down": {"uv": [0, 0, 1, 16], "texture": "#4"} } }, { "from": [10.7, 25.7, 7.9], "to": [10.8, 26.7, 8], "rotation": {"angle": 0, "axis": "y", "origin": [17.9, 9.7, 15]}, "faces": { "north": {"uv": [0, 0, 1, 16], "texture": "#4"}, "east": {"uv": [0, 0, 1, 16], "texture": "#4"}, "south": {"uv": [0, 0, 1, 16], "texture": "#4"}, "west": {"uv": [0, 0, 1, 16], "texture": "#4"}, "up": {"uv": [0, 0, 1, 16], "texture": "#4"}, "down": {"uv": [0, 0, 1, 16], "texture": "#4"} } }, { "from": [10.8, 28, 9], "to": [11.8, 29, 9.1], "rotation": {"angle": 0, "axis": "y", "origin": [18.7, 12, 16.1]}, "faces": { "north": {"uv": [0, 0, 1, 16], "texture": "#4"}, "east": {"uv": [0, 0, 1, 16], "texture": "#4"}, "south": {"uv": [0, 0, 1, 16], "texture": "#4"}, "west": {"uv": [0, 0, 1, 16], "texture": "#4"}, "up": {"uv": [0, 0, 1, 16], "texture": "#4"}, "down": {"uv": [0, 0, 1, 16], "texture": "#4"} } }, { "from": [11.3, 21, 17], "to": [11.8, 28, 21], "rotation": {"angle": 0, "axis": "y", "origin": [19, 8, 25]}, "faces": { "north": {"uv": [0, 0, 7, 6.8], "texture": "#5"}, "east": {"uv": [0, 0, 7, 6.8], "texture": "#5"}, "south": {"uv": [0, 0, 7, 6.8], "texture": "#5"}, "west": {"uv": [0, 0, 7, 6.8], "texture": "#5"}, "up": {"uv": [0, 0, 7, 6.8], "texture": "#5"}, "down": {"uv": [0, 0, 7, 6.8], "texture": "#5"} } }, { "from": [10.8, 21, 21], "to": [11.3, 27.5, 24], "rotation": {"angle": 0, "axis": "y", "origin": [18.5, 8, 28]}, "faces": { "north": {"uv": [0, 0, 7, 6.8], "texture": "#5"}, "east": {"uv": [0, 0, 7, 6.8], "texture": "#5"}, "south": {"uv": [0, 0, 7, 6.8], "texture": "#5"}, "west": {"uv": [0, 0, 7, 6.8], "texture": "#5"}, "up": {"uv": [0, 0, 7, 6.8], "texture": "#5"}, "down": {"uv": [0, 0, 7, 6.8], "texture": "#5"} } }, { "from": [10.8, 21, 9], "to": [11.3, 28, 16], "rotation": {"angle": 0, "axis": "y", "origin": [18.5, 8, 17]}, "faces": { "north": {"uv": [0, 0, 7, 6.8], "texture": "#5"}, "east": {"uv": [0, 0, 7, 6.8], "texture": "#5"}, "south": {"uv": [0, 0, 7, 6.8], "texture": "#5"}, "west": {"uv": [0, 0, 7, 6.8], "texture": "#5"}, "up": {"uv": [0, 0, 7, 6.8], "texture": "#5"}, "down": {"uv": [0, 0, 7, 6.8], "texture": "#5"} } }, { "from": [10.8, 15, 9], "to": [11.3, 16, 16], "rotation": {"angle": 0, "axis": "y", "origin": [18.5, 0, 17]}, "faces": { "north": {"uv": [0, 0, 15, 1], "texture": "#7"}, "east": {"uv": [0, 0, 15, 1], "texture": "#7"}, "south": {"uv": [0, 0, 15, 1], "texture": "#7"}, "west": {"uv": [0, 0, 15, 1], "texture": "#7"}, "up": {"uv": [0, 0, 15, 1], "texture": "#7"}, "down": {"uv": [0, 0, 15, 1], "texture": "#7"} } }, { "from": [10.8, 15, 16], "to": [11.3, 16, 21], "rotation": {"angle": 0, "axis": "y", "origin": [18.5, 0, 24]}, "faces": { "north": {"uv": [0, 0, 15, 1], "texture": "#7"}, "east": {"uv": [0, 0, 15, 1], "texture": "#7"}, "south": {"uv": [0, 0, 15, 1], "texture": "#7"}, "west": {"uv": [0, 0, 15, 1], "texture": "#7"}, "up": {"uv": [0, 0, 15, 1], "texture": "#7"}, "down": {"uv": [0, 0, 15, 1], "texture": "#7"} } }, { "from": [10.3, 15, 16], "to": [10.8, 16, 24], "rotation": {"angle": 0, "axis": "y", "origin": [18, 0, 17]}, "faces": { "north": {"uv": [0, 0, 15, 1], "texture": "#7"}, "east": {"uv": [0, 0, 15, 1], "texture": "#7"}, "south": {"uv": [0, 0, 15, 1], "texture": "#7"}, "west": {"uv": [0, 0, 15, 1], "texture": "#7"}, "up": {"uv": [0, 0, 15, 1], "texture": "#7"}, "down": {"uv": [0, 0, 15, 1], "texture": "#7"} } }, { "from": [9.8, 15, 21], "to": [10.3, 16, 24], "rotation": {"angle": 0, "axis": "y", "origin": [17.5, 0, 22]}, "faces": { "north": {"uv": [0, 0, 15, 1], "texture": "#7"}, "east": {"uv": [0, 0, 15, 1], "texture": "#7"}, "south": {"uv": [0, 0, 15, 1], "texture": "#7"}, "west": {"uv": [0, 0, 15, 1], "texture": "#7"}, "up": {"uv": [0, 0, 15, 1], "texture": "#7"}, "down": {"uv": [0, 0, 15, 1], "texture": "#7"} } }, { "from": [10.8, 19, 9], "to": [11.3, 20, 16], "rotation": {"angle": 0, "axis": "y", "origin": [18.5, 4, 17]}, "faces": { "north": {"uv": [0, 0, 15, 1], "texture": "#7"}, "east": {"uv": [0, 0, 15, 1], "texture": "#7"}, "south": {"uv": [0, 0, 15, 1], "texture": "#7"}, "west": {"uv": [0, 0, 15, 1], "texture": "#7"}, "up": {"uv": [0, 0, 15, 1], "texture": "#7"}, "down": {"uv": [0, 0, 15, 1], "texture": "#7"} } }, { "from": [10.8, 19, 16], "to": [11.3, 20, 21], "rotation": {"angle": 0, "axis": "y", "origin": [18.5, 4, 24]}, "faces": { "north": {"uv": [0, 0, 15, 1], "texture": "#7"}, "east": {"uv": [0, 0, 15, 1], "texture": "#7"}, "south": {"uv": [0, 0, 15, 1], "texture": "#7"}, "west": {"uv": [0, 0, 15, 1], "texture": "#7"}, "up": {"uv": [0, 0, 15, 1], "texture": "#7"}, "down": {"uv": [0, 0, 15, 1], "texture": "#7"} } }, { "from": [10.3, 19, 16], "to": [10.8, 20, 24], "rotation": {"angle": 0, "axis": "y", "origin": [18, 4, 17]}, "faces": { "north": {"uv": [0, 0, 15, 1], "texture": "#7"}, "east": {"uv": [0, 0, 15, 1], "texture": "#7"}, "south": {"uv": [0, 0, 15, 1], "texture": "#7"}, "west": {"uv": [0, 0, 15, 1], "texture": "#7"}, "up": {"uv": [0, 0, 15, 1], "texture": "#7"}, "down": {"uv": [0, 0, 15, 1], "texture": "#7"} } }, { "from": [9.8, 19, 21], "to": [10.3, 20, 24], "rotation": {"angle": 0, "axis": "y", "origin": [17.5, 4, 22]}, "faces": { "north": {"uv": [0, 0, 15, 1], "texture": "#7"}, "east": {"uv": [0, 0, 15, 1], "texture": "#7"}, "south": {"uv": [0, 0, 15, 1], "texture": "#7"}, "west": {"uv": [0, 0, 15, 1], "texture": "#7"}, "up": {"uv": [0, 0, 15, 1], "texture": "#7"}, "down": {"uv": [0, 0, 15, 1], "texture": "#7"} } }, { "from": [11.3, 21, 9], "to": [11.8, 22, 17], "rotation": {"angle": 0, "axis": "y", "origin": [19, 6, 17]}, "faces": { "north": {"uv": [0, 0, 15, 1], "texture": "#7"}, "east": {"uv": [0, 0, 15, 1], "texture": "#7"}, "south": {"uv": [0, 0, 15, 1], "texture": "#7"}, "west": {"uv": [0, 0, 15, 1], "texture": "#7"}, "up": {"uv": [0, 0, 15, 1], "texture": "#7"}, "down": {"uv": [0, 0, 15, 1], "texture": "#7"} } }, { "from": [10.8, 21, 16], "to": [11.3, 23, 21], "rotation": {"angle": 0, "axis": "y", "origin": [18.5, 6, 24]}, "faces": { "north": {"uv": [0, 0, 15, 1], "texture": "#missing"}, "east": {"uv": [0, 0, 15, 1], "texture": "#missing"}, "south": {"uv": [0, 0, 15, 1], "texture": "#missing"}, "west": {"uv": [0, 0, 15, 1], "texture": "#missing"}, "up": {"uv": [0, 0, 15, 1], "texture": "#missing"}, "down": {"uv": [0, 0, 15, 1], "texture": "#missing"} } }, { "from": [10.3, 21, 16], "to": [10.8, 22, 24], "rotation": {"angle": 0, "axis": "y", "origin": [18, 6, 24]}, "faces": { "north": {"uv": [0, 0, 15, 1], "texture": "#7"}, "east": {"uv": [0, 0, 15, 1], "texture": "#7"}, "south": {"uv": [0, 0, 15, 1], "texture": "#7"}, "west": {"uv": [0, 0, 15, 1], "texture": "#7"}, "up": {"uv": [0, 0, 15, 1], "texture": "#7"}, "down": {"uv": [0, 0, 15, 1], "texture": "#7"} } }, { "from": [9.8, 21, 21], "to": [10.3, 22, 24], "rotation": {"angle": 0, "axis": "y", "origin": [17.5, 6, 29]}, "faces": { "north": {"uv": [0, 0, 15, 1], "texture": "#7"}, "east": {"uv": [0, 0, 15, 1], "texture": "#7"}, "south": {"uv": [0, 0, 15, 1], "texture": "#7"}, "west": {"uv": [0, 0, 15, 1], "texture": "#7"}, "up": {"uv": [0, 0, 15, 1], "texture": "#7"}, "down": {"uv": [0, 0, 15, 1], "texture": "#7"} } }, { "from": [11.3, 23, 9], "to": [11.8, 24, 17], "rotation": {"angle": 0, "axis": "y", "origin": [19, 8, 17]}, "faces": { "north": {"uv": [0, 0, 15, 1], "texture": "#7"}, "east": {"uv": [0, 0, 15, 1], "texture": "#7"}, "south": {"uv": [0, 0, 15, 1], "texture": "#7"}, "west": {"uv": [0, 0, 15, 1], "texture": "#7"}, "up": {"uv": [0, 0, 15, 1], "texture": "#7"}, "down": {"uv": [0, 0, 15, 1], "texture": "#7"} } }, { "from": [10.8, 23, 16], "to": [11.3, 25, 21], "rotation": {"angle": 0, "axis": "y", "origin": [18.5, 8, 24]}, "faces": { "north": {"uv": [0, 0, 15, 1], "texture": "#missing"}, "east": {"uv": [0, 0, 15, 1], "texture": "#missing"}, "south": {"uv": [0, 0, 15, 1], "texture": "#missing"}, "west": {"uv": [0, 0, 15, 1], "texture": "#missing"}, "up": {"uv": [0, 0, 15, 1], "texture": "#missing"}, "down": {"uv": [0, 0, 15, 1], "texture": "#missing"} } }, { "from": [10.3, 23, 16], "to": [10.8, 24, 24], "rotation": {"angle": 0, "axis": "y", "origin": [18, 8, 24]}, "faces": { "north": {"uv": [0, 0, 15, 1], "texture": "#7"}, "east": {"uv": [0, 0, 15, 1], "texture": "#7"}, "south": {"uv": [0, 0, 15, 1], "texture": "#7"}, "west": {"uv": [0, 0, 15, 1], "texture": "#7"}, "up": {"uv": [0, 0, 15, 1], "texture": "#7"}, "down": {"uv": [0, 0, 15, 1], "texture": "#7"} } }, { "from": [9.8, 23, 21], "to": [10.3, 24, 24], "rotation": {"angle": 0, "axis": "y", "origin": [17.5, 8, 29]}, "faces": { "north": {"uv": [0, 0, 15, 1], "texture": "#7"}, "east": {"uv": [0, 0, 15, 1], "texture": "#7"}, "south": {"uv": [0, 0, 15, 1], "texture": "#7"}, "west": {"uv": [0, 0, 15, 1], "texture": "#7"}, "up": {"uv": [0, 0, 15, 1], "texture": "#7"}, "down": {"uv": [0, 0, 15, 1], "texture": "#7"} } }, { "from": [11.3, 25, 9], "to": [11.8, 26, 17], "rotation": {"angle": 0, "axis": "y", "origin": [19, 10, 17]}, "faces": { "north": {"uv": [0, 0, 15, 1], "texture": "#7"}, "east": {"uv": [0, 0, 15, 1], "texture": "#7"}, "south": {"uv": [0, 0, 15, 1], "texture": "#7"}, "west": {"uv": [0, 0, 15, 1], "texture": "#7"}, "up": {"uv": [0, 0, 15, 1], "texture": "#7"}, "down": {"uv": [0, 0, 15, 1], "texture": "#7"} } }, { "from": [10.8, 25, 16], "to": [11.3, 27, 21], "rotation": {"angle": 0, "axis": "y", "origin": [18.5, 10, 24]}, "faces": { "north": {"uv": [0, 0, 15, 1], "texture": "#missing"}, "east": {"uv": [0, 0, 15, 1], "texture": "#missing"}, "south": {"uv": [0, 0, 15, 1], "texture": "#missing"}, "west": {"uv": [0, 0, 15, 1], "texture": "#missing"}, "up": {"uv": [0, 0, 15, 1], "texture": "#missing"}, "down": {"uv": [0, 0, 15, 1], "texture": "#missing"} } }, { "from": [10.3, 25, 16], "to": [10.8, 26, 24], "rotation": {"angle": 0, "axis": "y", "origin": [18, 10, 24]}, "faces": { "north": {"uv": [0, 0, 15, 1], "texture": "#7"}, "east": {"uv": [0, 0, 15, 1], "texture": "#7"}, "south": {"uv": [0, 0, 15, 1], "texture": "#7"}, "west": {"uv": [0, 0, 15, 1], "texture": "#7"}, "up": {"uv": [0, 0, 15, 1], "texture": "#7"}, "down": {"uv": [0, 0, 15, 1], "texture": "#7"} } }, { "from": [9.8, 25, 21], "to": [10.3, 26, 24], "rotation": {"angle": 0, "axis": "y", "origin": [17.5, 10, 29]}, "faces": { "north": {"uv": [0, 0, 15, 1], "texture": "#7"}, "east": {"uv": [0, 0, 15, 1], "texture": "#7"}, "south": {"uv": [0, 0, 15, 1], "texture": "#7"}, "west": {"uv": [0, 0, 15, 1], "texture": "#7"}, "up": {"uv": [0, 0, 15, 1], "texture": "#7"}, "down": {"uv": [0, 0, 15, 1], "texture": "#7"} } }, { "from": [11.3, 27, 9], "to": [11.8, 28, 17], "rotation": {"angle": 0, "axis": "y", "origin": [19, 12, 17]}, "faces": { "north": {"uv": [0, 0, 15, 1], "texture": "#7"}, "east": {"uv": [0, 0, 15, 1], "texture": "#7"}, "south": {"uv": [0, 0, 15, 1], "texture": "#7"}, "west": {"uv": [0, 0, 15, 1], "texture": "#7"}, "up": {"uv": [0, 0, 15, 1], "texture": "#7"}, "down": {"uv": [0, 0, 15, 1], "texture": "#7"} } }, { "from": [10.3, 27, 16], "to": [10.8, 27.5, 21], "rotation": {"angle": 0, "axis": "y", "origin": [18, 12, 24]}, "faces": { "north": {"uv": [0, 0, 15, 1], "texture": "#7"}, "east": {"uv": [0, 0, 15, 1], "texture": "#7"}, "south": {"uv": [0, 0, 15, 1], "texture": "#7"}, "west": {"uv": [0, 0, 15, 1], "texture": "#7"}, "up": {"uv": [0, 0, 15, 1], "texture": "#7"}, "down": {"uv": [0, 0, 15, 1], "texture": "#7"} } }, { "from": [10.8, 17, 9], "to": [11.3, 18, 16], "rotation": {"angle": 0, "axis": "y", "origin": [18.5, 2, 17]}, "faces": { "north": {"uv": [0, 0, 15, 1], "texture": "#7"}, "east": {"uv": [0, 0, 15, 1], "texture": "#7"}, "south": {"uv": [0, 0, 15, 1], "texture": "#7"}, "west": {"uv": [0, 0, 15, 1], "texture": "#7"}, "up": {"uv": [0, 0, 15, 1], "texture": "#7"}, "down": {"uv": [0, 0, 15, 1], "texture": "#7"} } }, { "from": [10.8, 17, 16], "to": [11.3, 18, 21], "rotation": {"angle": 0, "axis": "y", "origin": [18.5, 2, 24]}, "faces": { "north": {"uv": [0, 0, 15, 1], "texture": "#7"}, "east": {"uv": [0, 0, 15, 1], "texture": "#7"}, "south": {"uv": [0, 0, 15, 1], "texture": "#7"}, "west": {"uv": [0, 0, 15, 1], "texture": "#7"}, "up": {"uv": [0, 0, 15, 1], "texture": "#7"}, "down": {"uv": [0, 0, 15, 1], "texture": "#7"} } }, { "from": [10.3, 17, 16], "to": [10.8, 18, 24], "rotation": {"angle": 0, "axis": "y", "origin": [18, 2, 17]}, "faces": { "north": {"uv": [0, 0, 15, 1], "texture": "#7"}, "east": {"uv": [0, 0, 15, 1], "texture": "#7"}, "south": {"uv": [0, 0, 15, 1], "texture": "#7"}, "west": {"uv": [0, 0, 15, 1], "texture": "#7"}, "up": {"uv": [0, 0, 15, 1], "texture": "#7"}, "down": {"uv": [0, 0, 15, 1], "texture": "#7"} } }, { "from": [9.8, 17, 21], "to": [10.3, 18, 24], "rotation": {"angle": 0, "axis": "y", "origin": [17.5, 2, 22]}, "faces": { "north": {"uv": [0, 0, 15, 1], "texture": "#7"}, "east": {"uv": [0, 0, 15, 1], "texture": "#7"}, "south": {"uv": [0, 0, 15, 1], "texture": "#7"}, "west": {"uv": [0, 0, 15, 1], "texture": "#7"}, "up": {"uv": [0, 0, 15, 1], "texture": "#7"}, "down": {"uv": [0, 0, 15, 1], "texture": "#7"} } }, { "from": [10.8, 16, 9.1], "to": [11.3, 17, 16.1], "rotation": {"angle": 0, "axis": "y", "origin": [18.5, 1, 17]}, "faces": { "north": {"uv": [0, 0, 15, 1], "texture": "#6"}, "east": {"uv": [0, 0, 15, 1], "texture": "#6"}, "south": {"uv": [0, 0, 15, 1], "texture": "#6"}, "west": {"uv": [0, 0, 15, 1], "texture": "#6"}, "up": {"uv": [0, 0, 15, 1], "texture": "#6"}, "down": {"uv": [0, 0, 15, 1], "texture": "#6"} } }, { "from": [10.8, 16, 16], "to": [11.3, 17, 21], "rotation": {"angle": 0, "axis": "y", "origin": [18.5, 1, 24]}, "faces": { "north": {"uv": [0, 0, 15, 1], "texture": "#6"}, "east": {"uv": [0, 0, 15, 1], "texture": "#6"}, "south": {"uv": [0, 0, 15, 1], "texture": "#6"}, "west": {"uv": [0, 0, 15, 1], "texture": "#6"}, "up": {"uv": [0, 0, 15, 1], "texture": "#6"}, "down": {"uv": [0, 0, 15, 1], "texture": "#6"} } }, { "from": [10.3, 16, 16.1], "to": [10.8, 17, 24.1], "rotation": {"angle": 0, "axis": "y", "origin": [18, 1, 17]}, "faces": { "north": {"uv": [0, 0, 15, 1], "texture": "#6"}, "east": {"uv": [0, 0, 15, 1], "texture": "#6"}, "south": {"uv": [0, 0, 15, 1], "texture": "#6"}, "west": {"uv": [0, 0, 15, 1], "texture": "#6"}, "up": {"uv": [0, 0, 15, 1], "texture": "#6"}, "down": {"uv": [0, 0, 15, 1], "texture": "#6"} } }, { "from": [9.8, 16, 21], "to": [10.3, 17, 24], "rotation": {"angle": 0, "axis": "y", "origin": [17.5, 1, 22]}, "faces": { "north": {"uv": [0, 0, 15, 1], "texture": "#6"}, "east": {"uv": [0, 0, 15, 1], "texture": "#6"}, "south": {"uv": [0, 0, 15, 1], "texture": "#6"}, "west": {"uv": [0, 0, 15, 1], "texture": "#6"}, "up": {"uv": [0, 0, 15, 1], "texture": "#6"}, "down": {"uv": [0, 0, 15, 1], "texture": "#6"} } }, { "from": [10.8, 18, 9.1], "to": [11.3, 19, 16.1], "rotation": {"angle": 0, "axis": "y", "origin": [18.5, 3, 17]}, "faces": { "north": {"uv": [0, 0, 15, 1], "texture": "#6"}, "east": {"uv": [0, 0, 15, 1], "texture": "#6"}, "south": {"uv": [0, 0, 15, 1], "texture": "#6"}, "west": {"uv": [0, 0, 15, 1], "texture": "#6"}, "up": {"uv": [0, 0, 15, 1], "texture": "#6"}, "down": {"uv": [0, 0, 15, 1], "texture": "#6"} } }, { "from": [10.8, 18, 16], "to": [11.3, 19, 21], "rotation": {"angle": 0, "axis": "y", "origin": [18.5, 3, 24]}, "faces": { "north": {"uv": [0, 0, 15, 1], "texture": "#6"}, "east": {"uv": [0, 0, 15, 1], "texture": "#6"}, "south": {"uv": [0, 0, 15, 1], "texture": "#6"}, "west": {"uv": [0, 0, 15, 1], "texture": "#6"}, "up": {"uv": [0, 0, 15, 1], "texture": "#6"}, "down": {"uv": [0, 0, 15, 1], "texture": "#6"} } }, { "from": [10.3, 18, 16.1], "to": [10.8, 19, 24.1], "rotation": {"angle": 0, "axis": "y", "origin": [18, 3, 17]}, "faces": { "north": {"uv": [0, 0, 15, 1], "texture": "#6"}, "east": {"uv": [0, 0, 15, 1], "texture": "#6"}, "south": {"uv": [0, 0, 15, 1], "texture": "#6"}, "west": {"uv": [0, 0, 15, 1], "texture": "#6"}, "up": {"uv": [0, 0, 15, 1], "texture": "#6"}, "down": {"uv": [0, 0, 15, 1], "texture": "#6"} } }, { "from": [9.8, 18, 21], "to": [10.3, 19, 24], "rotation": {"angle": 0, "axis": "y", "origin": [17.5, 3, 22]}, "faces": { "north": {"uv": [0, 0, 15, 1], "texture": "#6"}, "east": {"uv": [0, 0, 15, 1], "texture": "#6"}, "south": {"uv": [0, 0, 15, 1], "texture": "#6"}, "west": {"uv": [0, 0, 15, 1], "texture": "#6"}, "up": {"uv": [0, 0, 15, 1], "texture": "#6"}, "down": {"uv": [0, 0, 15, 1], "texture": "#6"} } }, { "from": [10.8, 20, 9.1], "to": [11.3, 21, 16.1], "rotation": {"angle": 0, "axis": "y", "origin": [18.5, 5, 17]}, "faces": { "north": {"uv": [0, 0, 15, 1], "texture": "#6"}, "east": {"uv": [0, 0, 15, 1], "texture": "#6"}, "south": {"uv": [0, 0, 15, 1], "texture": "#6"}, "west": {"uv": [0, 0, 15, 1], "texture": "#6"}, "up": {"uv": [0, 0, 15, 1], "texture": "#6"}, "down": {"uv": [0, 0, 15, 1], "texture": "#6"} } }, { "from": [10.8, 20, 16], "to": [11.3, 21, 21], "rotation": {"angle": 0, "axis": "y", "origin": [18.5, 5, 24]}, "faces": { "north": {"uv": [0, 0, 15, 1], "texture": "#6"}, "east": {"uv": [0, 0, 15, 1], "texture": "#6"}, "south": {"uv": [0, 0, 15, 1], "texture": "#6"}, "west": {"uv": [0, 0, 15, 1], "texture": "#6"}, "up": {"uv": [0, 0, 15, 1], "texture": "#6"}, "down": {"uv": [0, 0, 15, 1], "texture": "#6"} } }, { "from": [10.3, 20, 16], "to": [10.8, 21, 24], "rotation": {"angle": 0, "axis": "y", "origin": [18, 5, 17]}, "faces": { "north": {"uv": [0, 0, 15, 1], "texture": "#6"}, "east": {"uv": [0, 0, 15, 1], "texture": "#6"}, "south": {"uv": [0, 0, 15, 1], "texture": "#6"}, "west": {"uv": [0, 0, 15, 1], "texture": "#6"}, "up": {"uv": [0, 0, 15, 1], "texture": "#6"}, "down": {"uv": [0, 0, 15, 1], "texture": "#6"} } }, { "from": [9.8, 20, 21], "to": [10.3, 21, 24], "rotation": {"angle": 0, "axis": "y", "origin": [17.5, 5, 22]}, "faces": { "north": {"uv": [0, 0, 15, 1], "texture": "#6"}, "east": {"uv": [0, 0, 15, 1], "texture": "#6"}, "south": {"uv": [0, 0, 15, 1], "texture": "#6"}, "west": {"uv": [0, 0, 15, 1], "texture": "#6"}, "up": {"uv": [0, 0, 15, 1], "texture": "#6"}, "down": {"uv": [0, 0, 15, 1], "texture": "#6"} } }, { "from": [11.3, 22, 9], "to": [11.8, 23, 17], "rotation": {"angle": 0, "axis": "y", "origin": [19, 7, 17]}, "faces": { "north": {"uv": [0, 0, 15, 1], "texture": "#6"}, "east": {"uv": [0, 0, 15, 1], "texture": "#6"}, "south": {"uv": [0, 0, 15, 1], "texture": "#6"}, "west": {"uv": [0, 0, 15, 1], "texture": "#6"}, "up": {"uv": [0, 0, 15, 1], "texture": "#6"}, "down": {"uv": [0, 0, 15, 1], "texture": "#6"} } }, { "from": [10.8, 22, 16], "to": [11.3, 24, 21], "rotation": {"angle": 0, "axis": "y", "origin": [18.5, 7, 24]}, "faces": { "north": {"uv": [0, 0, 15, 1], "texture": "#missing"}, "east": {"uv": [0, 0, 15, 1], "texture": "#missing"}, "south": {"uv": [0, 0, 15, 1], "texture": "#missing"}, "west": {"uv": [0, 0, 15, 1], "texture": "#missing"}, "up": {"uv": [0, 0, 15, 1], "texture": "#missing"}, "down": {"uv": [0, 0, 15, 1], "texture": "#missing"} } }, { "from": [10.3, 22, 16], "to": [10.8, 23, 24], "rotation": {"angle": 0, "axis": "y", "origin": [18, 7, 24]}, "faces": { "north": {"uv": [0, 0, 15, 1], "texture": "#6"}, "east": {"uv": [0, 0, 15, 1], "texture": "#6"}, "south": {"uv": [0, 0, 15, 1], "texture": "#6"}, "west": {"uv": [0, 0, 15, 1], "texture": "#6"}, "up": {"uv": [0, 0, 15, 1], "texture": "#6"}, "down": {"uv": [0, 0, 15, 1], "texture": "#6"} } }, { "from": [9.8, 22, 21], "to": [10.3, 23, 24], "rotation": {"angle": 0, "axis": "y", "origin": [17.5, 7, 29]}, "faces": { "north": {"uv": [0, 0, 15, 1], "texture": "#6"}, "east": {"uv": [0, 0, 15, 1], "texture": "#6"}, "south": {"uv": [0, 0, 15, 1], "texture": "#6"}, "west": {"uv": [0, 0, 15, 1], "texture": "#6"}, "up": {"uv": [0, 0, 15, 1], "texture": "#6"}, "down": {"uv": [0, 0, 15, 1], "texture": "#6"} } }, { "from": [11.3, 24, 9], "to": [11.8, 25, 17], "rotation": {"angle": 0, "axis": "y", "origin": [19, 9, 17]}, "faces": { "north": {"uv": [0, 0, 15, 1], "texture": "#6"}, "east": {"uv": [0, 0, 15, 1], "texture": "#6"}, "south": {"uv": [0, 0, 15, 1], "texture": "#6"}, "west": {"uv": [0, 0, 15, 1], "texture": "#6"}, "up": {"uv": [0, 0, 15, 1], "texture": "#6"}, "down": {"uv": [0, 0, 15, 1], "texture": "#6"} } }, { "from": [10.8, 24, 16], "to": [11.3, 26, 21], "rotation": {"angle": 0, "axis": "y", "origin": [18.5, 9, 24]}, "faces": { "north": {"uv": [0, 0, 15, 1], "texture": "#missing"}, "east": {"uv": [0, 0, 15, 1], "texture": "#missing"}, "south": {"uv": [0, 0, 15, 1], "texture": "#missing"}, "west": {"uv": [0, 0, 15, 1], "texture": "#missing"}, "up": {"uv": [0, 0, 15, 1], "texture": "#missing"}, "down": {"uv": [0, 0, 15, 1], "texture": "#missing"} } }, { "from": [10.3, 24, 16], "to": [10.8, 25, 24], "rotation": {"angle": 0, "axis": "y", "origin": [18, 9, 24]}, "faces": { "north": {"uv": [0, 0, 15, 1], "texture": "#6"}, "east": {"uv": [0, 0, 15, 1], "texture": "#6"}, "south": {"uv": [0, 0, 15, 1], "texture": "#6"}, "west": {"uv": [0, 0, 15, 1], "texture": "#6"}, "up": {"uv": [0, 0, 15, 1], "texture": "#6"}, "down": {"uv": [0, 0, 15, 1], "texture": "#6"} } }, { "from": [9.8, 24, 21], "to": [10.3, 25, 24], "rotation": {"angle": 0, "axis": "y", "origin": [17.5, 9, 29]}, "faces": { "north": {"uv": [0, 0, 15, 1], "texture": "#6"}, "east": {"uv": [0, 0, 15, 1], "texture": "#6"}, "south": {"uv": [0, 0, 15, 1], "texture": "#6"}, "west": {"uv": [0, 0, 15, 1], "texture": "#6"}, "up": {"uv": [0, 0, 15, 1], "texture": "#6"}, "down": {"uv": [0, 0, 15, 1], "texture": "#6"} } }, { "from": [11.3, 26, 9], "to": [11.8, 27, 17], "rotation": {"angle": 0, "axis": "y", "origin": [19, 11, 17]}, "faces": { "north": {"uv": [0, 0, 15, 1], "texture": "#6"}, "east": {"uv": [0, 0, 15, 1], "texture": "#6"}, "south": {"uv": [0, 0, 15, 1], "texture": "#6"}, "west": {"uv": [0, 0, 15, 1], "texture": "#6"}, "up": {"uv": [0, 0, 15, 1], "texture": "#6"}, "down": {"uv": [0, 0, 15, 1], "texture": "#6"} } }, { "from": [10.8, 26, 16], "to": [11.3, 27.8, 21], "rotation": {"angle": 0, "axis": "y", "origin": [18.5, 11, 24]}, "faces": { "north": {"uv": [0, 0, 15, 1], "texture": "#6"}, "east": {"uv": [0, 0, 15, 1], "texture": "#6"}, "south": {"uv": [0, 0, 15, 1], "texture": "#6"}, "west": {"uv": [0, 0, 15, 1], "texture": "#6"}, "up": {"uv": [0, 0, 15, 1], "texture": "#6"}, "down": {"uv": [0, 0, 15, 1], "texture": "#6"} } }, { "from": [10.3, 26, 16], "to": [10.8, 27, 24], "rotation": {"angle": 0, "axis": "y", "origin": [18, 11, 24]}, "faces": { "north": {"uv": [0, 0, 15, 1], "texture": "#6"}, "east": {"uv": [0, 0, 15, 1], "texture": "#6"}, "south": {"uv": [0, 0, 15, 1], "texture": "#6"}, "west": {"uv": [0, 0, 15, 1], "texture": "#6"}, "up": {"uv": [0, 0, 15, 1], "texture": "#6"}, "down": {"uv": [0, 0, 15, 1], "texture": "#6"} } }, { "from": [9.8, 26, 21], "to": [10.3, 27, 24], "rotation": {"angle": 0, "axis": "y", "origin": [17.5, 11, 29]}, "faces": { "north": {"uv": [0, 0, 15, 1], "texture": "#6"}, "east": {"uv": [0, 0, 15, 1], "texture": "#6"}, "south": {"uv": [0, 0, 15, 1], "texture": "#6"}, "west": {"uv": [0, 0, 15, 1], "texture": "#6"}, "up": {"uv": [0, 0, 15, 1], "texture": "#6"}, "down": {"uv": [0, 0, 15, 1], "texture": "#6"} } } ], "display": { "thirdperson_righthand": { "rotation": [86, 0, 0], "translation": [-3.5, 1, 7.25] }, "thirdperson_lefthand": { "rotation": [86, 0, 0], "translation": [3, 0.5, 6.25] }, "firstperson_righthand": { "rotation": [44, 0, 0], "translation": [-5.75, 5.5, 5] }, "firstperson_lefthand": { "rotation": [50, 0, 0], "translation": [0.25, 6.5, 5.25] }, "ground": { "rotation": [13, -3, 90], "translation": [9.5, -5.25, 0] }, "gui": { "rotation": [-180, 90, -180], "translation": [-2.25, -3.5, 0], "scale": [0.53, 0.53, 0.53] }, "head": { "translation": [-3.25, -0.5, 0] } } }