{ "credit": "www.sebxter.pl", "textures": { "0": "timetoplay:roleplay/items/bottle/sebxter_soda_can", "1": "timetoplay:roleplay/items/bottle/sebxter_soda_can_1", "particle": "timetoplay:roleplay/items/bottle/sebxter_soda_can_1" }, "elements": [ { "name": "hexadecagon", "from": [6.42621, 24.725, 0.088], "to": [9.57379, 25.975, 2.088], "rotation": {"angle": -45, "axis": "y", "origin": [8, 25.225, 8]}, "faces": { "north": {"uv": [1, 1, 2, 2], "texture": "#0"}, "east": {"uv": [1, 1, 2, 2], "texture": "#0"}, "south": {"uv": [1, 1, 2, 2], "texture": "#0"}, "west": {"uv": [1, 1, 2, 2], "texture": "#0"}, "up": {"uv": [1, 1, 2, 2], "texture": "#0"}, "down": {"uv": [1, 1, 2, 2], "texture": "#0"} } }, { "name": "hexadecagon", "from": [6.42621, 24.725, 0.088], "to": [9.57379, 25.975, 2.088], "rotation": {"angle": -22.5, "axis": "y", "origin": [8, 25.225, 8]}, "faces": { "north": {"uv": [1, 1, 2, 2], "texture": "#0"}, "east": {"uv": [1, 1, 2, 2], "texture": "#0"}, "south": {"uv": [1, 1, 2, 2], "texture": "#0"}, "west": {"uv": [1, 1, 2, 2], "texture": "#0"}, "up": {"uv": [1, 1, 2, 2], "texture": "#0"}, "down": {"uv": [1, 1, 2, 2], "texture": "#0"} } }, { "name": "hexadecagon", "from": [2.5, 25.025, 2.6], "to": [13.475, 25.025, 13.525], "rotation": {"angle": 0, "axis": "y", "origin": [6.6375, 24.4, 5.57379]}, "faces": { "north": {"uv": [1, 13, 2, 14], "texture": "#0"}, "east": {"uv": [1, 13, 2, 14], "texture": "#0"}, "south": {"uv": [1, 13, 2, 14], "texture": "#0"}, "west": {"uv": [1, 13, 2, 14], "texture": "#0"}, "up": {"uv": [1, 13, 2, 14], "texture": "#0"}, "down": {"uv": [1, 13, 2, 14], "texture": "#0"} } }, { "name": "hexadecagon", "from": [6.42621, 24.725, 0.088], "to": [9.57379, 25.975, 2.088], "rotation": {"angle": 0, "axis": "y", "origin": [8, 25.225, 8]}, "faces": { "north": {"uv": [1, 1, 2, 2], "texture": "#0"}, "east": {"uv": [1, 1, 2, 2], "texture": "#0"}, "south": {"uv": [1, 1, 2, 2], "texture": "#0"}, "west": {"uv": [1, 1, 2, 2], "texture": "#0"}, "up": {"uv": [1, 1, 2, 2], "texture": "#0"}, "down": {"uv": [1, 1, 2, 2], "texture": "#0"} } }, { "name": "hexadecagon", "from": [6.42621, 24.725, 0.088], "to": [9.57379, 25.975, 2.088], "rotation": {"angle": 22.5, "axis": "y", "origin": [8, 25.225, 8]}, "faces": { "north": {"uv": [1, 1, 2, 2], "texture": "#0"}, "east": {"uv": [1, 1, 2, 2], "texture": "#0"}, "south": {"uv": [1, 1, 2, 2], "texture": "#0"}, "west": {"uv": [1, 1, 2, 2], "texture": "#0"}, "up": {"uv": [1, 1, 2, 2], "texture": "#0"}, "down": {"uv": [1, 1, 2, 2], "texture": "#0"} } }, { "name": "hexadecagon", "from": [6.42621, 24.725, 0.088], "to": [9.57379, 25.975, 2.088], "rotation": {"angle": 45, "axis": "y", "origin": [8, 25.225, 8]}, "faces": { "north": {"uv": [1, 1, 2, 2], "texture": "#0"}, "east": {"uv": [1, 1, 2, 2], "texture": "#0"}, "south": {"uv": [1, 1, 2, 2], "texture": "#0"}, "west": {"uv": [1, 1, 2, 2], "texture": "#0"}, "up": {"uv": [1, 1, 2, 2], "texture": "#0"}, "down": {"uv": [1, 1, 2, 2], "texture": "#0"} } }, { "name": "hexadecagon", "from": [6.42621, 24.725, 13.912], "to": [9.57379, 25.975, 15.912], "rotation": {"angle": -45, "axis": "y", "origin": [8, 25.225, 8]}, "faces": { "north": {"uv": [1, 1, 2, 2], "texture": "#0"}, "east": {"uv": [1, 1, 2, 2], "texture": "#0"}, "south": {"uv": [1, 1, 2, 2], "texture": "#0"}, "west": {"uv": [1, 1, 2, 2], "texture": "#0"}, "up": {"uv": [1, 1, 2, 2], "texture": "#0"}, "down": {"uv": [1, 1, 2, 2], "texture": "#0"} } }, { "name": "hexadecagon", "from": [6.42621, 24.725, 13.912], "to": [9.57379, 25.975, 15.912], "rotation": {"angle": -22.5, "axis": "y", "origin": [8, 25.225, 8]}, "faces": { "north": {"uv": [1, 1, 2, 2], "texture": "#0"}, "east": {"uv": [1, 1, 2, 2], "texture": "#0"}, "south": {"uv": [1, 1, 2, 2], "texture": "#0"}, "west": {"uv": [1, 1, 2, 2], "texture": "#0"}, "up": {"uv": [1, 1, 2, 2], "texture": "#0"}, "down": {"uv": [1, 1, 2, 2], "texture": "#0"} } }, { "name": "hexadecagon", "from": [6.42621, 24.725, 13.912], "to": [9.57379, 25.975, 15.912], "rotation": {"angle": 0, "axis": "y", "origin": [8, 25.225, 8]}, "faces": { "north": {"uv": [1, 1, 2, 2], "texture": "#0"}, "east": {"uv": [1, 1, 2, 2], "texture": "#0"}, "south": {"uv": [1, 1, 2, 2], "texture": "#0"}, "west": {"uv": [1, 1, 2, 2], "texture": "#0"}, "up": {"uv": [1, 1, 2, 2], "texture": "#0"}, "down": {"uv": [1, 1, 2, 2], "texture": "#0"} } }, { "name": "hexadecagon", "from": [6.42621, 24.725, 13.912], "to": [9.57379, 25.975, 15.912], "rotation": {"angle": 22.5, "axis": "y", "origin": [8, 25.225, 8]}, "faces": { "north": {"uv": [1, 1, 2, 2], "texture": "#0"}, "east": {"uv": [1, 1, 2, 2], "texture": "#0"}, "south": {"uv": [1, 1, 2, 2], "texture": "#0"}, "west": {"uv": [1, 1, 2, 2], "texture": "#0"}, "up": {"uv": [1, 1, 2, 2], "texture": "#0"}, "down": {"uv": [1, 1, 2, 2], "texture": "#0"} } }, { "name": "hexadecagon", "from": [6.42621, 24.725, 13.912], "to": [9.57379, 25.975, 15.912], "rotation": {"angle": 45, "axis": "y", "origin": [8, 25.225, 8]}, "faces": { "north": {"uv": [1, 1, 2, 2], "texture": "#0"}, "east": {"uv": [1, 1, 2, 2], "texture": "#0"}, "south": {"uv": [1, 1, 2, 2], "texture": "#0"}, "west": {"uv": [1, 1, 2, 2], "texture": "#0"}, "up": {"uv": [1, 1, 2, 2], "texture": "#0"}, "down": {"uv": [1, 1, 2, 2], "texture": "#0"} } }, { "name": "hexadecagon", "from": [0.088, 24.725, 6.42621], "to": [2.088, 25.975, 9.57379], "rotation": {"angle": -22.5, "axis": "y", "origin": [8, 25.225, 8]}, "faces": { "north": {"uv": [1, 1, 2, 2], "texture": "#0"}, "east": {"uv": [1, 1, 2, 2], "texture": "#0"}, "south": {"uv": [1, 1, 2, 2], "texture": "#0"}, "west": {"uv": [1, 1, 2, 2], "texture": "#0"}, "up": {"uv": [1, 1, 2, 2], "texture": "#0"}, "down": {"uv": [1, 1, 2, 2], "texture": "#0"} } }, { "name": "hexadecagon", "from": [0.088, 24.725, 6.42621], "to": [2.088, 25.975, 9.57379], "rotation": {"angle": 0, "axis": "y", "origin": [8, 25.225, 8]}, "faces": { "north": {"uv": [1, 1, 2, 2], "texture": "#0"}, "east": {"uv": [1, 1, 2, 2], "texture": "#0"}, "south": {"uv": [1, 1, 2, 2], "texture": "#0"}, "west": {"uv": [1, 1, 2, 2], "texture": "#0"}, "up": {"uv": [1, 1, 2, 2], "texture": "#0"}, "down": {"uv": [1, 1, 2, 2], "texture": "#0"} } }, { "name": "hexadecagon", "from": [0.088, 24.725, 6.42621], "to": [2.088, 25.975, 9.57379], "rotation": {"angle": 22.5, "axis": "y", "origin": [8, 25.225, 8]}, "faces": { "north": {"uv": [1, 1, 2, 2], "texture": "#0"}, "east": {"uv": [1, 1, 2, 2], "texture": "#0"}, "south": {"uv": [1, 1, 2, 2], "texture": "#0"}, "west": {"uv": [1, 1, 2, 2], "texture": "#0"}, "up": {"uv": [1, 1, 2, 2], "texture": "#0"}, "down": {"uv": [1, 1, 2, 2], "texture": "#0"} } }, { "name": "hexadecagon", "from": [13.912, 24.725, 6.42621], "to": [15.912, 25.975, 9.57379], "rotation": {"angle": -22.5, "axis": "y", "origin": [8, 25.225, 8]}, "faces": { "north": {"uv": [1, 1, 2, 2], "texture": "#0"}, "east": {"uv": [1, 1, 2, 2], "texture": "#0"}, "south": {"uv": [1, 1, 2, 2], "texture": "#0"}, "west": {"uv": [1, 1, 2, 2], "texture": "#0"}, "up": {"uv": [1, 1, 2, 2], "texture": "#0"}, "down": {"uv": [1, 1, 2, 2], "texture": "#0"} } }, { "name": "hexadecagon", "from": [13.912, 24.725, 6.42621], "to": [15.912, 25.975, 9.57379], "rotation": {"angle": 0, "axis": "y", "origin": [8, 25.225, 8]}, "faces": { "north": {"uv": [1, 1, 2, 2], "texture": "#0"}, "east": {"uv": [1, 1, 2, 2], "texture": "#0"}, "south": {"uv": [1, 1, 2, 2], "texture": "#0"}, "west": {"uv": [1, 1, 2, 2], "texture": "#0"}, "up": {"uv": [1, 1, 2, 2], "texture": "#0"}, "down": {"uv": [1, 1, 2, 2], "texture": "#0"} } }, { "name": "hexadecagon", "from": [13.912, 24.725, 6.42621], "to": [15.912, 25.975, 9.57379], "rotation": {"angle": 22.5, "axis": "y", "origin": [8, 25.225, 8]}, "faces": { "north": {"uv": [1, 1, 2, 2], "texture": "#0"}, "east": {"uv": [1, 1, 2, 2], "texture": "#0"}, "south": {"uv": [1, 1, 2, 2], "texture": "#0"}, "west": {"uv": [1, 1, 2, 2], "texture": "#0"}, "up": {"uv": [1, 1, 2, 2], "texture": "#0"}, "down": {"uv": [1, 1, 2, 2], "texture": "#0"} } }, { "name": "hexadecagon", "from": [6.62512, 23.189, 13.338], "to": [9.37488, 25.536, 14.912], "rotation": {"angle": -45, "axis": "y", "origin": [8, 9.077, 8]}, "faces": { "north": {"uv": [1, 4, 2, 5], "texture": "#0"}, "east": {"uv": [1, 4, 2, 5], "texture": "#0"}, "south": {"uv": [1, 4, 2, 5], "texture": "#0"}, "west": {"uv": [1, 4, 2, 5], "texture": "#0"}, "up": {"uv": [1, 4, 2, 5], "texture": "#0"}, "down": {"uv": [1, 4, 2, 5], "texture": "#0"} } }, { "name": "hexadecagon", "from": [9.57106, 23.189, 1.67398], "to": [12.32082, 25.536, 3.24798], "rotation": {"angle": -45, "axis": "y", "origin": [10.18032, 24.075, 4.73693]}, "faces": { "north": {"uv": [1, 4, 2, 5], "texture": "#0"}, "east": {"uv": [1, 4, 2, 5], "texture": "#0"}, "south": {"uv": [1, 4, 2, 5], "texture": "#0"}, "west": {"uv": [1, 4, 2, 5], "texture": "#0"}, "up": {"uv": [1, 4, 2, 5], "texture": "#0"}, "down": {"uv": [1, 4, 2, 5], "texture": "#0"} } }, { "name": "hexadecagon", "from": [6.62512, 23.189, 13.338], "to": [9.37488, 25.536, 14.912], "rotation": {"angle": -22.5, "axis": "y", "origin": [8, 9.077, 8]}, "faces": { "north": {"uv": [1, 4, 2, 5], "texture": "#0"}, "east": {"uv": [1, 4, 2, 5], "texture": "#0"}, "south": {"uv": [1, 4, 2, 5], "texture": "#0"}, "west": {"uv": [1, 4, 2, 5], "texture": "#0"}, "up": {"uv": [1, 4, 2, 5], "texture": "#0"}, "down": {"uv": [1, 4, 2, 5], "texture": "#0"} } }, { "name": "hexadecagon", "from": [8.03981, 23.189, 1.67398], "to": [10.78957, 25.536, 3.24798], "rotation": {"angle": -22.5, "axis": "y", "origin": [10.18032, 24.075, 4.73693]}, "faces": { "north": {"uv": [1, 4, 2, 5], "texture": "#0"}, "east": {"uv": [1, 4, 2, 5], "texture": "#0"}, "south": {"uv": [1, 4, 2, 5], "texture": "#0"}, "west": {"uv": [1, 4, 2, 5], "texture": "#0"}, "up": {"uv": [1, 4, 2, 5], "texture": "#0"}, "down": {"uv": [1, 4, 2, 5], "texture": "#0"} } }, { "name": "hexadecagon", "from": [6.62512, 23.189, 13.338], "to": [9.37488, 25.536, 14.912], "rotation": {"angle": 0, "axis": "y", "origin": [8, 9.077, 8]}, "faces": { "north": {"uv": [1, 4, 2, 5], "texture": "#0"}, "east": {"uv": [1, 4, 2, 5], "texture": "#0"}, "south": {"uv": [1, 4, 2, 5], "texture": "#0"}, "west": {"uv": [1, 4, 2, 5], "texture": "#0"}, "up": {"uv": [1, 4, 2, 5], "texture": "#0"}, "down": {"uv": [1, 4, 2, 5], "texture": "#0"} } }, { "name": "hexadecagon", "from": [6.62512, 23.189, 1.088], "to": [9.37488, 25.536, 2.662], "rotation": {"angle": 0, "axis": "y", "origin": [10.18032, 24.075, 4.73693]}, "faces": { "north": {"uv": [1, 4, 2, 5], "texture": "#0"}, "east": {"uv": [1, 4, 2, 5], "texture": "#0"}, "south": {"uv": [1, 4, 2, 5], "texture": "#0"}, "west": {"uv": [1, 4, 2, 5], "texture": "#0"}, "up": {"uv": [1, 4, 2, 5], "texture": "#0"}, "down": {"uv": [1, 4, 2, 5], "texture": "#0"} } }, { "name": "hexadecagon", "from": [6.62512, 23.189, 13.338], "to": [9.37488, 25.536, 14.912], "rotation": {"angle": 22.5, "axis": "y", "origin": [8, 9.077, 8]}, "faces": { "north": {"uv": [1, 4, 2, 5], "texture": "#0"}, "east": {"uv": [1, 4, 2, 5], "texture": "#0"}, "south": {"uv": [1, 4, 2, 5], "texture": "#0"}, "west": {"uv": [1, 4, 2, 5], "texture": "#0"}, "up": {"uv": [1, 4, 2, 5], "texture": "#0"}, "down": {"uv": [1, 4, 2, 5], "texture": "#0"} } }, { "name": "hexadecagon", "from": [5.54236, 23.189, 0.00524], "to": [8.29213, 25.536, 1.57924], "rotation": {"angle": 22.5, "axis": "y", "origin": [10.18032, 24.075, 4.73693]}, "faces": { "north": {"uv": [1, 4, 2, 5], "texture": "#0"}, "east": {"uv": [1, 4, 2, 5], "texture": "#0"}, "south": {"uv": [1, 4, 2, 5], "texture": "#0"}, "west": {"uv": [1, 4, 2, 5], "texture": "#0"}, "up": {"uv": [1, 4, 2, 5], "texture": "#0"}, "down": {"uv": [1, 4, 2, 5], "texture": "#0"} } }, { "name": "hexadecagon", "from": [6.62512, 23.189, 13.338], "to": [9.37488, 25.536, 14.912], "rotation": {"angle": 45, "axis": "y", "origin": [8, 9.077, 8]}, "faces": { "north": {"uv": [1, 4, 2, 5], "texture": "#0"}, "east": {"uv": [1, 4, 2, 5], "texture": "#0"}, "south": {"uv": [1, 4, 2, 5], "texture": "#0"}, "west": {"uv": [1, 4, 2, 5], "texture": "#0"}, "up": {"uv": [1, 4, 2, 5], "texture": "#0"}, "down": {"uv": [1, 4, 2, 5], "texture": "#0"} } }, { "name": "hexadecagon", "from": [4.95638, 23.189, -1.40945], "to": [7.70614, 25.536, 0.16455], "rotation": {"angle": 45, "axis": "y", "origin": [10.18032, 24.075, 4.73693]}, "faces": { "north": {"uv": [1, 4, 2, 5], "texture": "#0"}, "east": {"uv": [1, 4, 2, 5], "texture": "#0"}, "south": {"uv": [1, 4, 2, 5], "texture": "#0"}, "west": {"uv": [1, 4, 2, 5], "texture": "#0"}, "up": {"uv": [1, 4, 2, 5], "texture": "#0"}, "down": {"uv": [1, 4, 2, 5], "texture": "#0"} } }, { "name": "hexadecagon", "from": [1.088, 23.189, 6.62512], "to": [2.662, 25.536, 9.37488], "rotation": {"angle": -22.5, "axis": "y", "origin": [8, 9.077, 8]}, "faces": { "north": {"uv": [1, 4, 2, 5], "texture": "#0"}, "east": {"uv": [1, 4, 2, 5], "texture": "#0"}, "south": {"uv": [1, 4, 2, 5], "texture": "#0"}, "west": {"uv": [1, 4, 2, 5], "texture": "#0"}, "up": {"uv": [1, 4, 2, 5], "texture": "#0"}, "down": {"uv": [1, 4, 2, 5], "texture": "#0"} } }, { "name": "hexadecagon", "from": [14.75269, 23.189, 7.2111], "to": [16.32669, 25.536, 9.96087], "rotation": {"angle": -22.5, "axis": "y", "origin": [10.18032, 24.075, 4.73693]}, "faces": { "north": {"uv": [1, 4, 2, 5], "texture": "#0"}, "east": {"uv": [1, 4, 2, 5], "texture": "#0"}, "south": {"uv": [1, 4, 2, 5], "texture": "#0"}, "west": {"uv": [1, 4, 2, 5], "texture": "#0"}, "up": {"uv": [1, 4, 2, 5], "texture": "#0"}, "down": {"uv": [1, 4, 2, 5], "texture": "#0"} } }, { "name": "hexadecagon", "from": [1.088, 23.189, 6.62512], "to": [2.662, 25.536, 9.37488], "rotation": {"angle": 0, "axis": "y", "origin": [8, 9.077, 8]}, "faces": { "north": {"uv": [1, 4, 2, 5], "texture": "#0"}, "east": {"uv": [1, 4, 2, 5], "texture": "#0"}, "south": {"uv": [1, 4, 2, 5], "texture": "#0"}, "west": {"uv": [1, 4, 2, 5], "texture": "#0"}, "up": {"uv": [1, 4, 2, 5], "texture": "#0"}, "down": {"uv": [1, 4, 2, 5], "texture": "#0"} } }, { "name": "hexadecagon", "from": [13.338, 23.189, 6.62512], "to": [14.912, 25.536, 9.37488], "rotation": {"angle": 0, "axis": "y", "origin": [10.18032, 24.075, 4.73693]}, "faces": { "north": {"uv": [1, 4, 2, 5], "texture": "#0"}, "east": {"uv": [1, 4, 2, 5], "texture": "#0"}, "south": {"uv": [1, 4, 2, 5], "texture": "#0"}, "west": {"uv": [1, 4, 2, 5], "texture": "#0"}, "up": {"uv": [1, 4, 2, 5], "texture": "#0"}, "down": {"uv": [1, 4, 2, 5], "texture": "#0"} } }, { "name": "hexadecagon", "from": [1.088, 23.189, 6.62512], "to": [2.662, 25.536, 9.37488], "rotation": {"angle": 22.5, "axis": "y", "origin": [8, 9.077, 8]}, "faces": { "north": {"uv": [1, 4, 2, 5], "texture": "#0"}, "east": {"uv": [1, 4, 2, 5], "texture": "#0"}, "south": {"uv": [1, 4, 2, 5], "texture": "#0"}, "west": {"uv": [1, 4, 2, 5], "texture": "#0"}, "up": {"uv": [1, 4, 2, 5], "texture": "#0"}, "down": {"uv": [1, 4, 2, 5], "texture": "#0"} } }, { "name": "hexadecagon", "from": [12.25524, 23.189, 5.54236], "to": [13.82924, 25.536, 8.29213], "rotation": {"angle": 22.5, "axis": "y", "origin": [10.18032, 24.075, 4.73693]}, "faces": { "north": {"uv": [1, 4, 2, 5], "texture": "#0"}, "east": {"uv": [1, 4, 2, 5], "texture": "#0"}, "south": {"uv": [1, 4, 2, 5], "texture": "#0"}, "west": {"uv": [1, 4, 2, 5], "texture": "#0"}, "up": {"uv": [1, 4, 2, 5], "texture": "#0"}, "down": {"uv": [1, 4, 2, 5], "texture": "#0"} } }, { "name": "hexadecagon", "from": [6.4087, -1.5, 0], "to": [9.5913, 23.5, 16], "rotation": {"angle": -45, "axis": "y", "origin": [8, 8, 8]}, "faces": { "north": {"uv": [5, 0, 6, 8.33333], "texture": "#1"}, "east": {"uv": [1, 7, 2, 8], "texture": "#0"}, "south": {"uv": [13, 0, 14, 8.33333], "texture": "#1"}, "west": {"uv": [1, 7, 2, 8], "texture": "#0"}, "up": {"uv": [1, 7, 2, 8], "texture": "#0"}, "down": {"uv": [1, 7, 2, 8], "texture": "#0"} } }, { "name": "hexadecagon", "from": [6.4087, -1.5, 0], "to": [9.5913, 23.5, 16], "rotation": {"angle": -22.5, "axis": "y", "origin": [8, 8, 8]}, "faces": { "north": {"uv": [6, 0, 7, 8.33333], "texture": "#1"}, "east": {"uv": [1, 7, 2, 8], "texture": "#0"}, "south": {"uv": [14, 0, 15, 8.33333], "texture": "#1"}, "west": {"uv": [1, 7, 2, 8], "texture": "#0"}, "up": {"uv": [1, 7, 2, 8], "texture": "#0"}, "down": {"uv": [1, 7, 2, 8], "texture": "#0"} } }, { "name": "hexadecagon", "from": [6.4087, -1.5, 0], "to": [9.5913, 23.5, 16], "rotation": {"angle": 0, "axis": "y", "origin": [8, 8, 8]}, "faces": { "north": {"uv": [7, 0, 8, 8.33333], "texture": "#1"}, "east": {"uv": [1, 7, 2, 8], "texture": "#0"}, "south": {"uv": [15, 0, 16, 8.33333], "texture": "#1"}, "west": {"uv": [1, 7, 2, 8], "texture": "#0"}, "up": {"uv": [1, 7, 2, 8], "texture": "#0"}, "down": {"uv": [1, 7, 2, 8], "texture": "#0"} } }, { "name": "hexadecagon", "from": [6.4087, -1.5, 0], "to": [9.5913, 23.5, 16], "rotation": {"angle": 22.5, "axis": "y", "origin": [8, 8, 8]}, "faces": { "north": {"uv": [8, 0, 9, 8.33333], "texture": "#1"}, "east": {"uv": [1, 7, 2, 8], "texture": "#0"}, "south": {"uv": [0, 0, 1, 8.33333], "texture": "#1"}, "west": {"uv": [1, 7, 2, 8], "texture": "#0"}, "up": {"uv": [1, 7, 2, 8], "texture": "#0"}, "down": {"uv": [1, 7, 2, 8], "texture": "#0"} } }, { "name": "hexadecagon", "from": [6.4087, -1.5, 0], "to": [9.5913, 23.5, 16], "rotation": {"angle": 45, "axis": "y", "origin": [8, 8, 8]}, "faces": { "north": {"uv": [9, 0, 10, 8.33333], "texture": "#1"}, "east": {"uv": [1, 7, 2, 8], "texture": "#0"}, "south": {"uv": [1, 0, 2, 8.33333], "texture": "#1"}, "west": {"uv": [1, 7, 2, 8], "texture": "#0"}, "up": {"uv": [1, 7, 2, 8], "texture": "#0"}, "down": {"uv": [1, 7, 2, 8], "texture": "#0"} } }, { "name": "hexadecagon", "from": [0, -1.5, 6.4087], "to": [16, 23.5, 9.5913], "rotation": {"angle": -22.5, "axis": "y", "origin": [8, 8, 8]}, "faces": { "north": {"uv": [1, 7, 2, 8], "texture": "#0"}, "east": {"uv": [2, 0, 3, 8.33333], "texture": "#1"}, "south": {"uv": [1, 7, 2, 8], "texture": "#0"}, "west": {"uv": [10, 0, 11, 8.33333], "texture": "#1"}, "up": {"uv": [1, 7, 2, 8], "texture": "#0"}, "down": {"uv": [1, 7, 2, 8], "texture": "#0"} } }, { "name": "hexadecagon", "from": [0, -1.5, 6.4087], "to": [16, 23.5, 9.5913], "rotation": {"angle": 0, "axis": "y", "origin": [8, 8, 8]}, "faces": { "north": {"uv": [1, 7, 2, 8], "texture": "#0"}, "east": {"uv": [3, 0, 4, 8.33333], "texture": "#1"}, "south": {"uv": [1, 7, 2, 8], "texture": "#0"}, "west": {"uv": [11, 0, 12, 8.33333], "texture": "#1"}, "up": {"uv": [1, 7, 2, 8], "texture": "#0"}, "down": {"uv": [1, 7, 2, 8], "texture": "#0"} } }, { "name": "hexadecagon", "from": [0, -1.5, 6.4087], "to": [16, 23.5, 9.5913], "rotation": {"angle": 22.5, "axis": "y", "origin": [8, 8, 8]}, "faces": { "north": {"uv": [1, 7, 2, 8], "texture": "#0"}, "east": {"uv": [4, 0, 5, 8.33333], "texture": "#1"}, "south": {"uv": [1, 7, 2, 8], "texture": "#0"}, "west": {"uv": [12, 0, 13, 8.33333], "texture": "#1"}, "up": {"uv": [1, 7, 2, 8], "texture": "#0"}, "down": {"uv": [1, 7, 2, 8], "texture": "#0"} } }, { "name": "hexadecagon", "from": [6.72696, -2.9, 1.6], "to": [9.27304, -1.25, 14.4], "rotation": {"angle": -45, "axis": "y", "origin": [8, 4.7, 8]}, "faces": { "north": {"uv": [1, 10, 2, 11], "texture": "#0"}, "east": {"uv": [1, 10, 2, 11], "texture": "#0"}, "south": {"uv": [1, 10, 2, 11], "texture": "#0"}, "west": {"uv": [1, 10, 2, 11], "texture": "#0"}, "up": {"uv": [1, 10, 2, 11], "texture": "#0"}, "down": {"uv": [1, 10, 2, 11], "texture": "#0"} } }, { "name": "hexadecagon", "from": [6.72696, -2.9, 1.6], "to": [9.27304, -1.25, 14.4], "rotation": {"angle": -22.5, "axis": "y", "origin": [8, 4.7, 8]}, "faces": { "north": {"uv": [1, 10, 2, 11], "texture": "#0"}, "east": {"uv": [1, 10, 2, 11], "texture": "#0"}, "south": {"uv": [1, 10, 2, 11], "texture": "#0"}, "west": {"uv": [1, 10, 2, 11], "texture": "#0"}, "up": {"uv": [1, 10, 2, 11], "texture": "#0"}, "down": {"uv": [1, 10, 2, 11], "texture": "#0"} } }, { "name": "hexadecagon", "from": [6.72696, -2.9, 1.6], "to": [9.27304, -1.25, 14.4], "rotation": {"angle": 0, "axis": "y", "origin": [8, 4.7, 8]}, "faces": { "north": {"uv": [1, 10, 2, 11], "texture": "#0"}, "east": {"uv": [1, 10, 2, 11], "texture": "#0"}, "south": {"uv": [1, 10, 2, 11], "texture": "#0"}, "west": {"uv": [1, 10, 2, 11], "texture": "#0"}, "up": {"uv": [1, 10, 2, 11], "texture": "#0"}, "down": {"uv": [1, 10, 2, 11], "texture": "#0"} } }, { "name": "hexadecagon", "from": [6.72696, -2.9, 1.6], "to": [9.27304, -1.25, 14.4], "rotation": {"angle": 22.5, "axis": "y", "origin": [8, 4.7, 8]}, "faces": { "north": {"uv": [1, 10, 2, 11], "texture": "#0"}, "east": {"uv": [1, 10, 2, 11], "texture": "#0"}, "south": {"uv": [1, 10, 2, 11], "texture": "#0"}, "west": {"uv": [1, 10, 2, 11], "texture": "#0"}, "up": {"uv": [1, 10, 2, 11], "texture": "#0"}, "down": {"uv": [1, 10, 2, 11], "texture": "#0"} } }, { "name": "hexadecagon", "from": [6.72696, -2.9, 1.6], "to": [9.27304, -1.25, 14.4], "rotation": {"angle": 45, "axis": "y", "origin": [8, 4.7, 8]}, "faces": { "north": {"uv": [1, 10, 2, 11], "texture": "#0"}, "east": {"uv": [1, 10, 2, 11], "texture": "#0"}, "south": {"uv": [1, 10, 2, 11], "texture": "#0"}, "west": {"uv": [1, 10, 2, 11], "texture": "#0"}, "up": {"uv": [1, 10, 2, 11], "texture": "#0"}, "down": {"uv": [1, 10, 2, 11], "texture": "#0"} } }, { "name": "hexadecagon", "from": [1.6, -2.9, 6.72696], "to": [14.4, -1.25, 9.27304], "rotation": {"angle": -22.5, "axis": "y", "origin": [8, 4.7, 8]}, "faces": { "north": {"uv": [1, 10, 2, 11], "texture": "#0"}, "east": {"uv": [1, 10, 2, 11], "texture": "#0"}, "south": {"uv": [1, 10, 2, 11], "texture": "#0"}, "west": {"uv": [1, 10, 2, 11], "texture": "#0"}, "up": {"uv": [1, 10, 2, 11], "texture": "#0"}, "down": {"uv": [1, 10, 2, 11], "texture": "#0"} } }, { "name": "hexadecagon", "from": [1.6, -2.9, 6.72696], "to": [14.4, -1.25, 9.27304], "rotation": {"angle": 0, "axis": "y", "origin": [8, 4.7, 8]}, "faces": { "north": {"uv": [1, 10, 2, 11], "texture": "#0"}, "east": {"uv": [1, 10, 2, 11], "texture": "#0"}, "south": {"uv": [1, 10, 2, 11], "texture": "#0"}, "west": {"uv": [1, 10, 2, 11], "texture": "#0"}, "up": {"uv": [1, 10, 2, 11], "texture": "#0"}, "down": {"uv": [1, 10, 2, 11], "texture": "#0"} } }, { "name": "hexadecagon", "from": [1.6, -2.9, 6.72696], "to": [14.4, -1.25, 9.27304], "rotation": {"angle": 22.5, "axis": "y", "origin": [8, 4.7, 8]}, "faces": { "north": {"uv": [1, 10, 2, 11], "texture": "#0"}, "east": {"uv": [1, 10, 2, 11], "texture": "#0"}, "south": {"uv": [1, 10, 2, 11], "texture": "#0"}, "west": {"uv": [1, 10, 2, 11], "texture": "#0"}, "up": {"uv": [1, 10, 2, 11], "texture": "#0"}, "down": {"uv": [1, 10, 2, 11], "texture": "#0"} } }, { "name": "hexadecagon", "from": [7.65855, 24.525, 6.5625], "to": [8.19145, 25.525, 7.0375], "rotation": {"angle": -45, "axis": "y", "origin": [8, 24.525, 5.675]}, "faces": { "north": {"uv": [1, 10, 2, 11], "texture": "#0"}, "east": {"uv": [1, 10, 2, 11], "texture": "#0"}, "south": {"uv": [1, 10, 2, 11], "texture": "#0"}, "west": {"uv": [1, 10, 2, 11], "texture": "#0"}, "up": {"uv": [1, 10, 2, 11], "texture": "#0"}, "down": {"uv": [1, 10, 2, 11], "texture": "#0"} } }, { "from": [7.55, 24.525, 8.725], "to": [8.45, 25.525, 9.875], "rotation": {"angle": 0, "axis": "y", "origin": [0, 24.525, 0]}, "faces": { "north": {"uv": [1, 10, 2, 11], "texture": "#0"}, "east": {"uv": [1, 10, 2, 11], "texture": "#0"}, "south": {"uv": [1, 10, 2, 11], "texture": "#0"}, "west": {"uv": [1, 10, 2, 11], "texture": "#0"}, "up": {"uv": [1, 10, 2, 11], "texture": "#0"}, "down": {"uv": [1, 10, 2, 11], "texture": "#0"} } }, { "from": [7.075, 24.525, 8.725], "to": [8.875, 25.525, 9.225], "rotation": {"angle": 0, "axis": "y", "origin": [0, 24.525, 0]}, "faces": { "north": {"uv": [1, 10, 2, 11], "texture": "#0"}, "east": {"uv": [1, 10, 2, 11], "texture": "#0"}, "south": {"uv": [1, 10, 2, 11], "texture": "#0"}, "west": {"uv": [1, 10, 2, 11], "texture": "#0"}, "up": {"uv": [1, 10, 2, 11], "texture": "#0"}, "down": {"uv": [1, 10, 2, 11], "texture": "#0"} } }, { "from": [7.1081, 24.525, 8.90243], "to": [7.8081, 25.525, 9.72743], "rotation": {"angle": -22.5, "axis": "y", "origin": [7.3081, 25.025, 9.15243]}, "faces": { "north": {"uv": [1, 10, 2, 11], "texture": "#0"}, "east": {"uv": [1, 10, 2, 11], "texture": "#0"}, "south": {"uv": [1, 10, 2, 11], "texture": "#0"}, "west": {"uv": [1, 10, 2, 11], "texture": "#0"}, "up": {"uv": [1, 10, 2, 11], "texture": "#0"}, "down": {"uv": [1, 10, 2, 11], "texture": "#0"} } }, { "from": [8.1919, 24.525, 8.90243], "to": [8.8919, 25.525, 9.72743], "rotation": {"angle": 22.5, "axis": "y", "origin": [8.6919, 25.025, 9.15243]}, "faces": { "north": {"uv": [1, 10, 2, 11], "texture": "#0"}, "east": {"uv": [1, 10, 2, 11], "texture": "#0"}, "south": {"uv": [1, 10, 2, 11], "texture": "#0"}, "west": {"uv": [1, 10, 2, 11], "texture": "#0"}, "up": {"uv": [1, 10, 2, 11], "texture": "#0"}, "down": {"uv": [1, 10, 2, 11], "texture": "#0"} } }, { "from": [6.75632, 24.525, 8.59698], "to": [7.45632, 25.525, 9.42198], "rotation": {"angle": -45, "axis": "y", "origin": [6.95632, 25.025, 8.84698]}, "faces": { "north": {"uv": [1, 10, 2, 11], "texture": "#0"}, "east": {"uv": [1, 10, 2, 11], "texture": "#0"}, "south": {"uv": [1, 10, 2, 11], "texture": "#0"}, "west": {"uv": [1, 10, 2, 11], "texture": "#0"}, "up": {"uv": [1, 10, 2, 11], "texture": "#0"}, "down": {"uv": [1, 10, 2, 11], "texture": "#0"} } }, { "from": [8.54368, 24.525, 8.59698], "to": [9.24368, 25.525, 9.42198], "rotation": {"angle": 45, "axis": "y", "origin": [9.04368, 25.025, 8.84698]}, "faces": { "north": {"uv": [1, 10, 2, 11], "texture": "#0"}, "east": {"uv": [1, 10, 2, 11], "texture": "#0"}, "south": {"uv": [1, 10, 2, 11], "texture": "#0"}, "west": {"uv": [1, 10, 2, 11], "texture": "#0"}, "up": {"uv": [1, 10, 2, 11], "texture": "#0"}, "down": {"uv": [1, 10, 2, 11], "texture": "#0"} } }, { "from": [6.40831, 24.525, 6.91215], "to": [7.15831, 25.525, 9.11215], "rotation": {"angle": 0, "axis": "y", "origin": [6.60831, 25.025, 8.53715]}, "faces": { "north": {"uv": [1, 10, 2, 11], "texture": "#0"}, "east": {"uv": [1, 10, 2, 11], "texture": "#0"}, "south": {"uv": [1, 10, 2, 11], "texture": "#0"}, "west": {"uv": [1, 10, 2, 11], "texture": "#0"}, "up": {"uv": [1, 10, 2, 11], "texture": "#0"}, "down": {"uv": [1, 10, 2, 11], "texture": "#0"} } }, { "from": [8.84169, 24.525, 6.91215], "to": [9.59169, 25.525, 9.11215], "rotation": {"angle": 0, "axis": "y", "origin": [9.39169, 25.025, 8.53715]}, "faces": { "north": {"uv": [1, 10, 2, 11], "texture": "#0"}, "east": {"uv": [1, 10, 2, 11], "texture": "#0"}, "south": {"uv": [1, 10, 2, 11], "texture": "#0"}, "west": {"uv": [1, 10, 2, 11], "texture": "#0"}, "up": {"uv": [1, 10, 2, 11], "texture": "#0"}, "down": {"uv": [1, 10, 2, 11], "texture": "#0"} } }, { "from": [6.08331, 24.525, 6.18715], "to": [6.83331, 25.525, 7.11215], "rotation": {"angle": 22.5, "axis": "y", "origin": [6.78331, 25.025, 6.01215]}, "faces": { "north": {"uv": [1, 10, 2, 11], "texture": "#0"}, "east": {"uv": [1, 10, 2, 11], "texture": "#0"}, "south": {"uv": [1, 10, 2, 11], "texture": "#0"}, "west": {"uv": [1, 10, 2, 11], "texture": "#0"}, "up": {"uv": [1, 10, 2, 11], "texture": "#0"}, "down": {"uv": [1, 10, 2, 11], "texture": "#0"} } }, { "from": [9.16669, 24.525, 6.18715], "to": [9.91669, 25.525, 7.11215], "rotation": {"angle": -22.5, "axis": "y", "origin": [9.21669, 25.025, 6.01215]}, "faces": { "north": {"uv": [1, 10, 2, 11], "texture": "#0"}, "east": {"uv": [1, 10, 2, 11], "texture": "#0"}, "south": {"uv": [1, 10, 2, 11], "texture": "#0"}, "west": {"uv": [1, 10, 2, 11], "texture": "#0"}, "up": {"uv": [1, 10, 2, 11], "texture": "#0"}, "down": {"uv": [1, 10, 2, 11], "texture": "#0"} } }, { "from": [6.20356, 24.525, 4.8167], "to": [7.07856, 25.525, 6.4417], "rotation": {"angle": 0, "axis": "y", "origin": [6.90356, 25.025, 5.3417]}, "faces": { "north": {"uv": [1, 10, 2, 11], "texture": "#0"}, "east": {"uv": [1, 10, 2, 11], "texture": "#0"}, "south": {"uv": [1, 10, 2, 11], "texture": "#0"}, "west": {"uv": [1, 10, 2, 11], "texture": "#0"}, "up": {"uv": [1, 10, 2, 11], "texture": "#0"}, "down": {"uv": [1, 10, 2, 11], "texture": "#0"} } }, { "from": [8.92144, 24.525, 4.8167], "to": [9.79644, 25.525, 6.4417], "rotation": {"angle": 0, "axis": "y", "origin": [9.09644, 25.025, 5.3417]}, "faces": { "north": {"uv": [1, 10, 2, 11], "texture": "#0"}, "east": {"uv": [1, 10, 2, 11], "texture": "#0"}, "south": {"uv": [1, 10, 2, 11], "texture": "#0"}, "west": {"uv": [1, 10, 2, 11], "texture": "#0"}, "up": {"uv": [1, 10, 2, 11], "texture": "#0"}, "down": {"uv": [1, 10, 2, 11], "texture": "#0"} } }, { "from": [6.48119, 24.525, 4.82098], "to": [7.35619, 25.525, 5.04598], "rotation": {"angle": -22.5, "axis": "y", "origin": [6.91869, 25.025, 4.23348]}, "faces": { "north": {"uv": [1, 10, 2, 11], "texture": "#0"}, "east": {"uv": [1, 10, 2, 11], "texture": "#0"}, "south": {"uv": [1, 10, 2, 11], "texture": "#0"}, "west": {"uv": [1, 10, 2, 11], "texture": "#0"}, "up": {"uv": [1, 10, 2, 11], "texture": "#0"}, "down": {"uv": [1, 10, 2, 11], "texture": "#0"} } }, { "from": [8.64381, 24.525, 4.82098], "to": [9.51881, 25.525, 5.04598], "rotation": {"angle": 22.5, "axis": "y", "origin": [9.08131, 25.025, 4.23348]}, "faces": { "north": {"uv": [1, 10, 2, 11], "texture": "#0"}, "east": {"uv": [1, 10, 2, 11], "texture": "#0"}, "south": {"uv": [1, 10, 2, 11], "texture": "#0"}, "west": {"uv": [1, 10, 2, 11], "texture": "#0"}, "up": {"uv": [1, 10, 2, 11], "texture": "#0"}, "down": {"uv": [1, 10, 2, 11], "texture": "#0"} } }, { "from": [6.73605, 24.525, 4.93117], "to": [7.61105, 25.525, 5.15617], "rotation": {"angle": -45, "axis": "y", "origin": [7.17355, 25.025, 4.34367]}, "faces": { "north": {"uv": [1, 10, 2, 11], "texture": "#0"}, "east": {"uv": [1, 10, 2, 11], "texture": "#0"}, "south": {"uv": [1, 10, 2, 11], "texture": "#0"}, "west": {"uv": [1, 10, 2, 11], "texture": "#0"}, "up": {"uv": [1, 10, 2, 11], "texture": "#0"}, "down": {"uv": [1, 10, 2, 11], "texture": "#0"} } }, { "from": [8.38895, 24.525, 4.93117], "to": [9.26395, 25.525, 5.15617], "rotation": {"angle": 45, "axis": "y", "origin": [8.82645, 25.025, 4.34367]}, "faces": { "north": {"uv": [1, 10, 2, 11], "texture": "#0"}, "east": {"uv": [1, 10, 2, 11], "texture": "#0"}, "south": {"uv": [1, 10, 2, 11], "texture": "#0"}, "west": {"uv": [1, 10, 2, 11], "texture": "#0"}, "up": {"uv": [1, 10, 2, 11], "texture": "#0"}, "down": {"uv": [1, 10, 2, 11], "texture": "#0"} } }, { "from": [6.60763, 24.525, 4.37338], "to": [7.18263, 25.525, 5.24838], "rotation": {"angle": 22.5, "axis": "y", "origin": [6.72013, 25.025, 4.81088]}, "faces": { "north": {"uv": [1, 10, 2, 11], "texture": "#0"}, "east": {"uv": [1, 10, 2, 11], "texture": "#0"}, "south": {"uv": [1, 10, 2, 11], "texture": "#0"}, "west": {"uv": [1, 10, 2, 11], "texture": "#0"}, "up": {"uv": [1, 10, 2, 11], "texture": "#0"}, "down": {"uv": [1, 10, 2, 11], "texture": "#0"} } }, { "from": [8.81737, 24.525, 4.37338], "to": [9.39237, 25.525, 5.24838], "rotation": {"angle": -22.5, "axis": "y", "origin": [9.27987, 25.025, 4.81088]}, "faces": { "north": {"uv": [1, 10, 2, 11], "texture": "#0"}, "east": {"uv": [1, 10, 2, 11], "texture": "#0"}, "south": {"uv": [1, 10, 2, 11], "texture": "#0"}, "west": {"uv": [1, 10, 2, 11], "texture": "#0"}, "up": {"uv": [1, 10, 2, 11], "texture": "#0"}, "down": {"uv": [1, 10, 2, 11], "texture": "#0"} } }, { "from": [6.98, 24.525, 4.22969], "to": [9.02, 25.525, 4.70469], "rotation": {"angle": 0, "axis": "y", "origin": [7.6325, 25.025, 4.81719]}, "faces": { "north": {"uv": [1, 10, 2, 11], "texture": "#0"}, "east": {"uv": [1, 10, 2, 11], "texture": "#0"}, "south": {"uv": [1, 10, 2, 11], "texture": "#0"}, "west": {"uv": [1, 10, 2, 11], "texture": "#0"}, "up": {"uv": [1, 10, 2, 11], "texture": "#0"}, "down": {"uv": [1, 10, 2, 11], "texture": "#0"} } }, { "from": [7.03331, 24.525, 6.71215], "to": [8.95831, 25.525, 7.08715], "rotation": {"angle": 0, "axis": "y", "origin": [6.60831, 25.025, 8.53715]}, "faces": { "north": {"uv": [1, 10, 2, 11], "texture": "#0"}, "east": {"uv": [1, 10, 2, 11], "texture": "#0"}, "south": {"uv": [1, 10, 2, 11], "texture": "#0"}, "west": {"uv": [1, 10, 2, 11], "texture": "#0"}, "up": {"uv": [1, 10, 2, 11], "texture": "#0"}, "down": {"uv": [1, 10, 2, 11], "texture": "#0"} } }, { "from": [7.03331, 24.525, 6.53715], "to": [7.75831, 25.525, 6.91215], "rotation": {"angle": -22.5, "axis": "y", "origin": [7.57081, 25.025, 6.89965]}, "faces": { "north": {"uv": [1, 10, 2, 11], "texture": "#0"}, "east": {"uv": [1, 10, 2, 11], "texture": "#0"}, "south": {"uv": [1, 10, 2, 11], "texture": "#0"}, "west": {"uv": [1, 10, 2, 11], "texture": "#0"}, "up": {"uv": [1, 10, 2, 11], "texture": "#0"}, "down": {"uv": [1, 10, 2, 11], "texture": "#0"} } }, { "from": [8.24169, 24.525, 6.53715], "to": [8.96669, 25.525, 6.91215], "rotation": {"angle": 22.5, "axis": "y", "origin": [8.42919, 25.025, 6.89965]}, "faces": { "north": {"uv": [1, 10, 2, 11], "texture": "#0"}, "east": {"uv": [1, 10, 2, 11], "texture": "#0"}, "south": {"uv": [1, 10, 2, 11], "texture": "#0"}, "west": {"uv": [1, 10, 2, 11], "texture": "#0"}, "up": {"uv": [1, 10, 2, 11], "texture": "#0"}, "down": {"uv": [1, 10, 2, 11], "texture": "#0"} } }, { "from": [7.03331, 24.525, 6.66215], "to": [7.55831, 25.525, 7.03715], "rotation": {"angle": 22.5, "axis": "y", "origin": [7.57081, 25.025, 6.89965]}, "faces": { "north": {"uv": [1, 10, 2, 11], "texture": "#0"}, "east": {"uv": [1, 10, 2, 11], "texture": "#0"}, "south": {"uv": [1, 10, 2, 11], "texture": "#0"}, "west": {"uv": [1, 10, 2, 11], "texture": "#0"}, "up": {"uv": [1, 10, 2, 11], "texture": "#0"}, "down": {"uv": [1, 10, 2, 11], "texture": "#0"} } }, { "from": [8.44169, 24.525, 6.66215], "to": [8.96669, 25.525, 7.03715], "rotation": {"angle": -22.5, "axis": "y", "origin": [8.42919, 25.025, 6.89965]}, "faces": { "north": {"uv": [1, 10, 2, 11], "texture": "#0"}, "east": {"uv": [1, 10, 2, 11], "texture": "#0"}, "south": {"uv": [1, 10, 2, 11], "texture": "#0"}, "west": {"uv": [1, 10, 2, 11], "texture": "#0"}, "up": {"uv": [1, 10, 2, 11], "texture": "#0"}, "down": {"uv": [1, 10, 2, 11], "texture": "#0"} } }, { "from": [6.88331, 24.525, 6.53715], "to": [7.40831, 25.525, 6.91215], "rotation": {"angle": 45, "axis": "y", "origin": [7.57081, 25.025, 6.89965]}, "faces": { "north": {"uv": [1, 10, 2, 11], "texture": "#0"}, "east": {"uv": [1, 10, 2, 11], "texture": "#0"}, "south": {"uv": [1, 10, 2, 11], "texture": "#0"}, "west": {"uv": [1, 10, 2, 11], "texture": "#0"}, "up": {"uv": [1, 10, 2, 11], "texture": "#0"}, "down": {"uv": [1, 10, 2, 11], "texture": "#0"} } }, { "from": [8.59169, 24.525, 6.53715], "to": [9.11669, 25.525, 6.91215], "rotation": {"angle": -45, "axis": "y", "origin": [8.42919, 25.025, 6.89965]}, "faces": { "north": {"uv": [1, 10, 2, 11], "texture": "#0"}, "east": {"uv": [1, 10, 2, 11], "texture": "#0"}, "south": {"uv": [1, 10, 2, 11], "texture": "#0"}, "west": {"uv": [1, 10, 2, 11], "texture": "#0"}, "up": {"uv": [1, 10, 2, 11], "texture": "#0"}, "down": {"uv": [1, 10, 2, 11], "texture": "#0"} } }, { "from": [7.00831, 24.525, 7.06215], "to": [7.38331, 25.525, 7.58715], "rotation": {"angle": -22.5, "axis": "y", "origin": [7.57081, 25.025, 6.89965]}, "faces": { "north": {"uv": [1, 10, 2, 11], "texture": "#0"}, "east": {"uv": [1, 10, 2, 11], "texture": "#0"}, "south": {"uv": [1, 10, 2, 11], "texture": "#0"}, "west": {"uv": [1, 10, 2, 11], "texture": "#0"}, "up": {"uv": [1, 10, 2, 11], "texture": "#0"}, "down": {"uv": [1, 10, 2, 11], "texture": "#0"} } }, { "from": [8.61669, 24.525, 7.06215], "to": [8.99169, 25.525, 7.58715], "rotation": {"angle": 22.5, "axis": "y", "origin": [8.42919, 25.025, 6.89965]}, "faces": { "north": {"uv": [1, 10, 2, 11], "texture": "#0"}, "east": {"uv": [1, 10, 2, 11], "texture": "#0"}, "south": {"uv": [1, 10, 2, 11], "texture": "#0"}, "west": {"uv": [1, 10, 2, 11], "texture": "#0"}, "up": {"uv": [1, 10, 2, 11], "texture": "#0"}, "down": {"uv": [1, 10, 2, 11], "texture": "#0"} } }, { "name": "hexadecagon", "from": [8.8875, 24.525, 5.48355], "to": [9.1625, 25.525, 5.86645], "rotation": {"angle": -22.5, "axis": "y", "origin": [8, 24.525, 5.675]}, "faces": { "north": {"uv": [1, 10, 2, 11], "texture": "#0"}, "east": {"uv": [1, 10, 2, 11], "texture": "#0"}, "south": {"uv": [1, 10, 2, 11], "texture": "#0"}, "west": {"uv": [1, 10, 2, 11], "texture": "#0"}, "up": {"uv": [1, 10, 2, 11], "texture": "#0"}, "down": {"uv": [1, 10, 2, 11], "texture": "#0"} } }, { "name": "hexadecagon", "from": [6.8375, 24.525, 5.48355], "to": [7.1125, 25.525, 5.86645], "rotation": {"angle": 22.5, "axis": "y", "origin": [8, 24.525, 5.675]}, "faces": { "north": {"uv": [1, 10, 2, 11], "texture": "#0"}, "east": {"uv": [1, 10, 2, 11], "texture": "#0"}, "south": {"uv": [1, 10, 2, 11], "texture": "#0"}, "west": {"uv": [1, 10, 2, 11], "texture": "#0"}, "up": {"uv": [1, 10, 2, 11], "texture": "#0"}, "down": {"uv": [1, 10, 2, 11], "texture": "#0"} } }, { "name": "hexadecagon", "from": [8.8875, 24.525, 5.48355], "to": [9.0625, 25.525, 5.86645], "rotation": {"angle": 0, "axis": "y", "origin": [8, 24.525, 5.675]}, "faces": { "north": {"uv": [1, 10, 2, 11], "texture": "#0"}, "east": {"uv": [1, 10, 2, 11], "texture": "#0"}, "south": {"uv": [1, 10, 2, 11], "texture": "#0"}, "west": {"uv": [1, 10, 2, 11], "texture": "#0"}, "up": {"uv": [1, 10, 2, 11], "texture": "#0"}, "down": {"uv": [1, 10, 2, 11], "texture": "#0"} } }, { "name": "hexadecagon", "from": [6.9375, 24.525, 5.48355], "to": [7.1125, 25.525, 5.86645], "rotation": {"angle": 0, "axis": "y", "origin": [8, 24.525, 5.675]}, "faces": { "north": {"uv": [1, 10, 2, 11], "texture": "#0"}, "east": {"uv": [1, 10, 2, 11], "texture": "#0"}, "south": {"uv": [1, 10, 2, 11], "texture": "#0"}, "west": {"uv": [1, 10, 2, 11], "texture": "#0"}, "up": {"uv": [1, 10, 2, 11], "texture": "#0"}, "down": {"uv": [1, 10, 2, 11], "texture": "#0"} } }, { "name": "hexadecagon", "from": [8.8875, 24.525, 5.48355], "to": [9.0625, 25.525, 5.86645], "rotation": {"angle": 22.5, "axis": "y", "origin": [8, 24.525, 5.675]}, "faces": { "north": {"uv": [1, 10, 2, 11], "texture": "#0"}, "east": {"uv": [1, 10, 2, 11], "texture": "#0"}, "south": {"uv": [1, 10, 2, 11], "texture": "#0"}, "west": {"uv": [1, 10, 2, 11], "texture": "#0"}, "up": {"uv": [1, 10, 2, 11], "texture": "#0"}, "down": {"uv": [1, 10, 2, 11], "texture": "#0"} } }, { "name": "hexadecagon", "from": [6.9375, 24.525, 5.48355], "to": [7.1125, 25.525, 5.86645], "rotation": {"angle": -22.5, "axis": "y", "origin": [8, 24.525, 5.675]}, "faces": { "north": {"uv": [1, 10, 2, 11], "texture": "#0"}, "east": {"uv": [1, 10, 2, 11], "texture": "#0"}, "south": {"uv": [1, 10, 2, 11], "texture": "#0"}, "west": {"uv": [1, 10, 2, 11], "texture": "#0"}, "up": {"uv": [1, 10, 2, 11], "texture": "#0"}, "down": {"uv": [1, 10, 2, 11], "texture": "#0"} } }, { "name": "hexadecagon", "from": [7.80855, 24.525, 4.6125], "to": [8.29145, 25.525, 4.7875], "rotation": {"angle": -45, "axis": "y", "origin": [8, 24.525, 5.675]}, "faces": { "north": {"uv": [1, 10, 2, 11], "texture": "#0"}, "east": {"uv": [1, 10, 2, 11], "texture": "#0"}, "south": {"uv": [1, 10, 2, 11], "texture": "#0"}, "west": {"uv": [1, 10, 2, 11], "texture": "#0"}, "up": {"uv": [1, 10, 2, 11], "texture": "#0"}, "down": {"uv": [1, 10, 2, 11], "texture": "#0"} } }, { "name": "hexadecagon", "from": [7.70855, 24.525, 4.6125], "to": [8.19145, 25.525, 4.7875], "rotation": {"angle": 45, "axis": "y", "origin": [8, 24.525, 5.675]}, "faces": { "north": {"uv": [1, 10, 2, 11], "texture": "#0"}, "east": {"uv": [1, 10, 2, 11], "texture": "#0"}, "south": {"uv": [1, 10, 2, 11], "texture": "#0"}, "west": {"uv": [1, 10, 2, 11], "texture": "#0"}, "up": {"uv": [1, 10, 2, 11], "texture": "#0"}, "down": {"uv": [1, 10, 2, 11], "texture": "#0"} } }, { "name": "hexadecagon", "from": [7.80855, 24.525, 4.4625], "to": [8.46645, 25.525, 4.7875], "rotation": {"angle": -22.5, "axis": "y", "origin": [8, 24.525, 5.675]}, "faces": { "north": {"uv": [1, 10, 2, 11], "texture": "#0"}, "east": {"uv": [1, 10, 2, 11], "texture": "#0"}, "south": {"uv": [1, 10, 2, 11], "texture": "#0"}, "west": {"uv": [1, 10, 2, 11], "texture": "#0"}, "up": {"uv": [1, 10, 2, 11], "texture": "#0"}, "down": {"uv": [1, 10, 2, 11], "texture": "#0"} } }, { "name": "hexadecagon", "from": [7.53355, 24.525, 4.4625], "to": [8.19145, 25.525, 4.7875], "rotation": {"angle": 22.5, "axis": "y", "origin": [8, 24.525, 5.675]}, "faces": { "north": {"uv": [1, 10, 2, 11], "texture": "#0"}, "east": {"uv": [1, 10, 2, 11], "texture": "#0"}, "south": {"uv": [1, 10, 2, 11], "texture": "#0"}, "west": {"uv": [1, 10, 2, 11], "texture": "#0"}, "up": {"uv": [1, 10, 2, 11], "texture": "#0"}, "down": {"uv": [1, 10, 2, 11], "texture": "#0"} } }, { "name": "hexadecagon", "from": [7.40855, 24.525, 6.5625], "to": [8.19145, 25.525, 6.7875], "rotation": {"angle": 0, "axis": "y", "origin": [8, 24.525, 5.675]}, "faces": { "north": {"uv": [1, 10, 2, 11], "texture": "#0"}, "east": {"uv": [1, 10, 2, 11], "texture": "#0"}, "south": {"uv": [1, 10, 2, 11], "texture": "#0"}, "west": {"uv": [1, 10, 2, 11], "texture": "#0"}, "up": {"uv": [1, 10, 2, 11], "texture": "#0"}, "down": {"uv": [1, 10, 2, 11], "texture": "#0"} } }, { "name": "hexadecagon", "from": [7.40855, 24.525, 4.6125], "to": [8.19145, 25.525, 4.7875], "rotation": {"angle": 0, "axis": "y", "origin": [8, 24.525, 5.675]}, "faces": { "north": {"uv": [1, 10, 2, 11], "texture": "#0"}, "east": {"uv": [1, 10, 2, 11], "texture": "#0"}, "south": {"uv": [1, 10, 2, 11], "texture": "#0"}, "west": {"uv": [1, 10, 2, 11], "texture": "#0"}, "up": {"uv": [1, 10, 2, 11], "texture": "#0"}, "down": {"uv": [1, 10, 2, 11], "texture": "#0"} } }, { "name": "hexadecagon", "from": [7.80855, 24.525, 6.5625], "to": [8.19145, 25.525, 6.7375], "rotation": {"angle": 22.5, "axis": "y", "origin": [8, 24.525, 5.675]}, "faces": { "north": {"uv": [1, 10, 2, 11], "texture": "#0"}, "east": {"uv": [1, 10, 2, 11], "texture": "#0"}, "south": {"uv": [1, 10, 2, 11], "texture": "#0"}, "west": {"uv": [1, 10, 2, 11], "texture": "#0"}, "up": {"uv": [1, 10, 2, 11], "texture": "#0"}, "down": {"uv": [1, 10, 2, 11], "texture": "#0"} } }, { "name": "hexadecagon", "from": [7.80855, 24.525, 6.5625], "to": [8.19145, 25.525, 6.7375], "rotation": {"angle": -22.5, "axis": "y", "origin": [8, 24.525, 5.675]}, "faces": { "north": {"uv": [1, 10, 2, 11], "texture": "#0"}, "east": {"uv": [1, 10, 2, 11], "texture": "#0"}, "south": {"uv": [1, 10, 2, 11], "texture": "#0"}, "west": {"uv": [1, 10, 2, 11], "texture": "#0"}, "up": {"uv": [1, 10, 2, 11], "texture": "#0"}, "down": {"uv": [1, 10, 2, 11], "texture": "#0"} } }, { "name": "hexadecagon", "from": [7.80855, 24.525, 6.5625], "to": [8.34145, 25.525, 7.0375], "rotation": {"angle": 45, "axis": "y", "origin": [8, 24.525, 5.675]}, "faces": { "north": {"uv": [1, 10, 2, 11], "texture": "#0"}, "east": {"uv": [1, 10, 2, 11], "texture": "#0"}, "south": {"uv": [1, 10, 2, 11], "texture": "#0"}, "west": {"uv": [1, 10, 2, 11], "texture": "#0"}, "up": {"uv": [1, 10, 2, 11], "texture": "#0"}, "down": {"uv": [1, 10, 2, 11], "texture": "#0"} } } ], "display": { "thirdperson_righthand": { "translation": [0, 0.5, 1], "scale": [0.15, 0.15, 0.15] }, "thirdperson_lefthand": { "translation": [0, 0.5, 1], "scale": [0.15, 0.15, 0.15] }, "firstperson_righthand": { "rotation": [0, 45, 0], "scale": [0.4, 0.4, 0.4] }, "firstperson_lefthand": { "rotation": [0, 45, 0], "scale": [0.4, 0.4, 0.4] }, "ground": { "translation": [0, 3, 0], "scale": [0.25, 0.25, 0.25] }, "gui": { "rotation": [30, 225, 0], "translation": [0, -1.25, 0], "scale": [0.4, 0.4, 0.4] }, "head": { "translation": [0, 9.5, 0], "scale": [0.25, 0.25, 0.25] }, "fixed": { "rotation": [-90, 0, 0], "translation": [0, 0, -5.5], "scale": [0.5, 0.5, 0.5] } }, "groups": [ { "name": "hexadecagon", "origin": [8, 8, 8], "children": [0, 1, 2, 3, 4, 5, 6, 7, 8, 9, 10, 11, 12, 13, 14, 15, 16] }, { "name": "hexadecagon", "origin": [8, 8, 8], "children": [17, 18, 19, 20, 21, 22, 23, 24, 25, 26, 27, 28, 29, 30, 31, 32] }, { "name": "hexadecagon", "origin": [8, 8, 8], "children": [33, 34, 35, 36, 37, 38, 39, 40] }, { "name": "hexadecagon", "origin": [8, 8, 8], "children": [41, 42, 43, 44, 45, 46, 47, 48] }, { "name": "group", "origin": [8, 0, 5.675], "children": [49, 50, 51, 52, 53, 54, 55, 56, 57, 58, 59, 60, 61, 62, 63, 64, 65, 66, 67, 68, 69, 70, 71, 72, 73, 74, 75, 76, 77, 78, 79, 80, 81, 82, 83, 84, 85, 86, 87, 88, 89, 90, 91, 92] } ] }