{ "credit": "Made with Blockbench", "textures": { "0": "migosmc:roleplay/itmes/ammo" }, "elements": [ { "name": "Element", "from": [1, 0, 4], "to": [14, 3.5, 11], "faces": { "north": {"uv": [0, 0, 1.97052, 1.20392], "texture": "#0"}, "east": {"uv": [0, 0, 2.19015, 1.25575], "texture": "#0"}, "south": {"uv": [13.48526, 0, 16, 1.20392], "texture": "#0"}, "west": {"uv": [0, 0, 1.97247, 1.22983], "texture": "#0"}, "up": {"uv": [2.67963, 2.43748, 5.32297, 6.12763], "texture": "#0"}, "down": {"uv": [0.02592, 0, 2.21477, 1.21704], "texture": "#0"} } } ], "display": { "thirdperson_righthand": { "rotation": [0, 180, -90], "translation": [-2, 0, 0], "scale": [0.3, 0.3, 0.3] }, "thirdperson_lefthand": { "rotation": [0, 180, -90], "translation": [-2, 0, 0], "scale": [0.3, 0.3, 0.3] }, "firstperson_righthand": { "rotation": [35, 0, 35], "translation": [-2.5, 6, 0], "scale": [0.75, 0.75, 0.75] }, "firstperson_lefthand": { "rotation": [35, 0, 35], "translation": [-2.5, 6, 0], "scale": [0.75, 0.75, 0.75] }, "ground": { "translation": [0, 1, 0], "scale": [0.25, 0.25, 0.25] }, "gui": { "rotation": [90, 0, 0], "translation": [0.6, -0.5, 0], "scale": [1.2, 1.2, 1.2] }, "fixed": { "rotation": [90, 0, -180], "translation": [-0.75, 0, -8], "scale": [1.5, 1.5, 1.5] } } }