{ "credit": "Made with Blockbench", "textures": { "1": "guns/nulls_gray", "2": "guns/nulls_white" }, "elements": [ { "name": "hexadecagon", "from": [7.875, -4.96148, 11.13693], "to": [10.5, -4.56365, 11.51193], "rotation": {"angle": -45, "axis": "x", "origin": [16, -6, 1]}, "faces": { "north": {"uv": [6.5, 11, 8, 13], "texture": "#1"}, "east": {"uv": [6.5, 11, 8, 13], "texture": "#1"}, "south": {"uv": [6.5, 11, 8, 13], "texture": "#1"}, "west": {"uv": [6.5, 11, 8, 13], "texture": "#1"}, "up": {"uv": [0, 0, 0, 0], "texture": "#1"}, "down": {"uv": [0, 0, 0, 0], "texture": "#1"} } }, { "name": "hexadecagon", "from": [7.875, -0.79375, 9.81564], "to": [10.5, -0.39593, 10.19064], "rotation": {"angle": -22.5, "axis": "x", "origin": [16, -6, 1]}, "faces": { "north": {"uv": [6.5, 11, 8, 13], "texture": "#1"}, "east": {"uv": [6.5, 11, 8, 13], "texture": "#1"}, "south": {"uv": [6.5, 11, 8, 13], "texture": "#1"}, "west": {"uv": [6.5, 11, 8, 13], "texture": "#1"}, "up": {"uv": [6.5, 11, 8, 13], "texture": "#1"}, "down": {"uv": [0, 0, 0, 0], "texture": "#1"} } }, { "name": "hexadecagon", "from": [7.875, 2.55109, 7], "to": [10.5, 2.94891, 7.375], "rotation": {"angle": 0, "axis": "x", "origin": [16, -6, 1]}, "faces": { "north": {"uv": [6.5, 11, 8, 13], "texture": "#1"}, "east": {"uv": [0, 0, 0, 0], "texture": "#1"}, "south": {"uv": [6.5, 11, 8, 13], "texture": "#1"}, "west": {"uv": [6.5, 11, 8, 13], "texture": "#1"}, "up": {"uv": [6.5, 11, 8, 13], "texture": "#1"}, "down": {"uv": [6.5, 11, 8, 13], "texture": "#1"} } }, { "name": "hexadecagon", "from": [7.875, 4.56382, 3.11868], "to": [10.5, 4.96164, 3.49368], "rotation": {"angle": 22.5, "axis": "x", "origin": [16, -6, 1]}, "faces": { "north": {"uv": [6.5, 11, 8, 13], "texture": "#1"}, "east": {"uv": [6.5, 11, 8, 13], "texture": "#1"}, "south": {"uv": [6.5, 11, 8, 13], "texture": "#1"}, "west": {"uv": [6.5, 11, 8, 13], "texture": "#1"}, "up": {"uv": [0, 0, 0, 0], "texture": "#1"}, "down": {"uv": [0, 0, 0, 0], "texture": "#1"} } }, { "name": "hexadecagon", "from": [7.875, 4.93802, -1.23744], "to": [10.5, 5.33584, -0.86244], "rotation": {"angle": 45, "axis": "x", "origin": [16, -6, 1]}, "faces": { "north": {"uv": [6.5, 11, 8, 13], "texture": "#1"}, "east": {"uv": [6.5, 11, 8, 13], "texture": "#1"}, "south": {"uv": [6.5, 11, 8, 13], "texture": "#1"}, "west": {"uv": [6.5, 11, 8, 13], "texture": "#1"}, "up": {"uv": [0, 0, 0, 0], "texture": "#1"}, "down": {"uv": [6.5, 11, 8, 13], "texture": "#1"} } }, { "name": "hexadecagon", "from": [7.875, -4.96148, 12.76193], "to": [10.5, -4.56365, 13.13693], "rotation": {"angle": -45, "axis": "x", "origin": [16, -6, 1]}, "faces": { "north": {"uv": [6.5, 11, 8, 13], "texture": "#1"}, "east": {"uv": [6.5, 11, 8, 13], "texture": "#1"}, "south": {"uv": [6.5, 11, 8, 13], "texture": "#1"}, "west": {"uv": [6.5, 11, 8, 13], "texture": "#1"}, "up": {"uv": [0, 0, 0, 0], "texture": "#1"}, "down": {"uv": [0, 0, 0, 0], "texture": "#1"} } }, { "name": "hexadecagon", "from": [7.875, -0.79375, 11.44064], "to": [10.5, -0.39593, 11.81564], "rotation": {"angle": -22.5, "axis": "x", "origin": [16, -6, 1]}, "faces": { "north": {"uv": [6.5, 11, 8, 13], "texture": "#1"}, "east": {"uv": [6.5, 11, 8, 13], "texture": "#1"}, "south": {"uv": [6.5, 11, 8, 13], "texture": "#1"}, "west": {"uv": [6.5, 11, 8, 13], "texture": "#1"}, "up": {"uv": [0, 0, 0, 0], "texture": "#1"}, "down": {"uv": [6.5, 11, 8, 13], "texture": "#1"} } }, { "name": "hexadecagon", "from": [7.875, 2.55109, 8.625], "to": [10.5, 2.94891, 9], "rotation": {"angle": 0, "axis": "x", "origin": [16, -6, 1]}, "faces": { "north": {"uv": [6.5, 11, 8, 13], "texture": "#1"}, "east": {"uv": [0, 0, 0, 0], "texture": "#1"}, "south": {"uv": [6.5, 11, 8, 13], "texture": "#1"}, "west": {"uv": [6.5, 11, 8, 13], "texture": "#1"}, "up": {"uv": [0, 0, 0, 0], "texture": "#1"}, "down": {"uv": [6.5, 11, 8, 13], "texture": "#1"} } }, { "name": "hexadecagon", "from": [7.875, 4.56382, 4.74368], "to": [10.5, 4.96164, 5.11868], "rotation": {"angle": 22.5, "axis": "x", "origin": [16, -6, 1]}, "faces": { "north": {"uv": [6.5, 11, 8, 13], "texture": "#1"}, "east": {"uv": [6.5, 11, 8, 13], "texture": "#1"}, "south": {"uv": [6.5, 11, 8, 13], "texture": "#1"}, "west": {"uv": [6.5, 11, 8, 13], "texture": "#1"}, "up": {"uv": [6.5, 11, 8, 13], "texture": "#1"}, "down": {"uv": [6.5, 11, 8, 13], "texture": "#1"} } }, { "name": "hexadecagon", "from": [7.875, 4.93802, 0.38756], "to": [10.5, 5.33584, 0.76256], "rotation": {"angle": 45, "axis": "x", "origin": [16, -6, 1]}, "faces": { "north": {"uv": [6.5, 11, 8, 13], "texture": "#1"}, "east": {"uv": [6.5, 11, 8, 13], "texture": "#1"}, "south": {"uv": [6.5, 11, 8, 13], "texture": "#1"}, "west": {"uv": [6.5, 11, 8, 13], "texture": "#1"}, "up": {"uv": [6.5, 11, 8, 13], "texture": "#1"}, "down": {"uv": [0, 0, 0, 0], "texture": "#1"} } }, { "name": "hexadecagon", "from": [7.875, -1.59484, 10.61672], "to": [10.5, -1.21984, 11.01455], "rotation": {"angle": -22.5, "axis": "x", "origin": [16, -6, 1]}, "faces": { "north": {"uv": [0, 0, 0, 0], "texture": "#1"}, "east": {"uv": [6.5, 11, 8, 13], "texture": "#1"}, "south": {"uv": [0, 0, 0, 0], "texture": "#1"}, "west": {"uv": [6.5, 11, 8, 13], "texture": "#1"}, "up": {"uv": [6.5, 11, 8, 13], "texture": "#1"}, "down": {"uv": [6.5, 11, 8, 13], "texture": "#1"} } }, { "name": "hexadecagon", "from": [7.875, 1.75, 7.80109], "to": [10.5, 2.125, 8.19891], "rotation": {"angle": 0, "axis": "x", "origin": [16, -6, 1]}, "faces": { "north": {"uv": [0, 0, 0, 0], "texture": "#1"}, "east": {"uv": [0, 0, 0, 0], "texture": "#1"}, "south": {"uv": [0, 0, 0, 0], "texture": "#1"}, "west": {"uv": [6.5, 11, 8, 13], "texture": "#1"}, "up": {"uv": [6.5, 11, 8, 13], "texture": "#1"}, "down": {"uv": [6.5, 11, 8, 13], "texture": "#1"} } }, { "name": "hexadecagon", "from": [7.875, 3.76273, 3.91976], "to": [10.5, 4.13773, 4.31759], "rotation": {"angle": 22.5, "axis": "x", "origin": [16, -6, 1]}, "faces": { "north": {"uv": [0, 0, 0, 0], "texture": "#1"}, "east": {"uv": [6.5, 11, 8, 13], "texture": "#1"}, "south": {"uv": [0, 0, 0, 0], "texture": "#1"}, "west": {"uv": [6.5, 11, 8, 13], "texture": "#1"}, "up": {"uv": [6.5, 11, 8, 13], "texture": "#1"}, "down": {"uv": [6.5, 11, 8, 13], "texture": "#1"} } }, { "name": "hexadecagon", "from": [7.875, 0.03016, 10.61672], "to": [10.5, 0.40516, 11.01455], "rotation": {"angle": -22.5, "axis": "x", "origin": [16, -6, 1]}, "faces": { "north": {"uv": [0, 0, 0, 0], "texture": "#1"}, "east": {"uv": [6.5, 11, 8, 13], "texture": "#1"}, "south": {"uv": [0, 0, 0, 0], "texture": "#1"}, "west": {"uv": [6.5, 11, 8, 13], "texture": "#1"}, "up": {"uv": [6.5, 11, 8, 13], "texture": "#1"}, "down": {"uv": [6.5, 11, 8, 13], "texture": "#1"} } }, { "name": "hexadecagon", "from": [7.875, 3.375, 7.80109], "to": [10.5, 3.75, 8.19891], "rotation": {"angle": 0, "axis": "x", "origin": [16, -6, 1]}, "faces": { "north": {"uv": [0, 0, 0, 0], "texture": "#1"}, "east": {"uv": [0, 0, 0, 0], "texture": "#1"}, "south": {"uv": [0, 0, 0, 0], "texture": "#1"}, "west": {"uv": [6.5, 11, 8, 13], "texture": "#1"}, "up": {"uv": [6.5, 11, 8, 13], "texture": "#1"}, "down": {"uv": [6.5, 11, 8, 13], "texture": "#1"} } }, { "name": "hexadecagon", "from": [7.875, 5.38773, 3.91976], "to": [10.5, 5.76273, 4.31759], "rotation": {"angle": 22.5, "axis": "x", "origin": [16, -6, 1]}, "faces": { "north": {"uv": [0, 0, 0, 0], "texture": "#1"}, "east": {"uv": [6.5, 11, 8, 13], "texture": "#1"}, "south": {"uv": [0, 0, 0, 0], "texture": "#1"}, "west": {"uv": [6.5, 11, 8, 13], "texture": "#1"}, "up": {"uv": [6.5, 11, 8, 13], "texture": "#1"}, "down": {"uv": [6.5, 11, 8, 13], "texture": "#1"} } }, { "name": "hexadecagon", "from": [5.25, -5.0112, 10.88693], "to": [9.625, -4.51392, 11.13693], "rotation": {"angle": -45, "axis": "x", "origin": [16, -6, 1]}, "faces": { "north": {"uv": [6, 11.5, 8, 14], "texture": "#1"}, "east": {"uv": [6, 11.5, 8, 14], "texture": "#1"}, "south": {"uv": [6, 11.5, 8, 14], "texture": "#1"}, "west": {"uv": [6, 11.5, 8, 14], "texture": "#1"}, "up": {"uv": [6, 11.5, 8, 14], "texture": "#1"}, "down": {"uv": [6, 11.5, 8, 14], "texture": "#1"} } }, { "name": "hexadecagon", "from": [9, -0.84348, 9.56564], "to": [9.625, -0.3462, 9.81564], "rotation": {"angle": -22.5, "axis": "x", "origin": [16, -6, 1]}, "faces": { "north": {"uv": [6, 11.5, 8, 14], "texture": "#1"}, "east": {"uv": [6, 11.5, 8, 14], "texture": "#1"}, "south": {"uv": [0, 0, 0, 0], "texture": "#1"}, "west": {"uv": [6, 11.5, 8, 14], "texture": "#1"}, "up": {"uv": [0, 0, 0, 0], "texture": "#1"}, "down": {"uv": [0, 0, 0, 0], "texture": "#1"} } }, { "name": "hexadecagon", "from": [5.25, -0.84348, 9.56564], "to": [5.875, -0.5962, 9.81564], "rotation": {"angle": -22.5, "axis": "x", "origin": [16, -6, 1]}, "faces": { "north": {"uv": [6, 11.5, 8, 14], "texture": "#1"}, "east": {"uv": [6, 11.5, 8, 14], "texture": "#1"}, "south": {"uv": [6, 11.5, 8, 14], "texture": "#1"}, "west": {"uv": [6, 11.5, 8, 14], "texture": "#1"}, "up": {"uv": [0, 0, 0, 0], "texture": "#1"}, "down": {"uv": [0, 0, 0, 0], "texture": "#1"} } }, { "name": "hexadecagon", "from": [5.25, -0.84348, 6.18436], "to": [5.875, -0.5962, 6.43436], "rotation": {"angle": 22.5, "axis": "x", "origin": [16, -6, 15]}, "faces": { "north": {"uv": [8, 11.5, 6, 14], "texture": "#1"}, "east": {"uv": [8, 11.5, 6, 14], "texture": "#1"}, "south": {"uv": [8, 11.5, 6, 14], "texture": "#1"}, "west": {"uv": [8, 11.5, 6, 14], "texture": "#1"}, "up": {"uv": [0, 0, 0, 0], "texture": "#1"}, "down": {"uv": [0, 0, 0, 0], "texture": "#1"} } }, { "name": "hexadecagon", "from": [9, 2.50136, 6.75], "to": [9.625, 2.99864, 7], "rotation": {"angle": 0, "axis": "x", "origin": [16, -6, 1]}, "faces": { "north": {"uv": [6, 11.5, 8, 14], "texture": "#1"}, "east": {"uv": [6, 11.5, 8, 14], "texture": "#1"}, "south": {"uv": [0, 0, 0, 0], "texture": "#1"}, "west": {"uv": [6, 11.5, 8, 14], "texture": "#1"}, "up": {"uv": [0, 0, 0, 0], "texture": "#1"}, "down": {"uv": [0, 0, 0, 0], "texture": "#1"} } }, { "name": "hexadecagon", "from": [9, 4.51409, 2.86868], "to": [9.625, 5.01137, 3.11868], "rotation": {"angle": 22.5, "axis": "x", "origin": [16, -6, 1]}, "faces": { "north": {"uv": [6, 11.5, 8, 14], "texture": "#1"}, "east": {"uv": [6, 11.5, 8, 14], "texture": "#1"}, "south": {"uv": [0, 0, 0, 0], "texture": "#1"}, "west": {"uv": [6, 11.5, 8, 14], "texture": "#1"}, "up": {"uv": [0, 0, 0, 0], "texture": "#1"}, "down": {"uv": [0, 0, 0, 0], "texture": "#1"} } }, { "name": "hexadecagon", "from": [5.25, 4.76409, 2.86868], "to": [5.875, 5.01137, 3.11868], "rotation": {"angle": 22.5, "axis": "x", "origin": [16, -6, 1]}, "faces": { "north": {"uv": [6, 11.5, 8, 14], "texture": "#1"}, "east": {"uv": [6, 11.5, 8, 14], "texture": "#1"}, "south": {"uv": [6, 11.5, 8, 14], "texture": "#1"}, "west": {"uv": [6, 11.5, 8, 14], "texture": "#1"}, "up": {"uv": [0, 0, 0, 0], "texture": "#1"}, "down": {"uv": [0, 0, 0, 0], "texture": "#1"} } }, { "name": "hexadecagon", "from": [5.25, 4.76409, 12.88132], "to": [5.875, 5.01137, 13.13132], "rotation": {"angle": -22.5, "axis": "x", "origin": [16, -6, 15]}, "faces": { "north": {"uv": [8, 11.5, 6, 14], "texture": "#1"}, "east": {"uv": [8, 11.5, 6, 14], "texture": "#1"}, "south": {"uv": [8, 11.5, 6, 14], "texture": "#1"}, "west": {"uv": [8, 11.5, 6, 14], "texture": "#1"}, "up": {"uv": [0, 0, 0, 0], "texture": "#1"}, "down": {"uv": [0, 0, 0, 0], "texture": "#1"} } }, { "name": "hexadecagon", "from": [5.25, 4.88829, -1.48744], "to": [9.625, 5.38557, -1.23744], "rotation": {"angle": 45, "axis": "x", "origin": [16, -6, 1]}, "faces": { "north": {"uv": [6, 11.5, 8, 14], "texture": "#1"}, "east": {"uv": [6, 11.5, 8, 14], "texture": "#1"}, "south": {"uv": [6, 11.5, 8, 14], "texture": "#1"}, "west": {"uv": [6, 11.5, 8, 14], "texture": "#1"}, "up": {"uv": [6, 11.5, 8, 14], "texture": "#1"}, "down": {"uv": [6, 11.5, 8, 14], "texture": "#1"} } }, { "name": "hexadecagon", "from": [5.25, -5.0112, 13.13693], "to": [9.625, -4.51392, 13.38693], "rotation": {"angle": -45, "axis": "x", "origin": [16, -6, 1]}, "faces": { "north": {"uv": [6, 11.5, 8, 14], "texture": "#1"}, "east": {"uv": [6, 11.5, 8, 14], "texture": "#1"}, "south": {"uv": [6, 11.5, 8, 14], "texture": "#1"}, "west": {"uv": [6, 11.5, 8, 14], "texture": "#1"}, "up": {"uv": [0, 0, 0, 0], "texture": "#1"}, "down": {"uv": [6, 11.5, 8, 14], "texture": "#1"} } }, { "name": "hexadecagon", "from": [9, -0.84348, 11.81564], "to": [9.625, -0.3462, 12.06564], "rotation": {"angle": -22.5, "axis": "x", "origin": [16, -6, 1]}, "faces": { "north": {"uv": [0, 0, 0, 0], "texture": "#1"}, "east": {"uv": [6, 11.5, 8, 14], "texture": "#1"}, "south": {"uv": [6, 11.5, 8, 14], "texture": "#1"}, "west": {"uv": [6, 11.5, 8, 14], "texture": "#1"}, "up": {"uv": [6, 11.5, 8, 14], "texture": "#1"}, "down": {"uv": [0, 0, 0, 0], "texture": "#1"} } }, { "name": "hexadecagon", "from": [9, 2.50136, 9], "to": [9.625, 2.99864, 9.25], "rotation": {"angle": 0, "axis": "x", "origin": [16, -6, 1]}, "faces": { "north": {"uv": [0, 0, 0, 0], "texture": "#1"}, "east": {"uv": [6, 11.5, 8, 14], "texture": "#1"}, "south": {"uv": [6, 11.5, 8, 14], "texture": "#1"}, "west": {"uv": [6, 11.5, 8, 14], "texture": "#1"}, "up": {"uv": [0, 0, 0, 0], "texture": "#1"}, "down": {"uv": [0, 0, 0, 0], "texture": "#1"} } }, { "name": "hexadecagon", "from": [5.25, 2.27039, 8.90433], "to": [5.875, 2.51767, 9.15433], "rotation": {"angle": 0, "axis": "x", "origin": [16, -6.23097, 0.90433]}, "faces": { "north": {"uv": [6, 11.5, 8, 14], "texture": "#1"}, "east": {"uv": [6, 11.5, 8, 14], "texture": "#1"}, "south": {"uv": [6, 11.5, 8, 14], "texture": "#1"}, "west": {"uv": [6, 11.5, 8, 14], "texture": "#1"}, "up": {"uv": [6, 11.5, 8, 14], "texture": "#1"}, "down": {"uv": [0, 0, 0, 0], "texture": "#1"} } }, { "name": "hexadecagon", "from": [5.25, 2.27039, 6.84567], "to": [5.875, 2.51767, 7.09567], "rotation": {"angle": 0, "axis": "x", "origin": [16, -6.23097, 15.09567]}, "faces": { "north": {"uv": [8, 11.5, 6, 14], "texture": "#1"}, "east": {"uv": [8, 11.5, 6, 14], "texture": "#1"}, "south": {"uv": [8, 11.5, 6, 14], "texture": "#1"}, "west": {"uv": [8, 11.5, 6, 14], "texture": "#1"}, "up": {"uv": [6, 14, 8, 11.5], "texture": "#1"}, "down": {"uv": [0, 0, 0, 0], "texture": "#1"} } }, { "name": "hexadecagon", "from": [5.25, 2.98914, 8.90433], "to": [5.875, 3.23642, 9.15433], "rotation": {"angle": 0, "axis": "x", "origin": [16, -6.23097, 0.90433]}, "faces": { "north": {"uv": [6, 11.5, 8, 14], "texture": "#1"}, "east": {"uv": [6, 11.5, 8, 14], "texture": "#1"}, "south": {"uv": [6, 11.5, 8, 14], "texture": "#1"}, "west": {"uv": [6, 11.5, 8, 14], "texture": "#1"}, "up": {"uv": [6, 11.5, 8, 14], "texture": "#1"}, "down": {"uv": [6, 11.5, 8, 14], "texture": "#1"} } }, { "name": "hexadecagon", "from": [5.25, 2.98914, 6.84567], "to": [5.875, 3.23642, 7.09567], "rotation": {"angle": 0, "axis": "x", "origin": [16, -6.23097, 15.09567]}, "faces": { "north": {"uv": [8, 11.5, 6, 14], "texture": "#1"}, "east": {"uv": [8, 11.5, 6, 14], "texture": "#1"}, "south": {"uv": [8, 11.5, 6, 14], "texture": "#1"}, "west": {"uv": [8, 11.5, 6, 14], "texture": "#1"}, "up": {"uv": [6, 14, 8, 11.5], "texture": "#1"}, "down": {"uv": [6, 14, 8, 11.5], "texture": "#1"} } }, { "name": "hexadecagon", "from": [7.875, 2.00136, 9], "to": [8.5, 3.49864, 9.25], "rotation": {"angle": 0, "axis": "x", "origin": [16, -6, 1]}, "faces": { "north": {"uv": [6, 11.5, 8, 14], "texture": "#2"}, "east": {"uv": [6, 11.5, 8, 14], "texture": "#2"}, "south": {"uv": [6, 11.5, 8, 14], "texture": "#2"}, "west": {"uv": [6, 11.5, 8, 14], "texture": "#2"}, "up": {"uv": [0, 0, 0, 0], "texture": "#2"}, "down": {"uv": [0, 0, 0, 0], "texture": "#2"} } }, { "name": "hexadecagon", "from": [7.875, 2.00136, 6.75], "to": [8.5, 3.49864, 7], "rotation": {"angle": 0, "axis": "x", "origin": [16, -6, 15]}, "faces": { "north": {"uv": [8, 11.5, 6, 14], "texture": "#2"}, "east": {"uv": [8, 11.5, 6, 14], "texture": "#2"}, "south": {"uv": [8, 11.5, 6, 14], "texture": "#2"}, "west": {"uv": [8, 11.5, 6, 14], "texture": "#2"}, "up": {"uv": [0, 0, 0, 0], "texture": "#2"}, "down": {"uv": [0, 0, 0, 0], "texture": "#2"} } }, { "name": "hexadecagon", "from": [6.75, 2.00136, 9], "to": [7.125, 3.49864, 9.25], "rotation": {"angle": 0, "axis": "x", "origin": [16, -6, 1]}, "faces": { "north": {"uv": [6, 11.5, 8, 14], "texture": "#2"}, "east": {"uv": [6, 11.5, 8, 14], "texture": "#2"}, "south": {"uv": [6, 11.5, 8, 14], "texture": "#2"}, "west": {"uv": [6, 11.5, 8, 14], "texture": "#2"}, "up": {"uv": [0, 0, 0, 0], "texture": "#2"}, "down": {"uv": [0, 0, 0, 0], "texture": "#2"} } }, { "name": "hexadecagon", "from": [6.75, 2.00136, 6.75], "to": [7.125, 3.49864, 7], "rotation": {"angle": 0, "axis": "x", "origin": [16, -6, 15]}, "faces": { "north": {"uv": [8, 11.5, 6, 14], "texture": "#2"}, "east": {"uv": [8, 11.5, 6, 14], "texture": "#2"}, "south": {"uv": [8, 11.5, 6, 14], "texture": "#2"}, "west": {"uv": [8, 11.5, 6, 14], "texture": "#2"}, "up": {"uv": [0, 0, 0, 0], "texture": "#2"}, "down": {"uv": [0, 0, 0, 0], "texture": "#2"} } }, { "name": "hexadecagon", "from": [9, 4.51409, 5.11868], "to": [9.625, 5.01137, 5.36868], "rotation": {"angle": 22.5, "axis": "x", "origin": [16, -6, 1]}, "faces": { "north": {"uv": [0, 0, 0, 0], "texture": "#1"}, "east": {"uv": [6, 11.5, 8, 14], "texture": "#1"}, "south": {"uv": [6, 11.5, 8, 14], "texture": "#1"}, "west": {"uv": [6, 11.5, 8, 14], "texture": "#1"}, "up": {"uv": [0, 0, 0, 0], "texture": "#1"}, "down": {"uv": [6, 11.5, 8, 14], "texture": "#1"} } }, { "name": "hexadecagon", "from": [5.25, 4.88829, 0.76256], "to": [9.625, 5.38557, 1.01256], "rotation": {"angle": 45, "axis": "x", "origin": [16, -6, 1]}, "faces": { "north": {"uv": [6, 11.5, 8, 14], "texture": "#1"}, "east": {"uv": [6, 11.5, 8, 14], "texture": "#1"}, "south": {"uv": [6, 11.5, 8, 14], "texture": "#1"}, "west": {"uv": [6, 11.5, 8, 14], "texture": "#1"}, "up": {"uv": [6, 11.5, 8, 14], "texture": "#1"}, "down": {"uv": [0, 0, 0, 0], "texture": "#1"} } }, { "name": "hexadecagon", "from": [5.25, -1.84484, 10.567], "to": [9.625, -1.59484, 11.06428], "rotation": {"angle": -22.5, "axis": "x", "origin": [16, -6, 1]}, "faces": { "north": {"uv": [6, 11.5, 8, 14], "texture": "#1"}, "east": {"uv": [6, 11.5, 8, 14], "texture": "#1"}, "south": {"uv": [0, 0, 0, 0], "texture": "#1"}, "west": {"uv": [6, 11.5, 8, 14], "texture": "#1"}, "up": {"uv": [6, 11.5, 8, 14], "texture": "#1"}, "down": {"uv": [6, 11.5, 8, 14], "texture": "#1"} } }, { "name": "hexadecagon", "from": [5.25, 1.5, 7.75136], "to": [9.625, 1.75, 8.24864], "rotation": {"angle": 0, "axis": "x", "origin": [16, -6, 1]}, "faces": { "north": {"uv": [0, 0, 0, 0], "texture": "#1"}, "east": {"uv": [6, 11.5, 8, 14], "texture": "#1"}, "south": {"uv": [6, 11.5, 8, 14], "texture": "#1"}, "west": {"uv": [6, 11.5, 8, 14], "texture": "#1"}, "up": {"uv": [6, 11.5, 8, 14], "texture": "#1"}, "down": {"uv": [6, 11.5, 8, 14], "texture": "#1"} } }, { "name": "hexadecagon", "from": [5.25, 3.51273, 3.87004], "to": [9.625, 3.76273, 4.36732], "rotation": {"angle": 22.5, "axis": "x", "origin": [16, -6, 1]}, "faces": { "north": {"uv": [6, 11.5, 8, 14], "texture": "#1"}, "east": {"uv": [6, 11.5, 8, 14], "texture": "#1"}, "south": {"uv": [0, 0, 0, 0], "texture": "#1"}, "west": {"uv": [6, 11.5, 8, 14], "texture": "#1"}, "up": {"uv": [6, 11.5, 8, 14], "texture": "#1"}, "down": {"uv": [6, 11.5, 8, 14], "texture": "#1"} } }, { "name": "hexadecagon", "from": [5.25, 0.40516, 10.567], "to": [9.625, 0.65516, 11.06428], "rotation": {"angle": -22.5, "axis": "x", "origin": [16, -6, 1]}, "faces": { "north": {"uv": [6, 11.5, 8, 14], "texture": "#1"}, "east": {"uv": [6, 11.5, 8, 14], "texture": "#1"}, "south": {"uv": [0, 0, 0, 0], "texture": "#1"}, "west": {"uv": [6, 11.5, 8, 14], "texture": "#1"}, "up": {"uv": [6, 11.5, 8, 14], "texture": "#1"}, "down": {"uv": [6, 11.5, 8, 14], "texture": "#1"} } }, { "name": "hexadecagon", "from": [5.25, 3.75, 7.75136], "to": [9.625, 4, 8.24864], "rotation": {"angle": 0, "axis": "x", "origin": [16, -6, 1]}, "faces": { "north": {"uv": [0, 0, 0, 0], "texture": "#1"}, "east": {"uv": [6, 11.5, 8, 14], "texture": "#1"}, "south": {"uv": [6, 11.5, 8, 14], "texture": "#1"}, "west": {"uv": [6, 11.5, 8, 14], "texture": "#1"}, "up": {"uv": [6, 11.5, 8, 14], "texture": "#1"}, "down": {"uv": [6, 11.5, 8, 14], "texture": "#1"} } }, { "name": "hexadecagon", "from": [5.25, 5.76273, 3.87004], "to": [9.625, 6.01273, 4.36732], "rotation": {"angle": 22.5, "axis": "x", "origin": [16, -6, 1]}, "faces": { "north": {"uv": [6, 11.5, 8, 14], "texture": "#1"}, "east": {"uv": [6, 11.5, 8, 14], "texture": "#1"}, "south": {"uv": [0, 0, 0, 0], "texture": "#1"}, "west": {"uv": [6, 11.5, 8, 14], "texture": "#1"}, "up": {"uv": [6, 11.5, 8, 14], "texture": "#1"}, "down": {"uv": [6, 11.5, 8, 14], "texture": "#1"} } }, { "name": "hexadecagon", "from": [7.875, 5.46119, 4.4598], "to": [8.5, 5.71119, 4.95708], "rotation": {"angle": 22.5, "axis": "x", "origin": [17, -6.18606, 1.54193]}, "faces": { "north": {"uv": [0, 0, 0, 0], "texture": "#2"}, "east": {"uv": [6, 11.5, 8, 14], "texture": "#2"}, "south": {"uv": [0, 0, 0, 0], "texture": "#2"}, "west": {"uv": [6, 11.5, 8, 14], "texture": "#2"}, "up": {"uv": [6, 11.5, 8, 14], "texture": "#2"}, "down": {"uv": [6, 11.5, 8, 14], "texture": "#2"} } }, { "name": "hexadecagon", "from": [7.875, 5.46119, 11.04292], "to": [8.5, 5.71119, 11.5402], "rotation": {"angle": -22.5, "axis": "x", "origin": [17, -6.18606, 14.45807]}, "faces": { "north": {"uv": [0, 0, 0, 0], "texture": "#2"}, "east": {"uv": [8, 11.5, 6, 14], "texture": "#2"}, "south": {"uv": [0, 0, 0, 0], "texture": "#2"}, "west": {"uv": [8, 11.5, 6, 14], "texture": "#2"}, "up": {"uv": [6, 14, 8, 11.5], "texture": "#2"}, "down": {"uv": [6, 14, 8, 11.5], "texture": "#2"} } }, { "name": "hexadecagon", "from": [6.75, 5.46119, 4.4598], "to": [7.125, 5.71119, 4.95708], "rotation": {"angle": 22.5, "axis": "x", "origin": [17, -6.18606, 1.54193]}, "faces": { "north": {"uv": [6, 11.5, 8, 14], "texture": "#2"}, "east": {"uv": [6, 11.5, 8, 14], "texture": "#2"}, "south": {"uv": [0, 0, 0, 0], "texture": "#2"}, "west": {"uv": [6, 11.5, 8, 14], "texture": "#2"}, "up": {"uv": [6, 11.5, 8, 14], "texture": "#2"}, "down": {"uv": [6, 11.5, 8, 14], "texture": "#2"} } }, { "name": "hexadecagon", "from": [6.75, 5.46119, 11.04292], "to": [7.125, 5.71119, 11.5402], "rotation": {"angle": -22.5, "axis": "x", "origin": [17, -6.18606, 14.45807]}, "faces": { "north": {"uv": [0, 0, 0, 0], "texture": "#2"}, "east": {"uv": [8, 11.5, 6, 14], "texture": "#2"}, "south": {"uv": [8, 11.5, 6, 14], "texture": "#2"}, "west": {"uv": [8, 11.5, 6, 14], "texture": "#2"}, "up": {"uv": [6, 14, 8, 11.5], "texture": "#2"}, "down": {"uv": [6, 14, 8, 11.5], "texture": "#2"} } }, { "name": "hexadecagon", "from": [7.875, -0.47761, 5.7992], "to": [8.5, -0.22761, 6.29648], "rotation": {"angle": -22.5, "axis": "x", "origin": [17, 8.18606, 1.54193]}, "faces": { "north": {"uv": [0, 0, 0, 0], "texture": "#2"}, "east": {"uv": [6, 14, 8, 11.5], "texture": "#2"}, "south": {"uv": [6, 14, 8, 11.5], "texture": "#2"}, "west": {"uv": [6, 14, 8, 11.5], "texture": "#2"}, "up": {"uv": [6, 14, 8, 11.5], "texture": "#2"}, "down": {"uv": [6, 14, 8, 11.5], "texture": "#2"} } }, { "name": "hexadecagon", "from": [7.875, -0.47761, 9.70352], "to": [8.5, -0.22761, 10.2008], "rotation": {"angle": 22.5, "axis": "x", "origin": [17, 8.18606, 14.45807]}, "faces": { "north": {"uv": [8, 14, 6, 11.5], "texture": "#2"}, "east": {"uv": [8, 14, 6, 11.5], "texture": "#2"}, "south": {"uv": [0, 0, 0, 0], "texture": "#2"}, "west": {"uv": [8, 14, 6, 11.5], "texture": "#2"}, "up": {"uv": [6, 11.5, 8, 14], "texture": "#2"}, "down": {"uv": [6, 11.5, 8, 14], "texture": "#2"} } }, { "name": "hexadecagon", "from": [6.75, -0.47761, 5.7992], "to": [7.125, -0.22761, 6.29648], "rotation": {"angle": -22.5, "axis": "x", "origin": [17, 8.18606, 1.54193]}, "faces": { "north": {"uv": [6, 14, 8, 11.5], "texture": "#2"}, "east": {"uv": [6, 14, 8, 11.5], "texture": "#2"}, "south": {"uv": [6, 14, 8, 11.5], "texture": "#2"}, "west": {"uv": [6, 14, 8, 11.5], "texture": "#2"}, "up": {"uv": [6, 14, 8, 11.5], "texture": "#2"}, "down": {"uv": [6, 14, 8, 11.5], "texture": "#2"} } }, { "name": "hexadecagon", "from": [6.75, -0.47761, 9.70352], "to": [7.125, -0.22761, 10.2008], "rotation": {"angle": 22.5, "axis": "x", "origin": [17, 8.18606, 14.45807]}, "faces": { "north": {"uv": [8, 14, 6, 11.5], "texture": "#2"}, "east": {"uv": [8, 14, 6, 11.5], "texture": "#2"}, "south": {"uv": [8, 14, 6, 11.5], "texture": "#2"}, "west": {"uv": [8, 14, 6, 11.5], "texture": "#2"}, "up": {"uv": [6, 11.5, 8, 14], "texture": "#2"}, "down": {"uv": [6, 11.5, 8, 14], "texture": "#2"} } } ], "display": { "thirdperson_righthand": { "rotation": [10, -90, 0], "translation": [0, 4.75, 1.25], "scale": [0.72695, 0.6, 0.60586] }, "thirdperson_lefthand": { "rotation": [10, -90, 0], "translation": [0, -0.25, 1.25], "scale": [-0.6, 0.6, -0.6] }, "firstperson_righthand": { "rotation": [2, 25.75, 0], "translation": [-4, 6.5, 3.25], "scale": [0.6, 0.6, 0.6] }, "firstperson_lefthand": { "rotation": [2, -90, 0], "translation": [-4.75, 3.75, 3.25], "scale": [-0.6, 0.6, -0.6] }, "ground": { "rotation": [-90, 0, 0], "translation": [0.75, -0.5, -3.25], "scale": [1.34141, 0.73398, 0.72227] }, "gui": { "rotation": [30, 45, 0], "translation": [0.5, 7.25, 0], "scale": [2.51133, 1.58945, 1.46445] }, "head": { "rotation": [0, 0, -45], "translation": [0, -16.5, 4.25], "scale": [0.75, 0.75, 0.75] }, "fixed": { "rotation": [0, -180, 0], "translation": [-0.5, 5.75, -1.75], "scale": [1.64219, 1.09141, 1.25547] } }, "groups": [ { "name": "barrel", "origin": [8, 8, 8], "children": [0, 1, 2, 3, 4, 5, 6, 7, 8, 9, 10, 11, 12, 13, 14, 15] }, { "name": "barrel_end_1", "origin": [8, 8, 8], "children": [16, 17, 18, 19, 20, 21, 22, 23, 24, 25, 26, 27, 28, 29, 30, 31, 32, 33, 34, 35, 36, 37, 38, 39, 40, 41, 42, 43, 44, 45, 46, 47, 48, 49, 50, 51] } ] }