{ "credit": "Made with Blockbench", "textures": { "dot": "attachments/holo_dot", "texture": "attachments/reflex" }, "elements": [ { "name": "Element", "from": [1.2, 3.4, 5.6], "to": [6, 5.2, 7.6], "rotation": {"angle": 0, "axis": "y", "origin": [6, 4.4, 8]}, "faces": { "north": {"uv": [1.5, 2, 3.5, 4], "texture": "#texture"}, "east": {"uv": [1.5, 1.5, 4.5, 4.5], "texture": "#texture"}, "south": {"uv": [1.5, 1.5, 4.5, 4], "texture": "#texture"}, "west": {"uv": [2, 1, 5, 4], "texture": "#texture"}, "up": {"uv": [2, 1, 5, 4], "rotation": 180, "texture": "#texture"}, "down": {"uv": [2, 2, 4, 4], "rotation": 180, "texture": "#texture"} } }, { "name": "Element", "from": [1.2, 3.4, 8.4], "to": [6, 5.2, 10.4], "rotation": {"angle": 0, "axis": "y", "origin": [6, 4.4, 8]}, "faces": { "north": {"uv": [1.5, 2, 3.5, 4], "texture": "#texture"}, "east": {"uv": [1.5, 1.5, 4.5, 4.5], "texture": "#texture"}, "south": {"uv": [1.5, 1.5, 4.5, 4], "texture": "#texture"}, "west": {"uv": [2, 1, 5, 4], "texture": "#texture"}, "up": {"uv": [2, 1, 5, 4], "rotation": 180, "texture": "#texture"}, "down": {"uv": [2, 2, 4, 4], "rotation": 180, "texture": "#texture"} } }, { "name": "Element", "from": [0.8, 3.2, 5.6], "to": [1.2, 4.8, 7.6], "rotation": {"angle": 0, "axis": "y", "origin": [6, 4.4, 8]}, "faces": { "north": {"uv": [1.5, 2, 3.5, 4], "texture": "#texture"}, "east": {"uv": [1.5, 1.5, 4.5, 4.5], "texture": "#texture"}, "south": {"uv": [1.5, 1.5, 4.5, 4], "texture": "#texture"}, "west": {"uv": [2, 1, 5, 4], "texture": "#texture"}, "up": {"uv": [2, 1, 5, 4], "rotation": 180, "texture": "#texture"}, "down": {"uv": [2, 2, 4, 4], "rotation": 180, "texture": "#texture"} } }, { "name": "Element", "from": [0.636, 4.636, 5.6], "to": [1.2, 5.2, 7.6], "rotation": {"angle": 45, "axis": "z", "origin": [1.2, 5.2, 7.6]}, "faces": { "north": {"uv": [1.5, 2, 3.5, 4], "texture": "#texture"}, "east": {"uv": [1.5, 1.5, 4.5, 4.5], "texture": "#texture"}, "south": {"uv": [1.5, 1.5, 4.5, 4], "texture": "#texture"}, "west": {"uv": [2, 1, 5, 4], "texture": "#texture"}, "up": {"uv": [2, 1, 5, 4], "rotation": 180, "texture": "#texture"}, "down": {"uv": [2, 2, 4, 4], "rotation": 180, "texture": "#texture"} } }, { "name": "Element", "from": [0.636, 3.036, 5.6], "to": [1.2, 3.6, 7.6], "rotation": {"angle": 45, "axis": "z", "origin": [1.2, 3.6, 7.6]}, "faces": { "north": {"uv": [1.5, 2, 3.5, 4], "texture": "#texture"}, "east": {"uv": [1.5, 1.5, 4.5, 4.5], "texture": "#texture"}, "south": {"uv": [1.5, 1.5, 4.5, 4], "texture": "#texture"}, "west": {"uv": [2, 1, 5, 4], "texture": "#texture"}, "up": {"uv": [2, 1, 5, 4], "rotation": 180, "texture": "#texture"}, "down": {"uv": [2, 2, 4, 4], "rotation": 180, "texture": "#texture"} } }, { "name": "Element", "from": [0.636, 4.636, 8.4], "to": [1.2, 5.2, 10.4], "rotation": {"angle": 45, "axis": "z", "origin": [1.2, 5.2, 10.4]}, "faces": { "north": {"uv": [1.5, 2, 3.5, 4], "texture": "#texture"}, "east": {"uv": [1.5, 1.5, 4.5, 4.5], "texture": "#texture"}, "south": {"uv": [1.5, 1.5, 4.5, 4], "texture": "#texture"}, "west": {"uv": [2, 1, 5, 4], "texture": "#texture"}, "up": {"uv": [2, 1, 5, 4], "rotation": 180, "texture": "#texture"}, "down": {"uv": [2, 2, 4, 4], "rotation": 180, "texture": "#texture"} } }, { "name": "Element", "from": [0.8, 3.2, 8.4], "to": [1.2, 4.8, 10.4], "rotation": {"angle": 0, "axis": "y", "origin": [6, 4.4, 8]}, "faces": { "north": {"uv": [1.5, 2, 3.5, 4], "texture": "#texture"}, "east": {"uv": [1.5, 1.5, 4.5, 4.5], "texture": "#texture"}, "south": {"uv": [1.5, 1.5, 4.5, 4], "texture": "#texture"}, "west": {"uv": [2, 1, 5, 4], "texture": "#texture"}, "up": {"uv": [2, 1, 5, 4], "rotation": 180, "texture": "#texture"}, "down": {"uv": [2, 2, 4, 4], "rotation": 180, "texture": "#texture"} } }, { "name": "Element", "from": [0.636, 3.036, 8.4], "to": [1.2, 3.6, 10.4], "rotation": {"angle": 45, "axis": "z", "origin": [1.2, 3.6, 10.4]}, "faces": { "north": {"uv": [1.5, 2, 3.5, 4], "texture": "#texture"}, "east": {"uv": [1.5, 1.5, 4.5, 4.5], "texture": "#texture"}, "south": {"uv": [1.5, 1.5, 4.5, 4], "texture": "#texture"}, "west": {"uv": [2, 1, 5, 4], "texture": "#texture"}, "up": {"uv": [2, 1, 5, 4], "rotation": 180, "texture": "#texture"}, "down": {"uv": [2, 2, 4, 4], "rotation": 180, "texture": "#texture"} } }, { "name": "Element", "from": [1.2, 2.8, 5.6], "to": [2.8, 3.4, 7.6], "rotation": {"angle": 0, "axis": "y", "origin": [6, 4.4, 8]}, "faces": { "north": {"uv": [1.5, 2, 3.5, 4], "texture": "#texture"}, "east": {"uv": [1.5, 1.5, 4.5, 4.5], "texture": "#texture"}, "south": {"uv": [1.5, 1.5, 4.5, 4], "texture": "#texture"}, "west": {"uv": [2, 1, 5, 4], "texture": "#texture"}, "up": {"uv": [2, 1, 5, 4], "rotation": 180, "texture": "#texture"}, "down": {"uv": [2, 2, 4, 4], "rotation": 180, "texture": "#texture"} } }, { "name": "Element", "from": [1.2, 2.8, 8.4], "to": [2.8, 3.4, 10.4], "rotation": {"angle": 0, "axis": "y", "origin": [6, 4.4, 8]}, "faces": { "north": {"uv": [1.5, 2, 3.5, 4], "texture": "#texture"}, "east": {"uv": [1.5, 1.5, 4.5, 4.5], "texture": "#texture"}, "south": {"uv": [1.5, 1.5, 4.5, 4], "texture": "#texture"}, "west": {"uv": [2, 1, 5, 4], "texture": "#texture"}, "up": {"uv": [2, 1, 5, 4], "rotation": 180, "texture": "#texture"}, "down": {"uv": [2, 2, 4, 4], "rotation": 180, "texture": "#texture"} } }, { "name": "Element", "from": [2.8, 2.8, 5.6], "to": [4.4, 3.2, 10.4], "rotation": {"angle": 0, "axis": "y", "origin": [6, 4.4, 8]}, "faces": { "north": {"uv": [7, 7.75, 9, 9.75], "texture": "#texture"}, "east": {"uv": [7.5, 7.5, 10.5, 10.5], "texture": "#texture"}, "south": {"uv": [8, 7.75, 11, 10.25], "texture": "#texture"}, "west": {"uv": [7.75, 7.25, 10.75, 10.25], "texture": "#texture"}, "up": {"uv": [7.25, 8, 10.25, 11], "rotation": 180, "texture": "#texture"}, "down": {"uv": [8.75, 7.5, 10.75, 9.5], "rotation": 180, "texture": "#texture"} } }, { "name": "Element", "from": [2.426, 2.8, 5.35], "to": [4.626, 3.2, 5.95], "rotation": {"angle": 22.5, "axis": "y", "origin": [4.626, 2.8, 5.95]}, "faces": { "north": {"uv": [7, 7.75, 9, 9.75], "texture": "#texture"}, "east": {"uv": [7.5, 7.5, 10.5, 10.5], "texture": "#texture"}, "south": {"uv": [8, 7.75, 11, 10.25], "texture": "#texture"}, "west": {"uv": [7.75, 7.25, 10.75, 10.25], "texture": "#texture"}, "up": {"uv": [7.25, 8, 10.25, 11], "rotation": 180, "texture": "#texture"}, "down": {"uv": [8.75, 7.5, 10.75, 9.5], "rotation": 180, "texture": "#texture"} } }, { "name": "Element", "from": [4.4, 3, 5.4], "to": [4.6, 3.2, 10.6], "rotation": {"angle": 0, "axis": "y", "origin": [6, 4.4, 8]}, "faces": { "north": {"uv": [7, 7.75, 9, 9.75], "texture": "#texture"}, "east": {"uv": [7.5, 7.5, 10.5, 10.5], "texture": "#texture"}, "south": {"uv": [8, 7.75, 11, 10.25], "texture": "#texture"}, "west": {"uv": [7.75, 7.25, 10.75, 10.25], "texture": "#texture"}, "up": {"uv": [7.25, 8, 10.25, 11], "rotation": 180, "texture": "#texture"}, "down": {"uv": [8.75, 7.5, 10.75, 9.5], "rotation": 180, "texture": "#texture"} } }, { "name": "Element", "from": [4.516, 3, 5.316], "to": [4.8, 3.2, 5.6], "rotation": {"angle": 45, "axis": "y", "origin": [4.8, 3, 5.6]}, "faces": { "north": {"uv": [7, 7.75, 9, 9.75], "texture": "#texture"}, "east": {"uv": [7.5, 7.5, 10.5, 10.5], "texture": "#texture"}, "south": {"uv": [8, 7.75, 11, 10.25], "texture": "#texture"}, "west": {"uv": [7.75, 7.25, 10.75, 10.25], "texture": "#texture"}, "up": {"uv": [7.25, 8, 10.25, 11], "rotation": 180, "texture": "#texture"}, "down": {"uv": [8.75, 7.5, 10.75, 9.5], "rotation": 180, "texture": "#texture"} } }, { "name": "rail", "from": [2, 2.6, 5.4], "to": [8.4, 2.8, 10.6], "rotation": {"angle": 0, "axis": "y", "origin": [6, 4.4, 8]}, "faces": { "north": {"uv": [7, 7.75, 9, 9.75], "texture": "#texture"}, "east": {"uv": [7.5, 7.5, 10.5, 10.5], "texture": "#texture"}, "south": {"uv": [8, 7.75, 11, 10.25], "texture": "#texture"}, "west": {"uv": [7.75, 7.25, 10.75, 10.25], "texture": "#texture"}, "up": {"uv": [7.25, 8, 10.25, 11], "rotation": 180, "texture": "#texture"}, "down": {"uv": [8.75, 7.5, 10.75, 9.5], "rotation": 180, "texture": "#texture"} } }, { "name": "rail", "from": [2, 1.2, 5.4], "to": [8.4, 2.6, 5.8], "rotation": {"angle": 0, "axis": "y", "origin": [6, 4.4, 8]}, "faces": { "north": {"uv": [7, 7.75, 9, 9.75], "texture": "#texture"}, "east": {"uv": [7.5, 7.5, 10.5, 10.5], "texture": "#texture"}, "south": {"uv": [8, 7.75, 11, 10.25], "texture": "#texture"}, "west": {"uv": [7.75, 7.25, 10.75, 10.25], "texture": "#texture"}, "up": {"uv": [7.25, 8, 10.25, 11], "rotation": 180, "texture": "#texture"}, "down": {"uv": [8.75, 7.5, 10.75, 9.5], "rotation": 180, "texture": "#texture"} } }, { "name": "rail", "from": [2, 2.236, 5.236], "to": [8.4, 2.8, 5.8], "rotation": {"angle": -45, "axis": "x", "origin": [8.4, 2.8, 5.8]}, "faces": { "north": {"uv": [7, 7.75, 9, 9.75], "texture": "#texture"}, "east": {"uv": [7.5, 7.5, 10.5, 10.5], "texture": "#texture"}, "south": {"uv": [8, 7.75, 11, 10.25], "texture": "#texture"}, "west": {"uv": [7.75, 7.25, 10.75, 10.25], "texture": "#texture"}, "up": {"uv": [7.25, 8, 10.25, 11], "rotation": 180, "texture": "#texture"}, "down": {"uv": [8.75, 7.5, 10.75, 9.5], "rotation": 180, "texture": "#texture"} } }, { "name": "rail", "from": [2, 0.636, 5.636], "to": [8.4, 1.2, 6.2], "rotation": {"angle": 45, "axis": "x", "origin": [8.4, 1.2, 6.2]}, "faces": { "north": {"uv": [7, 7.75, 9, 9.75], "texture": "#texture"}, "east": {"uv": [7.5, 7.5, 10.5, 10.5], "texture": "#texture"}, "south": {"uv": [8, 7.75, 11, 10.25], "texture": "#texture"}, "west": {"uv": [7.75, 7.25, 10.75, 10.25], "texture": "#texture"}, "up": {"uv": [7.25, 8, 10.25, 11], "rotation": 180, "texture": "#texture"}, "down": {"uv": [8.75, 7.5, 10.75, 9.5], "rotation": 180, "texture": "#texture"} } }, { "name": "rail", "from": [2, 2.4, 9.4], "to": [8.4, 2.6, 10], "rotation": {"angle": 0, "axis": "y", "origin": [6, 4.4, 8]}, "faces": { "north": {"uv": [7, 7.75, 9, 9.75], "texture": "#texture"}, "east": {"uv": [7.5, 7.5, 10.5, 10.5], "texture": "#texture"}, "south": {"uv": [8, 7.75, 11, 10.25], "texture": "#texture"}, "west": {"uv": [7.75, 7.25, 10.75, 10.25], "texture": "#texture"}, "up": {"uv": [7.25, 8, 10.25, 11], "rotation": 180, "texture": "#texture"}, "down": {"uv": [8.75, 7.5, 10.75, 9.5], "rotation": 180, "texture": "#texture"} } }, { "name": "rail", "from": [2, 2.516, 6.316], "to": [8.4, 2.8, 6.6], "rotation": {"angle": -45, "axis": "x", "origin": [8.4, 2.8, 6.6]}, "faces": { "north": {"uv": [7, 7.75, 9, 9.75], "texture": "#texture"}, "east": {"uv": [7.5, 7.5, 10.5, 10.5], "texture": "#texture"}, "south": {"uv": [8, 7.75, 11, 10.25], "texture": "#texture"}, "west": {"uv": [7.75, 7.25, 10.75, 10.25], "texture": "#texture"}, "up": {"uv": [7.25, 8, 10.25, 11], "rotation": 180, "texture": "#texture"}, "down": {"uv": [8.75, 7.5, 10.75, 9.5], "rotation": 180, "texture": "#texture"} } }, { "name": "rail", "from": [2, 0.8, 5.4], "to": [8.4, 1.2, 6.2], "rotation": {"angle": 0, "axis": "y", "origin": [6, 4.4, 8]}, "faces": { "north": {"uv": [7, 7.75, 9, 9.75], "texture": "#texture"}, "east": {"uv": [7.5, 7.5, 10.5, 10.5], "texture": "#texture"}, "south": {"uv": [8, 7.75, 11, 10.25], "texture": "#texture"}, "west": {"uv": [7.75, 7.25, 10.75, 10.25], "texture": "#texture"}, "up": {"uv": [7.25, 8, 10.25, 11], "rotation": 180, "texture": "#texture"}, "down": {"uv": [8.75, 7.5, 10.75, 9.5], "rotation": 180, "texture": "#texture"} } }, { "name": "rail", "from": [2, 1.2, 5.6], "to": [8.4, 1.8, 5.8], "rotation": {"angle": -22.5, "axis": "x", "origin": [8.4, 1.8, 5.8]}, "faces": { "north": {"uv": [7, 7.75, 9, 9.75], "texture": "#texture"}, "east": {"uv": [7.5, 7.5, 10.5, 10.5], "texture": "#texture"}, "south": {"uv": [8, 7.75, 11, 10.25], "texture": "#texture"}, "west": {"uv": [7.75, 7.25, 10.75, 10.25], "texture": "#texture"}, "up": {"uv": [7.25, 8, 10.25, 11], "rotation": 180, "texture": "#texture"}, "down": {"uv": [8.75, 7.5, 10.75, 9.5], "rotation": 180, "texture": "#texture"} } }, { "name": "Element", "from": [2.8, 3.2, 5.6], "to": [8.4, 3.4, 10.4], "rotation": {"angle": 0, "axis": "y", "origin": [6, 4.4, 8]}, "faces": { "north": {"uv": [1.75, 8.5, 3.75, 10.5], "texture": "#texture"}, "east": {"uv": [1.5, 7.25, 4.5, 10.25], "texture": "#texture"}, "south": {"uv": [1.75, 7.75, 4.75, 10.25], "texture": "#texture"}, "west": {"uv": [2, 7, 5, 10], "texture": "#texture"}, "up": {"uv": [1.5, 7.5, 4.5, 10.5], "rotation": 180, "texture": "#texture"}, "down": {"uv": [2, 8, 4, 10], "rotation": 180, "texture": "#texture"} } }, { "name": "Element", "from": [4.4, 3, 5.6], "to": [8.4, 3.2, 10.4], "rotation": {"angle": 0, "axis": "y", "origin": [6, 4.4, 8]}, "faces": { "north": {"uv": [7, 7.75, 9, 9.75], "texture": "#texture"}, "east": {"uv": [7.5, 7.5, 10.5, 10.5], "texture": "#texture"}, "south": {"uv": [8, 7.75, 11, 10.25], "texture": "#texture"}, "west": {"uv": [7.75, 7.25, 10.75, 10.25], "texture": "#texture"}, "up": {"uv": [7.25, 8, 10.25, 11], "rotation": 180, "texture": "#texture"}, "down": {"uv": [8.75, 7.5, 10.75, 9.5], "rotation": 180, "texture": "#texture"} } }, { "name": "Element", "from": [2.2, 2.8, 10], "to": [4.4, 3.2, 10.6], "rotation": {"angle": -22.5, "axis": "y", "origin": [4.4, 2.8, 10.6]}, "faces": { "north": {"uv": [7, 7.75, 9, 9.75], "texture": "#texture"}, "east": {"uv": [7.5, 7.5, 10.5, 10.5], "texture": "#texture"}, "south": {"uv": [8, 7.75, 11, 10.25], "texture": "#texture"}, "west": {"uv": [7.75, 7.25, 10.75, 10.25], "texture": "#texture"}, "up": {"uv": [7.25, 8, 10.25, 11], "rotation": 180, "texture": "#texture"}, "down": {"uv": [8.75, 7.5, 10.75, 9.5], "rotation": 180, "texture": "#texture"} } }, { "name": "Element", "from": [4.516, 3, 10.116], "to": [4.8, 3.2, 10.4], "rotation": {"angle": 45, "axis": "y", "origin": [4.8, 3, 10.4]}, "faces": { "north": {"uv": [7, 7.75, 9, 9.75], "texture": "#texture"}, "east": {"uv": [7.5, 7.5, 10.5, 10.5], "texture": "#texture"}, "south": {"uv": [8, 7.75, 11, 10.25], "texture": "#texture"}, "west": {"uv": [7.75, 7.25, 10.75, 10.25], "texture": "#texture"}, "up": {"uv": [7.25, 8, 10.25, 11], "rotation": 180, "texture": "#texture"}, "down": {"uv": [8.75, 7.5, 10.75, 9.5], "rotation": 180, "texture": "#texture"} } }, { "name": "Element", "from": [1, 3.4, 7.6], "to": [6, 5, 8.4], "rotation": {"angle": 0, "axis": "y", "origin": [6, 4.4, 8]}, "faces": { "north": {"uv": [13, 0.5, 15, 2.5], "texture": "#texture"}, "east": {"uv": [13.25, 0.75, 15.25, 2.75], "texture": "#texture"}, "south": {"uv": [12.75, 1.25, 15.25, 3.25], "texture": "#texture"}, "west": {"uv": [13, 1, 15, 3], "texture": "#texture"}, "up": {"uv": [13, 1, 15.25, 3.5], "rotation": 180, "texture": "#texture"}, "down": {"uv": [13, 1, 15, 3], "rotation": 180, "texture": "#texture"} } }, { "name": "Element", "from": [0.8, 3.2, 8.1], "to": [1.4, 4.8, 8.4], "rotation": {"angle": 0, "axis": "y", "origin": [6, 4.4, 8]}, "faces": { "north": {"uv": [13, 0.5, 15, 2.5], "texture": "#texture"}, "east": {"uv": [13.25, 0.75, 15.25, 2.75], "texture": "#texture"}, "south": {"uv": [12.75, 1.25, 15.25, 3.25], "texture": "#texture"}, "west": {"uv": [13, 1, 15, 3], "texture": "#texture"}, "up": {"uv": [13, 1, 15.25, 3.5], "rotation": 180, "texture": "#texture"}, "down": {"uv": [13, 1, 15, 3], "rotation": 180, "texture": "#texture"} } }, { "name": "Element", "from": [0.8, 3.2, 7.6], "to": [1.4, 4.8, 7.9], "rotation": {"angle": 0, "axis": "y", "origin": [6, 4.4, 8]}, "faces": { "north": {"uv": [13, 0.5, 15, 2.5], "texture": "#texture"}, "east": {"uv": [13.25, 0.75, 15.25, 2.75], "texture": "#texture"}, "south": {"uv": [12.75, 1.25, 15.25, 3.25], "texture": "#texture"}, "west": {"uv": [13, 1, 15, 3], "texture": "#texture"}, "up": {"uv": [13, 1, 15.25, 3.5], "rotation": 180, "texture": "#texture"}, "down": {"uv": [13, 1, 15, 3], "rotation": 180, "texture": "#texture"} } }, { "name": "Element", "from": [0.716, 4.716, 7.6], "to": [1, 5, 8.4], "rotation": {"angle": 45, "axis": "z", "origin": [1, 5, 8.4]}, "faces": { "north": {"uv": [13, 0.5, 15, 2.5], "texture": "#texture"}, "east": {"uv": [13.25, 0.75, 15.25, 2.75], "texture": "#texture"}, "south": {"uv": [12.75, 1.25, 15.25, 3.25], "texture": "#texture"}, "west": {"uv": [13, 1, 15, 3], "texture": "#texture"}, "up": {"uv": [13, 1, 15.25, 3.5], "rotation": 180, "texture": "#texture"}, "down": {"uv": [13, 1, 15, 3], "rotation": 180, "texture": "#texture"} } }, { "name": "Element", "from": [0.8, 4.4, 7.9], "to": [1.4, 4.8, 8.1], "rotation": {"angle": 0, "axis": "y", "origin": [6, 4.4, 8]}, "faces": { "north": {"uv": [13, 0.5, 15, 2.5], "texture": "#texture"}, "east": {"uv": [13.25, 0.75, 15.25, 2.75], "texture": "#texture"}, "south": {"uv": [12.75, 1.25, 15.25, 3.25], "texture": "#texture"}, "west": {"uv": [13, 1, 15, 3], "texture": "#texture"}, "up": {"uv": [13, 1, 15.25, 3.5], "rotation": 180, "texture": "#texture"}, "down": {"uv": [13, 1, 15, 3], "rotation": 180, "texture": "#texture"} } }, { "name": "Element", "from": [0.636, 3.036, 7.6], "to": [1.2, 3.6, 8.4], "rotation": {"angle": 45, "axis": "z", "origin": [1.2, 3.6, 8.4]}, "faces": { "north": {"uv": [13, 0.5, 15, 2.5], "texture": "#texture"}, "east": {"uv": [13.25, 0.75, 15.25, 2.75], "texture": "#texture"}, "south": {"uv": [12.75, 1.25, 15.25, 3.25], "texture": "#texture"}, "west": {"uv": [13, 1, 15, 3], "texture": "#texture"}, "up": {"uv": [13, 1, 15.25, 3.5], "rotation": 180, "texture": "#texture"}, "down": {"uv": [13, 1, 15, 3], "rotation": 180, "texture": "#texture"} } }, { "name": "Element", "from": [1.1, 2.7, 7.6], "to": [8.3, 3.4, 8.4], "rotation": {"angle": 0, "axis": "y", "origin": [6, 4.4, 8]}, "faces": { "north": {"uv": [13, 0.5, 15, 2.5], "texture": "#texture"}, "east": {"uv": [13.25, 0.75, 15.25, 2.75], "texture": "#texture"}, "south": {"uv": [12.75, 1.25, 15.25, 3.25], "texture": "#texture"}, "west": {"uv": [13, 1, 15, 3], "texture": "#texture"}, "up": {"uv": [13, 1, 15.25, 3.5], "rotation": 180, "texture": "#texture"}, "down": {"uv": [13, 1, 15, 3], "rotation": 180, "texture": "#texture"} } }, { "name": "Element", "from": [0.7, 3.2, 7.9], "to": [1.1, 3.8, 8.1], "rotation": {"angle": 0, "axis": "y", "origin": [6, 4.4, 8]}, "faces": { "north": {"uv": [12.875, 5.25, 14.875, 7.25], "texture": "#texture"}, "east": {"uv": [13, 5, 15, 7], "texture": "#texture"}, "south": {"uv": [12.75, 5.5, 15.25, 7.5], "texture": "#texture"}, "west": {"uv": [13.25, 4.875, 15.25, 6.875], "texture": "#texture"}, "up": {"uv": [13, 4.75, 15.25, 7.25], "rotation": 180, "texture": "#texture"}, "down": {"uv": [13.125, 4.75, 15.125, 6.75], "rotation": 180, "texture": "#texture"} } }, { "name": "Element", "from": [1.1, 2.8, 7.9], "to": [1.2, 3, 8.1], "rotation": {"angle": 0, "axis": "y", "origin": [6, 4.4, 8]}, "faces": { "north": {"uv": [12.875, 5.25, 14.875, 7.25], "texture": "#texture"}, "east": {"uv": [13, 5, 15, 7], "texture": "#texture"}, "south": {"uv": [12.75, 5.5, 15.25, 7.5], "texture": "#texture"}, "west": {"uv": [13.25, 4.875, 15.25, 6.875], "texture": "#texture"}, "up": {"uv": [13, 4.75, 15.25, 7.25], "rotation": 180, "texture": "#texture"}, "down": {"uv": [13.125, 4.75, 15.125, 6.75], "rotation": 180, "texture": "#texture"} } }, { "name": "Element", "from": [0.536, 3.036, 7.9], "to": [1.1, 3.6, 8.1], "rotation": {"angle": 45, "axis": "z", "origin": [1.1, 3.6, 8.1]}, "faces": { "north": {"uv": [12.875, 5.25, 14.875, 7.25], "texture": "#texture"}, "east": {"uv": [13, 5, 15, 7], "texture": "#texture"}, "south": {"uv": [12.75, 5.5, 15.25, 7.5], "texture": "#texture"}, "west": {"uv": [13.25, 4.875, 15.25, 6.875], "texture": "#texture"}, "up": {"uv": [13, 4.75, 15.25, 7.25], "rotation": 180, "texture": "#texture"}, "down": {"uv": [13.125, 4.75, 15.125, 6.75], "rotation": 180, "texture": "#texture"} } }, { "name": "Element", "from": [0.536, 3.636, 7.9], "to": [1.1, 4.2, 8.1], "rotation": {"angle": 45, "axis": "z", "origin": [1.1, 4.2, 8.1]}, "faces": { "north": {"uv": [12.875, 5.25, 14.875, 7.25], "texture": "#texture"}, "east": {"uv": [13, 5, 15, 7], "texture": "#texture"}, "south": {"uv": [12.75, 5.5, 15.25, 7.5], "texture": "#texture"}, "west": {"uv": [13.25, 4.875, 15.25, 6.875], "texture": "#texture"}, "up": {"uv": [13, 4.75, 15.25, 7.25], "rotation": 180, "texture": "#texture"}, "down": {"uv": [13.125, 4.75, 15.125, 6.75], "rotation": 180, "texture": "#texture"} } }, { "name": "rail*", "from": [2, 1.2, 10.2], "to": [8.4, 2.6, 10.6], "rotation": {"angle": 0, "axis": "y", "origin": [6, 4.4, 8]}, "faces": { "north": {"uv": [7, 7.75, 9, 9.75], "texture": "#texture"}, "east": {"uv": [7.5, 7.5, 10.5, 10.5], "texture": "#texture"}, "south": {"uv": [8, 7.75, 11, 10.25], "texture": "#texture"}, "west": {"uv": [7.75, 7.25, 10.75, 10.25], "texture": "#texture"}, "up": {"uv": [7.25, 8, 10.25, 11], "rotation": 180, "texture": "#texture"}, "down": {"uv": [8.75, 7.5, 10.75, 9.5], "rotation": 180, "texture": "#texture"} } }, { "name": "rail*", "from": [2, 0.8, 9.8], "to": [8.4, 1.2, 10.6], "rotation": {"angle": 0, "axis": "y", "origin": [6, 4.4, 8]}, "faces": { "north": {"uv": [7, 7.75, 9, 9.75], "texture": "#texture"}, "east": {"uv": [7.5, 7.5, 10.5, 10.5], "texture": "#texture"}, "south": {"uv": [8, 7.75, 11, 10.25], "texture": "#texture"}, "west": {"uv": [7.75, 7.25, 10.75, 10.25], "texture": "#texture"}, "up": {"uv": [7.25, 8, 10.25, 11], "rotation": 180, "texture": "#texture"}, "down": {"uv": [8.75, 7.5, 10.75, 9.5], "rotation": 180, "texture": "#texture"} } }, { "name": "rail*", "from": [2, 1.036, 9.636], "to": [8.4, 1.6, 10.2], "rotation": {"angle": -45, "axis": "x", "origin": [8.4, 1.6, 10.2]}, "faces": { "north": {"uv": [7, 7.75, 9, 9.75], "texture": "#texture"}, "east": {"uv": [7.5, 7.5, 10.5, 10.5], "texture": "#texture"}, "south": {"uv": [8, 7.75, 11, 10.25], "texture": "#texture"}, "west": {"uv": [7.75, 7.25, 10.75, 10.25], "texture": "#texture"}, "up": {"uv": [7.25, 8, 10.25, 11], "rotation": 180, "texture": "#texture"}, "down": {"uv": [8.75, 7.5, 10.75, 9.5], "rotation": 180, "texture": "#texture"} } }, { "name": "rail*", "from": [2, 1.2, 10.2], "to": [8.4, 1.8, 10.4], "rotation": {"angle": 22.5, "axis": "x", "origin": [8.4, 1.8, 10.4]}, "faces": { "north": {"uv": [7, 7.75, 9, 9.75], "texture": "#texture"}, "east": {"uv": [7.5, 7.5, 10.5, 10.5], "texture": "#texture"}, "south": {"uv": [8, 7.75, 11, 10.25], "texture": "#texture"}, "west": {"uv": [7.75, 7.25, 10.75, 10.25], "texture": "#texture"}, "up": {"uv": [7.25, 8, 10.25, 11], "rotation": 180, "texture": "#texture"}, "down": {"uv": [8.75, 7.5, 10.75, 9.5], "rotation": 180, "texture": "#texture"} } }, { "name": "rail*", "from": [2, 1.836, 10.036], "to": [8.4, 2.4, 10.6], "rotation": {"angle": 45, "axis": "x", "origin": [8.4, 2.4, 10.6]}, "faces": { "north": {"uv": [7, 7.75, 9, 9.75], "texture": "#texture"}, "east": {"uv": [7.5, 7.5, 10.5, 10.5], "texture": "#texture"}, "south": {"uv": [8, 7.75, 11, 10.25], "texture": "#texture"}, "west": {"uv": [7.75, 7.25, 10.75, 10.25], "texture": "#texture"}, "up": {"uv": [7.25, 8, 10.25, 11], "rotation": 180, "texture": "#texture"}, "down": {"uv": [8.75, 7.5, 10.75, 9.5], "rotation": 180, "texture": "#texture"} } }, { "name": "rail*", "from": [2, 2.4, 6], "to": [8.4, 2.6, 6.6], "rotation": {"angle": 0, "axis": "y", "origin": [6, 4.4, 8]}, "faces": { "north": {"uv": [7, 7.75, 9, 9.75], "texture": "#texture"}, "east": {"uv": [7.5, 7.5, 10.5, 10.5], "texture": "#texture"}, "south": {"uv": [8, 7.75, 11, 10.25], "texture": "#texture"}, "west": {"uv": [7.75, 7.25, 10.75, 10.25], "texture": "#texture"}, "up": {"uv": [7.25, 8, 10.25, 11], "rotation": 180, "texture": "#texture"}, "down": {"uv": [8.75, 7.5, 10.75, 9.5], "rotation": 180, "texture": "#texture"} } }, { "name": "rail*", "from": [2, 2.316, 9.316], "to": [8.4, 2.6, 9.6], "rotation": {"angle": 45, "axis": "x", "origin": [8.4, 2.6, 9.6]}, "faces": { "north": {"uv": [7, 7.75, 9, 9.75], "texture": "#texture"}, "east": {"uv": [7.5, 7.5, 10.5, 10.5], "texture": "#texture"}, "south": {"uv": [8, 7.75, 11, 10.25], "texture": "#texture"}, "west": {"uv": [7.75, 7.25, 10.75, 10.25], "texture": "#texture"}, "up": {"uv": [7.25, 8, 10.25, 11], "rotation": 180, "texture": "#texture"}, "down": {"uv": [8.75, 7.5, 10.75, 9.5], "rotation": 180, "texture": "#texture"} } }, { "name": "rail*", "from": [8.4, 3, 5.4], "to": [10.5, 5.2, 10.6], "rotation": {"angle": 0, "axis": "y", "origin": [6, 4.4, 8]}, "faces": { "north": {"uv": [7, 7.75, 9, 9.75], "texture": "#texture"}, "east": {"uv": [7.5, 7.5, 10.5, 10.5], "texture": "#texture"}, "south": {"uv": [8, 7.75, 11, 10.25], "texture": "#texture"}, "west": {"uv": [7.75, 7.25, 10.75, 10.25], "texture": "#texture"}, "up": {"uv": [7.25, 8, 10.25, 11], "rotation": 180, "texture": "#texture"}, "down": {"uv": [8.75, 7.5, 10.75, 9.5], "rotation": 180, "texture": "#texture"} } }, { "name": "rail*", "from": [8.5, 2.8, 5.4], "to": [10.5, 5.2, 10.6], "rotation": {"angle": 22.5, "axis": "z", "origin": [10.5, 5.2, 10.6]}, "faces": { "north": {"uv": [7, 7.75, 9, 9.75], "texture": "#texture"}, "east": {"uv": [7.5, 7.5, 10.5, 10.5], "texture": "#texture"}, "south": {"uv": [8, 7.75, 11, 10.25], "texture": "#texture"}, "west": {"uv": [7.75, 7.25, 10.75, 10.25], "texture": "#texture"}, "up": {"uv": [7.25, 8, 10.25, 11], "rotation": 180, "texture": "#texture"}, "down": {"uv": [8.75, 7.5, 10.75, 9.5], "rotation": 180, "texture": "#texture"} } }, { "name": "rail*", "from": [8.4, 1.4, 5.4], "to": [11.4, 3, 10.6], "rotation": {"angle": 0, "axis": "y", "origin": [6, 4.4, 8]}, "faces": { "north": {"uv": [7, 7.75, 9, 9.75], "texture": "#texture"}, "east": {"uv": [7.5, 7.5, 10.5, 10.5], "texture": "#texture"}, "south": {"uv": [8, 7.75, 11, 10.25], "texture": "#texture"}, "west": {"uv": [7.75, 7.25, 10.75, 10.25], "texture": "#texture"}, "up": {"uv": [7.25, 8, 10.25, 11], "rotation": 180, "texture": "#texture"}, "down": {"uv": [8.75, 7.5, 10.75, 9.5], "rotation": 180, "texture": "#texture"} } }, { "name": "rail*", "from": [7.6, 5.2, 10.2], "to": [10.4, 8.2, 10.6], "rotation": {"angle": 0, "axis": "y", "origin": [6, 4.4, 8]}, "faces": { "north": {"uv": [7, 7.75, 9, 9.75], "texture": "#texture"}, "east": {"uv": [7.5, 7.5, 10.5, 10.5], "texture": "#texture"}, "south": {"uv": [8, 7.75, 11, 10.25], "texture": "#texture"}, "west": {"uv": [7.75, 7.25, 10.75, 10.25], "texture": "#texture"}, "up": {"uv": [7.25, 8, 10.25, 11], "rotation": 180, "texture": "#texture"}, "down": {"uv": [8.75, 7.5, 10.75, 9.5], "rotation": 180, "texture": "#texture"} } }, { "name": "rail*", "from": [7.6, 9, 6.6], "to": [10.4, 9.4, 9.4], "rotation": {"angle": 0, "axis": "y", "origin": [6, 4.4, 8]}, "faces": { "north": {"uv": [7, 7.75, 9, 9.75], "texture": "#texture"}, "east": {"uv": [7.5, 7.5, 10.5, 10.5], "texture": "#texture"}, "south": {"uv": [8, 7.75, 11, 10.25], "texture": "#texture"}, "west": {"uv": [7.75, 7.25, 10.75, 10.25], "texture": "#texture"}, "up": {"uv": [7.25, 8, 10.25, 11], "rotation": 180, "texture": "#texture"}, "down": {"uv": [8.75, 7.5, 10.75, 9.5], "rotation": 180, "texture": "#texture"} } }, { "name": "rail*", "from": [7.6, 5.2, 5.4], "to": [10.4, 8.2, 5.8], "rotation": {"angle": 0, "axis": "y", "origin": [6, 4.4, 8]}, "faces": { "north": {"uv": [7, 7.75, 9, 9.75], "texture": "#texture"}, "east": {"uv": [7.5, 7.5, 10.5, 10.5], "texture": "#texture"}, "south": {"uv": [8, 7.75, 11, 10.25], "texture": "#texture"}, "west": {"uv": [7.75, 7.25, 10.75, 10.25], "texture": "#texture"}, "up": {"uv": [7.25, 8, 10.25, 11], "rotation": 180, "texture": "#texture"}, "down": {"uv": [8.75, 7.5, 10.75, 9.5], "rotation": 180, "texture": "#texture"} } }, { "name": "rail*", "from": [7.6, 8.156, 9.968], "to": [10.4, 8.756, 10.368], "rotation": {"angle": -22.5, "axis": "x", "origin": [10.4, 8.756, 10.368]}, "faces": { "north": {"uv": [7, 7.75, 9, 9.75], "texture": "#texture"}, "east": {"uv": [7.5, 7.5, 10.5, 10.5], "texture": "#texture"}, "south": {"uv": [8, 7.75, 11, 10.25], "texture": "#texture"}, "west": {"uv": [7.75, 7.25, 10.75, 10.25], "texture": "#texture"}, "up": {"uv": [7.25, 8, 10.25, 11], "rotation": 180, "texture": "#texture"}, "down": {"uv": [8.75, 7.5, 10.75, 9.5], "rotation": 180, "texture": "#texture"} } }, { "name": "rail*", "from": [7.6, 8, 5.6], "to": [10.4, 8.6, 6], "rotation": {"angle": 22.5, "axis": "x", "origin": [10.4, 8.6, 6]}, "faces": { "north": {"uv": [7, 7.75, 9, 9.75], "texture": "#texture"}, "east": {"uv": [7.5, 7.5, 10.5, 10.5], "texture": "#texture"}, "south": {"uv": [8, 7.75, 11, 10.25], "texture": "#texture"}, "west": {"uv": [7.75, 7.25, 10.75, 10.25], "texture": "#texture"}, "up": {"uv": [7.25, 8, 10.25, 11], "rotation": 180, "texture": "#texture"}, "down": {"uv": [8.75, 7.5, 10.75, 9.5], "rotation": 180, "texture": "#texture"} } }, { "name": "rail*", "from": [7.6, 8.35, 9.766], "to": [10.4, 8.75, 10.366], "rotation": {"angle": 45, "axis": "x", "origin": [10.4, 8.75, 10.366]}, "faces": { "north": {"uv": [7, 7.75, 9, 9.75], "texture": "#texture"}, "east": {"uv": [7.5, 7.5, 10.5, 10.5], "texture": "#texture"}, "south": {"uv": [8, 7.75, 11, 10.25], "texture": "#texture"}, "west": {"uv": [7.75, 7.25, 10.75, 10.25], "texture": "#texture"}, "up": {"uv": [7.25, 8, 10.25, 11], "rotation": 180, "texture": "#texture"}, "down": {"uv": [8.75, 7.5, 10.75, 9.5], "rotation": 180, "texture": "#texture"} } }, { "name": "rail*", "from": [7.6, 8.778, 5.454], "to": [10.4, 9.178, 6.054], "rotation": {"angle": -45, "axis": "x", "origin": [10.4, 9.178, 6.054]}, "faces": { "north": {"uv": [7, 7.75, 9, 9.75], "texture": "#texture"}, "east": {"uv": [7.5, 7.5, 10.5, 10.5], "texture": "#texture"}, "south": {"uv": [8, 7.75, 11, 10.25], "texture": "#texture"}, "west": {"uv": [7.75, 7.25, 10.75, 10.25], "texture": "#texture"}, "up": {"uv": [7.25, 8, 10.25, 11], "rotation": 180, "texture": "#texture"}, "down": {"uv": [8.75, 7.5, 10.75, 9.5], "rotation": 180, "texture": "#texture"} } }, { "name": "rail*", "from": [7.6, 8.766, 9.35], "to": [10.4, 9.166, 9.95], "rotation": {"angle": 22.5, "axis": "x", "origin": [10.4, 9.166, 9.95]}, "faces": { "north": {"uv": [7, 7.75, 9, 9.75], "texture": "#texture"}, "east": {"uv": [7.5, 7.5, 10.5, 10.5], "texture": "#texture"}, "south": {"uv": [8, 7.75, 11, 10.25], "texture": "#texture"}, "west": {"uv": [7.75, 7.25, 10.75, 10.25], "texture": "#texture"}, "up": {"uv": [7.25, 8, 10.25, 11], "rotation": 180, "texture": "#texture"}, "down": {"uv": [8.75, 7.5, 10.75, 9.5], "rotation": 180, "texture": "#texture"} } }, { "name": "rail*", "from": [7.6, 9, 6], "to": [10.4, 9.4, 6.6], "rotation": {"angle": -22.5, "axis": "x", "origin": [10.4, 9.4, 6.6]}, "faces": { "north": {"uv": [7, 7.75, 9, 9.75], "texture": "#texture"}, "east": {"uv": [7.5, 7.5, 10.5, 10.5], "texture": "#texture"}, "south": {"uv": [8, 7.75, 11, 10.25], "texture": "#texture"}, "west": {"uv": [7.75, 7.25, 10.75, 10.25], "texture": "#texture"}, "up": {"uv": [7.25, 8, 10.25, 11], "rotation": 180, "texture": "#texture"}, "down": {"uv": [8.75, 7.5, 10.75, 9.5], "rotation": 180, "texture": "#texture"} } }, { "name": "side", "from": [3.8, 3, 5.4], "to": [8.4, 4.2, 5.8], "rotation": {"angle": 0, "axis": "y", "origin": [6, 4.4, 8]}, "faces": { "north": {"uv": [7, 7.75, 9, 9.75], "texture": "#texture"}, "east": {"uv": [7.5, 7.5, 10.5, 10.5], "texture": "#texture"}, "south": {"uv": [8, 7.75, 11, 10.25], "texture": "#texture"}, "west": {"uv": [7.75, 7.25, 10.75, 10.25], "texture": "#texture"}, "up": {"uv": [7.25, 8, 10.25, 11], "rotation": 180, "texture": "#texture"}, "down": {"uv": [8.75, 7.5, 10.75, 9.5], "rotation": 180, "texture": "#texture"} } }, { "name": "side", "from": [3.5, 4.776, 5.4], "to": [7.6, 5.776, 5.8], "rotation": {"angle": 22.5, "axis": "z", "origin": [7.6, 5.776, 5.8]}, "faces": { "north": {"uv": [7, 7.75, 9, 9.75], "texture": "#texture"}, "east": {"uv": [7.5, 7.5, 10.5, 10.5], "texture": "#texture"}, "south": {"uv": [8, 7.75, 11, 10.25], "texture": "#texture"}, "west": {"uv": [7.75, 7.25, 10.75, 10.25], "texture": "#texture"}, "up": {"uv": [7.25, 8, 10.25, 11], "rotation": 180, "texture": "#texture"}, "down": {"uv": [8.75, 7.5, 10.75, 9.5], "rotation": 180, "texture": "#texture"} } }, { "name": "side", "from": [6.4, 4.2, 5.4], "to": [8.4, 5.2, 5.8], "rotation": {"angle": 0, "axis": "y", "origin": [6, 4.4, 8]}, "faces": { "north": {"uv": [7, 7.75, 9, 9.75], "texture": "#texture"}, "east": {"uv": [7.5, 7.5, 10.5, 10.5], "texture": "#texture"}, "south": {"uv": [8, 7.75, 11, 10.25], "texture": "#texture"}, "west": {"uv": [7.75, 7.25, 10.75, 10.25], "texture": "#texture"}, "up": {"uv": [7.25, 8, 10.25, 11], "rotation": 180, "texture": "#texture"}, "down": {"uv": [8.75, 7.5, 10.75, 9.5], "rotation": 180, "texture": "#texture"} } }, { "name": "side*", "from": [3.8, 3, 10.2], "to": [8.4, 4.2, 10.6], "rotation": {"angle": 0, "axis": "y", "origin": [6, 4.4, 8]}, "faces": { "north": {"uv": [7, 7.75, 9, 9.75], "texture": "#texture"}, "east": {"uv": [7.5, 7.5, 10.5, 10.5], "texture": "#texture"}, "south": {"uv": [8, 7.75, 11, 10.25], "texture": "#texture"}, "west": {"uv": [7.75, 7.25, 10.75, 10.25], "texture": "#texture"}, "up": {"uv": [7.25, 8, 10.25, 11], "rotation": 180, "texture": "#texture"}, "down": {"uv": [8.75, 7.5, 10.75, 9.5], "rotation": 180, "texture": "#texture"} } }, { "name": "side*", "from": [3.5, 4.776, 10.2], "to": [7.6, 5.776, 10.6], "rotation": {"angle": 22.5, "axis": "z", "origin": [7.6, 5.776, 10.6]}, "faces": { "north": {"uv": [7, 7.75, 9, 9.75], "texture": "#texture"}, "east": {"uv": [7.5, 7.5, 10.5, 10.5], "texture": "#texture"}, "south": {"uv": [8, 7.75, 11, 10.25], "texture": "#texture"}, "west": {"uv": [7.75, 7.25, 10.75, 10.25], "texture": "#texture"}, "up": {"uv": [7.25, 8, 10.25, 11], "rotation": 180, "texture": "#texture"}, "down": {"uv": [8.75, 7.5, 10.75, 9.5], "rotation": 180, "texture": "#texture"} } }, { "name": "side*", "from": [6.4, 4.2, 10.2], "to": [8.4, 5.2, 10.6], "rotation": {"angle": 0, "axis": "y", "origin": [6, 4.4, 8]}, "faces": { "north": {"uv": [7, 7.75, 9, 9.75], "texture": "#texture"}, "east": {"uv": [7.5, 7.5, 10.5, 10.5], "texture": "#texture"}, "south": {"uv": [8, 7.75, 11, 10.25], "texture": "#texture"}, "west": {"uv": [7.75, 7.25, 10.75, 10.25], "texture": "#texture"}, "up": {"uv": [7.25, 8, 10.25, 11], "rotation": 180, "texture": "#texture"}, "down": {"uv": [8.75, 7.5, 10.75, 9.5], "rotation": 180, "texture": "#texture"} } }, { "name": "Element", "from": [6, 3.4, 8.8], "to": [8.4, 5.2, 10.4], "rotation": {"angle": 0, "axis": "y", "origin": [6, 4.4, 8]}, "faces": { "north": {"uv": [1.5, 2, 3.5, 4], "texture": "#texture"}, "east": {"uv": [1.5, 1.5, 4.5, 4.5], "texture": "#texture"}, "south": {"uv": [1.5, 1.5, 4.5, 4], "texture": "#texture"}, "west": {"uv": [2, 1, 5, 4], "texture": "#texture"}, "up": {"uv": [2, 1, 5, 4], "rotation": 180, "texture": "#texture"}, "down": {"uv": [2, 2, 4, 4], "rotation": 180, "texture": "#texture"} } }, { "name": "Element", "from": [6, 3.4, 5.6], "to": [8.4, 5.2, 7.2], "rotation": {"angle": 0, "axis": "y", "origin": [6, 4.4, 8]}, "faces": { "north": {"uv": [1.5, 2, 3.5, 4], "texture": "#texture"}, "east": {"uv": [1.5, 1.5, 4.5, 4.5], "texture": "#texture"}, "south": {"uv": [1.5, 1.5, 4.5, 4], "texture": "#texture"}, "west": {"uv": [2, 1, 5, 4], "texture": "#texture"}, "up": {"uv": [2, 1, 5, 4], "rotation": 180, "texture": "#texture"}, "down": {"uv": [2, 2, 4, 4], "rotation": 180, "texture": "#texture"} } }, { "name": "Element", "from": [8.2, 3.6, 5.6], "to": [10.4, 5.4, 10.2], "rotation": {"angle": 0, "axis": "y", "origin": [6, 4.4, 8]}, "faces": { "north": {"uv": [1.5, 2, 3.5, 4], "texture": "#texture"}, "east": {"uv": [1.5, 1.5, 4.5, 4.5], "texture": "#texture"}, "south": {"uv": [1.5, 1.5, 4.5, 4], "texture": "#texture"}, "west": {"uv": [2, 1, 5, 4], "texture": "#texture"}, "up": {"uv": [2, 1, 5, 4], "rotation": 180, "texture": "#texture"}, "down": {"uv": [2, 2, 4, 4], "rotation": 180, "texture": "#texture"} } }, { "name": "Element", "from": [6.8, 4.8, 5.6], "to": [8.2, 5.4, 10.2], "rotation": {"angle": 45, "axis": "z", "origin": [8.2, 5.4, 10.2]}, "faces": { "north": {"uv": [1.5, 2, 3.5, 4], "texture": "#texture"}, "east": {"uv": [1.5, 1.5, 4.5, 4.5], "texture": "#texture"}, "south": {"uv": [1.5, 1.5, 4.5, 4], "texture": "#texture"}, "west": {"uv": [2, 1, 5, 4], "texture": "#texture"}, "up": {"uv": [2, 1, 5, 4], "rotation": 180, "texture": "#texture"}, "down": {"uv": [2, 2, 4, 4], "rotation": 180, "texture": "#texture"} } }, { "name": "Element", "from": [6, 3, 5.6], "to": [8.4, 4.8, 10.2], "rotation": {"angle": 0, "axis": "y", "origin": [6, 4.4, 8]}, "faces": { "north": {"uv": [1.5, 2, 3.5, 4], "texture": "#texture"}, "east": {"uv": [1.5, 1.5, 4.5, 4.5], "texture": "#texture"}, "south": {"uv": [1.5, 1.5, 4.5, 4], "texture": "#texture"}, "west": {"uv": [2, 1, 5, 4], "texture": "#texture"}, "up": {"uv": [2, 1, 5, 4], "rotation": 180, "texture": "#texture"}, "down": {"uv": [2, 2, 4, 4], "rotation": 180, "texture": "#texture"} } }, { "name": "Element", "from": [4.868, 3.4, 8.868], "to": [6, 5.2, 10], "rotation": {"angle": -45, "axis": "y", "origin": [6, 3.4, 10]}, "faces": { "north": {"uv": [1.5, 2, 3.5, 4], "texture": "#texture"}, "east": {"uv": [1.5, 1.5, 4.5, 4.5], "texture": "#texture"}, "south": {"uv": [1.5, 1.5, 4.5, 4], "texture": "#texture"}, "west": {"uv": [2, 1, 5, 4], "texture": "#texture"}, "up": {"uv": [2, 1, 5, 4], "rotation": 180, "texture": "#texture"}, "down": {"uv": [2, 2, 4, 4], "rotation": 180, "texture": "#texture"} } }, { "name": "Element", "from": [7.668, 3.4, 8.068], "to": [8.8, 5.2, 9.2], "rotation": {"angle": 45, "axis": "y", "origin": [8.8, 3.4, 9.2]}, "faces": { "north": {"uv": [1.5, 2, 3.5, 4], "texture": "#texture"}, "east": {"uv": [1.5, 1.5, 4.5, 4.5], "texture": "#texture"}, "south": {"uv": [1.5, 1.5, 4.5, 4], "texture": "#texture"}, "west": {"uv": [2, 1, 5, 4], "texture": "#texture"}, "up": {"uv": [2, 1, 5, 4], "rotation": 180, "texture": "#texture"}, "down": {"uv": [2, 2, 4, 4], "rotation": 180, "texture": "#texture"} } }, { "name": "Element", "from": [4.868, 3.4, 6.468], "to": [6, 5.2, 7.6], "rotation": {"angle": -45, "axis": "y", "origin": [6, 3.4, 7.6]}, "faces": { "north": {"uv": [1.5, 2, 3.5, 4], "texture": "#texture"}, "east": {"uv": [1.5, 1.5, 4.5, 4.5], "texture": "#texture"}, "south": {"uv": [1.5, 1.5, 4.5, 4], "texture": "#texture"}, "west": {"uv": [2, 1, 5, 4], "texture": "#texture"}, "up": {"uv": [2, 1, 5, 4], "rotation": 180, "texture": "#texture"}, "down": {"uv": [2, 2, 4, 4], "rotation": 180, "texture": "#texture"} } }, { "name": "Element", "from": [7.668, 3.4, 5.668], "to": [8.8, 5.2, 6.8], "rotation": {"angle": 45, "axis": "y", "origin": [8.8, 3.4, 6.8]}, "faces": { "north": {"uv": [1.5, 2, 3.5, 4], "texture": "#texture"}, "east": {"uv": [1.5, 1.5, 4.5, 4.5], "texture": "#texture"}, "south": {"uv": [1.5, 1.5, 4.5, 4], "texture": "#texture"}, "west": {"uv": [2, 1, 5, 4], "texture": "#texture"}, "up": {"uv": [2, 1, 5, 4], "rotation": 180, "texture": "#texture"}, "down": {"uv": [2, 2, 4, 4], "rotation": 180, "texture": "#texture"} } }, { "name": "Element", "from": [4.8, 5, 7.6], "to": [7, 5.4, 8.4], "rotation": {"angle": 22.5, "axis": "z", "origin": [7, 5.4, 8.4]}, "faces": { "north": {"uv": [13, 0.5, 15, 2.5], "texture": "#texture"}, "east": {"uv": [13.25, 0.75, 15.25, 2.75], "texture": "#texture"}, "south": {"uv": [12.75, 1.25, 15.25, 3.25], "texture": "#texture"}, "west": {"uv": [13, 1, 15, 3], "texture": "#texture"}, "up": {"uv": [13, 1, 15.25, 3.5], "rotation": 180, "texture": "#texture"}, "down": {"uv": [13, 1, 15, 3], "rotation": 180, "texture": "#texture"} } }, { "name": "side*", "from": [4.4, 2.8, 5.4], "to": [8.4, 3, 5.8], "rotation": {"angle": 0, "axis": "y", "origin": [6, 4.4, 8]}, "faces": { "north": {"uv": [7, 7.75, 9, 9.75], "texture": "#texture"}, "east": {"uv": [7.5, 7.5, 10.5, 10.5], "texture": "#texture"}, "south": {"uv": [8, 7.75, 11, 10.25], "texture": "#texture"}, "west": {"uv": [7.75, 7.25, 10.75, 10.25], "texture": "#texture"}, "up": {"uv": [7.25, 8, 10.25, 11], "rotation": 180, "texture": "#texture"}, "down": {"uv": [8.75, 7.5, 10.75, 9.5], "rotation": 180, "texture": "#texture"} } }, { "name": "side*", "from": [4.4, 2.8, 10.2], "to": [8.4, 3, 10.6], "rotation": {"angle": 0, "axis": "y", "origin": [6, 4.4, 8]}, "faces": { "north": {"uv": [7, 7.75, 9, 9.75], "texture": "#texture"}, "east": {"uv": [7.5, 7.5, 10.5, 10.5], "texture": "#texture"}, "south": {"uv": [8, 7.75, 11, 10.25], "texture": "#texture"}, "west": {"uv": [7.75, 7.25, 10.75, 10.25], "texture": "#texture"}, "up": {"uv": [7.25, 8, 10.25, 11], "rotation": 180, "texture": "#texture"}, "down": {"uv": [8.75, 7.5, 10.75, 9.5], "rotation": 180, "texture": "#texture"} } }, { "name": "Element", "from": [7.4, 2.4, 4.8], "to": [8, 4, 5.4], "rotation": {"angle": 0, "axis": "y", "origin": [6, 4.4, 8]}, "faces": { "north": {"uv": [13, 0.5, 15, 2.5], "texture": "#texture"}, "east": {"uv": [13.25, 0.75, 15.25, 2.75], "texture": "#texture"}, "south": {"uv": [12.75, 1.25, 15.25, 3.25], "texture": "#texture"}, "west": {"uv": [13, 1, 15, 3], "texture": "#texture"}, "up": {"uv": [13, 1, 15.25, 3.5], "rotation": 180, "texture": "#texture"}, "down": {"uv": [13, 1, 15, 3], "rotation": 180, "texture": "#texture"} } }, { "name": "Element", "from": [6.6, 4, 4.8], "to": [7.8, 4.2, 5.4], "rotation": {"angle": 0, "axis": "y", "origin": [6, 4.4, 8]}, "faces": { "north": {"uv": [13, 0.5, 15, 2.5], "texture": "#texture"}, "east": {"uv": [13.25, 0.75, 15.25, 2.75], "texture": "#texture"}, "south": {"uv": [12.75, 1.25, 15.25, 3.25], "texture": "#texture"}, "west": {"uv": [13, 1, 15, 3], "texture": "#texture"}, "up": {"uv": [13, 1, 15.25, 3.5], "rotation": 180, "texture": "#texture"}, "down": {"uv": [13, 1, 15, 3], "rotation": 180, "texture": "#texture"} } }, { "name": "Element", "from": [8, 2.6, 4.8], "to": [8.2, 3.8, 5.4], "rotation": {"angle": 0, "axis": "y", "origin": [6, 4.4, 8]}, "faces": { "north": {"uv": [13, 0.5, 15, 2.5], "texture": "#texture"}, "east": {"uv": [13.25, 0.75, 15.25, 2.75], "texture": "#texture"}, "south": {"uv": [12.75, 1.25, 15.25, 3.25], "texture": "#texture"}, "west": {"uv": [13, 1, 15, 3], "texture": "#texture"}, "up": {"uv": [13, 1, 15.25, 3.5], "rotation": 180, "texture": "#texture"}, "down": {"uv": [13, 1, 15, 3], "rotation": 180, "texture": "#texture"} } }, { "name": "Element", "from": [6.4, 2.4, 4.8], "to": [7, 4, 5.4], "rotation": {"angle": 0, "axis": "y", "origin": [6, 4.4, 8]}, "faces": { "north": {"uv": [13, 0.5, 15, 2.5], "texture": "#texture"}, "east": {"uv": [13.25, 0.75, 15.25, 2.75], "texture": "#texture"}, "south": {"uv": [12.75, 1.25, 15.25, 3.25], "texture": "#texture"}, "west": {"uv": [13, 1, 15, 3], "texture": "#texture"}, "up": {"uv": [13, 1, 15.25, 3.5], "rotation": 180, "texture": "#texture"}, "down": {"uv": [13, 1, 15, 3], "rotation": 180, "texture": "#texture"} } }, { "name": "Element", "from": [6.2, 2.6, 4.8], "to": [6.4, 3.8, 5.4], "rotation": {"angle": 0, "axis": "y", "origin": [6, 4.4, 8]}, "faces": { "north": {"uv": [13, 0.5, 15, 2.5], "texture": "#texture"}, "east": {"uv": [13.25, 0.75, 15.25, 2.75], "texture": "#texture"}, "south": {"uv": [12.75, 1.25, 15.25, 3.25], "texture": "#texture"}, "west": {"uv": [13, 1, 15, 3], "texture": "#texture"}, "up": {"uv": [13, 1, 15.25, 3.5], "rotation": 180, "texture": "#texture"}, "down": {"uv": [13, 1, 15, 3], "rotation": 180, "texture": "#texture"} } }, { "name": "Element", "from": [6.6, 2.2, 4.8], "to": [7.8, 2.4, 5.4], "rotation": {"angle": 0, "axis": "y", "origin": [6, 4.4, 8]}, "faces": { "north": {"uv": [13, 0.5, 15, 2.5], "texture": "#texture"}, "east": {"uv": [13.25, 0.75, 15.25, 2.75], "texture": "#texture"}, "south": {"uv": [12.75, 1.25, 15.25, 3.25], "texture": "#texture"}, "west": {"uv": [13, 1, 15, 3], "texture": "#texture"}, "up": {"uv": [13, 1, 15.25, 3.5], "rotation": 180, "texture": "#texture"}, "down": {"uv": [13, 1, 15, 3], "rotation": 180, "texture": "#texture"} } }, { "name": "Element", "from": [7, 2.4, 5], "to": [7.4, 4, 5.4], "rotation": {"angle": 0, "axis": "y", "origin": [6, 4.4, 8]}, "faces": { "north": {"uv": [3, 2.5, 5, 4.5], "texture": "#texture"}, "east": {"uv": [2, 2.5, 4, 4.5], "texture": "#texture"}, "south": {"uv": [1, 3.25, 3.5, 5.25], "texture": "#texture"}, "west": {"uv": [2, 2, 4, 4], "texture": "#texture"}, "up": {"uv": [2.75, 1.5, 5, 4], "rotation": 180, "texture": "#texture"}, "down": {"uv": [2.25, 1.75, 4.25, 3.75], "rotation": 180, "texture": "#texture"} } }, { "name": "Element", "from": [7.636, 3.236, 4.8], "to": [8.2, 3.8, 5.4], "rotation": {"angle": -45, "axis": "z", "origin": [8.2, 3.8, 5.4]}, "faces": { "north": {"uv": [13, 0.5, 15, 2.5], "texture": "#texture"}, "east": {"uv": [13.25, 0.75, 15.25, 2.75], "texture": "#texture"}, "south": {"uv": [12.75, 1.25, 15.25, 3.25], "texture": "#texture"}, "west": {"uv": [13, 1, 15, 3], "texture": "#texture"}, "up": {"uv": [13, 1, 15.25, 3.5], "rotation": 180, "texture": "#texture"}, "down": {"uv": [13, 1, 15, 3], "rotation": 180, "texture": "#texture"} } }, { "name": "Element", "from": [6.036, 3.636, 4.8], "to": [6.6, 4.2, 5.4], "rotation": {"angle": 45, "axis": "z", "origin": [6.6, 4.2, 5.4]}, "faces": { "north": {"uv": [13, 0.5, 15, 2.5], "texture": "#texture"}, "east": {"uv": [13.25, 0.75, 15.25, 2.75], "texture": "#texture"}, "south": {"uv": [12.75, 1.25, 15.25, 3.25], "texture": "#texture"}, "west": {"uv": [13, 1, 15, 3], "texture": "#texture"}, "up": {"uv": [13, 1, 15.25, 3.5], "rotation": 180, "texture": "#texture"}, "down": {"uv": [13, 1, 15, 3], "rotation": 180, "texture": "#texture"} } }, { "name": "Element", "from": [6.036, 2.436, 4.8], "to": [6.6, 3, 5.4], "rotation": {"angle": 45, "axis": "z", "origin": [6.6, 3, 5.4]}, "faces": { "north": {"uv": [13, 0.5, 15, 2.5], "texture": "#texture"}, "east": {"uv": [13.25, 0.75, 15.25, 2.75], "texture": "#texture"}, "south": {"uv": [12.75, 1.25, 15.25, 3.25], "texture": "#texture"}, "west": {"uv": [13, 1, 15, 3], "texture": "#texture"}, "up": {"uv": [13, 1, 15.25, 3.5], "rotation": 180, "texture": "#texture"}, "down": {"uv": [13, 1, 15, 3], "rotation": 180, "texture": "#texture"} } }, { "name": "Element", "from": [7.636, 2.036, 4.8], "to": [8.2, 2.6, 5.4], "rotation": {"angle": -45, "axis": "z", "origin": [8.2, 2.6, 5.4]}, "faces": { "north": {"uv": [13, 0.5, 15, 2.5], "texture": "#texture"}, "east": {"uv": [13.25, 0.75, 15.25, 2.75], "texture": "#texture"}, "south": {"uv": [12.75, 1.25, 15.25, 3.25], "texture": "#texture"}, "west": {"uv": [13, 1, 15, 3], "texture": "#texture"}, "up": {"uv": [13, 1, 15.25, 3.5], "rotation": 180, "texture": "#texture"}, "down": {"uv": [13, 1, 15, 3], "rotation": 180, "texture": "#texture"} } }, { "name": "Element", "from": [7, 3.716, 4.916], "to": [7.4, 4, 5.2], "rotation": {"angle": 45, "axis": "x", "origin": [7.4, 4, 5.2]}, "faces": { "north": {"uv": [13, 0.5, 15, 2.5], "texture": "#texture"}, "east": {"uv": [13.25, 0.75, 15.25, 2.75], "texture": "#texture"}, "south": {"uv": [12.75, 1.25, 15.25, 3.25], "texture": "#texture"}, "west": {"uv": [13, 1, 15, 3], "texture": "#texture"}, "up": {"uv": [13, 1, 15.25, 3.5], "rotation": 180, "texture": "#texture"}, "down": {"uv": [13, 1, 15, 3], "rotation": 180, "texture": "#texture"} } }, { "name": "Element", "from": [7, 2.316, 4.716], "to": [7.4, 2.6, 5], "rotation": {"angle": -45, "axis": "x", "origin": [7.4, 2.6, 5]}, "faces": { "north": {"uv": [13, 0.5, 15, 2.5], "texture": "#texture"}, "east": {"uv": [13.25, 0.75, 15.25, 2.75], "texture": "#texture"}, "south": {"uv": [12.75, 1.25, 15.25, 3.25], "texture": "#texture"}, "west": {"uv": [13, 1, 15, 3], "texture": "#texture"}, "up": {"uv": [13, 1, 15.25, 3.5], "rotation": 180, "texture": "#texture"}, "down": {"uv": [13, 1, 15, 3], "rotation": 180, "texture": "#texture"} } }, { "name": "rail*", "from": [8.2, 5.4, 9.8], "to": [10, 8, 10.2], "rotation": {"angle": 0, "axis": "y", "origin": [6, 4.4, 8]}, "faces": { "north": {"uv": [1.5, 1.75, 3.5, 3.75], "texture": "#texture"}, "east": {"uv": [1, 1, 4, 4], "texture": "#texture"}, "south": {"uv": [2, 1.5, 5, 4], "texture": "#texture"}, "west": {"uv": [1.5, 0.75, 4.5, 3.75], "texture": "#texture"}, "up": {"uv": [1.5, 1.75, 4.5, 4.75], "rotation": 180, "texture": "#texture"}, "down": {"uv": [2.25, 2.5, 4.25, 4.5], "rotation": 180, "texture": "#texture"} } }, { "name": "rail*", "from": [10.4, 4.4, 5.4], "to": [10.8, 6.8, 5.8], "rotation": {"angle": 0, "axis": "y", "origin": [6, 4.4, 8]}, "faces": { "north": {"uv": [7, 7.75, 9, 9.75], "texture": "#texture"}, "east": {"uv": [7.5, 7.5, 10.5, 10.5], "texture": "#texture"}, "south": {"uv": [8, 7.75, 11, 10.25], "texture": "#texture"}, "west": {"uv": [7.75, 7.25, 10.75, 10.25], "texture": "#texture"}, "up": {"uv": [7.25, 8, 10.25, 11], "rotation": 180, "texture": "#texture"}, "down": {"uv": [8.75, 7.5, 10.75, 9.5], "rotation": 180, "texture": "#texture"} } }, { "name": "rail*", "from": [10.4, 4.4, 10.2], "to": [10.8, 6.8, 10.6], "rotation": {"angle": 0, "axis": "y", "origin": [6, 4.4, 8]}, "faces": { "north": {"uv": [7, 7.75, 9, 9.75], "texture": "#texture"}, "east": {"uv": [7.5, 7.5, 10.5, 10.5], "texture": "#texture"}, "south": {"uv": [8, 7.75, 11, 10.25], "texture": "#texture"}, "west": {"uv": [7.75, 7.25, 10.75, 10.25], "texture": "#texture"}, "up": {"uv": [7.25, 8, 10.25, 11], "rotation": 180, "texture": "#texture"}, "down": {"uv": [8.75, 7.5, 10.75, 9.5], "rotation": 180, "texture": "#texture"} } }, { "name": "rail*", "from": [9.75, 6.7, 5.4], "to": [10.35, 7.9, 5.8], "rotation": {"angle": 22.5, "axis": "z", "origin": [10.35, 7.9, 5.8]}, "faces": { "north": {"uv": [7, 7.75, 9, 9.75], "texture": "#texture"}, "east": {"uv": [7.5, 7.5, 10.5, 10.5], "texture": "#texture"}, "south": {"uv": [8, 7.75, 11, 10.25], "texture": "#texture"}, "west": {"uv": [7.75, 7.25, 10.75, 10.25], "texture": "#texture"}, "up": {"uv": [7.25, 8, 10.25, 11], "rotation": 180, "texture": "#texture"}, "down": {"uv": [8.75, 7.5, 10.75, 9.5], "rotation": 180, "texture": "#texture"} } }, { "name": "rail*", "from": [9.75, 6.7, 10.2], "to": [10.35, 7.9, 10.6], "rotation": {"angle": 22.5, "axis": "z", "origin": [10.35, 7.9, 10.6]}, "faces": { "north": {"uv": [7, 7.75, 9, 9.75], "texture": "#texture"}, "east": {"uv": [7.5, 7.5, 10.5, 10.5], "texture": "#texture"}, "south": {"uv": [8, 7.75, 11, 10.25], "texture": "#texture"}, "west": {"uv": [7.75, 7.25, 10.75, 10.25], "texture": "#texture"}, "up": {"uv": [7.25, 8, 10.25, 11], "rotation": 180, "texture": "#texture"}, "down": {"uv": [8.75, 7.5, 10.75, 9.5], "rotation": 180, "texture": "#texture"} } }, { "name": "rail*", "from": [8.2, 5.4, 5.8], "to": [10, 8, 6.2], "rotation": {"angle": 0, "axis": "y", "origin": [6, 4.4, 8]}, "faces": { "north": {"uv": [1.5, 1.75, 3.5, 3.75], "texture": "#texture"}, "east": {"uv": [1, 1, 4, 4], "texture": "#texture"}, "south": {"uv": [2, 1.5, 5, 4], "texture": "#texture"}, "west": {"uv": [1.5, 0.75, 4.5, 3.75], "texture": "#texture"}, "up": {"uv": [1.5, 1.75, 4.5, 4.75], "rotation": 180, "texture": "#texture"}, "down": {"uv": [2.25, 2.5, 4.25, 4.5], "rotation": 180, "texture": "#texture"} } }, { "name": "rail*", "from": [8.2, 8.4, 6.6], "to": [10, 9.2, 9.4], "rotation": {"angle": 0, "axis": "y", "origin": [6, 4.4, 8]}, "faces": { "north": {"uv": [1.5, 1.75, 3.5, 3.75], "texture": "#texture"}, "east": {"uv": [1, 1, 4, 4], "texture": "#texture"}, "south": {"uv": [2, 1.5, 5, 4], "texture": "#texture"}, "west": {"uv": [1.5, 0.75, 4.5, 3.75], "texture": "#texture"}, "up": {"uv": [1.5, 1.75, 4.5, 4.75], "rotation": 180, "texture": "#texture"}, "down": {"uv": [2.25, 2.5, 4.25, 4.5], "rotation": 180, "texture": "#texture"} } }, { "name": "rail*", "from": [8.2, 8.4, 5.08], "to": [10, 9.2, 6.6], "rotation": {"angle": -45, "axis": "x", "origin": [10, 9.2, 6.6]}, "faces": { "north": {"uv": [1.5, 1.75, 3.5, 3.75], "texture": "#texture"}, "east": {"uv": [1, 1, 4, 4], "texture": "#texture"}, "south": {"uv": [2, 1.5, 5, 4], "texture": "#texture"}, "west": {"uv": [1.5, 0.75, 4.5, 3.75], "texture": "#texture"}, "up": {"uv": [1.5, 1.75, 4.5, 4.75], "rotation": 180, "texture": "#texture"}, "down": {"uv": [2.25, 2.5, 4.25, 4.5], "rotation": 180, "texture": "#texture"} } }, { "name": "rail*", "from": [8.2, 7.4, 8.88], "to": [10, 8.2, 10.4], "rotation": {"angle": 45, "axis": "x", "origin": [10, 8.2, 10.4]}, "faces": { "north": {"uv": [1.5, 1.75, 3.5, 3.75], "texture": "#texture"}, "east": {"uv": [1, 1, 4, 4], "texture": "#texture"}, "south": {"uv": [2, 1.5, 5, 4], "texture": "#texture"}, "west": {"uv": [1.5, 0.75, 4.5, 3.75], "texture": "#texture"}, "up": {"uv": [1.5, 1.75, 4.5, 4.75], "rotation": 180, "texture": "#texture"}, "down": {"uv": [2.25, 2.5, 4.25, 4.5], "rotation": 180, "texture": "#texture"} } }, { "name": "screw_1", "from": [10.3, 1.6, 5.3], "to": [10.9, 2.2, 5.6], "rotation": {"angle": 0, "axis": "y", "origin": [6, 4.4, 8]}, "faces": { "north": {"uv": [8.75, 2.5, 10.75, 4.5], "texture": "#texture"}, "east": {"uv": [8.625, 1.625, 10.625, 3.625], "texture": "#texture"}, "south": {"uv": [8.5, 2.375, 11, 4.375], "texture": "#texture"}, "west": {"uv": [7.125, 1.625, 9.125, 3.625], "texture": "#texture"}, "up": {"uv": [6.5, 1.25, 8.75, 3.75], "rotation": 180, "texture": "#texture"}, "down": {"uv": [8.5, 1.375, 10.5, 3.375], "rotation": 180, "texture": "#texture"} } }, { "name": "screw_1", "from": [10.4, 1.5, 5.3], "to": [10.8, 2.3, 5.6], "rotation": {"angle": 0, "axis": "y", "origin": [6, 4.4, 8]}, "faces": { "north": {"uv": [8.75, 2.5, 10.75, 4.5], "texture": "#texture"}, "east": {"uv": [8.625, 1.625, 10.625, 3.625], "texture": "#texture"}, "south": {"uv": [8.5, 2.375, 11, 4.375], "texture": "#texture"}, "west": {"uv": [7.125, 1.625, 9.125, 3.625], "texture": "#texture"}, "up": {"uv": [6.5, 1.25, 8.75, 3.75], "rotation": 180, "texture": "#texture"}, "down": {"uv": [8.5, 1.375, 10.5, 3.375], "rotation": 180, "texture": "#texture"} } }, { "name": "screw_1", "from": [10.2, 1.7, 5.3], "to": [11, 2.1, 5.6], "rotation": {"angle": 0, "axis": "y", "origin": [6, 4.4, 8]}, "faces": { "north": {"uv": [8.75, 2.5, 10.75, 4.5], "texture": "#texture"}, "east": {"uv": [8.625, 1.625, 10.625, 3.625], "texture": "#texture"}, "south": {"uv": [8.5, 2.375, 11, 4.375], "texture": "#texture"}, "west": {"uv": [7.125, 1.625, 9.125, 3.625], "texture": "#texture"}, "up": {"uv": [6.5, 1.25, 8.75, 3.75], "rotation": 180, "texture": "#texture"}, "down": {"uv": [8.5, 1.375, 10.5, 3.375], "rotation": 180, "texture": "#texture"} } }, { "name": "screw_1", "from": [10.716, 1.816, 5.3], "to": [11, 2.1, 5.6], "rotation": {"angle": -45, "axis": "z", "origin": [11, 2.1, 5.6]}, "faces": { "north": {"uv": [8.75, 2.5, 10.75, 4.5], "texture": "#texture"}, "east": {"uv": [8.625, 1.625, 10.625, 3.625], "texture": "#texture"}, "south": {"uv": [8.5, 2.375, 11, 4.375], "texture": "#texture"}, "west": {"uv": [7.125, 1.625, 9.125, 3.625], "texture": "#texture"}, "up": {"uv": [6.5, 1.25, 8.75, 3.75], "rotation": 180, "texture": "#texture"}, "down": {"uv": [8.5, 1.375, 10.5, 3.375], "rotation": 180, "texture": "#texture"} } }, { "name": "screw_1", "from": [10.716, 1.416, 5.3], "to": [11, 1.7, 5.6], "rotation": {"angle": -45, "axis": "z", "origin": [11, 1.7, 5.6]}, "faces": { "north": {"uv": [8.75, 2.5, 10.75, 4.5], "texture": "#texture"}, "east": {"uv": [8.625, 1.625, 10.625, 3.625], "texture": "#texture"}, "south": {"uv": [8.5, 2.375, 11, 4.375], "texture": "#texture"}, "west": {"uv": [7.125, 1.625, 9.125, 3.625], "texture": "#texture"}, "up": {"uv": [6.5, 1.25, 8.75, 3.75], "rotation": 180, "texture": "#texture"}, "down": {"uv": [8.5, 1.375, 10.5, 3.375], "rotation": 180, "texture": "#texture"} } }, { "name": "screw_1", "from": [10.116, 1.616, 5.3], "to": [10.4, 1.9, 5.6], "rotation": {"angle": 45, "axis": "z", "origin": [10.4, 1.9, 5.6]}, "faces": { "north": {"uv": [8.75, 2.5, 10.75, 4.5], "texture": "#texture"}, "east": {"uv": [8.625, 1.625, 10.625, 3.625], "texture": "#texture"}, "south": {"uv": [8.5, 2.375, 11, 4.375], "texture": "#texture"}, "west": {"uv": [7.125, 1.625, 9.125, 3.625], "texture": "#texture"}, "up": {"uv": [6.5, 1.25, 8.75, 3.75], "rotation": 180, "texture": "#texture"}, "down": {"uv": [8.5, 1.375, 10.5, 3.375], "rotation": 180, "texture": "#texture"} } }, { "name": "screw_1", "from": [10.116, 2.016, 5.3], "to": [10.4, 2.3, 5.6], "rotation": {"angle": 45, "axis": "z", "origin": [10.4, 2.3, 5.6]}, "faces": { "north": {"uv": [8.75, 2.5, 10.75, 4.5], "texture": "#texture"}, "east": {"uv": [8.625, 1.625, 10.625, 3.625], "texture": "#texture"}, "south": {"uv": [8.5, 2.375, 11, 4.375], "texture": "#texture"}, "west": {"uv": [7.125, 1.625, 9.125, 3.625], "texture": "#texture"}, "up": {"uv": [6.5, 1.25, 8.75, 3.75], "rotation": 180, "texture": "#texture"}, "down": {"uv": [8.5, 1.375, 10.5, 3.375], "rotation": 180, "texture": "#texture"} } }, { "name": "screw_2", "from": [3.9, 1.6, 5.3], "to": [4.5, 2.2, 5.6], "rotation": {"angle": 0, "axis": "y", "origin": [6, 4.4, 8]}, "faces": { "north": {"uv": [8.75, 2.5, 10.75, 4.5], "texture": "#texture"}, "east": {"uv": [8.625, 1.625, 10.625, 3.625], "texture": "#texture"}, "south": {"uv": [8.5, 2.375, 11, 4.375], "texture": "#texture"}, "west": {"uv": [7.125, 1.625, 9.125, 3.625], "texture": "#texture"}, "up": {"uv": [6.5, 1.25, 8.75, 3.75], "rotation": 180, "texture": "#texture"}, "down": {"uv": [8.5, 1.375, 10.5, 3.375], "rotation": 180, "texture": "#texture"} } }, { "name": "screw_2", "from": [4, 1.5, 5.3], "to": [4.4, 2.3, 5.6], "rotation": {"angle": 0, "axis": "y", "origin": [6, 4.4, 8]}, "faces": { "north": {"uv": [8.75, 2.5, 10.75, 4.5], "texture": "#texture"}, "east": {"uv": [8.625, 1.625, 10.625, 3.625], "texture": "#texture"}, "south": {"uv": [8.5, 2.375, 11, 4.375], "texture": "#texture"}, "west": {"uv": [7.125, 1.625, 9.125, 3.625], "texture": "#texture"}, "up": {"uv": [6.5, 1.25, 8.75, 3.75], "rotation": 180, "texture": "#texture"}, "down": {"uv": [8.5, 1.375, 10.5, 3.375], "rotation": 180, "texture": "#texture"} } }, { "name": "screw_2", "from": [3.8, 1.7, 5.3], "to": [4.6, 2.1, 5.6], "rotation": {"angle": 0, "axis": "y", "origin": [6, 4.4, 8]}, "faces": { "north": {"uv": [8.75, 2.5, 10.75, 4.5], "texture": "#texture"}, "east": {"uv": [8.625, 1.625, 10.625, 3.625], "texture": "#texture"}, "south": {"uv": [8.5, 2.375, 11, 4.375], "texture": "#texture"}, "west": {"uv": [7.125, 1.625, 9.125, 3.625], "texture": "#texture"}, "up": {"uv": [6.5, 1.25, 8.75, 3.75], "rotation": 180, "texture": "#texture"}, "down": {"uv": [8.5, 1.375, 10.5, 3.375], "rotation": 180, "texture": "#texture"} } }, { "name": "screw_2", "from": [4.316, 1.816, 5.3], "to": [4.6, 2.1, 5.6], "rotation": {"angle": -45, "axis": "z", "origin": [4.6, 2.1, 5.6]}, "faces": { "north": {"uv": [8.75, 2.5, 10.75, 4.5], "texture": "#texture"}, "east": {"uv": [8.625, 1.625, 10.625, 3.625], "texture": "#texture"}, "south": {"uv": [8.5, 2.375, 11, 4.375], "texture": "#texture"}, "west": {"uv": [7.125, 1.625, 9.125, 3.625], "texture": "#texture"}, "up": {"uv": [6.5, 1.25, 8.75, 3.75], "rotation": 180, "texture": "#texture"}, "down": {"uv": [8.5, 1.375, 10.5, 3.375], "rotation": 180, "texture": "#texture"} } }, { "name": "screw_2", "from": [4.316, 1.416, 5.3], "to": [4.6, 1.7, 5.6], "rotation": {"angle": -45, "axis": "z", "origin": [4.6, 1.7, 5.6]}, "faces": { "north": {"uv": [8.75, 2.5, 10.75, 4.5], "texture": "#texture"}, "east": {"uv": [8.625, 1.625, 10.625, 3.625], "texture": "#texture"}, "south": {"uv": [8.5, 2.375, 11, 4.375], "texture": "#texture"}, "west": {"uv": [7.125, 1.625, 9.125, 3.625], "texture": "#texture"}, "up": {"uv": [6.5, 1.25, 8.75, 3.75], "rotation": 180, "texture": "#texture"}, "down": {"uv": [8.5, 1.375, 10.5, 3.375], "rotation": 180, "texture": "#texture"} } }, { "name": "screw_2", "from": [3.716, 1.616, 5.3], "to": [4, 1.9, 5.6], "rotation": {"angle": 45, "axis": "z", "origin": [4, 1.9, 5.6]}, "faces": { "north": {"uv": [8.75, 2.5, 10.75, 4.5], "texture": "#texture"}, "east": {"uv": [8.625, 1.625, 10.625, 3.625], "texture": "#texture"}, "south": {"uv": [8.5, 2.375, 11, 4.375], "texture": "#texture"}, "west": {"uv": [7.125, 1.625, 9.125, 3.625], "texture": "#texture"}, "up": {"uv": [6.5, 1.25, 8.75, 3.75], "rotation": 180, "texture": "#texture"}, "down": {"uv": [8.5, 1.375, 10.5, 3.375], "rotation": 180, "texture": "#texture"} } }, { "name": "screw_2", "from": [3.716, 2.016, 5.3], "to": [4, 2.3, 5.6], "rotation": {"angle": 45, "axis": "z", "origin": [4, 2.3, 5.6]}, "faces": { "north": {"uv": [8.75, 2.5, 10.75, 4.5], "texture": "#texture"}, "east": {"uv": [8.625, 1.625, 10.625, 3.625], "texture": "#texture"}, "south": {"uv": [8.5, 2.375, 11, 4.375], "texture": "#texture"}, "west": {"uv": [7.125, 1.625, 9.125, 3.625], "texture": "#texture"}, "up": {"uv": [6.5, 1.25, 8.75, 3.75], "rotation": 180, "texture": "#texture"}, "down": {"uv": [8.5, 1.375, 10.5, 3.375], "rotation": 180, "texture": "#texture"} } }, { "name": "screw_3", "from": [7.9, 5.6, 5.3], "to": [8.5, 6.2, 5.6], "rotation": {"angle": 0, "axis": "y", "origin": [6, 4.4, 8]}, "faces": { "north": {"uv": [8.75, 2.5, 10.75, 4.5], "texture": "#texture"}, "east": {"uv": [8.625, 1.625, 10.625, 3.625], "texture": "#texture"}, "south": {"uv": [8.5, 2.375, 11, 4.375], "texture": "#texture"}, "west": {"uv": [7.125, 1.625, 9.125, 3.625], "texture": "#texture"}, "up": {"uv": [6.5, 1.25, 8.75, 3.75], "rotation": 180, "texture": "#texture"}, "down": {"uv": [8.5, 1.375, 10.5, 3.375], "rotation": 180, "texture": "#texture"} } }, { "name": "screw_3", "from": [8, 5.5, 5.3], "to": [8.4, 6.3, 5.6], "rotation": {"angle": 0, "axis": "y", "origin": [6, 4.4, 8]}, "faces": { "north": {"uv": [8.75, 2.5, 10.75, 4.5], "texture": "#texture"}, "east": {"uv": [8.625, 1.625, 10.625, 3.625], "texture": "#texture"}, "south": {"uv": [8.5, 2.375, 11, 4.375], "texture": "#texture"}, "west": {"uv": [7.125, 1.625, 9.125, 3.625], "texture": "#texture"}, "up": {"uv": [6.5, 1.25, 8.75, 3.75], "rotation": 180, "texture": "#texture"}, "down": {"uv": [8.5, 1.375, 10.5, 3.375], "rotation": 180, "texture": "#texture"} } }, { "name": "screw_3", "from": [7.8, 5.7, 5.3], "to": [8.6, 6.1, 5.6], "rotation": {"angle": 0, "axis": "y", "origin": [6, 4.4, 8]}, "faces": { "north": {"uv": [8.75, 2.5, 10.75, 4.5], "texture": "#texture"}, "east": {"uv": [8.625, 1.625, 10.625, 3.625], "texture": "#texture"}, "south": {"uv": [8.5, 2.375, 11, 4.375], "texture": "#texture"}, "west": {"uv": [7.125, 1.625, 9.125, 3.625], "texture": "#texture"}, "up": {"uv": [6.5, 1.25, 8.75, 3.75], "rotation": 180, "texture": "#texture"}, "down": {"uv": [8.5, 1.375, 10.5, 3.375], "rotation": 180, "texture": "#texture"} } }, { "name": "screw_3", "from": [8.316, 5.816, 5.3], "to": [8.6, 6.1, 5.6], "rotation": {"angle": -45, "axis": "z", "origin": [8.6, 6.1, 5.6]}, "faces": { "north": {"uv": [8.75, 2.5, 10.75, 4.5], "texture": "#texture"}, "east": {"uv": [8.625, 1.625, 10.625, 3.625], "texture": "#texture"}, "south": {"uv": [8.5, 2.375, 11, 4.375], "texture": "#texture"}, "west": {"uv": [7.125, 1.625, 9.125, 3.625], "texture": "#texture"}, "up": {"uv": [6.5, 1.25, 8.75, 3.75], "rotation": 180, "texture": "#texture"}, "down": {"uv": [8.5, 1.375, 10.5, 3.375], "rotation": 180, "texture": "#texture"} } }, { "name": "screw_3", "from": [8.316, 5.416, 5.3], "to": [8.6, 5.7, 5.6], "rotation": {"angle": -45, "axis": "z", "origin": [8.6, 5.7, 5.6]}, "faces": { "north": {"uv": [8.75, 2.5, 10.75, 4.5], "texture": "#texture"}, "east": {"uv": [8.625, 1.625, 10.625, 3.625], "texture": "#texture"}, "south": {"uv": [8.5, 2.375, 11, 4.375], "texture": "#texture"}, "west": {"uv": [7.125, 1.625, 9.125, 3.625], "texture": "#texture"}, "up": {"uv": [6.5, 1.25, 8.75, 3.75], "rotation": 180, "texture": "#texture"}, "down": {"uv": [8.5, 1.375, 10.5, 3.375], "rotation": 180, "texture": "#texture"} } }, { "name": "screw_3", "from": [7.716, 5.616, 5.3], "to": [8, 5.9, 5.6], "rotation": {"angle": 45, "axis": "z", "origin": [8, 5.9, 5.6]}, "faces": { "north": {"uv": [8.75, 2.5, 10.75, 4.5], "texture": "#texture"}, "east": {"uv": [8.625, 1.625, 10.625, 3.625], "texture": "#texture"}, "south": {"uv": [8.5, 2.375, 11, 4.375], "texture": "#texture"}, "west": {"uv": [7.125, 1.625, 9.125, 3.625], "texture": "#texture"}, "up": {"uv": [6.5, 1.25, 8.75, 3.75], "rotation": 180, "texture": "#texture"}, "down": {"uv": [8.5, 1.375, 10.5, 3.375], "rotation": 180, "texture": "#texture"} } }, { "name": "screw_3", "from": [7.716, 6.016, 5.3], "to": [8, 6.3, 5.6], "rotation": {"angle": 45, "axis": "z", "origin": [8, 6.3, 5.6]}, "faces": { "north": {"uv": [8.75, 2.5, 10.75, 4.5], "texture": "#texture"}, "east": {"uv": [8.625, 1.625, 10.625, 3.625], "texture": "#texture"}, "south": {"uv": [8.5, 2.375, 11, 4.375], "texture": "#texture"}, "west": {"uv": [7.125, 1.625, 9.125, 3.625], "texture": "#texture"}, "up": {"uv": [6.5, 1.25, 8.75, 3.75], "rotation": 180, "texture": "#texture"}, "down": {"uv": [8.5, 1.375, 10.5, 3.375], "rotation": 180, "texture": "#texture"} } }, { "name": "screw_1*", "from": [10.3, 1.6, 10.4], "to": [10.9, 2.2, 10.7], "rotation": {"angle": 0, "axis": "y", "origin": [6, 4.4, 8]}, "faces": { "north": {"uv": [8.75, 2.5, 10.75, 4.5], "texture": "#texture"}, "east": {"uv": [8.625, 1.625, 10.625, 3.625], "texture": "#texture"}, "south": {"uv": [8.5, 2.375, 11, 4.375], "texture": "#texture"}, "west": {"uv": [7.125, 1.625, 9.125, 3.625], "texture": "#texture"}, "up": {"uv": [6.5, 1.25, 8.75, 3.75], "rotation": 180, "texture": "#texture"}, "down": {"uv": [8.5, 1.375, 10.5, 3.375], "rotation": 180, "texture": "#texture"} } }, { "name": "screw_1*", "from": [10.4, 1.5, 10.4], "to": [10.8, 2.3, 10.7], "rotation": {"angle": 0, "axis": "y", "origin": [6, 4.4, 8]}, "faces": { "north": {"uv": [8.75, 2.5, 10.75, 4.5], "texture": "#texture"}, "east": {"uv": [8.625, 1.625, 10.625, 3.625], "texture": "#texture"}, "south": {"uv": [8.5, 2.375, 11, 4.375], "texture": "#texture"}, "west": {"uv": [7.125, 1.625, 9.125, 3.625], "texture": "#texture"}, "up": {"uv": [6.5, 1.25, 8.75, 3.75], "rotation": 180, "texture": "#texture"}, "down": {"uv": [8.5, 1.375, 10.5, 3.375], "rotation": 180, "texture": "#texture"} } }, { "name": "screw_1*", "from": [10.2, 1.7, 10.4], "to": [11, 2.1, 10.7], "rotation": {"angle": 0, "axis": "y", "origin": [6, 4.4, 8]}, "faces": { "north": {"uv": [8.75, 2.5, 10.75, 4.5], "texture": "#texture"}, "east": {"uv": [8.625, 1.625, 10.625, 3.625], "texture": "#texture"}, "south": {"uv": [8.5, 2.375, 11, 4.375], "texture": "#texture"}, "west": {"uv": [7.125, 1.625, 9.125, 3.625], "texture": "#texture"}, "up": {"uv": [6.5, 1.25, 8.75, 3.75], "rotation": 180, "texture": "#texture"}, "down": {"uv": [8.5, 1.375, 10.5, 3.375], "rotation": 180, "texture": "#texture"} } }, { "name": "screw_1*", "from": [10.716, 1.816, 10.4], "to": [11, 2.1, 10.7], "rotation": {"angle": -45, "axis": "z", "origin": [11, 2.1, 10.7]}, "faces": { "north": {"uv": [8.75, 2.5, 10.75, 4.5], "texture": "#texture"}, "east": {"uv": [8.625, 1.625, 10.625, 3.625], "texture": "#texture"}, "south": {"uv": [8.5, 2.375, 11, 4.375], "texture": "#texture"}, "west": {"uv": [7.125, 1.625, 9.125, 3.625], "texture": "#texture"}, "up": {"uv": [6.5, 1.25, 8.75, 3.75], "rotation": 180, "texture": "#texture"}, "down": {"uv": [8.5, 1.375, 10.5, 3.375], "rotation": 180, "texture": "#texture"} } }, { "name": "screw_1*", "from": [10.716, 1.416, 10.4], "to": [11, 1.7, 10.7], "rotation": {"angle": -45, "axis": "z", "origin": [11, 1.7, 10.7]}, "faces": { "north": {"uv": [8.75, 2.5, 10.75, 4.5], "texture": "#texture"}, "east": {"uv": [8.625, 1.625, 10.625, 3.625], "texture": "#texture"}, "south": {"uv": [8.5, 2.375, 11, 4.375], "texture": "#texture"}, "west": {"uv": [7.125, 1.625, 9.125, 3.625], "texture": "#texture"}, "up": {"uv": [6.5, 1.25, 8.75, 3.75], "rotation": 180, "texture": "#texture"}, "down": {"uv": [8.5, 1.375, 10.5, 3.375], "rotation": 180, "texture": "#texture"} } }, { "name": "screw_1*", "from": [10.116, 1.616, 10.4], "to": [10.4, 1.9, 10.7], "rotation": {"angle": 45, "axis": "z", "origin": [10.4, 1.9, 10.7]}, "faces": { "north": {"uv": [8.75, 2.5, 10.75, 4.5], "texture": "#texture"}, "east": {"uv": [8.625, 1.625, 10.625, 3.625], "texture": "#texture"}, "south": {"uv": [8.5, 2.375, 11, 4.375], "texture": "#texture"}, "west": {"uv": [7.125, 1.625, 9.125, 3.625], "texture": "#texture"}, "up": {"uv": [6.5, 1.25, 8.75, 3.75], "rotation": 180, "texture": "#texture"}, "down": {"uv": [8.5, 1.375, 10.5, 3.375], "rotation": 180, "texture": "#texture"} } }, { "name": "screw_1*", "from": [10.116, 2.016, 10.4], "to": [10.4, 2.3, 10.7], "rotation": {"angle": 45, "axis": "z", "origin": [10.4, 2.3, 10.7]}, "faces": { "north": {"uv": [8.75, 2.5, 10.75, 4.5], "texture": "#texture"}, "east": {"uv": [8.625, 1.625, 10.625, 3.625], "texture": "#texture"}, "south": {"uv": [8.5, 2.375, 11, 4.375], "texture": "#texture"}, "west": {"uv": [7.125, 1.625, 9.125, 3.625], "texture": "#texture"}, "up": {"uv": [6.5, 1.25, 8.75, 3.75], "rotation": 180, "texture": "#texture"}, "down": {"uv": [8.5, 1.375, 10.5, 3.375], "rotation": 180, "texture": "#texture"} } }, { "name": "screw_2*", "from": [3.9, 1.6, 10.4], "to": [4.5, 2.2, 10.7], "rotation": {"angle": 0, "axis": "y", "origin": [6, 4.4, 8]}, "faces": { "north": {"uv": [8.75, 2.5, 10.75, 4.5], "texture": "#texture"}, "east": {"uv": [8.625, 1.625, 10.625, 3.625], "texture": "#texture"}, "south": {"uv": [8.5, 2.375, 11, 4.375], "texture": "#texture"}, "west": {"uv": [7.125, 1.625, 9.125, 3.625], "texture": "#texture"}, "up": {"uv": [6.5, 1.25, 8.75, 3.75], "rotation": 180, "texture": "#texture"}, "down": {"uv": [8.5, 1.375, 10.5, 3.375], "rotation": 180, "texture": "#texture"} } }, { "name": "screw_2*", "from": [4, 1.5, 10.4], "to": [4.4, 2.3, 10.7], "rotation": {"angle": 0, "axis": "y", "origin": [6, 4.4, 8]}, "faces": { "north": {"uv": [8.75, 2.5, 10.75, 4.5], "texture": "#texture"}, "east": {"uv": [8.625, 1.625, 10.625, 3.625], "texture": "#texture"}, "south": {"uv": [8.5, 2.375, 11, 4.375], "texture": "#texture"}, "west": {"uv": [7.125, 1.625, 9.125, 3.625], "texture": "#texture"}, "up": {"uv": [6.5, 1.25, 8.75, 3.75], "rotation": 180, "texture": "#texture"}, "down": {"uv": [8.5, 1.375, 10.5, 3.375], "rotation": 180, "texture": "#texture"} } }, { "name": "screw_2*", "from": [3.8, 1.7, 10.4], "to": [4.6, 2.1, 10.7], "rotation": {"angle": 0, "axis": "y", "origin": [6, 4.4, 8]}, "faces": { "north": {"uv": [8.75, 2.5, 10.75, 4.5], "texture": "#texture"}, "east": {"uv": [8.625, 1.625, 10.625, 3.625], "texture": "#texture"}, "south": {"uv": [8.5, 2.375, 11, 4.375], "texture": "#texture"}, "west": {"uv": [7.125, 1.625, 9.125, 3.625], "texture": "#texture"}, "up": {"uv": [6.5, 1.25, 8.75, 3.75], "rotation": 180, "texture": "#texture"}, "down": {"uv": [8.5, 1.375, 10.5, 3.375], "rotation": 180, "texture": "#texture"} } }, { "name": "screw_2*", "from": [4.316, 1.816, 10.4], "to": [4.6, 2.1, 10.7], "rotation": {"angle": -45, "axis": "z", "origin": [4.6, 2.1, 10.7]}, "faces": { "north": {"uv": [8.75, 2.5, 10.75, 4.5], "texture": "#texture"}, "east": {"uv": [8.625, 1.625, 10.625, 3.625], "texture": "#texture"}, "south": {"uv": [8.5, 2.375, 11, 4.375], "texture": "#texture"}, "west": {"uv": [7.125, 1.625, 9.125, 3.625], "texture": "#texture"}, "up": {"uv": [6.5, 1.25, 8.75, 3.75], "rotation": 180, "texture": "#texture"}, "down": {"uv": [8.5, 1.375, 10.5, 3.375], "rotation": 180, "texture": "#texture"} } }, { "name": "screw_2*", "from": [4.316, 1.416, 10.4], "to": [4.6, 1.7, 10.7], "rotation": {"angle": -45, "axis": "z", "origin": [4.6, 1.7, 10.7]}, "faces": { "north": {"uv": [8.75, 2.5, 10.75, 4.5], "texture": "#texture"}, "east": {"uv": [8.625, 1.625, 10.625, 3.625], "texture": "#texture"}, "south": {"uv": [8.5, 2.375, 11, 4.375], "texture": "#texture"}, "west": {"uv": [7.125, 1.625, 9.125, 3.625], "texture": "#texture"}, "up": {"uv": [6.5, 1.25, 8.75, 3.75], "rotation": 180, "texture": "#texture"}, "down": {"uv": [8.5, 1.375, 10.5, 3.375], "rotation": 180, "texture": "#texture"} } }, { "name": "screw_2*", "from": [3.716, 1.616, 10.4], "to": [4, 1.9, 10.7], "rotation": {"angle": 45, "axis": "z", "origin": [4, 1.9, 10.7]}, "faces": { "north": {"uv": [8.75, 2.5, 10.75, 4.5], "texture": "#texture"}, "east": {"uv": [8.625, 1.625, 10.625, 3.625], "texture": "#texture"}, "south": {"uv": [8.5, 2.375, 11, 4.375], "texture": "#texture"}, "west": {"uv": [7.125, 1.625, 9.125, 3.625], "texture": "#texture"}, "up": {"uv": [6.5, 1.25, 8.75, 3.75], "rotation": 180, "texture": "#texture"}, "down": {"uv": [8.5, 1.375, 10.5, 3.375], "rotation": 180, "texture": "#texture"} } }, { "name": "screw_2*", "from": [3.716, 2.016, 10.4], "to": [4, 2.3, 10.7], "rotation": {"angle": 45, "axis": "z", "origin": [4, 2.3, 10.7]}, "faces": { "north": {"uv": [8.75, 2.5, 10.75, 4.5], "texture": "#texture"}, "east": {"uv": [8.625, 1.625, 10.625, 3.625], "texture": "#texture"}, "south": {"uv": [8.5, 2.375, 11, 4.375], "texture": "#texture"}, "west": {"uv": [7.125, 1.625, 9.125, 3.625], "texture": "#texture"}, "up": {"uv": [6.5, 1.25, 8.75, 3.75], "rotation": 180, "texture": "#texture"}, "down": {"uv": [8.5, 1.375, 10.5, 3.375], "rotation": 180, "texture": "#texture"} } }, { "name": "screw_3*", "from": [7.9, 5.6, 10.4], "to": [8.5, 6.2, 10.7], "rotation": {"angle": 0, "axis": "y", "origin": [6, 4.4, 8]}, "faces": { "north": {"uv": [8.75, 2.5, 10.75, 4.5], "texture": "#texture"}, "east": {"uv": [8.625, 1.625, 10.625, 3.625], "texture": "#texture"}, "south": {"uv": [8.5, 2.375, 11, 4.375], "texture": "#texture"}, "west": {"uv": [7.125, 1.625, 9.125, 3.625], "texture": "#texture"}, "up": {"uv": [6.5, 1.25, 8.75, 3.75], "rotation": 180, "texture": "#texture"}, "down": {"uv": [8.5, 1.375, 10.5, 3.375], "rotation": 180, "texture": "#texture"} } }, { "name": "screw_3*", "from": [8, 5.5, 10.4], "to": [8.4, 6.3, 10.7], "rotation": {"angle": 0, "axis": "y", "origin": [6, 4.4, 8]}, "faces": { "north": {"uv": [8.75, 2.5, 10.75, 4.5], "texture": "#texture"}, "east": {"uv": [8.625, 1.625, 10.625, 3.625], "texture": "#texture"}, "south": {"uv": [8.5, 2.375, 11, 4.375], "texture": "#texture"}, "west": {"uv": [7.125, 1.625, 9.125, 3.625], "texture": "#texture"}, "up": {"uv": [6.5, 1.25, 8.75, 3.75], "rotation": 180, "texture": "#texture"}, "down": {"uv": [8.5, 1.375, 10.5, 3.375], "rotation": 180, "texture": "#texture"} } }, { "name": "screw_3*", "from": [7.8, 5.7, 10.4], "to": [8.6, 6.1, 10.7], "rotation": {"angle": 0, "axis": "y", "origin": [6, 4.4, 8]}, "faces": { "north": {"uv": [8.75, 2.5, 10.75, 4.5], "texture": "#texture"}, "east": {"uv": [8.625, 1.625, 10.625, 3.625], "texture": "#texture"}, "south": {"uv": [8.5, 2.375, 11, 4.375], "texture": "#texture"}, "west": {"uv": [7.125, 1.625, 9.125, 3.625], "texture": "#texture"}, "up": {"uv": [6.5, 1.25, 8.75, 3.75], "rotation": 180, "texture": "#texture"}, "down": {"uv": [8.5, 1.375, 10.5, 3.375], "rotation": 180, "texture": "#texture"} } }, { "name": "screw_3*", "from": [8.316, 5.816, 10.4], "to": [8.6, 6.1, 10.7], "rotation": {"angle": -45, "axis": "z", "origin": [8.6, 6.1, 10.7]}, "faces": { "north": {"uv": [8.75, 2.5, 10.75, 4.5], "texture": "#texture"}, "east": {"uv": [8.625, 1.625, 10.625, 3.625], "texture": "#texture"}, "south": {"uv": [8.5, 2.375, 11, 4.375], "texture": "#texture"}, "west": {"uv": [7.125, 1.625, 9.125, 3.625], "texture": "#texture"}, "up": {"uv": [6.5, 1.25, 8.75, 3.75], "rotation": 180, "texture": "#texture"}, "down": {"uv": [8.5, 1.375, 10.5, 3.375], "rotation": 180, "texture": "#texture"} } }, { "name": "screw_3*", "from": [8.316, 5.416, 10.4], "to": [8.6, 5.7, 10.7], "rotation": {"angle": -45, "axis": "z", "origin": [8.6, 5.7, 10.7]}, "faces": { "north": {"uv": [8.75, 2.5, 10.75, 4.5], "texture": "#texture"}, "east": {"uv": [8.625, 1.625, 10.625, 3.625], "texture": "#texture"}, "south": {"uv": [8.5, 2.375, 11, 4.375], "texture": "#texture"}, "west": {"uv": [7.125, 1.625, 9.125, 3.625], "texture": "#texture"}, "up": {"uv": [6.5, 1.25, 8.75, 3.75], "rotation": 180, "texture": "#texture"}, "down": {"uv": [8.5, 1.375, 10.5, 3.375], "rotation": 180, "texture": "#texture"} } }, { "name": "screw_3*", "from": [7.716, 5.616, 10.4], "to": [8, 5.9, 10.7], "rotation": {"angle": 45, "axis": "z", "origin": [8, 5.9, 10.7]}, "faces": { "north": {"uv": [8.75, 2.5, 10.75, 4.5], "texture": "#texture"}, "east": {"uv": [8.625, 1.625, 10.625, 3.625], "texture": "#texture"}, "south": {"uv": [8.5, 2.375, 11, 4.375], "texture": "#texture"}, "west": {"uv": [7.125, 1.625, 9.125, 3.625], "texture": "#texture"}, "up": {"uv": [6.5, 1.25, 8.75, 3.75], "rotation": 180, "texture": "#texture"}, "down": {"uv": [8.5, 1.375, 10.5, 3.375], "rotation": 180, "texture": "#texture"} } }, { "name": "screw_3*", "from": [7.716, 6.016, 10.4], "to": [8, 6.3, 10.7], "rotation": {"angle": 45, "axis": "z", "origin": [8, 6.3, 10.7]}, "faces": { "north": {"uv": [8.75, 2.5, 10.75, 4.5], "texture": "#texture"}, "east": {"uv": [8.625, 1.625, 10.625, 3.625], "texture": "#texture"}, "south": {"uv": [8.5, 2.375, 11, 4.375], "texture": "#texture"}, "west": {"uv": [7.125, 1.625, 9.125, 3.625], "texture": "#texture"}, "up": {"uv": [6.5, 1.25, 8.75, 3.75], "rotation": 180, "texture": "#texture"}, "down": {"uv": [8.5, 1.375, 10.5, 3.375], "rotation": 180, "texture": "#texture"} } }, { "name": "Element", "from": [8.95, 5.4, 6.2], "to": [9, 8.4, 9.8], "rotation": {"angle": 0, "axis": "y", "origin": [6, 4.4, 8]}, "faces": { "north": {"uv": [0.375, 14.25, 2.375, 15.125], "texture": "#texture"}, "east": {"uv": [1.625, 12.75, 3.25, 15.25], "texture": "#texture"}, "south": {"uv": [0.875, 12.75, 2.875, 15], "texture": "#texture"}, "west": {"uv": [1.625, 13.125, 3.125, 14.5], "texture": "#texture"}, "up": {"uv": [1.125, 14, 3.5, 15.375], "rotation": 180, "texture": "#texture"}, "down": {"uv": [1, 13.125, 2.5, 15], "rotation": 180, "texture": "#texture"} } }, { "name": "rail*", "from": [6.5, 5.3, 9.8], "to": [8.2, 6.1, 10.2], "rotation": {"angle": 45, "axis": "z", "origin": [8.2, 6.1, 10.2]}, "faces": { "north": {"uv": [1.5, 1.75, 3.5, 3.75], "texture": "#texture"}, "east": {"uv": [1, 1, 4, 4], "texture": "#texture"}, "south": {"uv": [2, 1.5, 5, 4], "texture": "#texture"}, "west": {"uv": [1.5, 0.75, 4.5, 3.75], "texture": "#texture"}, "up": {"uv": [1.5, 1.75, 4.5, 4.75], "rotation": 180, "texture": "#texture"}, "down": {"uv": [2.25, 2.5, 4.25, 4.5], "rotation": 180, "texture": "#texture"} } }, { "name": "rail*", "from": [6.5, 5.3, 5.8], "to": [8.2, 6.1, 6.2], "rotation": {"angle": 45, "axis": "z", "origin": [8.2, 6.1, 6.2]}, "faces": { "north": {"uv": [1.5, 1.75, 3.5, 3.75], "texture": "#texture"}, "east": {"uv": [1, 1, 4, 4], "texture": "#texture"}, "south": {"uv": [2, 1.5, 5, 4], "texture": "#texture"}, "west": {"uv": [1.5, 0.75, 4.5, 3.75], "texture": "#texture"}, "up": {"uv": [1.5, 1.75, 4.5, 4.75], "rotation": 180, "texture": "#texture"}, "down": {"uv": [2.25, 2.5, 4.25, 4.5], "rotation": 180, "texture": "#texture"} } }, { "name": "Element", "from": [8.91, 6.2, 7.4], "to": [8.96, 7.4, 8.6], "rotation": {"angle": 0, "axis": "y", "origin": [6, 4.4, 8]}, "faces": { "north": {"uv": [0.375, 14.25, 2.375, 15.125], "texture": "#dot"}, "east": {"uv": [3, 2, 12.5, 11.5], "texture": "#dot"}, "south": {"uv": [0.875, 12.75, 2.875, 15], "texture": "#dot"}, "west": {"uv": [3, 2, 12.5, 11.5], "texture": "#dot"}, "up": {"uv": [1.125, 14, 3.5, 15.375], "rotation": 180, "texture": "#dot"}, "down": {"uv": [1, 13.125, 2.5, 15], "rotation": 180, "texture": "#dot"} } } ], "display": { "thirdperson_righthand": { "rotation": [0, -45, -20], "translation": [0, 3.75, 0], "scale": [0.41406, 0.50586, 0.48633] }, "thirdperson_lefthand": { "rotation": [0, 135, 20], "scale": [0.25, 0.25, 0.25] }, "firstperson_righthand": { "rotation": [0, -70, 15], "translation": [3, 0, -4], "scale": [0.4, 0.4, 0.4] }, "firstperson_lefthand": { "rotation": [0, 110, -15], "translation": [3, 0, -4], "scale": [0.4, 0.4, 0.4] }, "ground": { "translation": [0, 0.5, 0], "scale": [0.65234, 0.5332, 0.55078] }, "gui": { "rotation": [30, 45, 0], "translation": [0.25, 3.5, 0] }, "head": { "scale": [0.0001, 0.0001, 0.0001] }, "fixed": { "rotation": [0, 180, 0], "translation": [-1, 2.25, -1.75], "scale": [0.65078, 0.6293, 0.75234] } } }