{ "credit": "Made with Blockbench", "textures": { "0": "guns/nulls_light_black", "particle": "guns/nulls_light_black" }, "elements": [ { "from": [9.5, 1.25, 7.75], "to": [11, 1.75, 8.25], "rotation": {"angle": 22.5, "axis": "z", "origin": [9.5, 1.75, 7.75]}, "faces": { "north": {"uv": [5, 5.25, 7, 6.75], "texture": "#0"}, "east": {"uv": [5, 5, 6.75, 6.5], "texture": "#0"}, "south": {"uv": [4.75, 5.5, 6.25, 7], "texture": "#0"}, "west": {"uv": [5.25, 5.25, 6.75, 6.25], "texture": "#0"}, "up": {"uv": [5, 4.75, 7, 6.25], "texture": "#0"}, "down": {"uv": [4.5, 5, 6.5, 6.75], "texture": "#0"} } }, { "from": [10, 1.375, 7.75], "to": [11, 1.875, 8.25], "rotation": {"angle": 45, "axis": "z", "origin": [10, 1.875, 7.75]}, "faces": { "north": {"uv": [5, 5.25, 7, 6.75], "texture": "#0"}, "east": {"uv": [5, 5, 6.75, 6.5], "texture": "#0"}, "south": {"uv": [4.75, 5.5, 6.25, 7], "texture": "#0"}, "west": {"uv": [5.25, 5.25, 6.75, 6.25], "texture": "#0"}, "up": {"uv": [5, 4.75, 7, 6.25], "texture": "#0"}, "down": {"uv": [4.5, 5, 6.5, 6.75], "texture": "#0"} } }, { "from": [10.5, 2, 7.75], "to": [11.5, 2.75, 8.25], "rotation": {"angle": 22.5, "axis": "z", "origin": [10.5, 2.75, 7.75]}, "faces": { "north": {"uv": [5, 5.25, 7, 6.75], "texture": "#0"}, "east": {"uv": [5, 5, 6.75, 6.5], "texture": "#0"}, "south": {"uv": [4.75, 5.5, 6.25, 7], "texture": "#0"}, "west": {"uv": [5.25, 5.25, 6.75, 6.25], "texture": "#0"}, "up": {"uv": [5, 4.75, 7, 6.25], "texture": "#0"}, "down": {"uv": [4.5, 5, 6.5, 6.75], "texture": "#0"} } }, { "from": [9.75, 2.25, 7.75], "to": [10.25, 3.25, 8.25], "rotation": {"angle": 0, "axis": "y", "origin": [-1, 6, 8]}, "faces": { "north": {"uv": [8.75, 1.5, 10.75, 3], "texture": "#0"}, "east": {"uv": [9.75, 1, 11.5, 2.5], "texture": "#0"}, "south": {"uv": [9, 1, 10.5, 2.5], "texture": "#0"}, "west": {"uv": [9, 0.5, 11, 2], "texture": "#0"}, "up": {"uv": [9.5, 1, 11.5, 2.5], "texture": "#0"}, "down": {"uv": [8.75, 1, 10.75, 2.75], "texture": "#0"} } }, { "from": [9.8125, 1, 7.8125], "to": [10.1875, 2.5, 8.1875], "rotation": {"angle": 0, "axis": "y", "origin": [-1, 6, 8]}, "faces": { "north": {"uv": [8.75, 1.5, 10.75, 3], "texture": "#0"}, "east": {"uv": [9.75, 1, 11.5, 2.5], "texture": "#0"}, "south": {"uv": [9, 1, 10.5, 2.5], "texture": "#0"}, "west": {"uv": [9, 0.5, 11, 2], "texture": "#0"}, "up": {"uv": [9.5, 1, 11.5, 2.5], "texture": "#0"}, "down": {"uv": [8.75, 1, 10.75, 2.75], "texture": "#0"} } }, { "from": [9.25, 4.5, 8.7], "to": [10, 5.5, 8.95], "rotation": {"angle": 0, "axis": "y", "origin": [-1, 6, 8.2]}, "faces": { "north": {"uv": [0.5, 4.75, 2.5, 6.25], "texture": "#0"}, "east": {"uv": [1.5, 4.75, 3.25, 6.25], "texture": "#0"}, "south": {"uv": [1.25, 5.25, 2.75, 6.75], "texture": "#0"}, "west": {"uv": [1.75, 5, 3.25, 6], "texture": "#0"}, "up": {"uv": [0.75, 4.5, 2.75, 6], "texture": "#0"}, "down": {"uv": [1, 5, 3, 6.75], "texture": "#0"} } }, { "from": [9.25, 4.795, 8.7], "to": [9.955, 5.5, 8.95], "rotation": {"angle": -45, "axis": "z", "origin": [9.25, 5.5, 8.7]}, "faces": { "north": {"uv": [0.5, 4.75, 2.5, 6.25], "texture": "#0"}, "east": {"uv": [1.5, 4.75, 3.25, 6.25], "texture": "#0"}, "south": {"uv": [1.25, 5.25, 2.75, 6.75], "texture": "#0"}, "west": {"uv": [1.75, 5, 3.25, 6], "texture": "#0"}, "up": {"uv": [0.75, 4.5, 2.75, 6], "texture": "#0"}, "down": {"uv": [1, 5, 3, 6.75], "texture": "#0"} } }, { "from": [9.5, 4.295, 8.7], "to": [10.205, 5, 8.95], "rotation": {"angle": 45, "axis": "z", "origin": [9.5, 5, 8.7]}, "faces": { "north": {"uv": [0.5, 4.75, 2.5, 6.25], "texture": "#0"}, "east": {"uv": [1.5, 4.75, 3.25, 6.25], "texture": "#0"}, "south": {"uv": [1.25, 5.25, 2.75, 6.75], "texture": "#0"}, "west": {"uv": [1.75, 5, 3.25, 6], "texture": "#0"}, "up": {"uv": [0.75, 4.5, 2.75, 6], "texture": "#0"}, "down": {"uv": [1, 5, 3, 6.75], "texture": "#0"} } }, { "from": [10, 4.75, 8.7], "to": [11.25, 5.25, 8.95], "rotation": {"angle": 22.5, "axis": "z", "origin": [10, 5.25, 8.7]}, "faces": { "north": {"uv": [0.5, 4.75, 2.5, 6.25], "texture": "#0"}, "east": {"uv": [1.5, 4.75, 3.25, 6.25], "texture": "#0"}, "south": {"uv": [1.25, 5.25, 2.75, 6.75], "texture": "#0"}, "west": {"uv": [1.75, 5, 3.25, 6], "texture": "#0"}, "up": {"uv": [0.75, 4.5, 2.75, 6], "texture": "#0"}, "down": {"uv": [1, 5, 3, 6.75], "texture": "#0"} } }, { "from": [8.25, 5.2375, 8.7], "to": [9.375, 5.6875, 8.95], "rotation": {"angle": -22.5, "axis": "z", "origin": [8.25, 5.6875, 8.7]}, "faces": { "north": {"uv": [0.5, 4.75, 2.5, 6.25], "texture": "#0"}, "east": {"uv": [1.5, 4.75, 3.25, 6.25], "texture": "#0"}, "south": {"uv": [1.25, 5.25, 2.75, 6.75], "texture": "#0"}, "west": {"uv": [1.75, 5, 3.25, 6], "texture": "#0"}, "up": {"uv": [0.75, 4.5, 2.75, 6], "texture": "#0"}, "down": {"uv": [1, 5, 3, 6.75], "texture": "#0"} } }, { "from": [9.25, 4.795, 7.05], "to": [9.955, 5.5, 7.3], "rotation": {"angle": -45, "axis": "z", "origin": [9.25, 5.5, 7.05]}, "faces": { "north": {"uv": [0.5, 4.75, 2.5, 6.25], "texture": "#0"}, "east": {"uv": [1.5, 4.75, 3.25, 6.25], "texture": "#0"}, "south": {"uv": [1.25, 5.25, 2.75, 6.75], "texture": "#0"}, "west": {"uv": [1.75, 5, 3.25, 6], "texture": "#0"}, "up": {"uv": [0.75, 4.5, 2.75, 6], "texture": "#0"}, "down": {"uv": [1, 5, 3, 6.75], "texture": "#0"} } }, { "from": [9.5, 4.295, 7.05], "to": [10.205, 5, 7.3], "rotation": {"angle": 45, "axis": "z", "origin": [9.5, 5, 7.05]}, "faces": { "north": {"uv": [0.5, 4.75, 2.5, 6.25], "texture": "#0"}, "east": {"uv": [1.5, 4.75, 3.25, 6.25], "texture": "#0"}, "south": {"uv": [1.25, 5.25, 2.75, 6.75], "texture": "#0"}, "west": {"uv": [1.75, 5, 3.25, 6], "texture": "#0"}, "up": {"uv": [0.75, 4.5, 2.75, 6], "texture": "#0"}, "down": {"uv": [1, 5, 3, 6.75], "texture": "#0"} } }, { "from": [10, 4.75, 7.05], "to": [11.25, 5.25, 7.3], "rotation": {"angle": 22.5, "axis": "z", "origin": [10, 5.25, 7.05]}, "faces": { "north": {"uv": [0.5, 4.75, 2.5, 6.25], "texture": "#0"}, "east": {"uv": [1.5, 4.75, 3.25, 6.25], "texture": "#0"}, "south": {"uv": [1.25, 5.25, 2.75, 6.75], "texture": "#0"}, "west": {"uv": [1.75, 5, 3.25, 6], "texture": "#0"}, "up": {"uv": [0.75, 4.5, 2.75, 6], "texture": "#0"}, "down": {"uv": [1, 5, 3, 6.75], "texture": "#0"} } }, { "from": [8.25, 5.2375, 7.05], "to": [9.375, 5.6875, 7.3], "rotation": {"angle": -22.5, "axis": "z", "origin": [8.25, 5.6875, 7.05]}, "faces": { "north": {"uv": [0.5, 4.75, 2.5, 6.25], "texture": "#0"}, "east": {"uv": [1.5, 4.75, 3.25, 6.25], "texture": "#0"}, "south": {"uv": [1.25, 5.25, 2.75, 6.75], "texture": "#0"}, "west": {"uv": [1.75, 5, 3.25, 6], "texture": "#0"}, "up": {"uv": [0.75, 4.5, 2.75, 6], "texture": "#0"}, "down": {"uv": [1, 5, 3, 6.75], "texture": "#0"} } }, { "from": [9.25, 4.5, 7.05], "to": [10, 5.5, 7.3], "rotation": {"angle": 0, "axis": "y", "origin": [-1, 6, 7.8]}, "faces": { "north": {"uv": [0.5, 4.75, 2.5, 6.25], "texture": "#0"}, "east": {"uv": [1.5, 4.75, 3.25, 6.25], "texture": "#0"}, "south": {"uv": [1.25, 5.25, 2.75, 6.75], "texture": "#0"}, "west": {"uv": [1.75, 5, 3.25, 6], "texture": "#0"}, "up": {"uv": [0.75, 4.5, 2.75, 6], "texture": "#0"}, "down": {"uv": [1, 5, 3, 6.75], "texture": "#0"} } }, { "from": [2.25, 3.47, 7.5], "to": [10.75, 4, 7.675], "rotation": {"angle": 45, "axis": "x", "origin": [2.25, 4, 7.5]}, "faces": { "north": {"uv": [5, 1, 7, 2.5], "texture": "#0"}, "east": {"uv": [5, 1.25, 6.75, 2.75], "texture": "#0"}, "south": {"uv": [4.75, 1, 6.25, 2.5], "texture": "#0"}, "west": {"uv": [5.5, 1.5, 7, 2.5], "texture": "#0"}, "up": {"uv": [5, 1, 7, 2.5], "texture": "#0"}, "down": {"uv": [5, 0.75, 7, 2.5], "texture": "#0"} } }, { "from": [2.25, 3.345, 7.125], "to": [10.75, 3.875, 7.3], "rotation": {"angle": -45, "axis": "x", "origin": [2.25, 3.875, 7.125]}, "faces": { "north": {"uv": [5, 1, 7, 2.5], "texture": "#0"}, "east": {"uv": [5, 1.25, 6.75, 2.75], "texture": "#0"}, "south": {"uv": [4.75, 1, 6.25, 2.5], "texture": "#0"}, "west": {"uv": [5.5, 1.5, 7, 2.5], "texture": "#0"}, "up": {"uv": [5, 1, 7, 2.5], "texture": "#0"}, "down": {"uv": [5, 0.75, 7, 2.5], "texture": "#0"} } }, { "from": [2.25, 3.625, 7.125], "to": [10.75, 3.875, 7.625], "rotation": {"angle": 0, "axis": "y", "origin": [-1, 6, 8]}, "faces": { "north": {"uv": [5, 1, 7, 2.5], "texture": "#0"}, "east": {"uv": [5, 1.25, 6.75, 2.75], "texture": "#0"}, "south": {"uv": [4.75, 1, 6.25, 2.5], "texture": "#0"}, "west": {"uv": [5.5, 1.5, 7, 2.5], "texture": "#0"}, "up": {"uv": [5, 1, 7, 2.5], "texture": "#0"}, "down": {"uv": [5, 0.75, 7, 2.5], "texture": "#0"} } }, { "from": [2.25, 3.5, 7.25], "to": [10.75, 4, 7.5], "rotation": {"angle": 0, "axis": "y", "origin": [-1, 6, 8]}, "faces": { "north": {"uv": [5, 1, 7, 2.5], "texture": "#0"}, "east": {"uv": [5, 1.25, 6.75, 2.75], "texture": "#0"}, "south": {"uv": [4.75, 1, 6.25, 2.5], "texture": "#0"}, "west": {"uv": [5.5, 1.5, 7, 2.5], "texture": "#0"}, "up": {"uv": [5, 1, 7, 2.5], "texture": "#0"}, "down": {"uv": [5, 0.75, 7, 2.5], "texture": "#0"} } }, { "from": [9.75, 3.5, 7], "to": [11.75, 4, 7.75], "rotation": {"angle": 0, "axis": "y", "origin": [-1, 6, 8]}, "faces": { "north": {"uv": [5, 5.25, 7, 6.75], "texture": "#0"}, "east": {"uv": [5, 5, 6.75, 6.5], "texture": "#0"}, "south": {"uv": [4.75, 5.5, 6.25, 7], "texture": "#0"}, "west": {"uv": [5.25, 5.25, 6.75, 6.25], "texture": "#0"}, "up": {"uv": [5, 4.75, 7, 6.25], "texture": "#0"}, "down": {"uv": [4.5, 5, 6.5, 6.75], "texture": "#0"} } }, { "from": [9.75, 3.375, 7.125], "to": [11.75, 4.125, 7.625], "rotation": {"angle": 0, "axis": "y", "origin": [-1, 6, 8]}, "faces": { "north": {"uv": [5, 5.25, 7, 6.75], "texture": "#0"}, "east": {"uv": [5, 5, 6.75, 6.5], "texture": "#0"}, "south": {"uv": [4.75, 5.5, 6.25, 7], "texture": "#0"}, "west": {"uv": [5.25, 5.25, 6.75, 6.25], "texture": "#0"}, "up": {"uv": [5, 4.75, 7, 6.25], "texture": "#0"}, "down": {"uv": [4.5, 5, 6.5, 6.75], "texture": "#0"} } }, { "from": [9.75, 3.115, 7], "to": [11.75, 4, 7.175], "rotation": {"angle": -45, "axis": "x", "origin": [9.75, 4, 7]}, "faces": { "north": {"uv": [5, 5.25, 7, 6.75], "texture": "#0"}, "east": {"uv": [5, 5, 6.75, 6.5], "texture": "#0"}, "south": {"uv": [4.75, 5.5, 6.25, 7], "texture": "#0"}, "west": {"uv": [5.25, 5.25, 6.75, 6.25], "texture": "#0"}, "up": {"uv": [5, 4.75, 7, 6.25], "texture": "#0"}, "down": {"uv": [4.5, 5, 6.5, 6.75], "texture": "#0"} } }, { "from": [9.75, 3.24, 7.625], "to": [11.75, 4.125, 7.8], "rotation": {"angle": 45, "axis": "x", "origin": [9.75, 4.125, 7.625]}, "faces": { "north": {"uv": [5, 5.25, 7, 6.75], "texture": "#0"}, "east": {"uv": [5, 5, 6.75, 6.5], "texture": "#0"}, "south": {"uv": [4.75, 5.5, 6.25, 7], "texture": "#0"}, "west": {"uv": [5.25, 5.25, 6.75, 6.25], "texture": "#0"}, "up": {"uv": [5, 4.75, 7, 6.25], "texture": "#0"}, "down": {"uv": [4.5, 5, 6.5, 6.75], "texture": "#0"} } }, { "from": [11.25, 1.5, 7.25], "to": [11.75, 5, 8.75], "rotation": {"angle": 0, "axis": "y", "origin": [-1, 6, 8]}, "faces": { "north": {"uv": [5, 5.25, 7, 6.75], "texture": "#0"}, "east": {"uv": [5, 5, 6.75, 6.5], "texture": "#0"}, "south": {"uv": [4.75, 5.5, 6.25, 7], "texture": "#0"}, "west": {"uv": [5.25, 5.25, 6.75, 6.25], "texture": "#0"}, "up": {"uv": [5, 4.75, 7, 6.25], "texture": "#0"}, "down": {"uv": [4.5, 5, 6.5, 6.75], "texture": "#0"} } }, { "from": [9.25, 3.25, 7.5], "to": [11.25, 5, 8.5], "rotation": {"angle": 0, "axis": "y", "origin": [-1, 6, 8]}, "faces": { "north": {"uv": [5, 5.25, 7, 6.75], "texture": "#0"}, "east": {"uv": [5, 5, 6.75, 6.5], "texture": "#0"}, "south": {"uv": [4.75, 5.5, 6.25, 7], "texture": "#0"}, "west": {"uv": [5.25, 5.25, 6.75, 6.25], "texture": "#0"}, "up": {"uv": [5, 4.75, 7, 6.25], "texture": "#0"}, "down": {"uv": [4.5, 5, 6.5, 6.75], "texture": "#0"} } }, { "from": [11.25, 1.25, 7.5], "to": [11.75, 5.25, 8.5], "rotation": {"angle": 0, "axis": "y", "origin": [-1, 6, 8]}, "faces": { "north": {"uv": [5, 5.25, 7, 6.75], "texture": "#0"}, "east": {"uv": [5, 5, 6.75, 6.5], "texture": "#0"}, "south": {"uv": [4.75, 5.5, 6.25, 7], "texture": "#0"}, "west": {"uv": [5.25, 5.25, 6.75, 6.25], "texture": "#0"}, "up": {"uv": [5, 4.75, 7, 6.25], "texture": "#0"}, "down": {"uv": [4.5, 5, 6.5, 6.75], "texture": "#0"} } }, { "from": [11.25, 4.545, 8.5], "to": [11.75, 5.25, 8.855], "rotation": {"angle": 45, "axis": "x", "origin": [11.25, 5.25, 8.5]}, "faces": { "north": {"uv": [5, 5.25, 7, 6.75], "texture": "#0"}, "east": {"uv": [5, 5, 6.75, 6.5], "texture": "#0"}, "south": {"uv": [4.75, 5.5, 6.25, 7], "texture": "#0"}, "west": {"uv": [5.25, 5.25, 6.75, 6.25], "texture": "#0"}, "up": {"uv": [5, 4.75, 7, 6.25], "texture": "#0"}, "down": {"uv": [4.5, 5, 6.5, 6.75], "texture": "#0"} } }, { "from": [11.25, 4.295, 7.25], "to": [11.75, 5, 7.605], "rotation": {"angle": -45, "axis": "x", "origin": [11.25, 5, 7.25]}, "faces": { "north": {"uv": [5, 5.25, 7, 6.75], "texture": "#0"}, "east": {"uv": [5, 5, 6.75, 6.5], "texture": "#0"}, "south": {"uv": [4.75, 5.5, 6.25, 7], "texture": "#0"}, "west": {"uv": [5.25, 5.25, 6.75, 6.25], "texture": "#0"}, "up": {"uv": [5, 4.75, 7, 6.25], "texture": "#0"}, "down": {"uv": [4.5, 5, 6.5, 6.75], "texture": "#0"} } }, { "from": [11.25, 1.295, 7.75], "to": [11.75, 2, 8.105], "rotation": {"angle": 45, "axis": "x", "origin": [11.25, 2, 7.75]}, "faces": { "north": {"uv": [5, 5.25, 7, 6.75], "texture": "#0"}, "east": {"uv": [5, 5, 6.75, 6.5], "texture": "#0"}, "south": {"uv": [4.75, 5.5, 6.25, 7], "texture": "#0"}, "west": {"uv": [5.25, 5.25, 6.75, 6.25], "texture": "#0"}, "up": {"uv": [5, 4.75, 7, 6.25], "texture": "#0"}, "down": {"uv": [4.5, 5, 6.5, 6.75], "texture": "#0"} } }, { "from": [11.25, 1.045, 8], "to": [11.75, 1.75, 8.355], "rotation": {"angle": -45, "axis": "x", "origin": [11.25, 1.75, 8]}, "faces": { "north": {"uv": [5, 5.25, 7, 6.75], "texture": "#0"}, "east": {"uv": [5, 5, 6.75, 6.5], "texture": "#0"}, "south": {"uv": [4.75, 5.5, 6.25, 7], "texture": "#0"}, "west": {"uv": [5.25, 5.25, 6.75, 6.25], "texture": "#0"}, "up": {"uv": [5, 4.75, 7, 6.25], "texture": "#0"}, "down": {"uv": [4.5, 5, 6.5, 6.75], "texture": "#0"} } }, { "from": [11.75, 1.5, 7.05], "to": [12.25, 5.75, 8.95], "rotation": {"angle": 0, "axis": "y", "origin": [-1, 6, 7.8]}, "faces": { "north": {"uv": [0.5, 4.75, 2.5, 6.25], "texture": "#0"}, "east": {"uv": [1.5, 4.75, 3.25, 6.25], "texture": "#0"}, "south": {"uv": [1.25, 5.25, 2.75, 6.75], "texture": "#0"}, "west": {"uv": [1.75, 5, 3.25, 6], "texture": "#0"}, "up": {"uv": [0.75, 4.5, 2.75, 6], "texture": "#0"}, "down": {"uv": [1, 5, 3, 6.75], "texture": "#0"} } }, { "from": [11.75, 1.25, 7.3], "to": [12.25, 6, 8.7], "rotation": {"angle": 0, "axis": "y", "origin": [-1, 6, 8]}, "faces": { "north": {"uv": [0.5, 4.75, 2.5, 6.25], "texture": "#0"}, "east": {"uv": [1.5, 4.75, 3.25, 6.25], "texture": "#0"}, "south": {"uv": [1.25, 5.25, 2.75, 6.75], "texture": "#0"}, "west": {"uv": [1.75, 5, 3.25, 6], "texture": "#0"}, "up": {"uv": [0.75, 4.5, 2.75, 6], "texture": "#0"}, "down": {"uv": [1, 5, 3, 6.75], "texture": "#0"} } }, { "from": [9.5, 1.25, 7.75], "to": [11.25, 1.75, 8.25], "rotation": {"angle": 0, "axis": "y", "origin": [-1, 6, 8]}, "faces": { "north": {"uv": [5, 5.25, 7, 6.75], "texture": "#0"}, "east": {"uv": [5, 5, 6.75, 6.5], "texture": "#0"}, "south": {"uv": [4.75, 5.5, 6.25, 7], "texture": "#0"}, "west": {"uv": [5.25, 5.25, 6.75, 6.25], "texture": "#0"}, "up": {"uv": [5, 4.75, 7, 6.25], "texture": "#0"}, "down": {"uv": [4.5, 5, 6.5, 6.75], "texture": "#0"} } }, { "from": [10.5, 1.5, 7.75], "to": [11.25, 2.75, 8.25], "rotation": {"angle": 0, "axis": "y", "origin": [-1, 6, 8]}, "faces": { "north": {"uv": [5, 5.25, 7, 6.75], "texture": "#0"}, "east": {"uv": [5, 5, 6.75, 6.5], "texture": "#0"}, "south": {"uv": [4.75, 5.5, 6.25, 7], "texture": "#0"}, "west": {"uv": [5.25, 5.25, 6.75, 6.25], "texture": "#0"}, "up": {"uv": [5, 4.75, 7, 6.25], "texture": "#0"}, "down": {"uv": [4.5, 5, 6.5, 6.75], "texture": "#0"} } }, { "from": [8, 5.25, 8.7], "to": [11.75, 5.75, 8.95], "rotation": {"angle": 0, "axis": "y", "origin": [-1, 6, 8.2]}, "faces": { "north": {"uv": [0.5, 4.75, 2.5, 6.25], "texture": "#0"}, "east": {"uv": [1.5, 4.75, 3.25, 6.25], "texture": "#0"}, "south": {"uv": [1.25, 5.25, 2.75, 6.75], "texture": "#0"}, "west": {"uv": [1.75, 5, 3.25, 6], "texture": "#0"}, "up": {"uv": [0.75, 4.5, 2.75, 6], "texture": "#0"}, "down": {"uv": [1, 5, 3, 6.75], "texture": "#0"} } }, { "from": [8, 5.25, 7.05], "to": [11.75, 5.75, 7.3], "rotation": {"angle": 0, "axis": "y", "origin": [-1, 6, 7.8]}, "faces": { "north": {"uv": [0.5, 4.75, 2.5, 6.25], "texture": "#0"}, "east": {"uv": [1.5, 4.75, 3.25, 6.25], "texture": "#0"}, "south": {"uv": [1.25, 5.25, 2.75, 6.75], "texture": "#0"}, "west": {"uv": [1.75, 5, 3.25, 6], "texture": "#0"}, "up": {"uv": [0.75, 4.5, 2.75, 6], "texture": "#0"}, "down": {"uv": [1, 5, 3, 6.75], "texture": "#0"} } }, { "from": [8, 5.75, 7.3], "to": [11.75, 6, 8.7], "rotation": {"angle": 0, "axis": "y", "origin": [-1, 6, 8]}, "faces": { "north": {"uv": [0.5, 4.75, 2.5, 6.25], "texture": "#0"}, "east": {"uv": [1.5, 4.75, 3.25, 6.25], "texture": "#0"}, "south": {"uv": [1.25, 5.25, 2.75, 6.75], "texture": "#0"}, "west": {"uv": [1.75, 5, 3.25, 6], "texture": "#0"}, "up": {"uv": [0.75, 4.5, 2.75, 6], "texture": "#0"}, "down": {"uv": [1, 5, 3, 6.75], "texture": "#0"} } }, { "from": [11.75, 1.045, 8.2], "to": [12.25, 1.75, 8.555], "rotation": {"angle": -45, "axis": "x", "origin": [11.75, 1.75, 8.2]}, "faces": { "north": {"uv": [0.5, 4.75, 2.5, 6.25], "texture": "#0"}, "east": {"uv": [1.5, 4.75, 3.25, 6.25], "texture": "#0"}, "south": {"uv": [1.25, 5.25, 2.75, 6.75], "texture": "#0"}, "west": {"uv": [1.75, 5, 3.25, 6], "texture": "#0"}, "up": {"uv": [0.75, 4.5, 2.75, 6], "texture": "#0"}, "down": {"uv": [1, 5, 3, 6.75], "texture": "#0"} } }, { "from": [8, 5.525, 7.05], "to": [12.25, 5.75, 7.405], "rotation": {"angle": -45, "axis": "x", "origin": [8, 5.75, 7.05]}, "faces": { "north": {"uv": [0.5, 4.75, 2.5, 6.25], "texture": "#0"}, "east": {"uv": [1.5, 4.75, 3.25, 6.25], "texture": "#0"}, "south": {"uv": [1.25, 5.25, 2.75, 6.75], "texture": "#0"}, "west": {"uv": [1.75, 5, 3.25, 6], "texture": "#0"}, "up": {"uv": [0.75, 4.5, 2.75, 6], "texture": "#0"}, "down": {"uv": [1, 5, 3, 6.75], "texture": "#0"} } }, { "from": [11.75, 1.295, 7.55], "to": [12.25, 2, 7.905], "rotation": {"angle": 45, "axis": "x", "origin": [11.75, 2, 7.55]}, "faces": { "north": {"uv": [0.5, 4.75, 2.5, 6.25], "texture": "#0"}, "east": {"uv": [1.5, 4.75, 3.25, 6.25], "texture": "#0"}, "south": {"uv": [1.25, 5.25, 2.75, 6.75], "texture": "#0"}, "west": {"uv": [1.75, 5, 3.25, 6], "texture": "#0"}, "up": {"uv": [0.75, 4.5, 2.75, 6], "texture": "#0"}, "down": {"uv": [1, 5, 3, 6.75], "texture": "#0"} } }, { "from": [8, 5.775, 8.7], "to": [12.25, 6, 9.055], "rotation": {"angle": 45, "axis": "x", "origin": [8, 6, 8.7]}, "faces": { "north": {"uv": [0.5, 4.75, 2.5, 6.25], "texture": "#0"}, "east": {"uv": [1.5, 4.75, 3.25, 6.25], "texture": "#0"}, "south": {"uv": [1.25, 5.25, 2.75, 6.75], "texture": "#0"}, "west": {"uv": [1.75, 5, 3.25, 6], "texture": "#0"}, "up": {"uv": [0.75, 4.5, 2.75, 6], "texture": "#0"}, "down": {"uv": [1, 5, 3, 6.75], "texture": "#0"} } } ], "display": { "thirdperson_righthand": { "rotation": [5, -90, 0], "translation": [0, 5, -0.75], "scale": [0.85, 0.85, 0.85] }, "thirdperson_lefthand": { "rotation": [5, -90, 0], "translation": [0, 2.25, -0.75], "scale": [-0.85, 0.85, -0.85] }, "firstperson_righthand": { "rotation": [5, -90, 1], "translation": [-3.5, 5.5, 0.25], "scale": [0.9, 1, 1] }, "firstperson_lefthand": { "rotation": [5, -90, 1], "translation": [-3.5, 5.5, 0.25], "scale": [-0.9, 1, -1] }, "ground": { "rotation": [90, 0, 0], "translation": [0.5, 0.25, 0], "scale": [0.74609, 0.68359, 0.71289] }, "gui": { "rotation": [45, 50, 0], "translation": [-0.25, 2, 0], "scale": [1.01523, 0.98008, 0.84531] }, "head": { "rotation": [0, 0, -45], "translation": [1.75, -14.5, 4.75], "scale": [1.25, 1.25, 1.25] }, "fixed": { "rotation": [0, -180, 0], "translation": [-2, 3, -1.5] } }, "groups": [ { "name": "group", "origin": [17, 8, 8.7], "children": [0, 1, 2, 3, 4, 5, 6, 7, 8, 9, 10, 11, 12, 13, 14, 15, 16, 17, 18, 19, 20, 21, 22, 23, 24, 25, 26, 27, 28, 29, 30, 31, 32, 33, 34, 35, 36, 37, 38, 39, 40] } ] }