{ "credit": "Made with Blockbench", "textures": { "0": "guns/nulls_light_black", "particle": "guns/nulls_light_black" }, "elements": [ { "name": "Element", "from": [2.5, 6, 7.125], "to": [7.75, 6.5, 8.875], "rotation": {"angle": 0, "axis": "y", "origin": [-12, 6, 8]}, "faces": { "north": {"uv": [8.5, 5, 10.5, 7.125], "texture": "#0"}, "east": {"uv": [5.25, 4.75, 7.25, 6.75], "texture": "#0"}, "south": {"uv": [4.75, 4.875, 7.25, 6.875], "texture": "#0"}, "west": {"uv": [5, 5, 7, 7], "texture": "#0"}, "up": {"uv": [5, 5, 7.125, 6.875], "texture": "#0"}, "down": {"uv": [0, 0, 0, 0], "texture": "#0"} } }, { "name": "Element", "from": [3.5, 5, 7.125], "to": [4.5, 5.5, 8.875], "rotation": {"angle": 0, "axis": "y", "origin": [-12, 6, 8]}, "faces": { "north": {"uv": [8.5, 5, 10.5, 7.125], "texture": "#0"}, "east": {"uv": [5.25, 4.75, 7.25, 6.75], "texture": "#0"}, "south": {"uv": [4.75, 4.875, 7.25, 6.875], "texture": "#0"}, "west": {"uv": [0, 0, 0, 0], "texture": "#0"}, "up": {"uv": [0, 0, 0, 0], "texture": "#0"}, "down": {"uv": [4.75, 5.125, 7.25, 7.125], "texture": "#0"} } }, { "name": "Element", "from": [3, 5.5, 7.125], "to": [7.75, 6, 8.875], "rotation": {"angle": 0, "axis": "y", "origin": [-12, 6, 8]}, "faces": { "north": {"uv": [8.5, 5, 10.5, 7.125], "texture": "#0"}, "east": {"uv": [5.25, 4.75, 7.25, 6.75], "texture": "#0"}, "south": {"uv": [4.75, 4.875, 7.25, 6.875], "texture": "#0"}, "west": {"uv": [0, 0, 0, 0], "texture": "#0"}, "up": {"uv": [0, 0, 0, 0], "texture": "#0"}, "down": {"uv": [4.75, 5.125, 7.25, 7.125], "texture": "#0"} } }, { "name": "Element", "from": [6.75, 5, 7.125], "to": [7.75, 5.5, 8.875], "rotation": {"angle": 0, "axis": "y", "origin": [-12, 6, 8]}, "faces": { "north": {"uv": [8.5, 5, 10.5, 7.125], "texture": "#0"}, "east": {"uv": [0, 0, 0, 0], "texture": "#0"}, "south": {"uv": [4.75, 4.875, 7.25, 6.875], "texture": "#0"}, "west": {"uv": [5, 5, 7, 7], "texture": "#0"}, "up": {"uv": [0, 0, 0, 0], "texture": "#0"}, "down": {"uv": [4.75, 5.125, 7.25, 7.125], "texture": "#0"} } }, { "name": "Element", "from": [2.5, 4.585, 7.125], "to": [3, 6, 8.875], "rotation": {"angle": 45, "axis": "z", "origin": [2.5, 6, 7.125]}, "faces": { "north": {"uv": [8.5, 5, 10.5, 7.125], "texture": "#0"}, "east": {"uv": [0, 0, 0, 0], "texture": "#0"}, "south": {"uv": [4.75, 4.875, 7.25, 6.875], "texture": "#0"}, "west": {"uv": [5, 5, 7, 7], "texture": "#0"}, "up": {"uv": [0, 0, 0, 0], "texture": "#0"}, "down": {"uv": [4.75, 5.125, 7.25, 7.125], "texture": "#0"} } }, { "name": "Element", "from": [2.5, 6.25, 7.625], "to": [7.75, 7, 8.375], "rotation": {"angle": 0, "axis": "y", "origin": [-12, 6, 8]}, "faces": { "north": {"uv": [8.5, 5, 10.5, 7.125], "texture": "#0"}, "east": {"uv": [5.25, 4.75, 7.25, 6.75], "texture": "#0"}, "south": {"uv": [0, 0, 0, 0], "texture": "#0"}, "west": {"uv": [5, 5, 7, 7], "texture": "#0"}, "up": {"uv": [5, 5, 7.125, 6.875], "texture": "#0"}, "down": {"uv": [0, 0, 0, 0], "texture": "#0"} } }, { "name": "Element", "from": [2.5, 5.795, 7.125], "to": [7.75, 6.5, 7.83], "rotation": {"angle": -45, "axis": "x", "origin": [2.5, 6.5, 7.125]}, "faces": { "north": {"uv": [8.5, 5, 10.5, 7.125], "texture": "#0"}, "east": {"uv": [5.25, 4.75, 7.25, 6.75], "texture": "#0"}, "south": {"uv": [4.75, 4.875, 7.25, 6.875], "texture": "#0"}, "west": {"uv": [5, 5, 7, 7], "texture": "#0"}, "up": {"uv": [5, 5, 7.125, 6.875], "texture": "#0"}, "down": {"uv": [0, 0, 0, 0], "texture": "#0"} } }, { "name": "Element", "from": [2.5, 6.295, 8.375], "to": [7.75, 7, 9.08], "rotation": {"angle": 45, "axis": "x", "origin": [2.5, 7, 8.375]}, "faces": { "north": {"uv": [8.5, 5, 10.5, 7.125], "texture": "#0"}, "east": {"uv": [5.25, 4.75, 7.25, 6.75], "texture": "#0"}, "south": {"uv": [4.75, 4.875, 7.25, 6.875], "texture": "#0"}, "west": {"uv": [5, 5, 7, 7], "texture": "#0"}, "up": {"uv": [5, 5, 7.125, 6.875], "texture": "#0"}, "down": {"uv": [0, 0, 0, 0], "texture": "#0"} } }, { "name": "Element", "from": [4.375, 3, 7.125], "to": [7.75, 3.5, 8.875], "rotation": {"angle": 0, "axis": "y", "origin": [-12, 6, 8]}, "faces": { "north": {"uv": [8.5, 5, 10.5, 7.125], "texture": "#0"}, "east": {"uv": [0, 0, 0, 0], "texture": "#0"}, "south": {"uv": [1.25, 0.75, 3.75, 2.75], "texture": "#0"}, "west": {"uv": [1.25, 1.25, 3.25, 3.25], "texture": "#0"}, "up": {"uv": [1.5, 1, 3.625, 2.875], "texture": "#0"}, "down": {"uv": [0, 0, 0, 0], "texture": "#0"} } }, { "name": "Element", "from": [4.125, 2.875, 7.125], "to": [4.5, 3.25, 8.875], "rotation": {"angle": 0, "axis": "y", "origin": [-12, 6, 8]}, "faces": { "north": {"uv": [8.5, 5, 10.5, 7.125], "texture": "#0"}, "east": {"uv": [0, 0, 0, 0], "texture": "#0"}, "south": {"uv": [1.25, 0.75, 3.75, 2.75], "texture": "#0"}, "west": {"uv": [0, 0, 0, 0], "texture": "#0"}, "up": {"uv": [0, 0, 0, 0], "texture": "#0"}, "down": {"uv": [0, 0, 0, 0], "texture": "#0"} } }, { "name": "Element", "from": [6.875, 3.5, 7.25], "to": [7.75, 5, 8.75], "rotation": {"angle": 0, "axis": "y", "origin": [-12, 6, 8]}, "faces": { "north": {"uv": [8.5, 5, 10.5, 7.125], "texture": "#0"}, "east": {"uv": [0, 0, 0, 0], "texture": "#0"}, "south": {"uv": [1.25, 0.75, 3.75, 2.75], "texture": "#0"}, "west": {"uv": [1.25, 1.25, 3.25, 3.25], "texture": "#0"}, "up": {"uv": [0, 0, 0, 0], "texture": "#0"}, "down": {"uv": [0, 0, 0, 0], "texture": "#0"} } }, { "name": "Element", "from": [6.875, 3.4325, 7.4625], "to": [7.75, 4.3075, 7.9625], "rotation": {"angle": 22.5, "axis": "x", "origin": [6.875, 4.3075, 7.4625]}, "faces": { "north": {"uv": [8.5, 5, 10.5, 7.125], "texture": "#0"}, "east": {"uv": [1.5, 0.5, 3.5, 2.5], "texture": "#0"}, "south": {"uv": [0, 0, 0, 0], "texture": "#0"}, "west": {"uv": [1.25, 1.25, 3.25, 3.25], "texture": "#0"}, "up": {"uv": [0, 0, 0, 0], "texture": "#0"}, "down": {"uv": [0, 0, 0, 0], "texture": "#0"} } }, { "name": "Element", "from": [6.875, 3.23, 8.0775], "to": [7.75, 4.105, 8.5775], "rotation": {"angle": -22.5, "axis": "x", "origin": [6.875, 4.105, 8.0775]}, "faces": { "north": {"uv": [8.5, 5, 10.5, 7.125], "texture": "#0"}, "east": {"uv": [1.5, 0.5, 3.5, 2.5], "texture": "#0"}, "south": {"uv": [1.25, 0.75, 3.75, 2.75], "texture": "#0"}, "west": {"uv": [1.25, 1.25, 3.25, 3.25], "texture": "#0"}, "up": {"uv": [0, 0, 0, 0], "texture": "#0"}, "down": {"uv": [0, 0, 0, 0], "texture": "#0"} } }, { "name": "Element", "from": [5, 4.625, 7.25], "to": [6.875, 5.5, 8.75], "rotation": {"angle": 0, "axis": "y", "origin": [-12, 6, 8]}, "faces": { "north": {"uv": [8.5, 5, 10.5, 7.125], "texture": "#0"}, "east": {"uv": [0, 0, 0, 0], "texture": "#0"}, "south": {"uv": [1.25, 0.75, 3.75, 2.75], "texture": "#0"}, "west": {"uv": [1.25, 1.25, 3.25, 3.25], "texture": "#0"}, "up": {"uv": [0, 0, 0, 0], "texture": "#0"}, "down": {"uv": [0.75, 1.25, 3.25, 3.25], "texture": "#0"} } }, { "name": "Element", "from": [4.5, 4.42, 7.25], "to": [5.205, 5.125, 8.75], "rotation": {"angle": 45, "axis": "z", "origin": [4.5, 5.125, 7.25]}, "faces": { "north": {"uv": [8.5, 5, 10.5, 7.125], "texture": "#0"}, "east": {"uv": [0, 0, 0, 0], "texture": "#0"}, "south": {"uv": [1.25, 0.75, 3.75, 2.75], "texture": "#0"}, "west": {"uv": [1.25, 1.25, 3.25, 3.25], "texture": "#0"}, "up": {"uv": [1.5, 1, 3.625, 2.875], "texture": "#0"}, "down": {"uv": [0.75, 1.25, 3.25, 3.25], "texture": "#0"} } }, { "name": "Element", "from": [3.75, 3.25, 7.5], "to": [4.75, 5.125, 8.5], "rotation": {"angle": 22.5, "axis": "z", "origin": [3.75, 5.125, 7.5]}, "faces": { "north": {"uv": [8.5, 5, 10.5, 7.125], "texture": "#0"}, "east": {"uv": [0, 0, 0, 0], "texture": "#0"}, "south": {"uv": [12.625, 0.75, 14.875, 2.75], "texture": "#0"}, "west": {"uv": [12.875, 1.125, 14.875, 3.125], "texture": "#0"}, "up": {"uv": [0, 0, 0, 0], "texture": "#0"}, "down": {"uv": [0, 0, 0, 0], "texture": "#0"} } }, { "name": "Element", "from": [4.5, 3.5, 7.5], "to": [6.875, 5.5, 8.5], "rotation": {"angle": 0, "axis": "y", "origin": [-12, 6, 8]}, "faces": { "north": {"uv": [8.5, 5, 10.5, 7.125], "texture": "#0"}, "east": {"uv": [0, 0, 0, 0], "texture": "#0"}, "south": {"uv": [12.625, 0.75, 14.875, 2.75], "texture": "#0"}, "west": {"uv": [0, 0, 0, 0], "texture": "#0"}, "up": {"uv": [0, 0, 0, 0], "texture": "#0"}, "down": {"uv": [0, 0, 0, 0], "texture": "#0"} } }, { "name": "Element", "from": [6.875, 4.42, 7.25], "to": [7.58, 5.125, 8.75], "rotation": {"angle": -45, "axis": "z", "origin": [6.875, 5.125, 7.25]}, "faces": { "north": {"uv": [8.5, 5, 10.5, 7.125], "texture": "#0"}, "east": {"uv": [0, 0, 0, 0], "texture": "#0"}, "south": {"uv": [1.25, 0.75, 3.75, 2.75], "texture": "#0"}, "west": {"uv": [0, 0, 0, 0], "texture": "#0"}, "up": {"uv": [0, 0, 0, 0], "texture": "#0"}, "down": {"uv": [0.75, 1.25, 3.25, 3.25], "texture": "#0"} } }, { "name": "Element", "from": [6.375, 2.795, 7.25], "to": [7.08, 3.5, 8.75], "rotation": {"angle": 45, "axis": "z", "origin": [6.375, 3.5, 7.25]}, "faces": { "north": {"uv": [8.5, 5, 10.5, 7.125], "texture": "#0"}, "east": {"uv": [1.5, 0.5, 3.5, 2.5], "texture": "#0"}, "south": {"uv": [1.25, 0.75, 3.75, 2.75], "texture": "#0"}, "west": {"uv": [0, 0, 0, 0], "texture": "#0"}, "up": {"uv": [1.5, 1, 3.625, 2.875], "texture": "#0"}, "down": {"uv": [0, 0, 0, 0], "texture": "#0"} } }, { "name": "Element", "from": [4.25, 3.125, 7.5], "to": [4.625, 4.5, 8.5], "rotation": {"angle": 0, "axis": "y", "origin": [-12, 6, 8]}, "faces": { "north": {"uv": [8.5, 5, 10.5, 7.125], "texture": "#0"}, "east": {"uv": [0, 0, 0, 0], "texture": "#0"}, "south": {"uv": [12.625, 0.75, 14.875, 2.75], "texture": "#0"}, "west": {"uv": [12.875, 1.125, 14.875, 3.125], "texture": "#0"}, "up": {"uv": [0, 0, 0, 0], "texture": "#0"}, "down": {"uv": [0, 0, 0, 0], "texture": "#0"} } }, { "name": "Element", "from": [5.875, 2.125, 7.375], "to": [7.75, 2.875, 8.625], "rotation": {"angle": 0, "axis": "y", "origin": [-12, 6, 8]}, "faces": { "north": {"uv": [8.5, 5, 10.5, 7.125], "texture": "#0"}, "east": {"uv": [0, 0, 0, 0], "texture": "#0"}, "south": {"uv": [0, 0, 0, 0], "texture": "#0"}, "west": {"uv": [1.25, 1.25, 3.25, 3.25], "texture": "#0"}, "up": {"uv": [0, 0, 0, 0], "texture": "#0"}, "down": {"uv": [0, 0, 0, 0], "texture": "#0"} } }, { "name": "Element", "from": [5.875, 1.875, 7], "to": [7.75, 2.25, 9], "rotation": {"angle": 0, "axis": "y", "origin": [-12, 6, 8]}, "faces": { "north": {"uv": [8.5, 5, 10.5, 7.125], "texture": "#0"}, "east": {"uv": [0, 0, 0, 0], "texture": "#0"}, "south": {"uv": [1.25, 0.75, 3.75, 2.75], "texture": "#0"}, "west": {"uv": [1.25, 1.25, 3.25, 3.25], "texture": "#0"}, "up": {"uv": [1.5, 1, 3.625, 2.875], "texture": "#0"}, "down": {"uv": [0.75, 1.25, 3.25, 3.25], "texture": "#0"} } }, { "name": "Element", "from": [5.875, 1.895, 7], "to": [7.75, 2.25, 7.705], "rotation": {"angle": -45, "axis": "x", "origin": [5.875, 2.25, 7]}, "faces": { "north": {"uv": [8.5, 5, 10.5, 7.125], "texture": "#0"}, "east": {"uv": [1.5, 0.5, 3.5, 2.5], "texture": "#0"}, "south": {"uv": [0, 0, 0, 0], "texture": "#0"}, "west": {"uv": [1.25, 1.25, 3.25, 3.25], "texture": "#0"}, "up": {"uv": [1.5, 1, 3.625, 2.875], "texture": "#0"}, "down": {"uv": [0, 0, 0, 0], "texture": "#0"} } }, { "name": "Element", "from": [5.875, 2.395, 8.5], "to": [7.75, 2.75, 9.205], "rotation": {"angle": 45, "axis": "x", "origin": [5.875, 2.75, 8.5]}, "faces": { "north": {"uv": [8.5, 5, 10.5, 7.125], "texture": "#0"}, "east": {"uv": [1.5, 0.5, 3.5, 2.5], "texture": "#0"}, "south": {"uv": [1.25, 0.75, 3.75, 2.75], "texture": "#0"}, "west": {"uv": [1.25, 1.25, 3.25, 3.25], "texture": "#0"}, "up": {"uv": [1.5, 1, 3.625, 2.875], "texture": "#0"}, "down": {"uv": [0, 0, 0, 0], "texture": "#0"} } }, { "name": "Element", "from": [7.75, 1.875, 7.25], "to": [9.375, 6.375, 8.75], "rotation": {"angle": 0, "axis": "y", "origin": [-12, 6, 8]}, "faces": { "north": {"uv": [8.5, 5, 10.5, 7.125], "texture": "#0"}, "east": {"uv": [0, 0, 0, 0], "texture": "#0"}, "south": {"uv": [4.75, 4.875, 7.25, 6.875], "texture": "#0"}, "west": {"uv": [0, 0, 0, 0], "texture": "#0"}, "up": {"uv": [0, 0, 0, 0], "texture": "#0"}, "down": {"uv": [0, 0, 0, 0], "texture": "#0"} } }, { "name": "Element", "from": [7.75, 1.875, 7.5], "to": [9.375, 6.625, 8.5], "rotation": {"angle": 0, "axis": "y", "origin": [-12, 6, 8]}, "faces": { "north": {"uv": [8.5, 5, 10.5, 7.125], "texture": "#0"}, "east": {"uv": [0, 0, 0, 0], "texture": "#0"}, "south": {"uv": [0, 0, 0, 0], "texture": "#0"}, "west": {"uv": [5, 5, 7, 7], "texture": "#0"}, "up": {"uv": [5, 5, 7.125, 6.875], "texture": "#0"}, "down": {"uv": [0, 0, 0, 0], "texture": "#0"} } }, { "name": "Element", "from": [7.75, 6.27, 8.5], "to": [10.5, 6.625, 8.855], "rotation": {"angle": 45, "axis": "x", "origin": [7.75, 6.625, 8.5]}, "faces": { "north": {"uv": [8.5, 5, 10.5, 7.125], "texture": "#0"}, "east": {"uv": [5.25, 4.75, 7.25, 6.75], "texture": "#0"}, "south": {"uv": [4.75, 4.875, 7.25, 6.875], "texture": "#0"}, "west": {"uv": [5, 5, 7, 7], "texture": "#0"}, "up": {"uv": [5, 5, 7.125, 6.875], "texture": "#0"}, "down": {"uv": [0, 0, 0, 0], "texture": "#0"} } }, { "name": "Element", "from": [7.75, 6.02, 7.25], "to": [10.5, 6.375, 7.605], "rotation": {"angle": -45, "axis": "x", "origin": [7.75, 6.375, 7.25]}, "faces": { "north": {"uv": [8.5, 5, 10.5, 7.125], "texture": "#0"}, "east": {"uv": [5.25, 4.75, 7.25, 6.75], "texture": "#0"}, "south": {"uv": [4.75, 4.875, 7.25, 6.875], "texture": "#0"}, "west": {"uv": [0, 0, 0, 0], "texture": "#0"}, "up": {"uv": [5, 5, 7.125, 6.875], "texture": "#0"}, "down": {"uv": [0, 0, 0, 0], "texture": "#0"} } }, { "name": "Element", "from": [7.75, 0.645, 7.25], "to": [10.5, 1, 7.605], "rotation": {"angle": -45, "axis": "x", "origin": [7.75, 1, 7.25]}, "faces": { "north": {"uv": [8.5, 5, 10.5, 7.125], "texture": "#0"}, "east": {"uv": [5.25, 4.75, 7.25, 6.75], "texture": "#0"}, "south": {"uv": [0, 0, 0, 0], "texture": "#0"}, "west": {"uv": [1.125, 1, 3.125, 3], "texture": "#0"}, "up": {"uv": [5, 5, 7.125, 6.875], "texture": "#0"}, "down": {"uv": [4.75, 5.125, 7.25, 7.125], "texture": "#0"} } }, { "name": "Element", "from": [7.75, 0.895, 8.5], "to": [10.5, 1.25, 8.855], "rotation": {"angle": 45, "axis": "x", "origin": [7.75, 1.25, 8.5]}, "faces": { "north": {"uv": [8.5, 5, 10.5, 7.125], "texture": "#0"}, "east": {"uv": [5.25, 4.75, 7.25, 6.75], "texture": "#0"}, "south": {"uv": [4.75, 4.875, 7.25, 6.875], "texture": "#0"}, "west": {"uv": [1.25, 1, 3.25, 3], "texture": "#0"}, "up": {"uv": [5, 5, 7.125, 6.875], "texture": "#0"}, "down": {"uv": [4.75, 5.125, 7.25, 7.125], "texture": "#0"} } }, { "name": "Element", "from": [7.75, 1.895, 7], "to": [9.375, 5.77, 9], "rotation": {"angle": 0, "axis": "y", "origin": [-12, 6, 8]}, "faces": { "north": {"uv": [8.5, 5, 10.5, 7.125], "texture": "#0"}, "east": {"uv": [5.25, 4.75, 7.25, 6.75], "texture": "#0"}, "south": {"uv": [4.75, 4.875, 7.25, 6.875], "texture": "#0"}, "west": {"uv": [5, 5, 7, 7], "texture": "#0"}, "up": {"uv": [5, 5, 7.125, 6.875], "texture": "#0"}, "down": {"uv": [0, 0, 0, 0], "texture": "#0"} } }, { "name": "Element", "from": [7.75, 5.715, 7.25], "to": [9.375, 6.375, 7.875], "rotation": {"angle": 22.5, "axis": "x", "origin": [7.75, 6.375, 7.25]}, "faces": { "north": {"uv": [8.5, 5, 10.5, 7.125], "texture": "#0"}, "east": {"uv": [5.25, 4.75, 7.25, 6.75], "texture": "#0"}, "south": {"uv": [0, 0, 0, 0], "texture": "#0"}, "west": {"uv": [5, 5, 7, 7], "texture": "#0"}, "up": {"uv": [0, 0, 0, 0], "texture": "#0"}, "down": {"uv": [4.75, 5.125, 7.25, 7.125], "texture": "#0"} } }, { "name": "Element", "from": [7.75, 5.47, 8.1725], "to": [9.375, 6.13, 8.7975], "rotation": {"angle": -22.5, "axis": "x", "origin": [7.75, 6.13, 8.1725]}, "faces": { "north": {"uv": [8.5, 5, 10.5, 7.125], "texture": "#0"}, "east": {"uv": [5.25, 4.75, 7.25, 6.75], "texture": "#0"}, "south": {"uv": [4.75, 4.875, 7.25, 6.875], "texture": "#0"}, "west": {"uv": [5, 5, 7, 7], "texture": "#0"}, "up": {"uv": [0, 0, 0, 0], "texture": "#0"}, "down": {"uv": [4.75, 5.125, 7.25, 7.125], "texture": "#0"} } }, { "name": "Element", "from": [7.75, 0.945, 7], "to": [9.375, 1.605, 7.625], "rotation": {"angle": -22.5, "axis": "x", "origin": [7.75, 1.605, 7]}, "faces": { "north": {"uv": [8.5, 5, 10.5, 7.125], "texture": "#0"}, "east": {"uv": [5.25, 4.75, 7.25, 6.75], "texture": "#0"}, "south": {"uv": [0, 0, 0, 0], "texture": "#0"}, "west": {"uv": [1.375, 0.875, 3.375, 2.875], "texture": "#0"}, "up": {"uv": [0, 0, 0, 0], "texture": "#0"}, "down": {"uv": [4.75, 5.125, 7.25, 7.125], "texture": "#0"} } }, { "name": "Element", "from": [7.75, 1.185, 8.4225], "to": [9.375, 1.845, 9.0475], "rotation": {"angle": 22.5, "axis": "x", "origin": [7.75, 1.845, 8.4225]}, "faces": { "north": {"uv": [8.5, 5, 10.5, 7.125], "texture": "#0"}, "east": {"uv": [5.25, 4.75, 7.25, 6.75], "texture": "#0"}, "south": {"uv": [4.75, 4.875, 7.25, 6.875], "texture": "#0"}, "west": {"uv": [1, 1, 3, 3], "texture": "#0"}, "up": {"uv": [0, 0, 0, 0], "texture": "#0"}, "down": {"uv": [0, 0, 0, 0], "texture": "#0"} } }, { "name": "Element", "from": [9.375, 6.125, 7.5], "to": [10.5, 6.625, 8.5], "rotation": {"angle": 0, "axis": "y", "origin": [-12, 6, 8]}, "faces": { "north": {"uv": [8.5, 5, 10.5, 7.125], "texture": "#0"}, "east": {"uv": [5.25, 4.75, 7.25, 6.75], "texture": "#0"}, "south": {"uv": [0, 0, 0, 0], "texture": "#0"}, "west": {"uv": [0, 0, 0, 0], "texture": "#0"}, "up": {"uv": [5, 5, 7.125, 6.875], "texture": "#0"}, "down": {"uv": [0, 0, 0, 0], "texture": "#0"} } }, { "name": "Element", "from": [9.375, 0.75, 7.5], "to": [10.5, 1.25, 8.5], "rotation": {"angle": 0, "axis": "y", "origin": [-12, 6, 8]}, "faces": { "north": {"uv": [8.5, 5, 10.5, 7.125], "texture": "#0"}, "east": {"uv": [5.25, 4.75, 7.25, 6.75], "texture": "#0"}, "south": {"uv": [0, 0, 0, 0], "texture": "#0"}, "west": {"uv": [0, 0, 0, 0], "texture": "#0"}, "up": {"uv": [0, 0, 0, 0], "texture": "#0"}, "down": {"uv": [4.75, 5.125, 7.25, 7.125], "texture": "#0"} } }, { "name": "Element", "from": [9.375, 5.75, 7.25], "to": [10.5, 6.375, 8.75], "rotation": {"angle": 0, "axis": "y", "origin": [-12, 6, 8]}, "faces": { "north": {"uv": [8.5, 5, 10.5, 7.125], "texture": "#0"}, "east": {"uv": [5.25, 4.75, 7.25, 6.75], "texture": "#0"}, "south": {"uv": [4.75, 4.875, 7.25, 6.875], "texture": "#0"}, "west": {"uv": [0, 0, 0, 0], "texture": "#0"}, "up": {"uv": [0, 0, 0, 0], "texture": "#0"}, "down": {"uv": [4.75, 5.125, 7.25, 7.125], "texture": "#0"} } }, { "name": "Element", "from": [9.375, 1, 7.25], "to": [10.5, 1.625, 8.75], "rotation": {"angle": 0, "axis": "y", "origin": [-12, 6, 8]}, "faces": { "north": {"uv": [8.5, 5, 10.5, 7.125], "texture": "#0"}, "east": {"uv": [5.25, 4.75, 7.25, 6.75], "texture": "#0"}, "south": {"uv": [4.75, 4.875, 7.25, 6.875], "texture": "#0"}, "west": {"uv": [5, 5, 7, 7], "texture": "#0"}, "up": {"uv": [5, 5, 7.125, 6.875], "texture": "#0"}, "down": {"uv": [0, 0, 0, 0], "texture": "#0"} } }, { "name": "Element", "from": [9.4575, 3.6875, 7.25], "to": [10.5825, 6.1875, 8.75], "rotation": {"angle": -22.5, "axis": "z", "origin": [9.4575, 6.1875, 7.25]}, "faces": { "north": {"uv": [8.5, 5, 10.5, 7.125], "texture": "#0"}, "east": {"uv": [5.25, 4.75, 7.25, 6.75], "texture": "#0"}, "south": {"uv": [4.75, 4.875, 7.25, 6.875], "texture": "#0"}, "west": {"uv": [0, 0, 0, 0], "texture": "#0"}, "up": {"uv": [0, 0, 0, 0], "texture": "#0"}, "down": {"uv": [0, 0, 0, 0], "texture": "#0"} } }, { "name": "Element", "from": [8.5, 1, 7.25], "to": [9.625, 3.5, 8.75], "rotation": {"angle": 22.5, "axis": "z", "origin": [8.5, 3.5, 7.25]}, "faces": { "north": {"uv": [8.5, 5, 10.5, 7.125], "texture": "#0"}, "east": {"uv": [5.25, 4.75, 7.25, 6.75], "texture": "#0"}, "south": {"uv": [4.75, 4.875, 7.25, 6.875], "texture": "#0"}, "west": {"uv": [5, 5, 7, 7], "texture": "#0"}, "up": {"uv": [0, 0, 0, 0], "texture": "#0"}, "down": {"uv": [0, 0, 0, 0], "texture": "#0"} } }, { "name": "Element", "from": [9.125, 2, 7.25], "to": [10.125, 5.5, 8.75], "rotation": {"angle": 0, "axis": "y", "origin": [-12, 6, 8]}, "faces": { "north": {"uv": [8.5, 5, 10.5, 7.125], "texture": "#0"}, "east": {"uv": [5.25, 4.75, 7.25, 6.75], "texture": "#0"}, "south": {"uv": [4.75, 4.875, 7.25, 6.875], "texture": "#0"}, "west": {"uv": [0, 0, 0, 0], "texture": "#0"}, "up": {"uv": [0, 0, 0, 0], "texture": "#0"}, "down": {"uv": [0, 0, 0, 0], "texture": "#0"} } }, { "name": "Element", "from": [9.375, 1.61, 7], "to": [10.125, 5.77, 7.375], "rotation": {"angle": -22.5, "axis": "y", "origin": [9.375, 1.61, 7]}, "faces": { "north": {"uv": [8.5, 5, 10.5, 7.125], "texture": "#0"}, "east": {"uv": [5.25, 4.75, 7.25, 6.75], "texture": "#0"}, "south": {"uv": [4.75, 4.875, 7.25, 6.875], "texture": "#0"}, "west": {"uv": [0, 0, 0, 0], "texture": "#0"}, "up": {"uv": [5, 5, 7.125, 6.875], "texture": "#0"}, "down": {"uv": [4.75, 5.125, 7.25, 7.125], "texture": "#0"} } }, { "name": "Element", "from": [9.2275, 1.61, 8.655], "to": [9.9775, 5.77, 9.03], "rotation": {"angle": 22.5, "axis": "y", "origin": [9.2275, 1.61, 8.655]}, "faces": { "north": {"uv": [8.5, 5, 10.5, 7.125], "texture": "#0"}, "east": {"uv": [5.25, 4.75, 7.25, 6.75], "texture": "#0"}, "south": {"uv": [4.75, 4.875, 7.25, 6.875], "texture": "#0"}, "west": {"uv": [5, 5, 7, 7], "texture": "#0"}, "up": {"uv": [5, 5, 7.125, 6.875], "texture": "#0"}, "down": {"uv": [4.75, 5.125, 7.25, 7.125], "texture": "#0"} } }, { "name": "Element", "from": [7.75, 0.75, 7.5], "to": [9.375, 1.875, 8.5], "rotation": {"angle": 0, "axis": "y", "origin": [-12, 6, 8]}, "faces": { "north": {"uv": [8.5, 5, 10.5, 7.125], "texture": "#0"}, "east": {"uv": [0, 0, 0, 0], "texture": "#0"}, "south": {"uv": [0, 0, 0, 0], "texture": "#0"}, "west": {"uv": [0.75, 0.75, 2.75, 2.75], "texture": "#0"}, "up": {"uv": [0, 0, 0, 0], "texture": "#0"}, "down": {"uv": [4.75, 5.125, 7.25, 7.125], "texture": "#0"} } }, { "name": "Element", "from": [7.75, 1.605, 7], "to": [9.375, 1.98, 9], "rotation": {"angle": 0, "axis": "y", "origin": [-12, 6, 8]}, "faces": { "north": {"uv": [8.5, 5, 10.5, 7.125], "texture": "#0"}, "east": {"uv": [5.25, 4.75, 7.25, 6.75], "texture": "#0"}, "south": {"uv": [4.75, 4.875, 7.25, 6.875], "texture": "#0"}, "west": {"uv": [0.75, 1, 2.75, 3], "texture": "#0"}, "up": {"uv": [0, 0, 0, 0], "texture": "#0"}, "down": {"uv": [4.75, 5.125, 7.25, 7.125], "texture": "#0"} } } ], "display": { "thirdperson_righthand": { "rotation": [5, -90, 0], "translation": [0, 4.25, 1.25], "scale": [0.75, 0.75, 0.75] }, "thirdperson_lefthand": { "rotation": [5, -90, 0], "translation": [0, 2.25, -0.75], "scale": [-0.75, 0.75, -0.75] }, "firstperson_righthand": { "rotation": [2, -90, 0], "translation": [3.5, 0.25, -13.96], "scale": [1.5, 1.5, 1.5] }, "firstperson_lefthand": { "rotation": [2, -90, 0], "translation": [21.75, -3.25, -13.96], "scale": [-1.5, 1.5, -1.5] }, "ground": { "rotation": [90, 0, 0], "translation": [0, 0.5, 1], "scale": [0.55, 0.55, 0.55] }, "gui": { "rotation": [45, 55, 0], "translation": [0.6, 3.75, 0], "scale": [1.28438, 1.29219, 0.9582] }, "head": { "rotation": [0, 0, -45], "translation": [-1, -12, 4.5], "scale": [1.15, 1.15, 1.15] }, "fixed": { "translation": [-1, 2.5, -2] } }, "groups": [ { "name": "group", "origin": [8, 8, 8], "children": [0, 1, 2, 3, 4, 5, 6, 7, 8, 9, 10, 11, 12, 13, 14, 15, 16, 17, 18, 19, 20, 21, 22, 23, 24, 25, 26, 27, 28, 29, 30, 31, 32, 33, 34, 35, 36, 37, 38, 39, 40, 41, 42, 43, 44, 45] } ] }