{ "credit": "Made with Blockbench", "textures": { "0": "block/fluffycathat", "particle": "block/fluffycathat" }, "elements": [ { "from": [4.5, 8.5, 4.5], "to": [11.5, 11, 11.5], "rotation": {"angle": 0, "axis": "y", "origin": [5, 5, 5]}, "faces": { "north": {"uv": [0, 0.5, 7, 3], "texture": "#0"}, "east": {"uv": [7, 0.5, 14, 3], "texture": "#0"}, "south": {"uv": [0, 4.5, 7, 7], "texture": "#0"}, "west": {"uv": [14, 0.5, 7, 3], "texture": "#0"}, "up": {"uv": [0, 9, 7, 16], "texture": "#0"}, "down": {"uv": [0, 2.5, 7, 3], "texture": "#0"} } }, { "from": [4.5, 8, 5], "to": [11.5, 8.5, 11.5], "rotation": {"angle": 0, "axis": "y", "origin": [5, 5, 5]}, "faces": { "north": {"uv": [0, 3, 7, 3.5], "texture": "#0"}, "east": {"uv": [7, 3, 13.5, 3.5], "texture": "#0"}, "south": {"uv": [0, 7, 7, 7.5], "texture": "#0"}, "west": {"uv": [13.5, 3, 7, 3.5], "texture": "#0"}, "down": {"uv": [0, 3, 7, 3.5], "texture": "#0"} } }, { "from": [4.5, 7.5, 8.5], "to": [11.5, 8, 11.5], "rotation": {"angle": 0, "axis": "y", "origin": [5, 5, 5]}, "faces": { "north": {"uv": [7, 3.5, 10, 4], "texture": "#0"}, "east": {"uv": [7, 3.5, 10, 4], "texture": "#0"}, "south": {"uv": [0, 7.5, 7, 8], "texture": "#0"}, "west": {"uv": [7, 3.5, 10, 4], "texture": "#0"}, "up": {"uv": [7, 3.5, 10, 4], "texture": "#0"}, "down": {"uv": [7, 3.5, 10, 4], "texture": "#0"} } }, { "from": [4.5, 7, 10.5], "to": [11.5, 7.5, 11.5], "rotation": {"angle": 0, "axis": "y", "origin": [5, 5, 5]}, "faces": { "north": {"uv": [7.5, 4, 8, 4.5], "texture": "#0"}, "east": {"uv": [7, 4, 8, 4.5], "texture": "#0"}, "south": {"uv": [0, 8, 7, 8.5], "texture": "#0"}, "west": {"uv": [8, 4, 7, 4.5], "texture": "#0"}, "down": {"uv": [7, 4, 8, 4.5], "texture": "#0"} } }, { "from": [6, 6.5, 11], "to": [10, 7, 11.5], "rotation": {"angle": 0, "axis": "y", "origin": [5, 5, 5]}, "faces": { "north": {"uv": [1.5, 8.5, 5.5, 9], "texture": "#0"}, "east": {"uv": [5, 8.5, 5.5, 9], "texture": "#0"}, "south": {"uv": [1.5, 8.5, 5.5, 9], "texture": "#0"}, "west": {"uv": [1.5, 8.5, 2, 9], "texture": "#0"}, "up": {"uv": [1.5, 8.5, 5.5, 9], "texture": "#0"}, "down": {"uv": [1.5, 8.5, 5.5, 9], "texture": "#0"} } }, { "from": [10.5, 8, 4.5], "to": [11.5, 8.5, 5], "rotation": {"angle": 0, "axis": "y", "origin": [5, 5, 5]}, "faces": { "north": {"uv": [0, 3, 1, 3.5], "texture": "#0"}, "east": {"uv": [0, 3, 0.5, 3.5], "texture": "#0"}, "south": {"uv": [0, 3, 1, 3.5], "texture": "#0"}, "west": {"uv": [0.5, 3, 1, 3.5], "texture": "#0"}, "up": {"uv": [0, 3, 1, 3.5], "texture": "#0"}, "down": {"uv": [0, 3, 1, 3.5], "texture": "#0"} } }, { "from": [4.5, 8, 4.5], "to": [5.5, 8.5, 5], "rotation": {"angle": 0, "axis": "y", "origin": [11, 5, 5]}, "faces": { "north": {"uv": [6, 3, 7, 3.5], "texture": "#0"}, "east": {"uv": [6, 3, 6.5, 3.5], "texture": "#0"}, "south": {"uv": [6, 3, 7, 3.5], "texture": "#0"}, "west": {"uv": [6.5, 3, 7, 3.5], "texture": "#0"}, "up": {"uv": [6, 3, 7, 3.5], "texture": "#0"}, "down": {"uv": [6, 3, 7, 3.5], "texture": "#0"} } }, { "from": [11, 6.5, 5], "to": [11.5, 8, 8.5], "rotation": {"angle": 0, "axis": "y", "origin": [5, 5, 5]}, "faces": { "north": {"uv": [13, 3.5, 13.5, 5], "texture": "#0"}, "east": {"uv": [10, 3.5, 13.5, 5], "texture": "#0"}, "south": {"uv": [10, 3.5, 10.5, 5], "texture": "#0"}, "west": {"uv": [13.5, 3.5, 10, 5], "texture": "#0"}, "down": {"uv": [10, 4.5, 13.5, 5], "texture": "#0"} } }, { "from": [11, 5.5, 5.5], "to": [11.5, 6.5, 8], "rotation": {"angle": 0, "axis": "y", "origin": [5, 5, 5]}, "faces": { "north": {"uv": [12.5, 5, 13, 6], "texture": "#0"}, "east": {"uv": [10.5, 5, 13, 6], "texture": "#0"}, "south": {"uv": [10.5, 5, 11, 6], "texture": "#0"}, "west": {"uv": [13, 5, 10.5, 6], "texture": "#0"}, "down": {"uv": [10.5, 5.5, 13, 6], "texture": "#0"} } }, { "from": [11, 5, 6.5], "to": [11.5, 5.5, 7.5], "rotation": {"angle": 0, "axis": "y", "origin": [5, 5, 5]}, "faces": { "north": {"uv": [11.5, 6, 12, 6.5], "texture": "#0"}, "east": {"uv": [11, 6, 12, 6.5], "texture": "#0"}, "south": {"uv": [11, 6, 11.5, 6.5], "texture": "#0"}, "west": {"uv": [12, 6, 11, 6.5], "texture": "#0"}, "up": {"uv": [11, 6, 12, 6.5], "texture": "#0"}, "down": {"uv": [11, 6, 12, 6.5], "texture": "#0"} } }, { "from": [4.5, 6.5, 5], "to": [5, 8, 8.5], "rotation": {"angle": 0, "axis": "y", "origin": [11, 5, 5]}, "faces": { "north": {"uv": [13.5, 3.5, 13, 5], "texture": "#0"}, "east": {"uv": [10, 3.5, 13.5, 5], "texture": "#0"}, "south": {"uv": [10.5, 3.5, 10, 5], "texture": "#0"}, "west": {"uv": [13.5, 3.5, 10, 5], "texture": "#0"}, "down": {"uv": [13.5, 4.5, 10, 5], "texture": "#0"} } }, { "from": [4.5, 5.5, 5.5], "to": [5, 6.5, 8], "rotation": {"angle": 0, "axis": "y", "origin": [11, 5, 5]}, "faces": { "north": {"uv": [13, 5, 12.5, 6], "texture": "#0"}, "east": {"uv": [10.5, 5, 13, 6], "texture": "#0"}, "south": {"uv": [11, 5, 10.5, 6], "texture": "#0"}, "west": {"uv": [13, 5, 10.5, 6], "texture": "#0"}, "down": {"uv": [13, 5.5, 10.5, 6], "texture": "#0"} } }, { "from": [4.5, 5, 6.5], "to": [5, 5.5, 7.5], "rotation": {"angle": 0, "axis": "y", "origin": [11, 5, 5]}, "faces": { "north": {"uv": [12, 6, 11.5, 6.5], "texture": "#0"}, "east": {"uv": [11, 6, 12, 6.5], "texture": "#0"}, "south": {"uv": [11.5, 6, 11, 6.5], "texture": "#0"}, "west": {"uv": [12, 6, 11, 6.5], "texture": "#0"}, "up": {"uv": [12, 6, 11, 6.5], "texture": "#0"}, "down": {"uv": [12, 6, 11, 6.5], "texture": "#0"} } }, { "from": [5, 11, 5], "to": [11, 11.5, 11], "rotation": {"angle": 0, "axis": "y", "origin": [5, 5, 5]}, "faces": { "north": {"uv": [0.5, 0, 6.5, 0.5], "texture": "#0"}, "east": {"uv": [0.5, 0, 6.5, 0.5], "texture": "#0"}, "south": {"uv": [0.5, 0, 6.5, 0.5], "texture": "#0"}, "west": {"uv": [0.5, 0, 6.5, 0.5], "texture": "#0"}, "up": {"uv": [0.5, 9.5, 6.5, 15.5], "texture": "#0"} } }, { "from": [9.5, 11, 5], "to": [11.5, 13, 6.5], "rotation": {"angle": 0, "axis": "y", "origin": [10.375, 12.625, 6.25]}, "faces": { "north": {"uv": [7.5, 14, 9.5, 16], "texture": "#0"}, "east": {"uv": [9.5, 14, 11, 16], "texture": "#0"}, "south": {"uv": [9.5, 14, 7.5, 16], "texture": "#0"}, "west": {"uv": [12.5, 14, 14.5, 16], "texture": "#0"}, "up": {"uv": [9.5, 12.5, 11.5, 14], "texture": "#0"} } }, { "from": [9.5, 13, 5], "to": [11, 13.5, 6.5], "rotation": {"angle": 0, "axis": "y", "origin": [10.375, 12.625, 6.25]}, "faces": { "north": {"uv": [8, 13.5, 9.5, 14], "texture": "#0"}, "east": {"uv": [11, 14, 12.5, 14.5], "texture": "#0"}, "south": {"uv": [9.5, 13.5, 8, 14], "texture": "#0"}, "west": {"uv": [11.5, 13.5, 13, 14], "texture": "#0"}, "up": {"uv": [11, 14.5, 12.5, 16], "texture": "#0"} } }, { "from": [5, 13, 5], "to": [6.5, 13.5, 6.5], "rotation": {"angle": 0, "axis": "y", "origin": [5.625, 12.625, 6.25]}, "faces": { "north": {"uv": [9.5, 13.5, 8, 14], "texture": "#0"}, "east": {"uv": [13, 13.5, 11.5, 14], "texture": "#0"}, "south": {"uv": [8, 13.5, 9.5, 14], "texture": "#0"}, "west": {"uv": [12.5, 14, 11, 14.5], "texture": "#0"}, "up": {"uv": [12.5, 14.5, 11, 16], "texture": "#0"} } }, { "from": [4.5, 11, 5], "to": [6.5, 13, 6.5], "rotation": {"angle": 0, "axis": "y", "origin": [5.625, 12.625, 6.25]}, "faces": { "north": {"uv": [9.5, 14, 7.5, 16], "texture": "#0"}, "east": {"uv": [14.5, 14, 12.5, 16], "texture": "#0"}, "south": {"uv": [7.5, 14, 9.5, 16], "texture": "#0"}, "west": {"uv": [11, 14, 9.5, 16], "texture": "#0"}, "up": {"uv": [11.5, 12.5, 9.5, 14], "texture": "#0"} } }, { "from": [11, 2.375, 5.675], "to": [11.5, 4.875, 5.7], "rotation": {"angle": 22.5, "axis": "x", "origin": [8, 2.875, 6.50625]}, "faces": { "north": {"uv": [9.5, 7, 10.5, 9], "texture": "#0"}, "south": {"uv": [9.5, 7, 10, 9.5], "texture": "#0"}, "down": {"uv": [11, 6, 12, 6.5], "texture": "#0"} } }, { "from": [10.75, 0.875, 5.175], "to": [11.75, 2.375, 6.175], "rotation": {"angle": 22.5, "axis": "x", "origin": [8, 2.875, 6.50625]}, "faces": { "north": {"uv": [13, 8.5, 15, 12.5], "texture": "#0"}, "east": {"uv": [13, 6.5, 15, 8.5], "texture": "#0"}, "south": {"uv": [11, 7.5, 12, 8.5], "texture": "#0"}, "west": {"uv": [11, 7.5, 12, 8.5], "texture": "#0"}, "up": {"uv": [13, 6.5, 15, 8.5], "texture": "#0"}, "down": {"uv": [11, 7.5, 12, 8.5], "texture": "#0"} } }, { "from": [10.75, 1.125, 4.925], "to": [11.75, 2.125, 6.425], "rotation": {"angle": 22.5, "axis": "x", "origin": [8, 2.875, 6.50625]}, "faces": { "north": {"uv": [13, 6.5, 15, 8.5], "texture": "#0"}, "east": {"uv": [11, 7.5, 12, 8.5], "texture": "#0"}, "south": {"uv": [13, 6.5, 15, 8.5], "texture": "#0"}, "west": {"uv": [11, 7.5, 12, 8.5], "texture": "#0"}, "up": {"uv": [8, 9, 10, 13], "texture": "#0"}, "down": {"uv": [10, 9, 8, 13], "texture": "#0"} } }, { "from": [10.5, 1.55729, 4.66425], "to": [12, 2.55729, 5.66425], "rotation": {"angle": 22.5, "axis": "x", "origin": [11.25, 1.80729, 5.16425]}, "faces": { "north": {"uv": [12, 9, 16, 11], "texture": "#0"}, "east": {"uv": [13, 6.5, 15, 8.5], "texture": "#0"}, "south": {"uv": [11, 7.5, 12, 8.5], "texture": "#0"}, "west": {"uv": [13, 6.5, 15, 8.5], "texture": "#0"}, "up": {"uv": [7, 10, 11, 12], "texture": "#0"}, "down": {"uv": [11, 7.5, 12, 8.5], "texture": "#0"} } }, { "from": [4.25, 0.875, 5.175], "to": [5.25, 2.375, 6.175], "rotation": {"angle": 22.5, "axis": "x", "origin": [8, 2.875, 6.50625]}, "faces": { "north": {"uv": [15, 8.5, 13, 12.5], "texture": "#0"}, "east": {"uv": [12, 7.5, 11, 8.5], "texture": "#0"}, "south": {"uv": [12, 7.5, 11, 8.5], "texture": "#0"}, "west": {"uv": [15, 6.5, 13, 8.5], "texture": "#0"}, "up": {"uv": [15, 6.5, 13, 8.5], "texture": "#0"}, "down": {"uv": [12, 7.5, 11, 8.5], "texture": "#0"} } }, { "from": [4.25, 1.125, 4.925], "to": [5.25, 2.125, 6.425], "rotation": {"angle": 22.5, "axis": "x", "origin": [8, 2.875, 6.50625]}, "faces": { "north": {"uv": [15, 6.5, 13, 8.5], "texture": "#0"}, "east": {"uv": [12, 7.5, 11, 8.5], "texture": "#0"}, "south": {"uv": [15, 6.5, 13, 8.5], "texture": "#0"}, "west": {"uv": [12, 7.5, 11, 8.5], "texture": "#0"}, "up": {"uv": [10, 9, 8, 13], "texture": "#0"}, "down": {"uv": [8, 9, 10, 13], "texture": "#0"} } }, { "from": [4, 1.55729, 4.66425], "to": [5.5, 2.55729, 5.66425], "rotation": {"angle": 22.5, "axis": "x", "origin": [4.75, 1.80729, 5.16425]}, "faces": { "north": {"uv": [16, 9, 12, 11], "texture": "#0"}, "east": {"uv": [15, 6.5, 13, 8.5], "texture": "#0"}, "south": {"uv": [12, 7.5, 11, 8.5], "texture": "#0"}, "west": {"uv": [15, 6.5, 13, 8.5], "texture": "#0"}, "up": {"uv": [11, 10, 7, 12], "texture": "#0"}, "down": {"uv": [12, 7.5, 11, 8.5], "texture": "#0"} } }, { "from": [4.5, 2.375, 5.675], "to": [5, 4.875, 5.7], "rotation": {"angle": 22.5, "axis": "x", "origin": [8, 2.875, 6.50625]}, "faces": { "north": {"uv": [10.5, 7, 9.5, 9], "texture": "#0"}, "south": {"uv": [10, 7, 9.5, 9.5], "texture": "#0"}, "down": {"uv": [12, 6, 11, 6.5], "texture": "#0"} } } ], "display": { "thirdperson_righthand": { "rotation": [53, 0, 0], "scale": [0.59, 0.59, 0.59] }, "thirdperson_lefthand": { "rotation": [53, 0, 0], "scale": [0.59, 0.59, 0.59] }, "firstperson_righthand": { "rotation": [0, 116, 0], "translation": [0.75, 1.75, 0] }, "firstperson_lefthand": { "rotation": [0, 116, 0], "translation": [0.75, 1.75, 0] }, "ground": { "rotation": [50, 0, 0], "translation": [0, 0.75, 1.5] }, "gui": { "rotation": [-6, -145, 0], "translation": [-0.25, 0.25, 0], "scale": [1.16, 1.16, 1.16] }, "head": { "translation": [0, 0.75, 0], "scale": [2.09, 2.09, 2.09] }, "fixed": { "rotation": [-90, 0, 0], "translation": [0, 0, -1.5], "scale": [2.29, 2.29, 2.29] } } }