{ "credit": "Made with Blockbench", "textures": { "0": "block/facemaskfrontline", "particle": "block/facemaskfrontline" }, "elements": [ { "from": [4, 11.5, 4], "to": [12, 12, 12], "rotation": {"angle": 0, "axis": "y", "origin": [4, 4, 4]}, "faces": { "north": {"uv": [0.5, 8, 8.5, 8.5], "texture": "#0"}, "east": {"uv": [0.5, 8, 8.5, 8.5], "texture": "#0"}, "south": {"uv": [0.5, 8, 8.5, 8.5], "texture": "#0"}, "west": {"uv": [0.5, 8, 8.5, 8.5], "texture": "#0"}, "up": {"uv": [0.5, 8, 8.5, 8.5], "texture": "#0"}, "down": {"uv": [0.5, 8, 8.5, 8.5], "texture": "#0"} } }, { "from": [4, 4, 3.5], "to": [12, 6, 4], "rotation": {"angle": 0, "axis": "y", "origin": [4, 4, 4]}, "faces": { "north": {"uv": [0.5, 14, 8.5, 16], "texture": "#0"}, "east": {"uv": [0.5, 14, 1, 16], "texture": "#0"}, "west": {"uv": [8, 14, 8.5, 16], "texture": "#0"}, "up": {"uv": [0.5, 14, 8.5, 14.5], "texture": "#0"}, "down": {"uv": [0.5, 15.5, 8.5, 16], "texture": "#0"} } }, { "from": [7, 6, 3.5], "to": [9, 6.5, 3.75], "rotation": {"angle": 0, "axis": "y", "origin": [4, 4, 4]}, "faces": { "north": {"uv": [3.5, 13.5, 5.5, 14], "texture": "#0"}, "east": {"uv": [3.5, 13.5, 4, 14], "texture": "#0"}, "south": {"uv": [3.5, 13.5, 5.5, 14], "texture": "#0"}, "west": {"uv": [5, 13.5, 5.5, 14], "texture": "#0"}, "up": {"uv": [3.5, 13.5, 5.5, 14], "texture": "#0"}, "down": {"uv": [3.5, 13.5, 5.5, 14], "texture": "#0"} } }, { "from": [7.5, 6.5, 3.5], "to": [8.5, 7, 3.75], "rotation": {"angle": 0, "axis": "y", "origin": [4, 4, 4]}, "faces": { "north": {"uv": [4, 13, 5, 13.5], "texture": "#0"}, "east": {"uv": [4, 13, 5, 13.5], "texture": "#0"}, "south": {"uv": [4, 13, 5, 13.5], "texture": "#0"}, "west": {"uv": [4, 13, 5, 13.5], "texture": "#0"}, "up": {"uv": [4, 13, 5, 13.5], "texture": "#0"}, "down": {"uv": [4, 13, 5, 13.5], "texture": "#0"} } }, { "from": [11.5, 6, 3.5], "to": [12, 6.5, 4], "rotation": {"angle": 0, "axis": "y", "origin": [4, 4, 4]}, "faces": { "north": {"uv": [0.5, 13.5, 1, 14], "texture": "#0"}, "east": {"uv": [0.5, 13.5, 1, 14], "texture": "#0"}, "south": {"uv": [0.5, 13.5, 1, 14], "texture": "#0"}, "west": {"uv": [0.5, 13.5, 1, 14], "texture": "#0"}, "up": {"uv": [0.5, 13.5, 1, 14], "texture": "#0"}, "down": {"uv": [0.5, 13.5, 1, 14], "texture": "#0"} } }, { "from": [4, 6, 3.5], "to": [4.5, 6.5, 4], "rotation": {"angle": 0, "axis": "y", "origin": [12, 4, 4]}, "faces": { "north": {"uv": [0.5, 13.5, 1, 14], "texture": "#0"}, "east": {"uv": [0.5, 13.5, 1, 14], "texture": "#0"}, "south": {"uv": [0.5, 13.5, 1, 14], "texture": "#0"}, "west": {"uv": [0.5, 13.5, 1, 14], "texture": "#0"}, "up": {"uv": [0.5, 13.5, 1, 14], "texture": "#0"}, "down": {"uv": [0.5, 13.5, 1, 14], "texture": "#0"} } }, { "from": [3.5, 4, 4], "to": [12.5, 6.5, 7], "rotation": {"angle": 0, "axis": "y", "origin": [4, 4, 4]}, "faces": { "north": {"uv": [0, 13.5, 0.5, 16], "texture": "#0"}, "east": {"uv": [13, 12, 16, 14.5], "texture": "#0"}, "south": {"uv": [9, 0, 16, 0.5], "texture": "#0"}, "west": {"uv": [16, 12, 13, 14.5], "texture": "#0"}, "up": {"uv": [11, 12.5, 11.5, 13], "texture": "#0"}, "down": {"uv": [13, 14, 16, 14.5], "texture": "#0"} } }, { "from": [3.5, 4, 7], "to": [12.5, 6, 9], "rotation": {"angle": 0, "axis": "y", "origin": [4, 4, 4]}, "faces": { "east": {"uv": [11, 12.5, 13, 14.5], "texture": "#0"}, "south": {"uv": [9, 0, 16, 0.5], "texture": "#0"}, "west": {"uv": [13, 12.5, 11, 14.5], "texture": "#0"}, "up": {"uv": [11, 12.5, 11.5, 13], "texture": "#0"}, "down": {"uv": [11, 14, 13, 14.5], "texture": "#0"} } }, { "from": [3.5, 4, 9], "to": [12.5, 5.5, 10], "rotation": {"angle": 0, "axis": "y", "origin": [4, 4, 4]}, "faces": { "east": {"uv": [10, 13, 11, 14.5], "texture": "#0"}, "south": {"uv": [9, 0, 16, 0.5], "texture": "#0"}, "west": {"uv": [11, 13, 10, 14.5], "texture": "#0"}, "up": {"uv": [11, 12.5, 11.5, 13], "texture": "#0"}, "down": {"uv": [10, 14, 11, 14.5], "texture": "#0"} } }, { "from": [3.5, 4, 10], "to": [12.5, 5, 10.5], "rotation": {"angle": 0, "axis": "y", "origin": [4, 4, 4]}, "faces": { "east": {"uv": [9.5, 13.5, 10, 14.5], "texture": "#0"}, "south": {"uv": [9, 0, 16, 0.5], "texture": "#0"}, "west": {"uv": [10, 13.5, 9.5, 14.5], "texture": "#0"}, "up": {"uv": [11, 12.5, 11.5, 13], "texture": "#0"}, "down": {"uv": [9.5, 14.5, 10, 14.5], "texture": "#0"} } }, { "from": [4, 6, 3.75], "to": [12, 8.5, 4], "rotation": {"angle": 0, "axis": "y", "origin": [4, 4, 4]}, "faces": { "north": {"uv": [0.5, 11.5, 8.5, 14], "texture": "#0"}, "east": {"uv": [0.5, 11.5, 1, 14], "texture": "#0"}, "west": {"uv": [0.5, 11.5, 1, 14], "texture": "#0"} } }, { "from": [4, 8.5, 3.5], "to": [12, 9, 12.5], "rotation": {"angle": 0, "axis": "y", "origin": [4, 4, 4]}, "faces": { "north": {"uv": [0.5, 11, 8.5, 11.5], "texture": "#0"}, "east": {"uv": [8, 11, 8.5, 11.5], "texture": "#0"}, "south": {"uv": [0.5, 11, 8.5, 11.5], "texture": "#0"}, "west": {"uv": [8, 11, 8.5, 11.5], "texture": "#0"}, "up": {"uv": [0.5, 11, 8.5, 11.5], "texture": "#0"}, "down": {"uv": [0.5, 11, 8.5, 11.5], "texture": "#0"} } }, { "from": [3.75, 6.5, 4], "to": [12.25, 8.5, 8], "rotation": {"angle": 0, "axis": "y", "origin": [4, 4, 4]}, "faces": { "north": {"uv": [15.5, 8, 16, 10], "texture": "#0"}, "east": {"uv": [12, 8, 16, 10], "texture": "#0"}, "south": {"uv": [12, 8, 16, 10], "texture": "#0"}, "west": {"uv": [16, 8, 12, 10], "texture": "#0"}, "up": {"uv": [12, 8, 16, 10], "texture": "#0"}, "down": {"uv": [12, 8, 16, 10], "texture": "#0"} } }, { "from": [3.75, 7, 8], "to": [12.25, 8.5, 12], "rotation": {"angle": 0, "axis": "y", "origin": [4, 4, 4]}, "faces": { "north": {"uv": [12, 10, 16, 11.5], "texture": "#0"}, "east": {"uv": [12, 10, 16, 11.5], "texture": "#0"}, "south": {"uv": [12, 10, 16, 11.5], "texture": "#0"}, "west": {"uv": [16, 10, 12, 11.5], "texture": "#0"}, "up": {"uv": [12, 10, 16, 11.5], "texture": "#0"}, "down": {"uv": [12, 10, 16, 11.5], "texture": "#0"} } }, { "from": [3.5, 8.5, 4], "to": [12.5, 9, 12], "rotation": {"angle": 0, "axis": "y", "origin": [12, 4, 4]}, "faces": { "north": {"uv": [0.5, 11, 1, 11.5], "texture": "#0"}, "east": {"uv": [0.5, 11, 8.5, 11.5], "texture": "#0"}, "south": {"uv": [0.5, 11, 1, 11.5], "texture": "#0"}, "west": {"uv": [0.5, 11, 8.5, 11.5], "texture": "#0"}, "up": {"uv": [0.5, 11, 8.5, 11.5], "texture": "#0"}, "down": {"uv": [0.5, 11, 8.5, 11.5], "texture": "#0"} } }, { "from": [3.5, 9, 3.5], "to": [12.5, 11.5, 12.5], "rotation": {"angle": 0, "axis": "y", "origin": [4, 4, 4]}, "faces": { "north": {"uv": [0, 8.5, 9, 11], "texture": "#0"}, "east": {"uv": [0, 8.5, 9, 11], "texture": "#0"}, "south": {"uv": [0, 8.5, 9, 11], "texture": "#0"}, "west": {"uv": [0, 8.5, 9, 11], "texture": "#0"}, "up": {"uv": [0, 8.5, 9, 11], "texture": "#0"}, "down": {"uv": [0, 8.5, 9, 11], "texture": "#0"} } }, { "from": [4, 3.5, 4], "to": [12, 4, 11], "rotation": {"angle": 0, "axis": "y", "origin": [4, 4, 4]}, "faces": { "north": {"uv": [9, 15.5, 16, 16], "texture": "#0"}, "east": {"uv": [9, 15, 16, 15.5], "texture": "#0"}, "south": {"uv": [9, 0, 16, 0.5], "texture": "#0"}, "west": {"uv": [16, 15, 9, 15.5], "texture": "#0"}, "up": {"uv": [9, 0, 16, 0.5], "texture": "#0"}, "down": {"uv": [9, 0, 16, 7], "texture": "#0"} } }, { "from": [4, 7, 12], "to": [12, 8.5, 12.25], "rotation": {"angle": 0, "axis": "y", "origin": [4, 4, 4]}, "faces": { "north": {"uv": [0.5, 6, 8.5, 7.5], "texture": "#0"}, "east": {"uv": [0.5, 6, 1, 7.5], "texture": "#0"}, "south": {"uv": [0.5, 6, 8.5, 7.5], "texture": "#0"}, "west": {"uv": [0.5, 6, 1, 7.5], "texture": "#0"}, "up": {"uv": [0.5, 6, 8.5, 6.5], "texture": "#0"}, "down": {"uv": [0.5, 7, 8.5, 7.5], "texture": "#0"} } }, { "from": [4, 4, 7], "to": [12, 7, 12], "rotation": {"angle": 0, "axis": "y", "origin": [4, 4, 4]}, "faces": { "north": {"uv": [0, 8.5, 9, 11], "texture": "#0"}, "east": {"uv": [0, 8.5, 9, 11], "texture": "#0"}, "south": {"uv": [0, 8.5, 9, 11], "texture": "#0"}, "west": {"uv": [0, 8.5, 9, 11], "texture": "#0"}, "up": {"uv": [0, 8.5, 9, 11], "texture": "#0"}, "down": {"uv": [0, 8.5, 9, 11], "texture": "#0"} } }, { "from": [2.75, 6, 6], "to": [13.25, 8.5, 10], "rotation": {"angle": 0, "axis": "y", "origin": [3.5, 4, 4]}, "faces": { "north": {"uv": [4.5, 0.5, 4, 3], "texture": "#0"}, "east": {"uv": [0.5, 0.5, 4.5, 3], "texture": "#0"}, "south": {"uv": [1, 0.5, 0.5, 3], "texture": "#0"}, "west": {"uv": [4.5, 0.5, 0.5, 3], "texture": "#0"}, "up": {"uv": [4.5, 0.5, 0.5, 1], "texture": "#0"}, "down": {"uv": [4.5, 2.5, 0.5, 3], "texture": "#0"} } }, { "from": [2.75, 5.5, 6.5], "to": [13.25, 9, 9.5], "rotation": {"angle": 0, "axis": "y", "origin": [3.5, 4, 4]}, "faces": { "north": {"uv": [1.5, 0, 1, 3.5], "texture": "#0"}, "east": {"uv": [1, 0, 4, 3.5], "texture": "#0"}, "south": {"uv": [4, 0, 3.5, 3.5], "texture": "#0"}, "west": {"uv": [4, 0, 1, 3.5], "texture": "#0"}, "up": {"uv": [1, 0, 4, 0.5], "texture": "#0"}, "down": {"uv": [1, 3, 4, 3.5], "texture": "#0"} } }, { "from": [3, 9, 7], "to": [13, 11, 9], "rotation": {"angle": 0, "axis": "y", "origin": [3.5, 4, 4]}, "faces": { "north": {"uv": [6.5, 0, 7, 2], "texture": "#0"}, "east": {"uv": [5, 0, 7, 2], "texture": "#0"}, "south": {"uv": [5, 0, 5.5, 2], "texture": "#0"}, "west": {"uv": [5, 0, 7, 2], "texture": "#0"}, "up": {"uv": [5, 0, 7, 0.5], "texture": "#0"}, "down": {"uv": [5, 1.5, 7, 2], "texture": "#0"} } }, { "from": [3.25, 11, 7.5], "to": [12.75, 12, 8.5], "rotation": {"angle": 0, "axis": "y", "origin": [3.5, 4, 4]}, "faces": { "north": {"uv": [4, 4, 9, 4.5], "texture": "#0"}, "east": {"uv": [4, 4, 4.5, 4.5], "texture": "#0"}, "south": {"uv": [4, 4, 9, 4.5], "texture": "#0"}, "west": {"uv": [8.5, 4, 9, 4.5], "texture": "#0"}, "up": {"uv": [4, 4, 9, 4.5], "texture": "#0"}, "down": {"uv": [4, 4, 9, 4.5], "texture": "#0"} } }, { "from": [4, 12, 7.5], "to": [12, 12.5, 8.5], "rotation": {"angle": 0, "axis": "y", "origin": [3.5, 4, 4]}, "faces": { "north": {"uv": [4, 4, 9, 4.5], "texture": "#0"}, "east": {"uv": [4, 4, 4.5, 4.5], "texture": "#0"}, "south": {"uv": [4, 4, 9, 4.5], "texture": "#0"}, "west": {"uv": [8.5, 4, 9, 4.5], "texture": "#0"}, "up": {"uv": [4, 4, 9, 4.5], "texture": "#0"}, "down": {"uv": [4, 4, 9, 4.5], "texture": "#0"} } }, { "from": [3.5, 4.75, 2.5], "to": [7.25, 5.25, 3], "rotation": {"angle": 0, "axis": "y", "origin": [3.5, 4, 4]}, "faces": { "north": {"uv": [0, 5, 3.75, 5.5], "texture": "#0"}, "east": {"uv": [3.75, 5, 0, 5.5], "texture": "#0"}, "south": {"uv": [3.75, 5, 0, 5.5], "texture": "#0"}, "west": {"uv": [3.25, 5, 3.75, 5.5], "texture": "#0"}, "up": {"uv": [3.75, 5, 0, 5.5], "texture": "#0"}, "down": {"uv": [3.75, 5, 0, 5.5], "texture": "#0"} } }, { "from": [3, 4.75, 3], "to": [3.5, 5.25, 5], "rotation": {"angle": 0, "axis": "y", "origin": [3, 4.75, 4.875]}, "faces": { "north": {"uv": [1.5, 5, 3.5, 5.5], "texture": "#0"}, "east": {"uv": [1.5, 5, 3.5, 5.5], "texture": "#0"}, "south": {"uv": [1.5, 5, 3.5, 5.5], "texture": "#0"}, "west": {"uv": [1.5, 5, 3.5, 5.5], "texture": "#0"}, "up": {"uv": [1.5, 5, 2, 5.5], "texture": "#0"}, "down": {"uv": [1.5, 5, 3.5, 5.5], "texture": "#0"} } }, { "from": [3, 5, 5], "to": [3.5, 5.5, 7], "rotation": {"angle": 0, "axis": "y", "origin": [3, 4.75, 4.875]}, "faces": { "north": {"uv": [1.5, 5, 3, 5.5], "texture": "#0"}, "east": {"uv": [1.5, 5, 3, 5.5], "texture": "#0"}, "south": {"uv": [1.5, 5, 3, 5.5], "texture": "#0"}, "west": {"uv": [1.5, 5, 3, 5.5], "texture": "#0"}, "up": {"uv": [1.5, 5, 3, 5.5], "texture": "#0"}, "down": {"uv": [1.5, 5, 3, 5.5], "texture": "#0"} } }, { "from": [6, 4.5, 2.5], "to": [7, 5.5, 3], "rotation": {"angle": 0, "axis": "y", "origin": [3.5, 4, 4]}, "faces": { "north": {"uv": [0.5, 5, 0, 5.5], "texture": "#0"}, "east": {"uv": [0.5, 5, 0, 5.5], "texture": "#0"}, "south": {"uv": [0.5, 5, 0, 5.5], "texture": "#0"}, "west": {"uv": [0.5, 5, 0, 5.5], "texture": "#0"}, "up": {"uv": [0.5, 5, 0, 5.5], "texture": "#0"}, "down": {"uv": [0.5, 5, 0, 5.5], "texture": "#0"} } }, { "from": [6, 4.75, 2.25], "to": [7, 5.25, 3.25], "rotation": {"angle": 0, "axis": "y", "origin": [3.5, 4, 4]}, "faces": { "north": {"uv": [0.5, 5, 0, 5.5], "texture": "#0"}, "east": {"uv": [0.5, 5, 0, 5.5], "texture": "#0"}, "south": {"uv": [0.5, 5, 0, 5.5], "texture": "#0"}, "west": {"uv": [0.5, 5, 0, 5.5], "texture": "#0"}, "up": {"uv": [0.5, 5, 0, 5.5], "texture": "#0"}, "down": {"uv": [0.5, 5, 0, 5.5], "texture": "#0"} } } ], "display": { "thirdperson_righthand": { "scale": [0.44, 0.44, 0.44] }, "thirdperson_lefthand": { "scale": [0.44, 0.44, 0.44] }, "firstperson_righthand": { "rotation": [0, 111, 0], "translation": [1.75, 3.75, 0], "scale": [0.58, 0.58, 0.58] }, "firstperson_lefthand": { "rotation": [0, 111, 0], "translation": [1.75, 3.75, 0], "scale": [0.58, 0.58, 0.58] }, "ground": { "translation": [0, 1.75, 0] }, "gui": { "rotation": [21, 156, 0], "translation": [0, 0.25, 0], "scale": [1.19, 1.19, 1.19] }, "head": { "translation": [0, 0.25, 0], "scale": [1.81, 1.81, 1.81] }, "fixed": { "rotation": [-90, 0, 0], "translation": [0, 0, -6.25], "scale": [1.88, 1.88, 1.88] } } }