{ "credit": "Made with Blockbench", "textures": { "0": "block/grinfacemask" }, "elements": [ { "from": [0.64302, 5.72729, 5.44437], "to": [13.0575, 12.25745, 6.36197], "rotation": {"angle": 0, "axis": "y", "origin": [7.8848, 8.35849, 8.06959]}, "faces": { "north": {"uv": [0, 0, 16, 9], "texture": "#0"}, "east": {"uv": [0.25, 13.5, 16, 14.5], "texture": "#0"}, "south": {"uv": [0, 0, 1, 9.8], "texture": "#0"}, "west": {"uv": [0, 0, 1, 9.8], "texture": "#0"}, "up": {"uv": [0, 0, 1, 9.8], "texture": "#0"}, "down": {"uv": [0, 0, 1, 9.8], "texture": "#0"} } }, { "from": [11.17659, 4.7251, 5.44437], "to": [13.11411, 5.4427, 6.37493], "rotation": {"angle": 22.5, "axis": "z", "origin": [10.56663, 5.0839, 5.65965]}, "faces": { "north": {"uv": [0, 12.25, 16, 13.25], "texture": "#0"}, "east": {"uv": [0, 12.25, 16, 13.25], "texture": "#0"}, "south": {"uv": [0, 12.25, 16, 13.25], "texture": "#0"}, "west": {"uv": [0, 12.25, 16, 13.25], "texture": "#0"}, "up": {"uv": [0, 12.25, 16, 13.25], "rotation": 270, "texture": "#0"}, "down": {"uv": [0, 12.25, 16, 13.25], "rotation": 90, "texture": "#0"} } }, { "from": [8.67659, 10.54204, 5.44437], "to": [13.11411, 13.25964, 6.57493], "rotation": {"angle": -22.5, "axis": "z", "origin": [10.56663, 12.90084, 5.65965]}, "faces": { "north": {"uv": [0, 13.25, 16, 12.25], "texture": "#0"}, "east": {"uv": [0, 13.25, 16, 12.25], "texture": "#0"}, "south": {"uv": [0, 13.25, 16, 12.25], "texture": "#0"}, "west": {"uv": [0, 13.25, 16, 12.25], "texture": "#0"}, "up": {"uv": [16, 12.25, 0, 13.25], "rotation": 90, "texture": "#0"}, "down": {"uv": [16, 12.25, 0, 13.25], "rotation": 270, "texture": "#0"} } }, { "from": [2.44099, 4.98583, 5.44437], "to": [11.26747, 5.91871, 6.37493], "rotation": {"angle": 0, "axis": "z", "origin": [8.71999, 5.34463, 5.65965]}, "faces": { "north": {"uv": [0, 12.25, 16, 13.25], "texture": "#0"}, "east": {"uv": [0, 12.25, 16, 13.25], "texture": "#0"}, "south": {"uv": [0, 12.25, 16, 13.25], "texture": "#0"}, "west": {"uv": [0, 12.25, 16, 13.25], "texture": "#0"}, "up": {"uv": [0, 12.25, 16, 13.25], "rotation": 270, "texture": "#0"}, "down": {"uv": [0, 12.25, 16, 13.25], "rotation": 90, "texture": "#0"} } }, { "from": [4.74275, 11.82274, 5.44437], "to": [8.96923, 13.95562, 6.57493], "rotation": {"angle": 0, "axis": "z", "origin": [11.02175, 13.59682, 5.65965]}, "faces": { "north": {"uv": [0, 13.25, 16, 12.25], "texture": "#0"}, "east": {"uv": [0, 13.25, 16, 12.25], "texture": "#0"}, "south": {"uv": [0, 13.25, 16, 12.25], "texture": "#0"}, "west": {"uv": [0, 13.25, 16, 12.25], "texture": "#0"}, "up": {"uv": [16, 12.25, 0, 13.25], "rotation": 90, "texture": "#0"}, "down": {"uv": [16, 12.25, 0, 13.25], "rotation": 270, "texture": "#0"} } }, { "from": [0.82676, 5.9334, 5.44437], "to": [2.76428, 6.651, 6.37493], "rotation": {"angle": -22.5, "axis": "z", "origin": [0.2168, 6.2922, 5.65965]}, "faces": { "north": {"uv": [0, 12.25, 16, 13.25], "texture": "#0"}, "east": {"uv": [0, 12.25, 16, 13.25], "texture": "#0"}, "south": {"uv": [0, 12.25, 16, 13.25], "texture": "#0"}, "west": {"uv": [0, 12.25, 16, 13.25], "texture": "#0"}, "up": {"uv": [0, 12.25, 16, 13.25], "rotation": 270, "texture": "#0"}, "down": {"uv": [0, 12.25, 16, 13.25], "rotation": 90, "texture": "#0"} } }, { "from": [0.82676, 10.33374, 5.44437], "to": [5.26428, 12.05134, 6.57493], "rotation": {"angle": 22.5, "axis": "z", "origin": [0.2168, 11.69254, 5.65965]}, "faces": { "north": {"uv": [0, 13.25, 16, 12.25], "texture": "#0"}, "east": {"uv": [0, 13.25, 16, 12.25], "texture": "#0"}, "south": {"uv": [0, 13.25, 16, 12.25], "texture": "#0"}, "west": {"uv": [0, 13.25, 16, 12.25], "texture": "#0"}, "up": {"uv": [16, 12.25, 0, 13.25], "rotation": 90, "texture": "#0"}, "down": {"uv": [16, 12.25, 0, 13.25], "rotation": 270, "texture": "#0"} } }, { "from": [12.76316, 10.12337, 5.42387], "to": [13.23116, 10.90337, 10.96187], "rotation": {"angle": 0, "axis": "y", "origin": [20.86866, 8.30337, 8.27737]}, "faces": { "north": {"uv": [0, 12.25, 16, 13.25], "texture": "#0"}, "east": {"uv": [0, 12.25, 16, 13.25], "texture": "#0"}, "south": {"uv": [0, 12.25, 16, 13.25], "texture": "#0"}, "west": {"uv": [0, 12.25, 16, 13.25], "texture": "#0"}, "up": {"uv": [0, 12.25, 16, 13.25], "texture": "#0"}, "down": {"uv": [0, 12.25, 16, 13.25], "texture": "#0"} } }, { "from": [0.46916, 10.12337, 5.42387], "to": [0.93716, 10.90337, 10.96187], "rotation": {"angle": 0, "axis": "y", "origin": [8.57466, 8.30337, 8.27737]}, "faces": { "north": {"uv": [0, 12.25, 16, 13.25], "texture": "#0"}, "east": {"uv": [0, 12.25, 16, 13.25], "texture": "#0"}, "south": {"uv": [0, 12.25, 16, 13.25], "texture": "#0"}, "west": {"uv": [0, 12.25, 16, 13.25], "texture": "#0"}, "up": {"uv": [0, 12.25, 16, 13.25], "texture": "#0"}, "down": {"uv": [0, 12.25, 16, 13.25], "texture": "#0"} } } ], "display": { "thirdperson_righthand": { "rotation": [67.25, 38, 0], "translation": [-0.5, -0.25, 0.25], "scale": [0.45, 0.43, 0.42] }, "thirdperson_lefthand": { "rotation": [67.25, 38, 0], "translation": [-0.5, -0.25, 0.25], "scale": [0.45, 0.43, 0.42] }, "firstperson_righthand": { "rotation": [0, 129.25, 0] }, "firstperson_lefthand": { "rotation": [0, 129.25, 0] }, "gui": { "rotation": [-23.25, -162.25, 0], "translation": [-1.25, -1.75, 0] }, "head": { "rotation": [1.75, 0, 0], "translation": [0.75, -5.75, -5], "scale": [0.94, 0.4, 0.71] }, "fixed": { "translation": [0.75, -1.5, 2.5] } } }