{ "credit": "Made with Blockbench", "texture_size": [20, 20], "textures": { "0": "block/mohawk" }, "elements": [ { "from": [7.7, -7.21436, 0.82635], "to": [8.8, 15.98564, 21.52635], "rotation": {"angle": 0, "axis": "x", "origin": [8.2, 6.18564, 9.52635]}, "faces": { "north": {"uv": [14.6, 0.8, 15.4, 15.4], "texture": "#0"}, "east": {"uv": [14.6, 0.8, 15.4, 15.4], "texture": "#0"}, "south": {"uv": [14.6, 0.8, 15.4, 15.4], "texture": "#0"}, "west": {"uv": [14.6, 0.8, 15.4, 15.4], "texture": "#0"}, "up": {"uv": [14.6, 0.8, 15.4, 15.4], "texture": "#0"}, "down": {"uv": [14.6, 0.8, 15.4, 15.4], "texture": "#0"} } }, { "from": [7.5, -7.21436, 0.82635], "to": [7.5, 17.98564, 22.52635], "rotation": {"angle": 0, "axis": "x", "origin": [6.9, 6.18564, 9.52635]}, "faces": { "north": {"uv": [15.8, 0, 16, 16], "texture": "#0"}, "east": {"uv": [13.2, 15.6, 14.2, 16], "texture": "#0"}, "south": {"uv": [15.8, 0, 16, 16], "texture": "#0"}, "west": {"uv": [0, 0, 14, 16], "texture": "#0"}, "up": {"uv": [15.8, 0, 16, 16], "texture": "#0"}, "down": {"uv": [15.8, 0, 16, 16], "texture": "#0"} } }, { "from": [8.9, -7.21436, 0.82635], "to": [8.9, 17.98564, 22.52635], "rotation": {"angle": 0, "axis": "x", "origin": [9.5, 6.18564, 9.52635]}, "faces": { "north": {"uv": [16, 0, 15.8, 16], "texture": "#0"}, "east": {"uv": [14, 0, 0, 16], "texture": "#0"}, "south": {"uv": [16, 0, 15.8, 16], "texture": "#0"}, "west": {"uv": [14.2, 15.6, 13.2, 16], "texture": "#0"}, "up": {"uv": [16, 0, 15.8, 16], "texture": "#0"}, "down": {"uv": [16, 0, 15.8, 16], "texture": "#0"} } }, { "from": [7.7, 13.75195, 1.27065], "to": [8.8, 16.45195, 4.07065], "rotation": {"angle": -22.5, "axis": "x", "origin": [8.225, 15.10195, 2.22065]}, "faces": { "north": {"uv": [14.6, 0.8, 15.4, 15.4], "texture": "#0"}, "east": {"uv": [14.6, 0.8, 15.4, 15.4], "texture": "#0"}, "south": {"uv": [14.6, 0.8, 15.4, 15.4], "texture": "#0"}, "west": {"uv": [14.6, 0.8, 15.4, 15.4], "texture": "#0"}, "up": {"uv": [14.6, 0.8, 15.4, 15.4], "texture": "#0"}, "down": {"uv": [14.6, 0.8, 15.4, 15.4], "texture": "#0"} } }, { "from": [7.7, 14.15195, 2.67065], "to": [8.8, 16.95195, 5.37065], "rotation": {"angle": 45, "axis": "x", "origin": [8.225, 15.10195, 4.02065]}, "faces": { "north": {"uv": [14.6, 0.8, 15.4, 15.4], "texture": "#0"}, "east": {"uv": [14.6, 0.8, 15.4, 15.4], "texture": "#0"}, "south": {"uv": [14.6, 0.8, 15.4, 15.4], "texture": "#0"}, "west": {"uv": [14.6, 0.8, 15.4, 15.4], "texture": "#0"}, "up": {"uv": [14.6, 0.8, 15.4, 15.4], "texture": "#0"}, "down": {"uv": [14.6, 0.8, 15.4, 15.4], "texture": "#0"} } }, { "from": [7.7, 14.15195, 5.47065], "to": [8.8, 16.95195, 8.17065], "rotation": {"angle": 45, "axis": "x", "origin": [8.225, 15.10195, 6.82065]}, "faces": { "north": {"uv": [14.6, 0.8, 15.4, 15.4], "texture": "#0"}, "east": {"uv": [14.6, 0.8, 15.4, 15.4], "texture": "#0"}, "south": {"uv": [14.6, 0.8, 15.4, 15.4], "texture": "#0"}, "west": {"uv": [14.6, 0.8, 15.4, 15.4], "texture": "#0"}, "up": {"uv": [14.6, 0.8, 15.4, 15.4], "texture": "#0"}, "down": {"uv": [14.6, 0.8, 15.4, 15.4], "texture": "#0"} } }, { "from": [7.7, 14.15195, 8.27065], "to": [8.8, 16.95195, 10.97065], "rotation": {"angle": 22.5, "axis": "x", "origin": [8.225, 15.10195, 9.62065]}, "faces": { "north": {"uv": [14.6, 0.8, 15.4, 15.4], "texture": "#0"}, "east": {"uv": [14.6, 0.8, 15.4, 15.4], "texture": "#0"}, "south": {"uv": [14.6, 0.8, 15.4, 15.4], "texture": "#0"}, "west": {"uv": [14.6, 0.8, 15.4, 15.4], "texture": "#0"}, "up": {"uv": [14.6, 0.8, 15.4, 15.4], "texture": "#0"}, "down": {"uv": [14.6, 0.8, 15.4, 15.4], "texture": "#0"} } }, { "from": [7.7, 14.25195, 11.17065], "to": [8.8, 16.95195, 13.97065], "rotation": {"angle": -22.5, "axis": "x", "origin": [8.225, 15.60195, 12.12065]}, "faces": { "north": {"uv": [14.6, 0.8, 15.4, 15.4], "texture": "#0"}, "east": {"uv": [14.6, 0.8, 15.4, 15.4], "texture": "#0"}, "south": {"uv": [14.6, 0.8, 15.4, 15.4], "texture": "#0"}, "west": {"uv": [14.6, 0.8, 15.4, 15.4], "texture": "#0"}, "up": {"uv": [14.6, 0.8, 15.4, 15.4], "texture": "#0"}, "down": {"uv": [14.6, 0.8, 15.4, 15.4], "texture": "#0"} } }, { "from": [7.7, 14.25195, 13.97065], "to": [8.8, 16.95195, 16.77065], "rotation": {"angle": -22.5, "axis": "x", "origin": [8.225, 15.60195, 14.92065]}, "faces": { "north": {"uv": [14.6, 0.8, 15.4, 15.4], "texture": "#0"}, "east": {"uv": [14.6, 0.8, 15.4, 15.4], "texture": "#0"}, "south": {"uv": [14.6, 0.8, 15.4, 15.4], "texture": "#0"}, "west": {"uv": [14.6, 0.8, 15.4, 15.4], "texture": "#0"}, "up": {"uv": [14.6, 0.8, 15.4, 15.4], "texture": "#0"}, "down": {"uv": [14.6, 0.8, 15.4, 15.4], "texture": "#0"} } }, { "from": [7.7, 14.25195, 16.57065], "to": [8.8, 16.95195, 19.37065], "rotation": {"angle": -45, "axis": "x", "origin": [8.225, 15.60195, 17.52065]}, "faces": { "north": {"uv": [14.6, 0.8, 15.4, 15.4], "texture": "#0"}, "east": {"uv": [14.6, 0.8, 15.4, 15.4], "texture": "#0"}, "south": {"uv": [14.6, 0.8, 15.4, 15.4], "texture": "#0"}, "west": {"uv": [14.6, 0.8, 15.4, 15.4], "texture": "#0"}, "up": {"uv": [14.6, 0.8, 15.4, 15.4], "texture": "#0"}, "down": {"uv": [14.6, 0.8, 15.4, 15.4], "texture": "#0"} } }, { "from": [7.7, 14.25195, 18.77065], "to": [8.8, 16.95195, 21.57065], "rotation": {"angle": -22.5, "axis": "x", "origin": [8.225, 15.60195, 19.72065]}, "faces": { "north": {"uv": [14.6, 0.8, 15.4, 15.4], "texture": "#0"}, "east": {"uv": [14.6, 0.8, 15.4, 15.4], "texture": "#0"}, "south": {"uv": [14.6, 0.8, 15.4, 15.4], "texture": "#0"}, "west": {"uv": [14.6, 0.8, 15.4, 15.4], "texture": "#0"}, "up": {"uv": [14.6, 0.8, 15.4, 15.4], "texture": "#0"}, "down": {"uv": [14.6, 0.8, 15.4, 15.4], "texture": "#0"} } }, { "from": [7.7, 12.65195, 19.47065], "to": [8.8, 15.35195, 22.27065], "rotation": {"angle": 0, "axis": "x", "origin": [8.225, 14.00195, 20.42065]}, "faces": { "north": {"uv": [14.6, 0.8, 15.4, 15.4], "texture": "#0"}, "east": {"uv": [14.6, 0.8, 15.4, 15.4], "texture": "#0"}, "south": {"uv": [14.6, 0.8, 15.4, 15.4], "texture": "#0"}, "west": {"uv": [14.6, 0.8, 15.4, 15.4], "texture": "#0"}, "up": {"uv": [14.6, 0.8, 15.4, 15.4], "texture": "#0"}, "down": {"uv": [14.6, 0.8, 15.4, 15.4], "texture": "#0"} } }, { "from": [7.7, 11.25195, 19.37065], "to": [8.8, 14.05195, 22.07065], "rotation": {"angle": 22.5, "axis": "x", "origin": [8.225, 12.20195, 20.72065]}, "faces": { "north": {"uv": [14.6, 0.8, 15.4, 15.4], "texture": "#0"}, "east": {"uv": [14.6, 0.8, 15.4, 15.4], "texture": "#0"}, "south": {"uv": [14.6, 0.8, 15.4, 15.4], "texture": "#0"}, "west": {"uv": [14.6, 0.8, 15.4, 15.4], "texture": "#0"}, "up": {"uv": [14.6, 0.8, 15.4, 15.4], "texture": "#0"}, "down": {"uv": [14.6, 0.8, 15.4, 15.4], "texture": "#0"} } }, { "from": [7.7, 8.65195, 19.77065], "to": [8.8, 11.35195, 22.57065], "rotation": {"angle": -45, "axis": "x", "origin": [8.225, 10.00195, 20.72065]}, "faces": { "north": {"uv": [14.6, 0.8, 15.4, 15.4], "texture": "#0"}, "east": {"uv": [14.6, 0.8, 15.4, 15.4], "texture": "#0"}, "south": {"uv": [14.6, 0.8, 15.4, 15.4], "texture": "#0"}, "west": {"uv": [14.6, 0.8, 15.4, 15.4], "texture": "#0"}, "up": {"uv": [14.6, 0.8, 15.4, 15.4], "texture": "#0"}, "down": {"uv": [14.6, 0.8, 15.4, 15.4], "texture": "#0"} } }, { "from": [7.7, 6.85195, 19.77065], "to": [8.8, 9.55195, 22.57065], "rotation": {"angle": -22.5, "axis": "x", "origin": [8.225, 8.20195, 20.72065]}, "faces": { "north": {"uv": [14.6, 0.8, 15.4, 15.4], "texture": "#0"}, "east": {"uv": [14.6, 0.8, 15.4, 15.4], "texture": "#0"}, "south": {"uv": [14.6, 0.8, 15.4, 15.4], "texture": "#0"}, "west": {"uv": [14.6, 0.8, 15.4, 15.4], "texture": "#0"}, "up": {"uv": [14.6, 0.8, 15.4, 15.4], "texture": "#0"}, "down": {"uv": [14.6, 0.8, 15.4, 15.4], "texture": "#0"} } }, { "from": [7.7, 3.95195, 19.57065], "to": [8.8, 6.65195, 22.37065], "rotation": {"angle": -45, "axis": "x", "origin": [8.225, 5.30195, 20.52065]}, "faces": { "north": {"uv": [14.6, 0.8, 15.4, 15.4], "texture": "#0"}, "east": {"uv": [14.6, 0.8, 15.4, 15.4], "texture": "#0"}, "south": {"uv": [14.6, 0.8, 15.4, 15.4], "texture": "#0"}, "west": {"uv": [14.6, 0.8, 15.4, 15.4], "texture": "#0"}, "up": {"uv": [14.6, 0.8, 15.4, 15.4], "texture": "#0"}, "down": {"uv": [14.6, 0.8, 15.4, 15.4], "texture": "#0"} } }, { "from": [7.7, 1.15195, 19.57065], "to": [8.8, 3.85195, 22.37065], "rotation": {"angle": -22.5, "axis": "x", "origin": [8.225, 2.50195, 20.52065]}, "faces": { "north": {"uv": [14.6, 0.8, 15.4, 15.4], "texture": "#0"}, "east": {"uv": [14.6, 0.8, 15.4, 15.4], "texture": "#0"}, "south": {"uv": [14.6, 0.8, 15.4, 15.4], "texture": "#0"}, "west": {"uv": [14.6, 0.8, 15.4, 15.4], "texture": "#0"}, "up": {"uv": [14.6, 0.8, 15.4, 15.4], "texture": "#0"}, "down": {"uv": [14.6, 0.8, 15.4, 15.4], "texture": "#0"} } }, { "from": [7.7, -1.44805, 19.17065], "to": [8.8, 1.35195, 21.87065], "rotation": {"angle": 22.5, "axis": "x", "origin": [8.225, -0.49805, 20.52065]}, "faces": { "north": {"uv": [14.6, 0.8, 15.4, 15.4], "texture": "#0"}, "east": {"uv": [14.6, 0.8, 15.4, 15.4], "texture": "#0"}, "south": {"uv": [14.6, 0.8, 15.4, 15.4], "texture": "#0"}, "west": {"uv": [14.6, 0.8, 15.4, 15.4], "texture": "#0"}, "up": {"uv": [14.6, 0.8, 15.4, 15.4], "texture": "#0"}, "down": {"uv": [14.6, 0.8, 15.4, 15.4], "texture": "#0"} } }, { "from": [7.7, -3.94805, 19.67065], "to": [8.8, -1.24805, 22.47065], "rotation": {"angle": -22.5, "axis": "x", "origin": [8.225, -2.59805, 20.62065]}, "faces": { "north": {"uv": [14.6, 0.8, 15.4, 15.4], "texture": "#0"}, "east": {"uv": [14.6, 0.8, 15.4, 15.4], "texture": "#0"}, "south": {"uv": [14.6, 0.8, 15.4, 15.4], "texture": "#0"}, "west": {"uv": [14.6, 0.8, 15.4, 15.4], "texture": "#0"}, "up": {"uv": [14.6, 0.8, 15.4, 15.4], "texture": "#0"}, "down": {"uv": [14.6, 0.8, 15.4, 15.4], "texture": "#0"} } }, { "from": [7.7, -5.7266, 19.37065], "to": [8.8, -3.0266, 22.17065], "rotation": {"angle": 45, "axis": "x", "origin": [8.225, -4.3766, 20.32065]}, "faces": { "north": {"uv": [14.6, 0.8, 15.4, 15.4], "texture": "#0"}, "east": {"uv": [14.6, 0.8, 15.4, 15.4], "texture": "#0"}, "south": {"uv": [14.6, 0.8, 15.4, 15.4], "texture": "#0"}, "west": {"uv": [14.6, 0.8, 15.4, 15.4], "texture": "#0"}, "up": {"uv": [14.6, 0.8, 15.4, 15.4], "texture": "#0"}, "down": {"uv": [14.6, 0.8, 15.4, 15.4], "texture": "#0"} } } ], "display": { "thirdperson_righthand": { "scale": [0.26, 0.26, 0.26] }, "thirdperson_lefthand": { "scale": [0.26, 0.26, 0.26] }, "firstperson_righthand": { "scale": [0.26, 0.26, 0.26] }, "firstperson_lefthand": { "scale": [0.26, 0.26, 0.26] }, "ground": { "scale": [0.26, 0.26, 0.26] }, "gui": { "rotation": [18, -69.5, 0], "translation": [1, 0.25, 0], "scale": [0.48, 0.48, 0.48] }, "head": { "rotation": [0.25, 0, 0], "translation": [-0.5, 6.5, 0.25], "scale": [1.42188, 0.81055, 0.86523] }, "fixed": { "translation": [1, 0, 0], "scale": [0.26, 0.26, 0.26] } } }