{ "credit": "Made with Blockbench", "textures": { "0": "block/kvanig" }, "elements": [ { "from": [16.40619, 11.90669, 2.14906], "to": [24.45619, 13.48169, 2.79906], "rotation": {"angle": 0, "axis": "y", "origin": [8.14194, 8.89726, 2.45931]}, "faces": { "north": {"uv": [2, 2, 2, 2], "texture": "#0"}, "east": {"uv": [2, 2, 2, 2], "texture": "#0"}, "south": {"uv": [2, 2, 2, 2], "texture": "#0"}, "west": {"uv": [2, 2, 2, 2], "texture": "#0"}, "up": {"uv": [2, 2, 2, 2], "rotation": 270, "texture": "#0"}, "down": {"uv": [2, 2, 2, 2], "rotation": 90, "texture": "#0"} } }, { "from": [-8.17231, 11.90669, 2.14906], "to": [-0.12231, 13.48169, 2.79906], "rotation": {"angle": 0, "axis": "y", "origin": [8.14194, 8.89726, 2.45931]}, "faces": { "north": {"uv": [2, 2, 2, 2], "texture": "#0"}, "east": {"uv": [2, 2, 2, 2], "texture": "#0"}, "south": {"uv": [2, 2, 2, 2], "texture": "#0"}, "west": {"uv": [2, 2, 2, 2], "texture": "#0"}, "up": {"uv": [2, 2, 2, 2], "rotation": 270, "texture": "#0"}, "down": {"uv": [2, 2, 2, 2], "rotation": 90, "texture": "#0"} } }, { "from": [15.13119, 11.90669, 2.14906], "to": [16.40619, 12.83169, 2.79906], "rotation": {"angle": 0, "axis": "y", "origin": [8.14194, 8.89726, 2.45931]}, "faces": { "north": {"uv": [2, 2, 2, 2], "texture": "#0"}, "east": {"uv": [2, 2, 2, 2], "texture": "#0"}, "south": {"uv": [2, 2, 2, 2], "texture": "#0"}, "west": {"uv": [2, 2, 2, 2], "texture": "#0"}, "up": {"uv": [2, 2, 2, 2], "rotation": 270, "texture": "#0"}, "down": {"uv": [2, 2, 2, 2], "rotation": 90, "texture": "#0"} } }, { "from": [-0.12231, 11.90669, 2.14906], "to": [1.15269, 12.83169, 2.79906], "rotation": {"angle": 0, "axis": "y", "origin": [8.14194, 8.89726, 2.45931]}, "faces": { "north": {"uv": [2, 2, 2, 2], "texture": "#0"}, "east": {"uv": [2, 2, 2, 2], "texture": "#0"}, "south": {"uv": [2, 2, 2, 2], "texture": "#0"}, "west": {"uv": [2, 2, 2, 2], "texture": "#0"}, "up": {"uv": [2, 2, 2, 2], "rotation": 270, "texture": "#0"}, "down": {"uv": [2, 2, 2, 2], "rotation": 90, "texture": "#0"} } }, { "from": [10.0815, 8.97013, 2.14906], "to": [17.5315, 9.97013, 2.79906], "rotation": {"angle": 22.5, "axis": "z", "origin": [8.14194, 8.89726, 2.45931]}, "faces": { "north": {"uv": [2, 2, 2, 2], "texture": "#0"}, "east": {"uv": [2, 2, 2, 2], "texture": "#0"}, "south": {"uv": [2, 2, 2, 2], "texture": "#0"}, "west": {"uv": [2, 2, 2, 2], "texture": "#0"}, "up": {"uv": [2, 2, 2, 2], "rotation": 270, "texture": "#0"}, "down": {"uv": [2, 2, 2, 2], "rotation": 90, "texture": "#0"} } }, { "from": [-1.24762, 8.97013, 2.14906], "to": [6.20238, 9.97013, 2.79906], "rotation": {"angle": -22.5, "axis": "z", "origin": [8.14194, 8.89726, 2.45931]}, "faces": { "north": {"uv": [2, 2, 2, 2], "texture": "#0"}, "east": {"uv": [2, 2, 2, 2], "texture": "#0"}, "south": {"uv": [2, 2, 2, 2], "texture": "#0"}, "west": {"uv": [2, 2, 2, 2], "texture": "#0"}, "up": {"uv": [2, 2, 2, 2], "rotation": 270, "texture": "#0"}, "down": {"uv": [2, 2, 2, 2], "rotation": 90, "texture": "#0"} } }, { "from": [8.09404, 9.24008, 2.14906], "to": [9.24404, 10.94008, 2.79906], "rotation": {"angle": -22.5, "axis": "z", "origin": [8.14194, 8.89726, 2.45931]}, "faces": { "north": {"uv": [2, 2, 2, 2], "texture": "#0"}, "east": {"uv": [2, 2, 2, 2], "texture": "#0"}, "south": {"uv": [2, 2, 2, 2], "texture": "#0"}, "west": {"uv": [2, 2, 2, 2], "texture": "#0"}, "up": {"uv": [2, 2, 2, 2], "rotation": 270, "texture": "#0"}, "down": {"uv": [2, 2, 2, 2], "rotation": 90, "texture": "#0"} } }, { "from": [7.03984, 9.24008, 2.14906], "to": [8.18984, 10.94008, 2.79906], "rotation": {"angle": 22.5, "axis": "z", "origin": [8.14194, 8.89726, 2.45931]}, "faces": { "north": {"uv": [2, 2, 2, 2], "texture": "#0"}, "east": {"uv": [2, 2, 2, 2], "texture": "#0"}, "south": {"uv": [2, 2, 2, 2], "texture": "#0"}, "west": {"uv": [2, 2, 2, 2], "texture": "#0"}, "up": {"uv": [2, 2, 2, 2], "rotation": 270, "texture": "#0"}, "down": {"uv": [2, 2, 2, 2], "rotation": 90, "texture": "#0"} } }, { "from": [9.11031, 9.53603, 2.14906], "to": [10.26031, 11.01103, 2.79906], "rotation": {"angle": -22.5, "axis": "z", "origin": [8.14194, 8.89726, 2.45931]}, "faces": { "north": {"uv": [2, 2, 2, 2], "texture": "#0"}, "east": {"uv": [2, 2, 2, 2], "texture": "#0"}, "south": {"uv": [2, 2, 2, 2], "texture": "#0"}, "west": {"uv": [2, 2, 2, 2], "texture": "#0"}, "up": {"uv": [2, 2, 2, 2], "rotation": 270, "texture": "#0"}, "down": {"uv": [2, 2, 2, 2], "rotation": 90, "texture": "#0"} } }, { "from": [6.02357, 9.53603, 2.14906], "to": [7.17357, 11.01103, 2.79906], "rotation": {"angle": 22.5, "axis": "z", "origin": [8.14194, 8.89726, 2.45931]}, "faces": { "north": {"uv": [2, 2, 2, 2], "texture": "#0"}, "east": {"uv": [2, 2, 2, 2], "texture": "#0"}, "south": {"uv": [2, 2, 2, 2], "texture": "#0"}, "west": {"uv": [2, 2, 2, 2], "texture": "#0"}, "up": {"uv": [2, 2, 2, 2], "rotation": 270, "texture": "#0"}, "down": {"uv": [2, 2, 2, 2], "rotation": 90, "texture": "#0"} } }, { "from": [9.74674, 7.61419, 2.14906], "to": [10.37174, 9.63919, 2.79906], "rotation": {"angle": 0, "axis": "x", "origin": [8.14194, 8.89726, 2.45931]}, "faces": { "north": {"uv": [2, 2, 2, 2], "texture": "#0"}, "east": {"uv": [2, 2, 2, 2], "texture": "#0"}, "south": {"uv": [2, 2, 2, 2], "texture": "#0"}, "west": {"uv": [2, 2, 2, 2], "texture": "#0"}, "up": {"uv": [2, 2, 2, 2], "rotation": 270, "texture": "#0"}, "down": {"uv": [2, 2, 2, 2], "rotation": 90, "texture": "#0"} } }, { "from": [5.91214, 7.61419, 2.14906], "to": [6.53714, 9.63919, 2.79906], "rotation": {"angle": 0, "axis": "x", "origin": [8.14194, 8.89726, 2.45931]}, "faces": { "north": {"uv": [2, 2, 2, 2], "texture": "#0"}, "east": {"uv": [2, 2, 2, 2], "texture": "#0"}, "south": {"uv": [2, 2, 2, 2], "texture": "#0"}, "west": {"uv": [2, 2, 2, 2], "texture": "#0"}, "up": {"uv": [2, 2, 2, 2], "rotation": 270, "texture": "#0"}, "down": {"uv": [2, 2, 2, 2], "rotation": 90, "texture": "#0"} } }, { "from": [9.05232, 5.28378, 2.14906], "to": [9.75232, 8.70878, 2.79906], "rotation": {"angle": 22.5, "axis": "z", "origin": [8.14194, 8.89726, 2.45931]}, "faces": { "north": {"uv": [2, 2, 2, 2], "texture": "#0"}, "east": {"uv": [2, 2, 2, 2], "texture": "#0"}, "south": {"uv": [2, 2, 2, 2], "texture": "#0"}, "west": {"uv": [2, 2, 2, 2], "texture": "#0"}, "up": {"uv": [2, 2, 2, 2], "rotation": 270, "texture": "#0"}, "down": {"uv": [2, 2, 2, 2], "rotation": 90, "texture": "#0"} } }, { "from": [6.53156, 5.28378, 2.14906], "to": [7.23156, 8.70878, 2.79906], "rotation": {"angle": -22.5, "axis": "z", "origin": [8.14194, 8.89726, 2.45931]}, "faces": { "north": {"uv": [2, 2, 2, 2], "texture": "#0"}, "east": {"uv": [2, 2, 2, 2], "texture": "#0"}, "south": {"uv": [2, 2, 2, 2], "texture": "#0"}, "west": {"uv": [2, 2, 2, 2], "texture": "#0"}, "up": {"uv": [2, 2, 2, 2], "rotation": 270, "texture": "#0"}, "down": {"uv": [2, 2, 2, 2], "rotation": 90, "texture": "#0"} } }, { "from": [7.60021, 2.13546, 2.14906], "to": [8.30021, 5.21046, 2.79906], "rotation": {"angle": 45, "axis": "z", "origin": [8.14194, 8.89726, 2.45931]}, "faces": { "north": {"uv": [2, 2, 2, 2], "texture": "#0"}, "east": {"uv": [2, 2, 2, 2], "texture": "#0"}, "south": {"uv": [2, 2, 2, 2], "texture": "#0"}, "west": {"uv": [2, 2, 2, 2], "texture": "#0"}, "up": {"uv": [2, 2, 2, 2], "rotation": 270, "texture": "#0"}, "down": {"uv": [2, 2, 2, 2], "rotation": 90, "texture": "#0"} } }, { "from": [7.98367, 2.13546, 2.14906], "to": [8.68367, 5.21046, 2.79906], "rotation": {"angle": -45, "axis": "z", "origin": [8.14194, 8.89726, 2.45931]}, "faces": { "north": {"uv": [2, 2, 2, 2], "texture": "#0"}, "east": {"uv": [2, 2, 2, 2], "texture": "#0"}, "south": {"uv": [2, 2, 2, 2], "texture": "#0"}, "west": {"uv": [2, 2, 2, 2], "texture": "#0"}, "up": {"uv": [2, 2, 2, 2], "rotation": 270, "texture": "#0"}, "down": {"uv": [2, 2, 2, 2], "rotation": 90, "texture": "#0"} } }, { "from": [14.18172, 5.80913, 2.14906], "to": [16.30672, 6.50913, 2.79906], "rotation": {"angle": -22.5, "axis": "z", "origin": [8.14194, 8.89726, 2.45931]}, "faces": { "north": {"uv": [2, 2, 2, 2], "rotation": 270, "texture": "#0"}, "east": {"uv": [2, 2, 2, 2], "rotation": 270, "texture": "#0"}, "south": {"uv": [2, 2, 2, 2], "rotation": 270, "texture": "#0"}, "west": {"uv": [2, 2, 2, 2], "rotation": 270, "texture": "#0"}, "up": {"uv": [2, 2, 2, 2], "rotation": 180, "texture": "#0"}, "down": {"uv": [2, 2, 2, 2], "texture": "#0"} } }, { "from": [-0.02284, 5.80913, 2.14906], "to": [2.10216, 6.50913, 2.79906], "rotation": {"angle": 22.5, "axis": "z", "origin": [8.14194, 8.89726, 2.45931]}, "faces": { "north": {"uv": [2, 2, 2, 2], "rotation": 270, "texture": "#0"}, "east": {"uv": [2, 2, 2, 2], "rotation": 270, "texture": "#0"}, "south": {"uv": [2, 2, 2, 2], "rotation": 270, "texture": "#0"}, "west": {"uv": [2, 2, 2, 2], "rotation": 270, "texture": "#0"}, "up": {"uv": [2, 2, 2, 2], "rotation": 180, "texture": "#0"}, "down": {"uv": [2, 2, 2, 2], "texture": "#0"} } }, { "from": [14.50344, 2.91968, 2.14906], "to": [16.80344, 3.61968, 2.79906], "rotation": {"angle": 0, "axis": "x", "origin": [8.14194, 8.89726, 2.45931]}, "faces": { "north": {"uv": [2, 2, 2, 2], "rotation": 270, "texture": "#0"}, "east": {"uv": [2, 2, 2, 2], "rotation": 270, "texture": "#0"}, "south": {"uv": [2, 2, 2, 2], "rotation": 270, "texture": "#0"}, "west": {"uv": [2, 2, 2, 2], "rotation": 270, "texture": "#0"}, "up": {"uv": [2, 2, 2, 2], "rotation": 180, "texture": "#0"}, "down": {"uv": [2, 2, 2, 2], "texture": "#0"} } }, { "from": [-0.51956, 2.91968, 2.14906], "to": [1.78044, 3.61968, 2.79906], "rotation": {"angle": 0, "axis": "x", "origin": [8.14194, 8.89726, 2.45931]}, "faces": { "north": {"uv": [2, 2, 2, 2], "rotation": 270, "texture": "#0"}, "east": {"uv": [2, 2, 2, 2], "rotation": 270, "texture": "#0"}, "south": {"uv": [2, 2, 2, 2], "rotation": 270, "texture": "#0"}, "west": {"uv": [2, 2, 2, 2], "rotation": 270, "texture": "#0"}, "up": {"uv": [2, 2, 2, 2], "rotation": 180, "texture": "#0"}, "down": {"uv": [2, 2, 2, 2], "texture": "#0"} } }, { "from": [13.8566, 0.06008, 2.14906], "to": [16.8316, 0.76008, 2.79906], "rotation": {"angle": 22.5, "axis": "z", "origin": [8.14194, 8.89726, 2.45931]}, "faces": { "north": {"uv": [2, 2, 2, 2], "rotation": 270, "texture": "#0"}, "east": {"uv": [2, 2, 2, 2], "rotation": 270, "texture": "#0"}, "south": {"uv": [2, 2, 2, 2], "rotation": 270, "texture": "#0"}, "west": {"uv": [2, 2, 2, 2], "rotation": 270, "texture": "#0"}, "up": {"uv": [2, 2, 2, 2], "rotation": 180, "texture": "#0"}, "down": {"uv": [2, 2, 2, 2], "texture": "#0"} } }, { "from": [-0.54772, 0.06008, 2.14906], "to": [2.42728, 0.76008, 2.79906], "rotation": {"angle": -22.5, "axis": "z", "origin": [8.14194, 8.89726, 2.45931]}, "faces": { "north": {"uv": [2, 2, 2, 2], "rotation": 270, "texture": "#0"}, "east": {"uv": [2, 2, 2, 2], "rotation": 270, "texture": "#0"}, "south": {"uv": [2, 2, 2, 2], "rotation": 270, "texture": "#0"}, "west": {"uv": [2, 2, 2, 2], "rotation": 270, "texture": "#0"}, "up": {"uv": [2, 2, 2, 2], "rotation": 180, "texture": "#0"}, "down": {"uv": [2, 2, 2, 2], "texture": "#0"} } }, { "from": [12.7883, -2.59262, 2.14906], "to": [17.6633, -1.89262, 2.79906], "rotation": {"angle": 45, "axis": "z", "origin": [8.14194, 8.89726, 2.45931]}, "faces": { "north": {"uv": [2, 2, 2, 2], "rotation": 270, "texture": "#0"}, "east": {"uv": [2, 2, 2, 2], "rotation": 270, "texture": "#0"}, "south": {"uv": [2, 2, 2, 2], "rotation": 270, "texture": "#0"}, "west": {"uv": [2, 2, 2, 2], "rotation": 270, "texture": "#0"}, "up": {"uv": [2, 2, 2, 2], "rotation": 180, "texture": "#0"}, "down": {"uv": [2, 2, 2, 2], "texture": "#0"} } }, { "from": [-1.37942, -2.59262, 2.14906], "to": [3.49558, -1.89262, 2.79906], "rotation": {"angle": -45, "axis": "z", "origin": [8.14194, 8.89726, 2.45931]}, "faces": { "north": {"uv": [2, 2, 2, 2], "rotation": 270, "texture": "#0"}, "east": {"uv": [2, 2, 2, 2], "rotation": 270, "texture": "#0"}, "south": {"uv": [2, 2, 2, 2], "rotation": 270, "texture": "#0"}, "west": {"uv": [2, 2, 2, 2], "rotation": 270, "texture": "#0"}, "up": {"uv": [2, 2, 2, 2], "rotation": 180, "texture": "#0"}, "down": {"uv": [2, 2, 2, 2], "texture": "#0"} } }, { "from": [21.02587, 13.29686, 2.14906], "to": [22.40087, 18.69686, 2.79906], "rotation": {"angle": -22.5, "axis": "z", "origin": [8.14194, 8.89726, 2.45931]}, "faces": { "north": {"uv": [2, 2, 2, 2], "rotation": 180, "texture": "#0"}, "east": {"uv": [2, 2, 2, 2], "rotation": 180, "texture": "#0"}, "south": {"uv": [2, 2, 2, 2], "rotation": 180, "texture": "#0"}, "west": {"uv": [2, 2, 2, 2], "rotation": 180, "texture": "#0"}, "up": {"uv": [2, 2, 2, 2], "rotation": 90, "texture": "#0"}, "down": {"uv": [2, 2, 2, 2], "rotation": 270, "texture": "#0"} } }, { "from": [-6.11699, 13.29686, 2.14906], "to": [-4.74199, 18.69686, 2.79906], "rotation": {"angle": 22.5, "axis": "z", "origin": [8.14194, 8.89726, 2.45931]}, "faces": { "north": {"uv": [2, 2, 2, 2], "rotation": 180, "texture": "#0"}, "east": {"uv": [2, 2, 2, 2], "rotation": 180, "texture": "#0"}, "south": {"uv": [2, 2, 2, 2], "rotation": 180, "texture": "#0"}, "west": {"uv": [2, 2, 2, 2], "rotation": 180, "texture": "#0"}, "up": {"uv": [2, 2, 2, 2], "rotation": 90, "texture": "#0"}, "down": {"uv": [2, 2, 2, 2], "rotation": 270, "texture": "#0"} } }, { "from": [23.6853, 12.47759, 2.14906], "to": [25.0603, 12.87759, 2.79906], "rotation": {"angle": 0, "axis": "x", "origin": [8.14194, 8.89726, 2.45931]}, "faces": { "north": {"uv": [2, 2, 2, 2], "rotation": 180, "texture": "#0"}, "east": {"uv": [2, 2, 2, 2], "rotation": 180, "texture": "#0"}, "south": {"uv": [2, 2, 2, 2], "rotation": 180, "texture": "#0"}, "west": {"uv": [2, 2, 2, 2], "rotation": 180, "texture": "#0"}, "up": {"uv": [2, 2, 2, 2], "rotation": 90, "texture": "#0"}, "down": {"uv": [2, 2, 2, 2], "rotation": 270, "texture": "#0"} } }, { "from": [-8.77642, 12.47759, 2.14906], "to": [-7.40142, 12.87759, 2.79906], "rotation": {"angle": 0, "axis": "x", "origin": [8.14194, 8.89726, 2.45931]}, "faces": { "north": {"uv": [2, 2, 2, 2], "rotation": 180, "texture": "#0"}, "east": {"uv": [2, 2, 2, 2], "rotation": 180, "texture": "#0"}, "south": {"uv": [2, 2, 2, 2], "rotation": 180, "texture": "#0"}, "west": {"uv": [2, 2, 2, 2], "rotation": 180, "texture": "#0"}, "up": {"uv": [2, 2, 2, 2], "rotation": 90, "texture": "#0"}, "down": {"uv": [2, 2, 2, 2], "rotation": 270, "texture": "#0"} } }, { "from": [23.92067, 6.10023, 2.14906], "to": [25.29567, 6.40023, 2.79906], "rotation": {"angle": 22.5, "axis": "z", "origin": [8.14194, 8.89726, 2.45931]}, "faces": { "north": {"uv": [2, 2, 2, 2], "rotation": 180, "texture": "#0"}, "east": {"uv": [2, 2, 2, 2], "rotation": 180, "texture": "#0"}, "south": {"uv": [2, 2, 2, 2], "rotation": 180, "texture": "#0"}, "west": {"uv": [2, 2, 2, 2], "rotation": 180, "texture": "#0"}, "up": {"uv": [2, 2, 2, 2], "rotation": 90, "texture": "#0"}, "down": {"uv": [2, 2, 2, 2], "rotation": 270, "texture": "#0"} } }, { "from": [-9.01179, 6.10023, 2.14906], "to": [-7.63679, 6.40023, 2.79906], "rotation": {"angle": -22.5, "axis": "z", "origin": [8.14194, 8.89726, 2.45931]}, "faces": { "north": {"uv": [2, 2, 2, 2], "rotation": 180, "texture": "#0"}, "east": {"uv": [2, 2, 2, 2], "rotation": 180, "texture": "#0"}, "south": {"uv": [2, 2, 2, 2], "rotation": 180, "texture": "#0"}, "west": {"uv": [2, 2, 2, 2], "rotation": 180, "texture": "#0"}, "up": {"uv": [2, 2, 2, 2], "rotation": 90, "texture": "#0"}, "down": {"uv": [2, 2, 2, 2], "rotation": 270, "texture": "#0"} } }, { "from": [21.65935, 0.02586, 2.14906], "to": [23.03435, 0.32586, 2.79906], "rotation": {"angle": 45, "axis": "z", "origin": [8.14194, 8.89726, 2.45931]}, "faces": { "north": {"uv": [2, 2, 2, 2], "rotation": 180, "texture": "#0"}, "east": {"uv": [2, 2, 2, 2], "rotation": 180, "texture": "#0"}, "south": {"uv": [2, 2, 2, 2], "rotation": 180, "texture": "#0"}, "west": {"uv": [2, 2, 2, 2], "rotation": 180, "texture": "#0"}, "up": {"uv": [2, 2, 2, 2], "rotation": 90, "texture": "#0"}, "down": {"uv": [2, 2, 2, 2], "rotation": 270, "texture": "#0"} } }, { "from": [-6.75047, 0.02586, 2.14906], "to": [-5.37547, 0.32586, 2.79906], "rotation": {"angle": -45, "axis": "z", "origin": [8.14194, 8.89726, 2.45931]}, "faces": { "north": {"uv": [2, 2, 2, 2], "rotation": 180, "texture": "#0"}, "east": {"uv": [2, 2, 2, 2], "rotation": 180, "texture": "#0"}, "south": {"uv": [2, 2, 2, 2], "rotation": 180, "texture": "#0"}, "west": {"uv": [2, 2, 2, 2], "rotation": 180, "texture": "#0"}, "up": {"uv": [2, 2, 2, 2], "rotation": 90, "texture": "#0"}, "down": {"uv": [2, 2, 2, 2], "rotation": 270, "texture": "#0"} } }, { "from": [21.45996, 18.00092, 2.14906], "to": [21.75996, 19.37592, 2.79906], "rotation": {"angle": -22.5, "axis": "z", "origin": [8.14194, 8.89726, 2.45931]}, "faces": { "north": {"uv": [2, 2, 2, 2], "rotation": 90, "texture": "#0"}, "east": {"uv": [2, 2, 2, 2], "rotation": 90, "texture": "#0"}, "south": {"uv": [2, 2, 2, 2], "rotation": 90, "texture": "#0"}, "west": {"uv": [2, 2, 2, 2], "rotation": 90, "texture": "#0"}, "up": {"uv": [2, 2, 2, 2], "texture": "#0"}, "down": {"uv": [2, 2, 2, 2], "rotation": 180, "texture": "#0"} } }, { "from": [-5.47608, 18.00092, 2.14906], "to": [-5.17608, 19.37592, 2.79906], "rotation": {"angle": 22.5, "axis": "z", "origin": [8.14194, 8.89726, 2.45931]}, "faces": { "north": {"uv": [2, 2, 2, 2], "rotation": 90, "texture": "#0"}, "east": {"uv": [2, 2, 2, 2], "rotation": 90, "texture": "#0"}, "south": {"uv": [2, 2, 2, 2], "rotation": 90, "texture": "#0"}, "west": {"uv": [2, 2, 2, 2], "rotation": 90, "texture": "#0"}, "up": {"uv": [2, 2, 2, 2], "texture": "#0"}, "down": {"uv": [2, 2, 2, 2], "rotation": 180, "texture": "#0"} } }, { "from": [21.02587, 11.77186, 2.14906], "to": [21.65087, 13.42186, 2.79906], "rotation": {"angle": -22.5, "axis": "z", "origin": [8.14194, 8.89726, 2.45931]}, "faces": { "north": {"uv": [2, 2, 2, 2], "rotation": 180, "texture": "#0"}, "east": {"uv": [2, 2, 2, 2], "rotation": 180, "texture": "#0"}, "south": {"uv": [2, 2, 2, 2], "rotation": 180, "texture": "#0"}, "west": {"uv": [2, 2, 2, 2], "rotation": 180, "texture": "#0"}, "up": {"uv": [2, 2, 2, 2], "rotation": 90, "texture": "#0"}, "down": {"uv": [2, 2, 2, 2], "rotation": 270, "texture": "#0"} } }, { "from": [-5.36699, 11.77186, 2.14906], "to": [-4.74199, 13.42186, 2.79906], "rotation": {"angle": 22.5, "axis": "z", "origin": [8.14194, 8.89726, 2.45931]}, "faces": { "north": {"uv": [2, 2, 2, 2], "rotation": 180, "texture": "#0"}, "east": {"uv": [2, 2, 2, 2], "rotation": 180, "texture": "#0"}, "south": {"uv": [2, 2, 2, 2], "rotation": 180, "texture": "#0"}, "west": {"uv": [2, 2, 2, 2], "rotation": 180, "texture": "#0"}, "up": {"uv": [2, 2, 2, 2], "rotation": 90, "texture": "#0"}, "down": {"uv": [2, 2, 2, 2], "rotation": 270, "texture": "#0"} } }, { "from": [21.97328, 8.283, 2.14906], "to": [23.19828, 11.983, 2.79906], "rotation": {"angle": 0, "axis": "x", "origin": [8.14194, 8.89726, 2.45931]}, "faces": { "north": {"uv": [2, 2, 2, 2], "rotation": 180, "texture": "#0"}, "east": {"uv": [2, 2, 2, 2], "rotation": 180, "texture": "#0"}, "south": {"uv": [2, 2, 2, 2], "rotation": 180, "texture": "#0"}, "west": {"uv": [2, 2, 2, 2], "rotation": 180, "texture": "#0"}, "up": {"uv": [2, 2, 2, 2], "rotation": 90, "texture": "#0"}, "down": {"uv": [2, 2, 2, 2], "rotation": 270, "texture": "#0"} } }, { "from": [-6.9144, 8.283, 2.14906], "to": [-5.6894, 11.983, 2.79906], "rotation": {"angle": 0, "axis": "x", "origin": [8.14194, 8.89726, 2.45931]}, "faces": { "north": {"uv": [2, 2, 2, 2], "rotation": 180, "texture": "#0"}, "east": {"uv": [2, 2, 2, 2], "rotation": 180, "texture": "#0"}, "south": {"uv": [2, 2, 2, 2], "rotation": 180, "texture": "#0"}, "west": {"uv": [2, 2, 2, 2], "rotation": 180, "texture": "#0"}, "up": {"uv": [2, 2, 2, 2], "rotation": 90, "texture": "#0"}, "down": {"uv": [2, 2, 2, 2], "rotation": 270, "texture": "#0"} } }, { "from": [21.29493, 4.43578, 2.14906], "to": [23.41993, 6.78578, 2.79906], "rotation": {"angle": 22.5, "axis": "z", "origin": [8.14194, 8.89726, 2.45931]}, "faces": { "north": {"uv": [2, 2, 2, 2], "rotation": 180, "texture": "#0"}, "east": {"uv": [2, 2, 2, 2], "rotation": 180, "texture": "#0"}, "south": {"uv": [2, 2, 2, 2], "rotation": 180, "texture": "#0"}, "west": {"uv": [2, 2, 2, 2], "rotation": 180, "texture": "#0"}, "up": {"uv": [2, 2, 2, 2], "rotation": 90, "texture": "#0"}, "down": {"uv": [2, 2, 2, 2], "rotation": 270, "texture": "#0"} } }, { "from": [-7.13605, 4.43578, 2.14906], "to": [-5.01105, 6.78578, 2.79906], "rotation": {"angle": -22.5, "axis": "z", "origin": [8.14194, 8.89726, 2.45931]}, "faces": { "north": {"uv": [2, 2, 2, 2], "rotation": 180, "texture": "#0"}, "east": {"uv": [2, 2, 2, 2], "rotation": 180, "texture": "#0"}, "south": {"uv": [2, 2, 2, 2], "rotation": 180, "texture": "#0"}, "west": {"uv": [2, 2, 2, 2], "rotation": 180, "texture": "#0"}, "up": {"uv": [2, 2, 2, 2], "rotation": 90, "texture": "#0"}, "down": {"uv": [2, 2, 2, 2], "rotation": 270, "texture": "#0"} } }, { "from": [18.88122, -0.79449, 2.14906], "to": [19.50622, 1.65551, 2.79906], "rotation": {"angle": 45, "axis": "z", "origin": [8.14194, 8.89726, 2.45931]}, "faces": { "north": {"uv": [2, 2, 2, 2], "rotation": 180, "texture": "#0"}, "east": {"uv": [2, 2, 2, 2], "rotation": 180, "texture": "#0"}, "south": {"uv": [2, 2, 2, 2], "rotation": 180, "texture": "#0"}, "west": {"uv": [2, 2, 2, 2], "rotation": 180, "texture": "#0"}, "up": {"uv": [2, 2, 2, 2], "rotation": 90, "texture": "#0"}, "down": {"uv": [2, 2, 2, 2], "rotation": 270, "texture": "#0"} } }, { "from": [-3.22234, -0.79449, 2.14906], "to": [-2.59734, 1.65551, 2.79906], "rotation": {"angle": -45, "axis": "z", "origin": [8.14194, 8.89726, 2.45931]}, "faces": { "north": {"uv": [2, 2, 2, 2], "rotation": 180, "texture": "#0"}, "east": {"uv": [2, 2, 2, 2], "rotation": 180, "texture": "#0"}, "south": {"uv": [2, 2, 2, 2], "rotation": 180, "texture": "#0"}, "west": {"uv": [2, 2, 2, 2], "rotation": 180, "texture": "#0"}, "up": {"uv": [2, 2, 2, 2], "rotation": 90, "texture": "#0"}, "down": {"uv": [2, 2, 2, 2], "rotation": 270, "texture": "#0"} } }, { "from": [16.89934, 15.88687, 2.14906], "to": [19.72434, 16.76187, 2.79906], "rotation": {"angle": -22.5, "axis": "z", "origin": [8.14194, 8.89726, 2.45931]}, "faces": { "north": {"uv": [2, 2, 2, 2], "rotation": 90, "texture": "#0"}, "east": {"uv": [2, 2, 2, 2], "rotation": 90, "texture": "#0"}, "south": {"uv": [2, 2, 2, 2], "rotation": 90, "texture": "#0"}, "west": {"uv": [2, 2, 2, 2], "rotation": 90, "texture": "#0"}, "up": {"uv": [2, 2, 2, 2], "texture": "#0"}, "down": {"uv": [2, 2, 2, 2], "rotation": 180, "texture": "#0"} } }, { "from": [-3.44046, 15.88687, 2.14906], "to": [-0.61546, 16.76187, 2.79906], "rotation": {"angle": 22.5, "axis": "z", "origin": [8.14194, 8.89726, 2.45931]}, "faces": { "north": {"uv": [2, 2, 2, 2], "rotation": 90, "texture": "#0"}, "east": {"uv": [2, 2, 2, 2], "rotation": 90, "texture": "#0"}, "south": {"uv": [2, 2, 2, 2], "rotation": 90, "texture": "#0"}, "west": {"uv": [2, 2, 2, 2], "rotation": 90, "texture": "#0"}, "up": {"uv": [2, 2, 2, 2], "texture": "#0"}, "down": {"uv": [2, 2, 2, 2], "rotation": 180, "texture": "#0"} } }, { "from": [8.51999, 10.6979, 2.14906], "to": [9.49499, 12.4479, 2.79906], "rotation": {"angle": -45, "axis": "z", "origin": [8.14194, 8.89726, 2.45931]}, "faces": { "north": {"uv": [2, 2, 2, 2], "texture": "#0"}, "east": {"uv": [2, 2, 2, 2], "texture": "#0"}, "south": {"uv": [2, 2, 2, 2], "texture": "#0"}, "west": {"uv": [2, 2, 2, 2], "texture": "#0"}, "up": {"uv": [2, 2, 2, 2], "rotation": 270, "texture": "#0"}, "down": {"uv": [2, 2, 2, 2], "rotation": 90, "texture": "#0"} } }, { "from": [6.78889, 10.6979, 2.14906], "to": [7.76389, 12.4479, 2.79906], "rotation": {"angle": 45, "axis": "z", "origin": [8.14194, 8.89726, 2.45931]}, "faces": { "north": {"uv": [2, 2, 2, 2], "texture": "#0"}, "east": {"uv": [2, 2, 2, 2], "texture": "#0"}, "south": {"uv": [2, 2, 2, 2], "texture": "#0"}, "west": {"uv": [2, 2, 2, 2], "texture": "#0"}, "up": {"uv": [2, 2, 2, 2], "rotation": 270, "texture": "#0"}, "down": {"uv": [2, 2, 2, 2], "rotation": 90, "texture": "#0"} } }, { "from": [9.29519, 9.6307, 2.14906], "to": [9.74519, 10.6307, 2.79906], "rotation": {"angle": 0, "axis": "x", "origin": [8.14194, 8.89726, 2.45931]}, "faces": { "north": {"uv": [2, 2, 2, 2], "texture": "#0"}, "east": {"uv": [2, 2, 2, 2], "texture": "#0"}, "south": {"uv": [2, 2, 2, 2], "texture": "#0"}, "west": {"uv": [2, 2, 2, 2], "texture": "#0"}, "up": {"uv": [2, 2, 2, 2], "rotation": 270, "texture": "#0"}, "down": {"uv": [2, 2, 2, 2], "rotation": 90, "texture": "#0"} } }, { "from": [6.53869, 9.6307, 2.14906], "to": [6.98869, 10.6307, 2.79906], "rotation": {"angle": 0, "axis": "x", "origin": [8.14194, 8.89726, 2.45931]}, "faces": { "north": {"uv": [2, 2, 2, 2], "texture": "#0"}, "east": {"uv": [2, 2, 2, 2], "texture": "#0"}, "south": {"uv": [2, 2, 2, 2], "texture": "#0"}, "west": {"uv": [2, 2, 2, 2], "texture": "#0"}, "up": {"uv": [2, 2, 2, 2], "rotation": 270, "texture": "#0"}, "down": {"uv": [2, 2, 2, 2], "rotation": 90, "texture": "#0"} } }, { "from": [7.40444, 9.12791, 2.14906], "to": [8.87944, 10.80291, 2.79906], "rotation": {"angle": 0, "axis": "x", "origin": [8.14194, 8.89726, 2.45931]}, "faces": { "north": {"uv": [2, 2, 2, 2], "texture": "#0"}, "east": {"uv": [2, 2, 2, 2], "texture": "#0"}, "south": {"uv": [2, 2, 2, 2], "texture": "#0"}, "west": {"uv": [2, 2, 2, 2], "texture": "#0"}, "up": {"uv": [2, 2, 2, 2], "rotation": 270, "texture": "#0"}, "down": {"uv": [2, 2, 2, 2], "rotation": 90, "texture": "#0"} } }, { "from": [12.63119, 10.85669, 2.37406], "to": [21.98119, 11.90669, 2.42406], "rotation": {"angle": 0, "axis": "y", "origin": [8.14194, 8.89726, 2.45931]}, "faces": { "north": {"uv": [2, 6, 2, 6], "texture": "#0"}, "east": {"uv": [2, 6, 2, 6], "texture": "#0"}, "south": {"uv": [2, 6, 2, 6], "texture": "#0"}, "west": {"uv": [2, 6, 2, 6], "texture": "#0"}, "up": {"uv": [2, 6, 2, 6], "rotation": 270, "texture": "#0"}, "down": {"uv": [2, 6, 2, 6], "rotation": 90, "texture": "#0"} } }, { "from": [10.08119, 6.60669, 2.37406], "to": [21.98119, 10.85669, 2.42406], "rotation": {"angle": 0, "axis": "y", "origin": [8.14194, 8.89726, 2.45931]}, "faces": { "north": {"uv": [2, 6, 2, 6], "texture": "#0"}, "east": {"uv": [2, 6, 2, 6], "texture": "#0"}, "south": {"uv": [2, 6, 2, 6], "texture": "#0"}, "west": {"uv": [2, 6, 2, 6], "texture": "#0"}, "up": {"uv": [2, 6, 2, 6], "rotation": 270, "texture": "#0"}, "down": {"uv": [2, 6, 2, 6], "rotation": 90, "texture": "#0"} } }, { "from": [10.83119, 5.63169, 2.37406], "to": [21.10619, 6.60669, 2.42406], "rotation": {"angle": 0, "axis": "y", "origin": [8.14194, 8.89726, 2.45931]}, "faces": { "north": {"uv": [2, 6, 2, 6], "texture": "#0"}, "east": {"uv": [2, 6, 2, 6], "texture": "#0"}, "south": {"uv": [2, 6, 2, 6], "texture": "#0"}, "west": {"uv": [2, 6, 2, 6], "texture": "#0"}, "up": {"uv": [2, 6, 2, 6], "rotation": 270, "texture": "#0"}, "down": {"uv": [2, 6, 2, 6], "rotation": 90, "texture": "#0"} } }, { "from": [11.63119, 4.65669, 2.37406], "to": [20.13119, 5.63169, 2.42406], "rotation": {"angle": 0, "axis": "y", "origin": [8.14194, 8.89726, 2.45931]}, "faces": { "north": {"uv": [2, 6, 2, 6], "texture": "#0"}, "east": {"uv": [2, 6, 2, 6], "texture": "#0"}, "south": {"uv": [2, 6, 2, 6], "texture": "#0"}, "west": {"uv": [2, 6, 2, 6], "texture": "#0"}, "up": {"uv": [2, 6, 2, 6], "rotation": 270, "texture": "#0"}, "down": {"uv": [2, 6, 2, 6], "rotation": 90, "texture": "#0"} } }, { "from": [12.60619, 3.90669, 2.37406], "to": [19.15619, 4.65669, 2.42406], "rotation": {"angle": 0, "axis": "y", "origin": [8.14194, 8.89726, 2.45931]}, "faces": { "north": {"uv": [2, 6, 2, 6], "texture": "#0"}, "east": {"uv": [2, 6, 2, 6], "texture": "#0"}, "south": {"uv": [2, 6, 2, 6], "texture": "#0"}, "west": {"uv": [2, 6, 2, 6], "texture": "#0"}, "up": {"uv": [2, 6, 2, 6], "rotation": 270, "texture": "#0"}, "down": {"uv": [2, 6, 2, 6], "rotation": 90, "texture": "#0"} } }, { "from": [12.85619, 3.60669, 2.37406], "to": [18.45619, 3.90669, 2.42406], "rotation": {"angle": 0, "axis": "y", "origin": [8.14194, 8.89726, 2.45931]}, "faces": { "north": {"uv": [2, 6, 2, 6], "texture": "#0"}, "east": {"uv": [2, 6, 2, 6], "texture": "#0"}, "south": {"uv": [2, 6, 2, 6], "texture": "#0"}, "west": {"uv": [2, 6, 2, 6], "texture": "#0"}, "up": {"uv": [2, 6, 2, 6], "rotation": 270, "texture": "#0"}, "down": {"uv": [2, 6, 2, 6], "rotation": 90, "texture": "#0"} } }, { "from": [-5.69731, 10.85669, 2.37406], "to": [3.65269, 11.90669, 2.42406], "rotation": {"angle": 0, "axis": "y", "origin": [8.14194, 8.89726, 2.45931]}, "faces": { "north": {"uv": [2, 6, 2, 6], "texture": "#0"}, "east": {"uv": [2, 6, 2, 6], "texture": "#0"}, "south": {"uv": [2, 6, 2, 6], "texture": "#0"}, "west": {"uv": [2, 6, 2, 6], "texture": "#0"}, "up": {"uv": [2, 6, 2, 6], "rotation": 270, "texture": "#0"}, "down": {"uv": [2, 6, 2, 6], "rotation": 90, "texture": "#0"} } }, { "from": [-5.69731, 6.60669, 2.37406], "to": [6.20269, 10.85669, 2.42406], "rotation": {"angle": 0, "axis": "y", "origin": [8.14194, 8.89726, 2.45931]}, "faces": { "north": {"uv": [2, 6, 2, 6], "texture": "#0"}, "east": {"uv": [2, 6, 2, 6], "texture": "#0"}, "south": {"uv": [2, 6, 2, 6], "texture": "#0"}, "west": {"uv": [2, 6, 2, 6], "texture": "#0"}, "up": {"uv": [2, 6, 2, 6], "rotation": 270, "texture": "#0"}, "down": {"uv": [2, 6, 2, 6], "rotation": 90, "texture": "#0"} } }, { "from": [-4.82231, 5.63169, 2.37406], "to": [5.45269, 6.60669, 2.42406], "rotation": {"angle": 0, "axis": "y", "origin": [8.14194, 8.89726, 2.45931]}, "faces": { "north": {"uv": [2, 6, 2, 6], "texture": "#0"}, "east": {"uv": [2, 6, 2, 6], "texture": "#0"}, "south": {"uv": [2, 6, 2, 6], "texture": "#0"}, "west": {"uv": [2, 6, 2, 6], "texture": "#0"}, "up": {"uv": [2, 6, 2, 6], "rotation": 270, "texture": "#0"}, "down": {"uv": [2, 6, 2, 6], "rotation": 90, "texture": "#0"} } }, { "from": [-3.84731, 4.65669, 2.37406], "to": [4.65269, 5.63169, 2.42406], "rotation": {"angle": 0, "axis": "y", "origin": [8.14194, 8.89726, 2.45931]}, "faces": { "north": {"uv": [2, 6, 2, 6], "texture": "#0"}, "east": {"uv": [2, 6, 2, 6], "texture": "#0"}, "south": {"uv": [2, 6, 2, 6], "texture": "#0"}, "west": {"uv": [2, 6, 2, 6], "texture": "#0"}, "up": {"uv": [2, 6, 2, 6], "rotation": 270, "texture": "#0"}, "down": {"uv": [2, 6, 2, 6], "rotation": 90, "texture": "#0"} } }, { "from": [-2.87231, 3.90669, 2.37406], "to": [3.67769, 4.65669, 2.42406], "rotation": {"angle": 0, "axis": "y", "origin": [8.14194, 8.89726, 2.45931]}, "faces": { "north": {"uv": [2, 6, 2, 6], "texture": "#0"}, "east": {"uv": [2, 6, 2, 6], "texture": "#0"}, "south": {"uv": [2, 6, 2, 6], "texture": "#0"}, "west": {"uv": [2, 6, 2, 6], "texture": "#0"}, "up": {"uv": [2, 6, 2, 6], "rotation": 270, "texture": "#0"}, "down": {"uv": [2, 6, 2, 6], "rotation": 90, "texture": "#0"} } }, { "from": [-2.17231, 3.60669, 2.37406], "to": [3.42769, 3.90669, 2.42406], "rotation": {"angle": 0, "axis": "y", "origin": [8.14194, 8.89726, 2.45931]}, "faces": { "north": {"uv": [2, 6, 2, 6], "texture": "#0"}, "east": {"uv": [2, 6, 2, 6], "texture": "#0"}, "south": {"uv": [2, 6, 2, 6], "texture": "#0"}, "west": {"uv": [2, 6, 2, 6], "texture": "#0"}, "up": {"uv": [2, 6, 2, 6], "rotation": 270, "texture": "#0"}, "down": {"uv": [2, 6, 2, 6], "rotation": 90, "texture": "#0"} } }, { "from": [24.29566, 5.07485, 21.3277], "to": [24.70334, 6.41204, 22.43659], "rotation": {"angle": 0, "axis": "y", "origin": [24.29566, 7.92319, 19.30412]}, "faces": { "north": {"uv": [6, 2, 6, 2], "texture": "#0"}, "east": {"uv": [6, 2, 6, 2], "texture": "#0"}, "south": {"uv": [6, 2, 6, 2], "texture": "#0"}, "west": {"uv": [6, 2, 6, 2], "texture": "#0"}, "up": {"uv": [6, 2, 6, 2], "texture": "#0"}, "down": {"uv": [6, 2, 6, 2], "texture": "#0"} } }, { "from": [-8.70062, 5.07485, 21.3277], "to": [-8.29294, 6.41204, 22.43659], "rotation": {"angle": 0, "axis": "y", "origin": [-11.53946, 7.92319, 19.30412]}, "faces": { "north": {"uv": [6, 2, 6, 2], "texture": "#0"}, "east": {"uv": [6, 2, 6, 2], "texture": "#0"}, "south": {"uv": [6, 2, 6, 2], "texture": "#0"}, "west": {"uv": [6, 2, 6, 2], "texture": "#0"}, "up": {"uv": [6, 2, 6, 2], "texture": "#0"}, "down": {"uv": [6, 2, 6, 2], "texture": "#0"} } }, { "from": [24.29566, 6.06606, 21.54616], "to": [24.70334, 7.68047, 22.26368], "rotation": {"angle": 22.5, "axis": "x", "origin": [24.29566, 7.92319, 19.30412]}, "faces": { "north": {"uv": [6, 2, 6, 2], "texture": "#0"}, "east": {"uv": [6, 2, 6, 2], "texture": "#0"}, "south": {"uv": [6, 2, 6, 2], "texture": "#0"}, "west": {"uv": [6, 2, 6, 2], "texture": "#0"}, "up": {"uv": [6, 2, 6, 2], "texture": "#0"}, "down": {"uv": [6, 2, 6, 2], "texture": "#0"} } }, { "from": [-8.70062, 6.06606, 21.54616], "to": [-8.29294, 7.68047, 22.26368], "rotation": {"angle": 22.5, "axis": "x", "origin": [-11.53946, 7.92319, 19.30412]}, "faces": { "north": {"uv": [6, 2, 6, 2], "texture": "#0"}, "east": {"uv": [6, 2, 6, 2], "texture": "#0"}, "south": {"uv": [6, 2, 6, 2], "texture": "#0"}, "west": {"uv": [6, 2, 6, 2], "texture": "#0"}, "up": {"uv": [6, 2, 6, 2], "texture": "#0"}, "down": {"uv": [6, 2, 6, 2], "texture": "#0"} } }, { "from": [24.29566, 7.06541, 21.4502], "to": [24.70334, 8.67983, 22.08618], "rotation": {"angle": 45, "axis": "x", "origin": [24.29566, 7.92319, 19.30412]}, "faces": { "north": {"uv": [6, 2, 6, 2], "texture": "#0"}, "east": {"uv": [6, 2, 6, 2], "texture": "#0"}, "south": {"uv": [6, 2, 6, 2], "texture": "#0"}, "west": {"uv": [6, 2, 6, 2], "texture": "#0"}, "up": {"uv": [6, 2, 6, 2], "texture": "#0"}, "down": {"uv": [6, 2, 6, 2], "texture": "#0"} } }, { "from": [-8.70062, 7.06541, 21.4502], "to": [-8.29294, 8.67983, 22.08618], "rotation": {"angle": 45, "axis": "x", "origin": [-11.53946, 7.92319, 19.30412]}, "faces": { "north": {"uv": [6, 2, 6, 2], "texture": "#0"}, "east": {"uv": [6, 2, 6, 2], "texture": "#0"}, "south": {"uv": [6, 2, 6, 2], "texture": "#0"}, "west": {"uv": [6, 2, 6, 2], "texture": "#0"}, "up": {"uv": [6, 2, 6, 2], "texture": "#0"}, "down": {"uv": [6, 2, 6, 2], "texture": "#0"} } }, { "from": [24.29566, 5.61247, 19.32823], "to": [24.70334, 8.41731, 20.35558], "rotation": {"angle": -22.5, "axis": "x", "origin": [24.29566, 7.92319, 19.30412]}, "faces": { "north": {"uv": [6, 2, 6, 2], "texture": "#0"}, "east": {"uv": [6, 2, 6, 2], "texture": "#0"}, "south": {"uv": [6, 2, 6, 2], "texture": "#0"}, "west": {"uv": [6, 2, 6, 2], "texture": "#0"}, "up": {"uv": [6, 2, 6, 2], "texture": "#0"}, "down": {"uv": [6, 2, 6, 2], "texture": "#0"} } }, { "from": [-8.70062, 5.61247, 19.32823], "to": [-8.29294, 8.41731, 20.35558], "rotation": {"angle": -22.5, "axis": "x", "origin": [-11.53946, 7.92319, 19.30412]}, "faces": { "north": {"uv": [6, 2, 6, 2], "texture": "#0"}, "east": {"uv": [6, 2, 6, 2], "texture": "#0"}, "south": {"uv": [6, 2, 6, 2], "texture": "#0"}, "west": {"uv": [6, 2, 6, 2], "texture": "#0"}, "up": {"uv": [6, 2, 6, 2], "texture": "#0"}, "down": {"uv": [6, 2, 6, 2], "texture": "#0"} } }, { "from": [24.29566, 5.56591, 19.50875], "to": [24.70334, 10.84944, 19.91643], "rotation": {"angle": -45, "axis": "x", "origin": [24.29566, 7.92319, 19.30412]}, "faces": { "north": {"uv": [6, 2, 6, 2], "texture": "#0"}, "east": {"uv": [6, 2, 6, 2], "texture": "#0"}, "south": {"uv": [6, 2, 6, 2], "texture": "#0"}, "west": {"uv": [6, 2, 6, 2], "texture": "#0"}, "up": {"uv": [6, 2, 6, 2], "texture": "#0"}, "down": {"uv": [6, 2, 6, 2], "texture": "#0"} } }, { "from": [-8.70062, 5.56591, 19.50875], "to": [-8.29294, 10.84944, 19.91643], "rotation": {"angle": -45, "axis": "x", "origin": [-11.53946, 7.92319, 19.30412]}, "faces": { "north": {"uv": [6, 2, 6, 2], "texture": "#0"}, "east": {"uv": [6, 2, 6, 2], "texture": "#0"}, "south": {"uv": [6, 2, 6, 2], "texture": "#0"}, "west": {"uv": [6, 2, 6, 2], "texture": "#0"}, "up": {"uv": [6, 2, 6, 2], "texture": "#0"}, "down": {"uv": [6, 2, 6, 2], "texture": "#0"} } }, { "from": [24.29566, 10.705, 18.37335], "to": [24.70334, 11.99327, 18.78103], "rotation": {"angle": -22.5, "axis": "x", "origin": [24.29566, 7.92319, 19.30412]}, "faces": { "north": {"uv": [6, 2, 6, 2], "texture": "#0"}, "east": {"uv": [6, 2, 6, 2], "texture": "#0"}, "south": {"uv": [6, 2, 6, 2], "texture": "#0"}, "west": {"uv": [6, 2, 6, 2], "texture": "#0"}, "up": {"uv": [6, 2, 6, 2], "texture": "#0"}, "down": {"uv": [6, 2, 6, 2], "texture": "#0"} } }, { "from": [-8.70062, 10.705, 18.37335], "to": [-8.29294, 11.99327, 18.78103], "rotation": {"angle": -22.5, "axis": "x", "origin": [-11.53946, 7.92319, 19.30412]}, "faces": { "north": {"uv": [6, 2, 6, 2], "texture": "#0"}, "east": {"uv": [6, 2, 6, 2], "texture": "#0"}, "south": {"uv": [6, 2, 6, 2], "texture": "#0"}, "west": {"uv": [6, 2, 6, 2], "texture": "#0"}, "up": {"uv": [6, 2, 6, 2], "texture": "#0"}, "down": {"uv": [6, 2, 6, 2], "texture": "#0"} } }, { "from": [24.29566, 4.09293, 21.10813], "to": [24.70334, 5.12028, 21.59735], "rotation": {"angle": -22.5, "axis": "x", "origin": [24.29566, 7.92319, 19.30412]}, "faces": { "north": {"uv": [6, 2, 6, 2], "texture": "#0"}, "east": {"uv": [6, 2, 6, 2], "texture": "#0"}, "south": {"uv": [6, 2, 6, 2], "texture": "#0"}, "west": {"uv": [6, 2, 6, 2], "texture": "#0"}, "up": {"uv": [6, 2, 6, 2], "texture": "#0"}, "down": {"uv": [6, 2, 6, 2], "texture": "#0"} } }, { "from": [-8.70062, 4.09293, 21.10813], "to": [-8.29294, 5.12028, 21.59735], "rotation": {"angle": -22.5, "axis": "x", "origin": [-11.53946, 7.92319, 19.30412]}, "faces": { "north": {"uv": [6, 2, 6, 2], "texture": "#0"}, "east": {"uv": [6, 2, 6, 2], "texture": "#0"}, "south": {"uv": [6, 2, 6, 2], "texture": "#0"}, "west": {"uv": [6, 2, 6, 2], "texture": "#0"}, "up": {"uv": [6, 2, 6, 2], "texture": "#0"}, "down": {"uv": [6, 2, 6, 2], "texture": "#0"} } }, { "from": [24.29566, 3.50691, 19.95701], "to": [24.70334, 3.91459, 20.10378], "rotation": {"angle": -45, "axis": "x", "origin": [24.29566, 7.92319, 19.30412]}, "faces": { "north": {"uv": [6, 2, 6, 2], "texture": "#0"}, "east": {"uv": [6, 2, 6, 2], "texture": "#0"}, "south": {"uv": [6, 2, 6, 2], "texture": "#0"}, "west": {"uv": [6, 2, 6, 2], "texture": "#0"}, "up": {"uv": [6, 2, 6, 2], "texture": "#0"}, "down": {"uv": [6, 2, 6, 2], "texture": "#0"} } }, { "from": [-8.70062, 3.50691, 19.95701], "to": [-8.29294, 3.91459, 20.10378], "rotation": {"angle": -45, "axis": "x", "origin": [-11.53946, 7.92319, 19.30412]}, "faces": { "north": {"uv": [6, 2, 6, 2], "texture": "#0"}, "east": {"uv": [6, 2, 6, 2], "texture": "#0"}, "south": {"uv": [6, 2, 6, 2], "texture": "#0"}, "west": {"uv": [6, 2, 6, 2], "texture": "#0"}, "up": {"uv": [6, 2, 6, 2], "texture": "#0"}, "down": {"uv": [6, 2, 6, 2], "texture": "#0"} } }, { "from": [24.29566, 8.43879, 14.30167], "to": [24.70334, 9.09108, 23.35217], "rotation": {"angle": 45, "axis": "x", "origin": [24.29566, 7.92319, 19.30412]}, "faces": { "north": {"uv": [6, 2, 6, 2], "texture": "#0"}, "east": {"uv": [6, 2, 6, 2], "texture": "#0"}, "south": {"uv": [6, 2, 6, 2], "texture": "#0"}, "west": {"uv": [6, 2, 6, 2], "texture": "#0"}, "up": {"uv": [6, 2, 6, 2], "texture": "#0"}, "down": {"uv": [6, 2, 6, 2], "texture": "#0"} } }, { "from": [-8.70062, 8.43879, 14.30167], "to": [-8.29294, 9.09108, 23.35217], "rotation": {"angle": 45, "axis": "x", "origin": [-11.53946, 7.92319, 19.30412]}, "faces": { "north": {"uv": [6, 2, 6, 2], "texture": "#0"}, "east": {"uv": [6, 2, 6, 2], "texture": "#0"}, "south": {"uv": [6, 2, 6, 2], "texture": "#0"}, "west": {"uv": [6, 2, 6, 2], "texture": "#0"}, "up": {"uv": [6, 2, 6, 2], "texture": "#0"}, "down": {"uv": [6, 2, 6, 2], "texture": "#0"} } }, { "from": [24.29566, 12.33292, 9.13255], "to": [24.70334, 12.98521, 14.9053], "rotation": {"angle": 0, "axis": "y", "origin": [24.29566, 7.92319, 18.65184]}, "faces": { "north": {"uv": [6, 2, 6, 2], "texture": "#0"}, "east": {"uv": [6, 2, 6, 2], "texture": "#0"}, "south": {"uv": [6, 2, 6, 2], "texture": "#0"}, "west": {"uv": [6, 2, 6, 2], "texture": "#0"}, "up": {"uv": [6, 2, 6, 2], "texture": "#0"}, "down": {"uv": [6, 2, 6, 2], "texture": "#0"} } }, { "from": [-8.70062, 12.33292, 9.13255], "to": [-8.29294, 12.98521, 14.9053], "rotation": {"angle": 0, "axis": "y", "origin": [-11.53946, 7.92319, 18.65184]}, "faces": { "north": {"uv": [6, 2, 6, 2], "texture": "#0"}, "east": {"uv": [6, 2, 6, 2], "texture": "#0"}, "south": {"uv": [6, 2, 6, 2], "texture": "#0"}, "west": {"uv": [6, 2, 6, 2], "texture": "#0"}, "up": {"uv": [6, 2, 6, 2], "texture": "#0"}, "down": {"uv": [6, 2, 6, 2], "texture": "#0"} } }, { "from": [24.33643, 12.37369, 2.73197], "to": [24.66257, 12.94444, 9.13255], "rotation": {"angle": 0, "axis": "y", "origin": [24.25489, 6.73922, 21.03165]}, "faces": { "north": {"uv": [6, 6, 6, 6], "texture": "#0"}, "east": {"uv": [6, 6, 6, 6], "texture": "#0"}, "south": {"uv": [6, 6, 6, 6], "texture": "#0"}, "west": {"uv": [6, 6, 6, 6], "texture": "#0"}, "up": {"uv": [6, 6, 6, 6], "texture": "#0"}, "down": {"uv": [6, 6, 6, 6], "texture": "#0"} } }, { "from": [-8.70062, 12.37369, 2.73197], "to": [-8.37448, 12.94444, 9.13255], "rotation": {"angle": 0, "axis": "y", "origin": [-11.49869, 6.73922, 21.03165]}, "faces": { "north": {"uv": [6, 6, 6, 6], "texture": "#0"}, "east": {"uv": [6, 6, 6, 6], "texture": "#0"}, "south": {"uv": [6, 6, 6, 6], "texture": "#0"}, "west": {"uv": [6, 6, 6, 6], "texture": "#0"}, "up": {"uv": [6, 6, 6, 6], "texture": "#0"}, "down": {"uv": [6, 6, 6, 6], "texture": "#0"} } }, { "from": [24.29566, 10.26424, 13.30298], "to": [24.70334, 10.91653, 15.12939], "rotation": {"angle": 22.5, "axis": "x", "origin": [24.29566, 7.92319, 19.30412]}, "faces": { "north": {"uv": [6, 2, 6, 2], "texture": "#0"}, "east": {"uv": [6, 2, 6, 2], "texture": "#0"}, "south": {"uv": [6, 2, 6, 2], "texture": "#0"}, "west": {"uv": [6, 2, 6, 2], "texture": "#0"}, "up": {"uv": [6, 2, 6, 2], "texture": "#0"}, "down": {"uv": [6, 2, 6, 2], "texture": "#0"} } }, { "from": [-8.70062, 10.26424, 13.30298], "to": [-8.29294, 10.91653, 15.12939], "rotation": {"angle": 22.5, "axis": "x", "origin": [-11.53946, 7.92319, 19.30412]}, "faces": { "north": {"uv": [6, 2, 6, 2], "texture": "#0"}, "east": {"uv": [6, 2, 6, 2], "texture": "#0"}, "south": {"uv": [6, 2, 6, 2], "texture": "#0"}, "west": {"uv": [6, 2, 6, 2], "texture": "#0"}, "up": {"uv": [6, 2, 6, 2], "texture": "#0"}, "down": {"uv": [6, 2, 6, 2], "texture": "#0"} } }, { "from": [24.29566, 6.97193, 23.28257], "to": [24.70334, 7.08608, 23.69025], "rotation": {"angle": 22.5, "axis": "x", "origin": [24.29566, 7.92319, 19.30412]}, "faces": { "north": {"uv": [6, 2, 6, 2], "texture": "#0"}, "east": {"uv": [6, 2, 6, 2], "texture": "#0"}, "south": {"uv": [6, 2, 6, 2], "texture": "#0"}, "west": {"uv": [6, 2, 6, 2], "texture": "#0"}, "up": {"uv": [6, 2, 6, 2], "texture": "#0"}, "down": {"uv": [6, 2, 6, 2], "texture": "#0"} } }, { "from": [-8.70062, 6.97193, 23.28257], "to": [-8.29294, 7.08608, 23.69025], "rotation": {"angle": 22.5, "axis": "x", "origin": [-11.53946, 7.92319, 19.30412]}, "faces": { "north": {"uv": [6, 2, 6, 2], "texture": "#0"}, "east": {"uv": [6, 2, 6, 2], "texture": "#0"}, "south": {"uv": [6, 2, 6, 2], "texture": "#0"}, "west": {"uv": [6, 2, 6, 2], "texture": "#0"}, "up": {"uv": [6, 2, 6, 2], "texture": "#0"}, "down": {"uv": [6, 2, 6, 2], "texture": "#0"} } }, { "from": [24.29566, 4.51606, 21.52455], "to": [24.70334, 4.63021, 21.93223], "rotation": {"angle": -22.5, "axis": "x", "origin": [24.29566, 7.92319, 19.30412]}, "faces": { "north": {"uv": [6, 2, 6, 2], "texture": "#0"}, "east": {"uv": [6, 2, 6, 2], "texture": "#0"}, "south": {"uv": [6, 2, 6, 2], "texture": "#0"}, "west": {"uv": [6, 2, 6, 2], "texture": "#0"}, "up": {"uv": [6, 2, 6, 2], "texture": "#0"}, "down": {"uv": [6, 2, 6, 2], "texture": "#0"} } }, { "from": [-8.70062, 4.51606, 21.52455], "to": [-8.29294, 4.63021, 21.93223], "rotation": {"angle": -22.5, "axis": "x", "origin": [-11.53946, 7.92319, 19.30412]}, "faces": { "north": {"uv": [6, 2, 6, 2], "texture": "#0"}, "east": {"uv": [6, 2, 6, 2], "texture": "#0"}, "south": {"uv": [6, 2, 6, 2], "texture": "#0"}, "west": {"uv": [6, 2, 6, 2], "texture": "#0"}, "up": {"uv": [6, 2, 6, 2], "texture": "#0"}, "down": {"uv": [6, 2, 6, 2], "texture": "#0"} } }, { "from": [24.29566, 5.47131, 22.62835], "to": [24.70334, 5.78115, 23.03603], "rotation": {"angle": 0, "axis": "y", "origin": [24.29566, 7.92319, 19.30412]}, "faces": { "north": {"uv": [6, 2, 6, 2], "texture": "#0"}, "east": {"uv": [6, 2, 6, 2], "texture": "#0"}, "south": {"uv": [6, 2, 6, 2], "texture": "#0"}, "west": {"uv": [6, 2, 6, 2], "texture": "#0"}, "up": {"uv": [6, 2, 6, 2], "texture": "#0"}, "down": {"uv": [6, 2, 6, 2], "texture": "#0"} } }, { "from": [-8.70062, 5.47131, 22.62835], "to": [-8.29294, 5.78115, 23.03603], "rotation": {"angle": 0, "axis": "y", "origin": [-11.53946, 7.92319, 19.30412]}, "faces": { "north": {"uv": [6, 2, 6, 2], "texture": "#0"}, "east": {"uv": [6, 2, 6, 2], "texture": "#0"}, "south": {"uv": [6, 2, 6, 2], "texture": "#0"}, "west": {"uv": [6, 2, 6, 2], "texture": "#0"}, "up": {"uv": [6, 2, 6, 2], "texture": "#0"}, "down": {"uv": [6, 2, 6, 2], "texture": "#0"} } } ], "display": { "thirdperson_righthand": { "rotation": [90, 0, 0], "translation": [0, -0.75, 0.75], "scale": [0.16, 0.16797, 0.16797] }, "thirdperson_lefthand": { "rotation": [90, 0, 0], "translation": [0, -0.75, 0.75], "scale": [0.16797, 0.16797, 0.16797] }, "firstperson_righthand": { "translation": [2.5, 0, -1], "scale": [0.23828, 0.23828, 0.23828] }, "firstperson_lefthand": { "translation": [2.5, 0, -1], "scale": [0.23828, 0.23828, 0.23828] }, "ground": { "rotation": [-30, 56, -11], "scale": [0.17773, 0.17773, 0.17773] }, "gui": { "rotation": [29, 143, 0], "translation": [-0.75, -0.25, 0], "scale": [0.33789, 0.33789, 0.33789] }, "head": { "rotation": [4, 0, 0], "translation": [0, 2.5, -5.3], "scale": [0.39258, 0.39258, 0.39258] }, "fixed": { "rotation": [-83, 0, 0], "translation": [0, -1.75, -1], "scale": [0.48242, 0.48242, 0.48242] } }, "groups": [ { "name": "group", "origin": [8, 8, 8], "color": 0, "children": [0, 1, 2, 3, 4, 5, 6, 7, 8, 9, 10, 11, 12, 13, 14, 15, 16, 17, 18, 19, 20, 21, 22, 23, 24, 25, 26, 27, 28, 29, 30, 31, 32, 33, 34, 35, 36, 37, 38, 39, 40, 41, 42, 43, 44, 45, 46, 47, 48] }, { "name": "group", "origin": [8, 8, 8], "color": 0, "children": [49, 50, 51, 52, 53, 54] }, { "name": "group", "origin": [8, 8, 8], "color": 0, "children": [55, 56, 57, 58, 59, 60] }, { "name": "glassessides", "origin": [8, 8, 8], "color": 0, "children": [61, 62, 63, 64, 65, 66, 67, 68, 69, 70, 71, 72, 73, 74, 75, 76, 77, 78, 79, 80, 81, 82, 83, 84, 85, 86, 87, 88, 89, 90] } ] }