{ "credit": "Made with Blockbench", "textures": { "0": "block/jigenhat" }, "elements": [ { "from": [-0.5088, 0.18112, 0.6872], "to": [14.9888, 0.78288, 16.1848], "rotation": {"angle": 0, "axis": "y", "origin": [126.472, 127.36192, 127.668]}, "faces": { "north": {"uv": [12, 14, 15.25, 15], "texture": "#0"}, "east": {"uv": [12, 14, 15.25, 15], "texture": "#0"}, "south": {"uv": [12, 14, 15.25, 15], "texture": "#0"}, "west": {"uv": [12, 14, 15.25, 15], "texture": "#0"}, "up": {"uv": [12, 14, 15.25, 15], "texture": "#0"}, "down": {"uv": [12, 14, 15.25, 15], "texture": "#0"} } }, { "from": [1.03994, 0.69031, 2.23594], "to": [13.44006, 1.50969, 14.63606], "rotation": {"angle": 0, "axis": "y", "origin": [100.24096, 100.07534, 101.43696]}, "faces": { "north": {"uv": [11.75, 14, 15.25, 15], "texture": "#0"}, "east": {"uv": [11.75, 14, 15.25, 15], "texture": "#0"}, "south": {"uv": [11.75, 14, 15.25, 15], "texture": "#0"}, "west": {"uv": [11.75, 14, 15.25, 15], "texture": "#0"}, "up": {"uv": [11.75, 14, 15.25, 15], "texture": "#0"}, "down": {"uv": [11.75, 14, 15.25, 15], "texture": "#0"} } }, { "from": [2.26336, 0.48154, 3.45936], "to": [12.21664, 5.25046, 13.41264], "rotation": {"angle": 0, "axis": "y", "origin": [81.8896, 81.63778, 83.0856]}, "faces": { "north": {"uv": [6.25, 14, 9, 15.25], "texture": "#0"}, "east": {"uv": [6.25, 14, 9, 15.25], "texture": "#0"}, "south": {"uv": [6.25, 14, 9, 15.25], "texture": "#0"}, "west": {"uv": [6.25, 14, 9, 15.25], "texture": "#0"}, "up": {"uv": [6.25, 14, 9, 15.25], "texture": "#0"}, "down": {"uv": [6.25, 14, 9, 15.25], "texture": "#0"} } }, { "from": [2.26336, 5.25046, 3.45936], "to": [12.21664, 10.91939, 13.41264], "rotation": {"angle": 0, "axis": "y", "origin": [81.8896, 87.1067, 83.0856]}, "faces": { "north": {"uv": [12.25, 13.5, 15, 15.25], "texture": "#0"}, "east": {"uv": [12.25, 13.5, 15, 15.25], "texture": "#0"}, "south": {"uv": [2, 14.5, 3, 15.5], "texture": "#0"}, "west": {"uv": [12.25, 14, 15, 15], "texture": "#0"}, "up": {"uv": [12.25, 14, 15, 15], "texture": "#0"}, "down": {"uv": [12.25, 14, 15, 15], "texture": "#0"} } }, { "from": [3.89142, 8.8258, 3.45936], "to": [11.6447, 11.39472, 13.41264], "rotation": {"angle": 22.5, "axis": "z", "origin": [6.66806, 11.31026, 8.436]}, "faces": { "north": {"uv": [1.5, 14.5, 2.5, 15.5], "texture": "#0"}, "east": {"uv": [1.5, 14.5, 2.5, 15.5], "texture": "#0"}, "south": {"uv": [1.5, 14.5, 2.5, 15.5], "texture": "#0"}, "west": {"uv": [1.5, 14.5, 2.5, 15.5], "texture": "#0"}, "up": {"uv": [1.5, 14.5, 2.5, 15.5], "texture": "#0"}, "down": {"uv": [1.5, 14.5, 2.5, 15.5], "texture": "#0"} } }, { "from": [2.69662, 9.7286, 3.45936], "to": [10.4499, 10.59752, 13.41264], "rotation": {"angle": -22.5, "axis": "z", "origin": [5.47326, 11.41306, 8.436]}, "faces": { "north": {"uv": [1.5, 14.5, 2.5, 15.5], "texture": "#0"}, "east": {"uv": [1.5, 14.5, 2.5, 15.5], "texture": "#0"}, "south": {"uv": [1.5, 14.5, 2.5, 15.5], "texture": "#0"}, "west": {"uv": [1.5, 14.5, 2.5, 15.5], "texture": "#0"}, "up": {"uv": [1.5, 14.5, 2.5, 15.5], "texture": "#0"}, "down": {"uv": [1.5, 14.5, 2.5, 15.5], "texture": "#0"} } } ], "display": { "thirdperson_righthand": { "rotation": [36.25, 0, 0], "translation": [0, 0.5, 0], "scale": [0.51, 0.34789, 0.51] }, "thirdperson_lefthand": { "rotation": [36.25, 0, 0], "translation": [0, 0.5, 0], "scale": [0.51, 0.34789, 0.51] }, "firstperson_righthand": { "rotation": [36.25, 0, 0], "translation": [0, 0.5, 0], "scale": [0.51, 0.34789, 0.51] }, "firstperson_lefthand": { "rotation": [36.25, 0, 0], "translation": [0, 0.5, 0], "scale": [0.51, 0.34789, 0.51] }, "ground": { "rotation": [36.25, 0, 0], "translation": [0, 0.5, 0], "scale": [0.51, 0.34789, 0.51] }, "gui": { "rotation": [24.5, 32, 0], "translation": [0, 0.5, 0], "scale": [0.51, 0.34789, 0.51] }, "head": { "rotation": [0, -180, 0], "translation": [-1, 6, 0.75], "scale": [1.56352, 0.81625, 1.47641] }, "fixed": { "rotation": [-90, 0, 0], "translation": [0.75, 0, -4.5], "scale": [1, 0.73242, 1] } } }