{ "credit": "Made with Blockbench", "textures": { "0": "block/blindercap" }, "elements": [ { "from": [1.3, 5, 1.6], "to": [12, 6, 12], "rotation": {"angle": 0, "axis": "y", "origin": [15, 13, 15]}, "faces": { "north": {"uv": [0, 1, 4, 8], "texture": "#0"}, "east": {"uv": [0, 1, 4, 8], "texture": "#0"}, "south": {"uv": [0, 1, 4, 8], "texture": "#0"}, "west": {"uv": [0, 1, 4, 8], "texture": "#0"}, "up": {"uv": [0, 1, 4, 8], "texture": "#0"}, "down": {"uv": [0, 1, 4, 8], "texture": "#0"} } }, { "from": [1.3, 4.3, 6.3], "to": [3.2, 5.3, 6.5], "rotation": {"angle": -45, "axis": "z", "origin": [2.25, 4.8, 6.4]}, "faces": { "north": {"uv": [14, 14, 15, 15], "texture": "#0"}, "east": {"uv": [14, 14, 15, 15], "texture": "#0"}, "south": {"uv": [14, 14, 15, 15], "texture": "#0"}, "west": {"uv": [14, 14, 15, 15], "texture": "#0"}, "up": {"uv": [14, 14, 15, 15], "texture": "#0"}, "down": {"uv": [14, 14, 15, 15], "texture": "#0"} } }, { "from": [6.37817, 0.13553, 1.6], "to": [17.17817, 1.13553, 12], "rotation": {"angle": -45, "axis": "z", "origin": [20.17817, 8.13553, 15]}, "faces": { "north": {"uv": [0, 1, 4, 8], "texture": "#0"}, "east": {"uv": [0, 1, 4, 8], "texture": "#0"}, "south": {"uv": [0, 1, 4, 8], "texture": "#0"}, "west": {"uv": [0, 1, 4, 8], "texture": "#0"}, "up": {"uv": [0, 1, 4, 8], "texture": "#0"}, "down": {"uv": [0, 1, 4, 8], "texture": "#0"} } }, { "from": [4.57817, 0.53553, 1.6], "to": [15.37817, 1.93553, 12], "rotation": {"angle": -45, "axis": "z", "origin": [18.37817, 8.53553, 15]}, "faces": { "north": {"uv": [0, 1, 4, 8], "texture": "#0"}, "east": {"uv": [0, 1, 4, 8], "texture": "#0"}, "south": {"uv": [0, 1, 4, 8], "texture": "#0"}, "west": {"uv": [0, 1, 4, 8], "texture": "#0"}, "up": {"uv": [0, 1, 4, 8], "texture": "#0"}, "down": {"uv": [0, 1, 4, 8], "texture": "#0"} } }, { "from": [4.17817, 0.53553, 1.6], "to": [13.97817, 1.53553, 12], "rotation": {"angle": -45, "axis": "z", "origin": [16.97817, 8.53553, 15]}, "faces": { "north": {"uv": [0, 1, 4, 8], "texture": "#0"}, "east": {"uv": [0, 1, 4, 8], "texture": "#0"}, "south": {"uv": [0, 1, 4, 8], "texture": "#0"}, "west": {"uv": [0, 1, 4, 8], "texture": "#0"}, "up": {"uv": [0, 1, 4, 8], "texture": "#0"}, "down": {"uv": [0, 1, 4, 8], "texture": "#0"} } }, { "from": [3.77817, 0.53553, 1.6], "to": [12.57817, 1.53553, 12], "rotation": {"angle": -45, "axis": "z", "origin": [15.57817, 8.53553, 15]}, "faces": { "north": {"uv": [0, 1, 4, 8], "texture": "#0"}, "east": {"uv": [0, 1, 4, 8], "texture": "#0"}, "south": {"uv": [0, 1, 4, 8], "texture": "#0"}, "west": {"uv": [0, 1, 4, 8], "texture": "#0"}, "up": {"uv": [0, 1, 4, 8], "texture": "#0"}, "down": {"uv": [0, 1, 4, 8], "texture": "#0"} } }, { "from": [3.37817, 0.53553, 1.6], "to": [11.17817, 1.53553, 12], "rotation": {"angle": -45, "axis": "z", "origin": [14.17817, 8.53553, 15]}, "faces": { "north": {"uv": [0, 1, 4, 8], "texture": "#0"}, "east": {"uv": [0, 1, 4, 8], "texture": "#0"}, "south": {"uv": [0, 1, 4, 8], "texture": "#0"}, "west": {"uv": [0, 1, 4, 8], "texture": "#0"}, "up": {"uv": [0, 1, 4, 8], "texture": "#0"}, "down": {"uv": [0, 1, 4, 8], "texture": "#0"} } }, { "from": [4.07817, 0.53553, 1.6], "to": [9.77817, 1.53553, 12], "rotation": {"angle": -45, "axis": "z", "origin": [12.77817, 8.53553, 15]}, "faces": { "north": {"uv": [0, 1, 4, 8], "texture": "#0"}, "east": {"uv": [0, 1, 4, 8], "texture": "#0"}, "south": {"uv": [0, 1, 4, 8], "texture": "#0"}, "west": {"uv": [0, 1, 4, 8], "texture": "#0"}, "up": {"uv": [0, 1, 4, 8], "texture": "#0"}, "down": {"uv": [0, 1, 4, 8], "texture": "#0"} } }, { "from": [3.12304, 4.85715, 1.6], "to": [7.02304, 5.85715, 12], "rotation": {"angle": -22.5, "axis": "z", "origin": [10.02304, 12.85715, 15]}, "faces": { "north": {"uv": [0, 1, 4, 8], "texture": "#0"}, "east": {"uv": [0, 1, 4, 8], "texture": "#0"}, "south": {"uv": [0, 1, 4, 8], "texture": "#0"}, "west": {"uv": [0, 1, 4, 8], "texture": "#0"}, "up": {"uv": [0, 1, 4, 8], "texture": "#0"}, "down": {"uv": [0, 1, 4, 8], "texture": "#0"} } }, { "from": [3.41893, 4.66896, 1.6], "to": [6.91893, 5.66896, 12], "rotation": {"angle": -22.5, "axis": "z", "origin": [8.51893, 12.66896, 15]}, "faces": { "north": {"uv": [0, 1, 4, 8], "texture": "#0"}, "east": {"uv": [0, 1, 4, 8], "texture": "#0"}, "south": {"uv": [0, 1, 4, 8], "texture": "#0"}, "west": {"uv": [0, 1, 4, 8], "texture": "#0"}, "up": {"uv": [0, 1, 4, 8], "texture": "#0"}, "down": {"uv": [0, 1, 4, 8], "texture": "#0"} } }, { "from": [1.3, 6, 1.6], "to": [4, 7, 12], "rotation": {"angle": 0, "axis": "y", "origin": [5.8, 14, 15]}, "faces": { "north": {"uv": [0, 1, 4, 8], "texture": "#0"}, "east": {"uv": [0, 1, 4, 8], "texture": "#0"}, "south": {"uv": [0, 1, 4, 8], "texture": "#0"}, "west": {"uv": [0, 1, 4, 8], "texture": "#0"}, "up": {"uv": [0, 1, 4, 8], "texture": "#0"}, "down": {"uv": [0, 1, 4, 8], "texture": "#0"} } }, { "from": [4.07817, 1.23553, 1.6], "to": [9.77817, 2.23553, 12], "rotation": {"angle": -45, "axis": "z", "origin": [12.77817, 9.23553, 15]}, "faces": { "north": {"uv": [0, 1, 4, 8], "texture": "#0"}, "east": {"uv": [0, 1, 4, 8], "texture": "#0"}, "south": {"uv": [0, 1, 4, 8], "texture": "#0"}, "west": {"uv": [0, 1, 4, 8], "texture": "#0"}, "up": {"uv": [0, 1, 4, 8], "texture": "#0"}, "down": {"uv": [0, 1, 4, 8], "texture": "#0"} } }, { "from": [7.77817, 0.83553, 2.4], "to": [17.17817, 1.23553, 11.2], "rotation": {"angle": -45, "axis": "z", "origin": [20.87817, 8.83553, 15]}, "faces": { "north": {"uv": [0, 1, 4, 8], "texture": "#0"}, "east": {"uv": [0, 1, 4, 8], "texture": "#0"}, "south": {"uv": [0, 1, 4, 8], "texture": "#0"}, "west": {"uv": [0, 1, 4, 8], "texture": "#0"}, "up": {"uv": [9, 0, 16, 7], "texture": "#0"}, "down": {"uv": [0, 1, 4, 8], "texture": "#0"} } } ], "display": { "thirdperson_righthand": { "rotation": [59.5, 90.75, 0], "translation": [0.75, 1, -1.25], "scale": [0.49219, 0.3125, 0.51758] }, "thirdperson_lefthand": { "rotation": [59.5, 109, 0], "translation": [-0.5, 1, -0.25], "scale": [0.49219, 0.3125, 0.51758] }, "firstperson_righthand": { "rotation": [59.5, 90.75, 0], "translation": [0.75, 1, -1.25], "scale": [0.49219, 0.3125, 0.51758] }, "firstperson_lefthand": { "rotation": [8.5, 82, -4.75], "translation": [1.75, 1, -1.25], "scale": [0.49219, 0.3125, 0.51758] }, "ground": { "rotation": [59.5, 90.75, -75.25], "translation": [0.75, 1, -1.25], "scale": [0.49219, 0.3125, 0.51758] }, "gui": { "rotation": [6.75, -126.5, 0], "translation": [-0.75, 0.5, -1.25], "scale": [0.72852, 0.51563, 0.69336] }, "head": { "rotation": [-1.25, 90.75, 0], "translation": [1.75, 6.5, -2.5], "scale": [1.48438, 0.51953, 1.42578] }, "fixed": { "rotation": [-90.25, 89.75, 2.25], "translation": [1.5, -1.5, -0.25], "scale": [1.28711, 0.36523, 1.26953] } } }