{ "credit": "Made with Blockbench", "ambientocclusion": false, "textures": { "0": "block/saltglasses" }, "elements": [ { "from": [-2.17688, 17.78723, 7.9], "to": [-0.57688, 18.48723, 8.4], "rotation": {"angle": 0, "axis": "x", "origin": [-2.57688, 18.13723, 8.1]}, "faces": { "north": {"uv": [14, 9, 13, 10], "rotation": 180, "texture": "#0"}, "east": {"uv": [14, 9, 13, 10], "rotation": 180, "texture": "#0"}, "south": {"uv": [14, 9, 13, 10], "rotation": 180, "texture": "#0"}, "west": {"uv": [14, 9, 13, 10], "rotation": 180, "texture": "#0"}, "up": {"uv": [14, 9, 13, 10], "rotation": 180, "texture": "#0"}, "down": {"uv": [14, 9, 13, 10], "rotation": 180, "texture": "#0"} } }, { "from": [-2.17688, 17.78723, -2.1], "to": [-1.77688, 18.48723, 8], "rotation": {"angle": 0, "axis": "y", "origin": [-1.87688, 18.13723, 6]}, "faces": { "north": {"uv": [13, 9, 14, 11], "rotation": 270, "texture": "#0"}, "east": {"uv": [13, 9, 14, 11], "rotation": 270, "texture": "#0"}, "south": {"uv": [13, 9, 14, 11], "rotation": 270, "texture": "#0"}, "west": {"uv": [13, 9, 14, 11], "rotation": 270, "texture": "#0"}, "up": {"uv": [13, 9, 14, 11], "rotation": 270, "texture": "#0"}, "down": {"uv": [13, 9, 14, 11], "rotation": 270, "texture": "#0"} } }, { "from": [-2.27688, 16.94851, -6.11382], "to": [-1.67688, 17.94851, -1.61382], "rotation": {"angle": -22.5, "axis": "x", "origin": [-1.87688, 17.19851, -3.61382]}, "faces": { "north": {"uv": [14, 13, 15, 12], "rotation": 270, "texture": "#0"}, "east": {"uv": [14, 13, 15, 12], "rotation": 270, "texture": "#0"}, "south": {"uv": [14, 13, 15, 12], "rotation": 270, "texture": "#0"}, "west": {"uv": [14, 13, 15, 12], "rotation": 270, "texture": "#0"}, "up": {"uv": [14, 13, 15, 12], "rotation": 270, "texture": "#0"}, "down": {"uv": [14, 13, 15, 12], "rotation": 270, "texture": "#0"} } }, { "from": [-2.27688, 17.65678, -2.05307], "to": [-1.67688, 18.65678, 0.34693], "rotation": {"angle": 0, "axis": "x", "origin": [-1.87688, 17.90678, -1.65307]}, "faces": { "north": {"uv": [14, 13, 15, 12], "rotation": 270, "texture": "#0"}, "east": {"uv": [14, 13, 15, 12], "rotation": 270, "texture": "#0"}, "south": {"uv": [14, 13, 15, 12], "rotation": 270, "texture": "#0"}, "west": {"uv": [14, 13, 15, 12], "rotation": 270, "texture": "#0"}, "up": {"uv": [14, 13, 15, 12], "rotation": 270, "texture": "#0"}, "down": {"uv": [14, 13, 15, 12], "rotation": 270, "texture": "#0"} } }, { "from": [17.78413, 17.78723, -2.1], "to": [18.18413, 18.48723, 8], "rotation": {"angle": 0, "axis": "y", "origin": [18.08413, 18.13723, 6]}, "faces": { "north": {"uv": [13, 9, 14, 11], "rotation": 270, "texture": "#0"}, "east": {"uv": [13, 9, 14, 11], "rotation": 270, "texture": "#0"}, "south": {"uv": [13, 9, 14, 11], "rotation": 270, "texture": "#0"}, "west": {"uv": [13, 9, 14, 11], "rotation": 270, "texture": "#0"}, "up": {"uv": [13, 9, 14, 11], "rotation": 270, "texture": "#0"}, "down": {"uv": [13, 9, 14, 11], "rotation": 270, "texture": "#0"} } }, { "from": [6.08413, 17.78723, 7.9], "to": [10.08413, 18.48723, 8.3], "rotation": {"angle": 0, "axis": "y", "origin": [8.08413, 18.13723, 8]}, "faces": { "north": {"uv": [14, 4, 15, 5], "rotation": 270, "texture": "#0"}, "east": {"uv": [14, 4, 15, 5], "rotation": 270, "texture": "#0"}, "south": {"uv": [14, 4, 15, 5], "rotation": 270, "texture": "#0"}, "west": {"uv": [14, 4, 15, 5], "rotation": 270, "texture": "#0"}, "up": {"uv": [14, 4, 15, 5], "rotation": 270, "texture": "#0"}, "down": {"uv": [14, 4, 15, 5], "rotation": 270, "texture": "#0"} } }, { "from": [17.68413, 16.94851, -6.11382], "to": [18.28413, 17.94851, -1.61382], "rotation": {"angle": -22.5, "axis": "x", "origin": [18.08413, 17.19851, -3.61382]}, "faces": { "north": {"uv": [14, 13, 15, 12], "rotation": 270, "texture": "#0"}, "east": {"uv": [14, 13, 15, 12], "rotation": 270, "texture": "#0"}, "south": {"uv": [14, 13, 15, 12], "rotation": 270, "texture": "#0"}, "west": {"uv": [14, 13, 15, 12], "rotation": 270, "texture": "#0"}, "up": {"uv": [14, 13, 15, 12], "rotation": 270, "texture": "#0"}, "down": {"uv": [14, 13, 15, 12], "rotation": 270, "texture": "#0"} } }, { "from": [17.68413, 17.65678, -2.05307], "to": [18.28413, 18.65678, 0.34693], "rotation": {"angle": 0, "axis": "x", "origin": [18.08413, 17.90678, -1.65307]}, "faces": { "north": {"uv": [14, 13, 15, 12], "rotation": 270, "texture": "#0"}, "east": {"uv": [14, 13, 15, 12], "rotation": 270, "texture": "#0"}, "south": {"uv": [14, 13, 15, 12], "rotation": 270, "texture": "#0"}, "west": {"uv": [14, 13, 15, 12], "rotation": 270, "texture": "#0"}, "up": {"uv": [14, 13, 15, 12], "rotation": 270, "texture": "#0"}, "down": {"uv": [14, 13, 15, 12], "rotation": 270, "texture": "#0"} } }, { "from": [16.58413, 17.78723, 7.9], "to": [18.18413, 18.48723, 8.4], "rotation": {"angle": 0, "axis": "x", "origin": [16.18413, 18.13723, 8.1]}, "faces": { "north": {"uv": [14, 9, 13, 10], "rotation": 180, "texture": "#0"}, "east": {"uv": [14, 9, 13, 10], "rotation": 180, "texture": "#0"}, "south": {"uv": [14, 9, 13, 10], "rotation": 180, "texture": "#0"}, "west": {"uv": [14, 9, 13, 10], "rotation": 180, "texture": "#0"}, "up": {"uv": [14, 9, 13, 10], "rotation": 180, "texture": "#0"}, "down": {"uv": [14, 9, 13, 10], "rotation": 180, "texture": "#0"} } }, { "from": [-1.56587, 18.23723, 8], "to": [7.03413, 18.63723, 8.5], "rotation": {"angle": 0, "axis": "z", "origin": [4.88413, 18.73723, 8.25]}, "faces": { "north": {"uv": [15, 13, 11, 16], "rotation": 180, "texture": "#0"}, "east": {"uv": [15, 13, 11, 16], "rotation": 180, "texture": "#0"}, "south": {"uv": [15, 13, 11, 16], "rotation": 180, "texture": "#0"}, "west": {"uv": [15, 13, 11, 16], "rotation": 180, "texture": "#0"}, "up": {"uv": [15, 13, 11, 16], "rotation": 180, "texture": "#0"}, "down": {"uv": [15, 13, 11, 16], "rotation": 180, "texture": "#0"} } }, { "from": [5.93413, 17.43723, 8], "to": [7.03413, 18.23723, 8.5], "rotation": {"angle": 0, "axis": "z", "origin": [6.83413, 16.68723, 8.25]}, "faces": { "north": {"uv": [15, 13, 11, 16], "rotation": 270, "texture": "#0"}, "east": {"uv": [15, 13, 11, 16], "rotation": 270, "texture": "#0"}, "south": {"uv": [15, 13, 11, 16], "rotation": 270, "texture": "#0"}, "west": {"uv": [15, 13, 11, 16], "rotation": 270, "texture": "#0"}, "up": {"uv": [15, 13, 11, 16], "rotation": 270, "texture": "#0"}, "down": {"uv": [15, 13, 11, 16], "rotation": 270, "texture": "#0"} } }, { "from": [6.33637, 17.41778, 8], "to": [7.33637, 18.61778, 8.5], "rotation": {"angle": 22.5, "axis": "z", "origin": [7.13637, 16.66778, 8.25]}, "faces": { "north": {"uv": [15, 13, 11, 16], "rotation": 270, "texture": "#0"}, "east": {"uv": [15, 13, 11, 16], "rotation": 270, "texture": "#0"}, "south": {"uv": [15, 13, 11, 16], "rotation": 270, "texture": "#0"}, "west": {"uv": [15, 13, 11, 16], "rotation": 270, "texture": "#0"}, "up": {"uv": [15, 13, 11, 16], "rotation": 270, "texture": "#0"}, "down": {"uv": [15, 13, 11, 16], "rotation": 270, "texture": "#0"} } }, { "from": [5.63413, 16.83723, 8], "to": [5.93413, 18.63723, 8.5], "rotation": {"angle": 22.5, "axis": "z", "origin": [6.68413, 18.23723, 8.25]}, "faces": { "north": {"uv": [16, 12, 12, 15], "texture": "#0"}, "east": {"uv": [16, 12, 12, 15], "texture": "#0"}, "south": {"uv": [16, 12, 12, 15], "texture": "#0"}, "west": {"uv": [16, 12, 12, 15], "texture": "#0"}, "up": {"uv": [16, 12, 12, 15], "texture": "#0"}, "down": {"uv": [16, 12, 12, 15], "texture": "#0"} } }, { "from": [5.30826, 18.31366, 8], "to": [6.30826, 18.71366, 8.5], "rotation": {"angle": -22.5, "axis": "z", "origin": [4.90826, 19.36366, 8.25]}, "faces": { "north": {"uv": [15, 13, 11, 16], "rotation": 270, "texture": "#0"}, "east": {"uv": [15, 13, 11, 16], "rotation": 270, "texture": "#0"}, "south": {"uv": [15, 13, 11, 16], "rotation": 270, "texture": "#0"}, "west": {"uv": [15, 13, 11, 16], "rotation": 270, "texture": "#0"}, "up": {"uv": [15, 13, 11, 16], "rotation": 270, "texture": "#0"}, "down": {"uv": [15, 13, 11, 16], "rotation": 270, "texture": "#0"} } }, { "from": [-0.35221, 18.27247, 8], "to": [1.14779, 18.67247, 8.5], "rotation": {"angle": 22.5, "axis": "z", "origin": [1.04779, 17.52247, 8.25]}, "faces": { "north": {"uv": [16, 12, 12, 15], "rotation": 90, "texture": "#0"}, "east": {"uv": [16, 12, 12, 15], "rotation": 90, "texture": "#0"}, "south": {"uv": [16, 12, 12, 15], "rotation": 90, "texture": "#0"}, "west": {"uv": [16, 12, 12, 15], "rotation": 90, "texture": "#0"}, "up": {"uv": [16, 12, 12, 15], "rotation": 90, "texture": "#0"}, "down": {"uv": [16, 12, 12, 15], "rotation": 90, "texture": "#0"} } }, { "from": [-1.73199, 16.83827, 8], "to": [-1.43199, 18.23827, 8.5], "rotation": {"angle": 45, "axis": "z", "origin": [-0.68199, 18.03827, 8.25]}, "faces": { "north": {"uv": [16, 12, 12, 15], "texture": "#0"}, "east": {"uv": [16, 12, 12, 15], "texture": "#0"}, "south": {"uv": [16, 12, 12, 15], "texture": "#0"}, "west": {"uv": [16, 12, 12, 15], "texture": "#0"}, "up": {"uv": [16, 12, 12, 15], "texture": "#0"}, "down": {"uv": [16, 12, 12, 15], "texture": "#0"} } }, { "from": [-1.53199, 17.53827, 8], "to": [-0.93199, 18.33827, 8.5], "rotation": {"angle": 45, "axis": "z", "origin": [-0.18199, 18.03827, 8.25]}, "faces": { "north": {"uv": [16, 12, 12, 15], "texture": "#0"}, "east": {"uv": [16, 12, 12, 15], "texture": "#0"}, "south": {"uv": [16, 12, 12, 15], "texture": "#0"}, "west": {"uv": [16, 12, 12, 15], "texture": "#0"}, "up": {"uv": [16, 12, 12, 15], "texture": "#0"}, "down": {"uv": [16, 12, 12, 15], "texture": "#0"} } }, { "from": [6.09335, 12.785, 8], "to": [6.39335, 13.885, 8.5], "rotation": {"angle": -22.5, "axis": "z", "origin": [7.14335, 13.685, 8.25]}, "faces": { "north": {"uv": [16, 12, 12, 15], "texture": "#0"}, "east": {"uv": [16, 12, 12, 15], "texture": "#0"}, "south": {"uv": [16, 12, 12, 15], "texture": "#0"}, "west": {"uv": [16, 12, 12, 15], "texture": "#0"}, "up": {"uv": [16, 12, 12, 15], "texture": "#0"}, "down": {"uv": [16, 12, 12, 15], "texture": "#0"} } }, { "from": [-0.65085, 13.47383, 8], "to": [-0.35085, 14.57383, 8.5], "rotation": {"angle": 22.5, "axis": "z", "origin": [0.39915, 14.37383, 8.25]}, "faces": { "north": {"uv": [16, 12, 12, 15], "texture": "#0"}, "east": {"uv": [16, 12, 12, 15], "texture": "#0"}, "south": {"uv": [16, 12, 12, 15], "texture": "#0"}, "west": {"uv": [16, 12, 12, 15], "texture": "#0"}, "up": {"uv": [16, 12, 12, 15], "texture": "#0"}, "down": {"uv": [16, 12, 12, 15], "texture": "#0"} } }, { "from": [5.30826, 13.12107, 8], "to": [6.40826, 13.42107, 8.5], "rotation": {"angle": 22.5, "axis": "z", "origin": [6.20826, 12.37107, 8.25]}, "faces": { "north": {"uv": [12, 15, 16, 12], "rotation": 270, "texture": "#0"}, "east": {"uv": [12, 15, 16, 12], "rotation": 270, "texture": "#0"}, "south": {"uv": [12, 15, 16, 12], "rotation": 270, "texture": "#0"}, "west": {"uv": [12, 15, 16, 12], "rotation": 270, "texture": "#0"}, "up": {"uv": [12, 15, 16, 12], "rotation": 270, "texture": "#0"}, "down": {"uv": [12, 15, 16, 12], "rotation": 270, "texture": "#0"} } }, { "from": [-0.58203, 12.85319, 8], "to": [0.51797, 13.15319, 8.5], "rotation": {"angle": -22.5, "axis": "z", "origin": [0.31797, 12.10319, 8.25]}, "faces": { "north": {"uv": [12, 15, 16, 12], "rotation": 270, "texture": "#0"}, "east": {"uv": [12, 15, 16, 12], "rotation": 270, "texture": "#0"}, "south": {"uv": [12, 15, 16, 12], "rotation": 270, "texture": "#0"}, "west": {"uv": [12, 15, 16, 12], "rotation": 270, "texture": "#0"}, "up": {"uv": [12, 15, 16, 12], "rotation": 270, "texture": "#0"}, "down": {"uv": [12, 15, 16, 12], "rotation": 270, "texture": "#0"} } }, { "from": [0.78976, 12.71957, 8], "to": [5.08976, 13.01957, 8.5], "rotation": {"angle": 0, "axis": "z", "origin": [4.88976, 11.96957, 8.25]}, "faces": { "north": {"uv": [12, 15, 16, 12], "rotation": 270, "texture": "#0"}, "east": {"uv": [12, 15, 16, 12], "rotation": 270, "texture": "#0"}, "south": {"uv": [12, 15, 16, 12], "rotation": 270, "texture": "#0"}, "west": {"uv": [12, 15, 16, 12], "rotation": 270, "texture": "#0"}, "up": {"uv": [12, 15, 16, 12], "rotation": 270, "texture": "#0"}, "down": {"uv": [12, 15, 16, 12], "rotation": 270, "texture": "#0"} } }, { "from": [6.22698, 14.15679, 8], "to": [6.52698, 16.65679, 8.5], "rotation": {"angle": 0, "axis": "z", "origin": [7.27698, 16.45679, 8.25]}, "faces": { "north": {"uv": [16, 12, 12, 15], "texture": "#0"}, "east": {"uv": [16, 12, 12, 15], "texture": "#0"}, "south": {"uv": [16, 12, 12, 15], "texture": "#0"}, "west": {"uv": [16, 12, 12, 15], "texture": "#0"}, "up": {"uv": [16, 12, 12, 15], "texture": "#0"}, "down": {"uv": [16, 12, 12, 15], "texture": "#0"} } }, { "from": [6.52698, 15.05679, 8.2], "to": [6.82698, 15.35679, 8.5], "rotation": {"angle": 0, "axis": "z", "origin": [6.72698, 16.20679, 8.45]}, "faces": { "north": {"uv": [16, 12, 12, 15], "rotation": 270, "texture": "#0"}, "east": {"uv": [16, 12, 12, 15], "rotation": 270, "texture": "#0"}, "south": {"uv": [16, 12, 12, 15], "rotation": 270, "texture": "#0"}, "west": {"uv": [16, 12, 12, 15], "rotation": 270, "texture": "#0"}, "up": {"uv": [16, 12, 12, 15], "rotation": 270, "texture": "#0"}, "down": {"uv": [16, 12, 12, 15], "rotation": 270, "texture": "#0"} } }, { "from": [6.73304, 15.15679, 8.07322], "to": [7.03304, 15.25679, 8.37322], "rotation": {"angle": 45, "axis": "y", "origin": [6.93304, 16.20679, 8.32322]}, "faces": { "north": {"uv": [16, 4, 12, 6], "rotation": 270, "texture": "#0"}, "east": {"uv": [16, 4, 12, 6], "rotation": 270, "texture": "#0"}, "south": {"uv": [16, 4, 12, 6], "rotation": 270, "texture": "#0"}, "west": {"uv": [16, 4, 12, 6], "rotation": 270, "texture": "#0"}, "up": {"uv": [16, 4, 12, 6], "rotation": 270, "texture": "#0"}, "down": {"uv": [16, 4, 12, 6], "rotation": 270, "texture": "#0"} } }, { "from": [9.17909, 15.15679, 8.07322], "to": [9.47909, 15.25679, 8.37322], "rotation": {"angle": 45, "axis": "y", "origin": [9.37909, 16.20679, 8.32322]}, "faces": { "north": {"uv": [16, 3, 12, 6], "rotation": 270, "texture": "#0"}, "east": {"uv": [16, 3, 12, 6], "rotation": 270, "texture": "#0"}, "south": {"uv": [16, 3, 12, 6], "rotation": 270, "texture": "#0"}, "west": {"uv": [16, 3, 12, 6], "rotation": 270, "texture": "#0"}, "up": {"uv": [16, 3, 12, 6], "rotation": 270, "texture": "#0"}, "down": {"uv": [16, 3, 12, 6], "rotation": 270, "texture": "#0"} } }, { "from": [6.73911, 15.15679, 7.98787], "to": [7.03911, 15.25679, 8.28787], "rotation": {"angle": 0, "axis": "y", "origin": [6.98911, 16.20679, 8.08787]}, "faces": { "north": {"uv": [16, 4, 12, 6], "rotation": 180, "texture": "#0"}, "east": {"uv": [16, 4, 12, 6], "rotation": 180, "texture": "#0"}, "south": {"uv": [16, 4, 12, 6], "rotation": 180, "texture": "#0"}, "west": {"uv": [16, 4, 12, 6], "rotation": 180, "texture": "#0"}, "up": {"uv": [16, 4, 12, 6], "rotation": 180, "texture": "#0"}, "down": {"uv": [16, 4, 12, 6], "rotation": 180, "texture": "#0"} } }, { "from": [6.73911, 14.99067, 8.48891], "to": [7.03911, 15.09067, 8.78891], "rotation": {"angle": 45, "axis": "x", "origin": [6.98911, 16.04067, 8.58891]}, "faces": { "north": {"uv": [16, 3, 12, 6], "rotation": 270, "texture": "#0"}, "east": {"uv": [16, 3, 12, 6], "rotation": 270, "texture": "#0"}, "south": {"uv": [16, 3, 12, 6], "rotation": 270, "texture": "#0"}, "west": {"uv": [16, 3, 12, 6], "rotation": 270, "texture": "#0"}, "up": {"uv": [16, 3, 12, 6], "rotation": 270, "texture": "#0"}, "down": {"uv": [16, 3, 12, 6], "rotation": 270, "texture": "#0"} } }, { "from": [-1.11089, 17.69067, 8.43891], "to": [-0.71089, 18.09067, 8.53891], "rotation": {"angle": -45, "axis": "z", "origin": [-1.01089, 18.04067, 9.48891]}, "faces": { "north": {"uv": [16, 3, 12, 6], "rotation": 90, "texture": "#0"}, "east": {"uv": [16, 3, 12, 6], "rotation": 90, "texture": "#0"}, "south": {"uv": [16, 3, 12, 6], "rotation": 90, "texture": "#0"}, "west": {"uv": [16, 3, 12, 6], "rotation": 90, "texture": "#0"}, "up": {"uv": [16, 3, 12, 6], "rotation": 90, "texture": "#0"}, "down": {"uv": [16, 3, 12, 6], "rotation": 90, "texture": "#0"} } }, { "from": [17.08911, 17.69067, 8.43891], "to": [17.48911, 18.09067, 8.53891], "rotation": {"angle": -45, "axis": "z", "origin": [17.18911, 18.04067, 9.48891]}, "faces": { "north": {"uv": [16, 3, 12, 6], "rotation": 90, "texture": "#0"}, "east": {"uv": [16, 3, 12, 6], "rotation": 90, "texture": "#0"}, "south": {"uv": [16, 3, 12, 6], "rotation": 90, "texture": "#0"}, "west": {"uv": [16, 3, 12, 6], "rotation": 90, "texture": "#0"}, "up": {"uv": [16, 3, 12, 6], "rotation": 90, "texture": "#0"}, "down": {"uv": [16, 3, 12, 6], "rotation": 90, "texture": "#0"} } }, { "from": [9.06089, 14.99067, 8.48891], "to": [9.36089, 15.09067, 8.78891], "rotation": {"angle": 45, "axis": "x", "origin": [9.31089, 16.04067, 8.58891]}, "faces": { "north": {"uv": [16, 3, 12, 6], "rotation": 180, "texture": "#0"}, "east": {"uv": [16, 3, 12, 6], "rotation": 180, "texture": "#0"}, "south": {"uv": [16, 3, 12, 6], "rotation": 180, "texture": "#0"}, "west": {"uv": [16, 3, 12, 6], "rotation": 180, "texture": "#0"}, "up": {"uv": [16, 3, 12, 6], "rotation": 180, "texture": "#0"}, "down": {"uv": [16, 3, 12, 6], "rotation": 180, "texture": "#0"} } }, { "from": [6.73911, 15.1775, 7.55503], "to": [7.03911, 15.2775, 7.85503], "rotation": {"angle": -45, "axis": "x", "origin": [6.88911, 15.2275, 7.70503]}, "faces": { "north": {"uv": [16, 3, 12, 6], "rotation": 270, "texture": "#0"}, "east": {"uv": [16, 3, 12, 6], "rotation": 270, "texture": "#0"}, "south": {"uv": [16, 3, 12, 6], "rotation": 270, "texture": "#0"}, "west": {"uv": [16, 3, 12, 6], "rotation": 270, "texture": "#0"}, "up": {"uv": [16, 3, 12, 6], "rotation": 270, "texture": "#0"}, "down": {"uv": [16, 3, 12, 6], "rotation": 270, "texture": "#0"} } }, { "from": [6.63911, 14.7775, 7.65503], "to": [7.03911, 15.2775, 7.75503], "rotation": {"angle": -22.5, "axis": "x", "origin": [6.88911, 14.9275, 7.60503]}, "faces": { "north": {"uv": [11, 2, 7, 5], "texture": "#0"}, "east": {"uv": [11, 2, 7, 5], "texture": "#0"}, "south": {"uv": [11, 2, 7, 5], "texture": "#0"}, "west": {"uv": [11, 2, 7, 5], "texture": "#0"}, "up": {"uv": [11, 2, 7, 5], "texture": "#0"}, "down": {"uv": [11, 2, 7, 5], "texture": "#0"} } }, { "from": [9.03911, 14.7775, 7.65503], "to": [9.43911, 15.2775, 7.75503], "rotation": {"angle": -22.5, "axis": "x", "origin": [9.28911, 14.9275, 7.60503]}, "faces": { "north": {"uv": [7, 10, 3, 13], "texture": "#0"}, "east": {"uv": [7, 10, 3, 13], "texture": "#0"}, "south": {"uv": [7, 10, 3, 13], "texture": "#0"}, "west": {"uv": [7, 10, 3, 13], "texture": "#0"}, "up": {"uv": [7, 10, 3, 13], "texture": "#0"}, "down": {"uv": [7, 10, 3, 13], "texture": "#0"} } }, { "from": [9.06089, 15.1775, 7.55503], "to": [9.36089, 15.2775, 7.85503], "rotation": {"angle": -45, "axis": "x", "origin": [9.21089, 15.2275, 7.70503]}, "faces": { "north": {"uv": [16, 3, 12, 6], "rotation": 270, "texture": "#0"}, "east": {"uv": [16, 3, 12, 6], "rotation": 270, "texture": "#0"}, "south": {"uv": [16, 3, 12, 6], "rotation": 270, "texture": "#0"}, "west": {"uv": [16, 3, 12, 6], "rotation": 270, "texture": "#0"}, "up": {"uv": [16, 3, 12, 6], "rotation": 270, "texture": "#0"}, "down": {"uv": [16, 3, 12, 6], "rotation": 270, "texture": "#0"} } }, { "from": [9.06089, 15.15679, 7.98787], "to": [9.36089, 15.25679, 8.28787], "rotation": {"angle": 0, "axis": "y", "origin": [9.31089, 16.20679, 8.08787]}, "faces": { "north": {"uv": [16, 3, 12, 6], "rotation": 180, "texture": "#0"}, "east": {"uv": [16, 3, 12, 6], "rotation": 180, "texture": "#0"}, "south": {"uv": [16, 3, 12, 6], "rotation": 180, "texture": "#0"}, "west": {"uv": [16, 3, 12, 6], "rotation": 180, "texture": "#0"}, "up": {"uv": [16, 3, 12, 6], "rotation": 180, "texture": "#0"}, "down": {"uv": [16, 3, 12, 6], "rotation": 180, "texture": "#0"} } }, { "from": [9.27302, 15.05679, 8.2], "to": [9.57302, 15.35679, 8.5], "rotation": {"angle": 0, "axis": "z", "origin": [9.07302, 16.20679, 8.45]}, "faces": { "north": {"uv": [16, 12, 12, 15], "rotation": 270, "texture": "#0"}, "east": {"uv": [16, 12, 12, 15], "rotation": 270, "texture": "#0"}, "south": {"uv": [16, 12, 12, 15], "rotation": 270, "texture": "#0"}, "west": {"uv": [16, 12, 12, 15], "rotation": 270, "texture": "#0"}, "up": {"uv": [16, 12, 12, 15], "rotation": 270, "texture": "#0"}, "down": {"uv": [16, 12, 12, 15], "rotation": 270, "texture": "#0"} } }, { "from": [-0.64746, 14.15679, 8], "to": [-0.34746, 17.95679, 8.5], "rotation": {"angle": 0, "axis": "z", "origin": [0.40254, 16.45679, 8.25]}, "faces": { "north": {"uv": [16, 12, 12, 15], "texture": "#0"}, "east": {"uv": [16, 12, 12, 15], "texture": "#0"}, "south": {"uv": [16, 12, 12, 15], "texture": "#0"}, "west": {"uv": [16, 12, 12, 15], "texture": "#0"}, "up": {"uv": [16, 12, 12, 15], "texture": "#0"}, "down": {"uv": [16, 12, 12, 15], "texture": "#0"} } }, { "from": [-1.56587, 17.43723, 8], "to": [-0.36587, 18.43723, 8.5], "rotation": {"angle": 0, "axis": "z", "origin": [-0.86587, 16.68723, 8.25]}, "faces": { "north": {"uv": [12, 15, 16, 12], "rotation": 270, "texture": "#0"}, "east": {"uv": [12, 15, 16, 12], "rotation": 270, "texture": "#0"}, "south": {"uv": [12, 15, 16, 12], "rotation": 270, "texture": "#0"}, "west": {"uv": [12, 15, 16, 12], "rotation": 270, "texture": "#0"}, "up": {"uv": [12, 15, 16, 12], "rotation": 270, "texture": "#0"}, "down": {"uv": [12, 15, 16, 12], "rotation": 270, "texture": "#0"} } }, { "from": [-1.56587, 17.93723, 8], "to": [-0.16587, 18.43723, 8.5], "rotation": {"angle": 0, "axis": "z", "origin": [-0.86587, 16.68723, 8.25]}, "faces": { "north": {"uv": [12, 15, 16, 12], "rotation": 270, "texture": "#0"}, "east": {"uv": [12, 15, 16, 12], "rotation": 270, "texture": "#0"}, "south": {"uv": [12, 15, 16, 12], "rotation": 270, "texture": "#0"}, "west": {"uv": [12, 15, 16, 12], "rotation": 270, "texture": "#0"}, "up": {"uv": [12, 15, 16, 12], "rotation": 270, "texture": "#0"}, "down": {"uv": [12, 15, 16, 12], "rotation": 270, "texture": "#0"} } }, { "from": [9.06587, 18.23723, 8], "to": [17.66587, 18.63723, 8.5], "rotation": {"angle": 0, "axis": "z", "origin": [11.21587, 18.73723, 8.25]}, "faces": { "north": {"uv": [15, 13, 11, 16], "rotation": 180, "texture": "#0"}, "east": {"uv": [15, 13, 11, 16], "rotation": 180, "texture": "#0"}, "south": {"uv": [15, 13, 11, 16], "rotation": 180, "texture": "#0"}, "west": {"uv": [15, 13, 11, 16], "rotation": 180, "texture": "#0"}, "up": {"uv": [15, 13, 11, 16], "rotation": 180, "texture": "#0"}, "down": {"uv": [15, 13, 11, 16], "rotation": 180, "texture": "#0"} } }, { "from": [11.45403, 18.39254, 8.1], "to": [15.45403, 18.49254, 8.6], "rotation": {"angle": 0, "axis": "z", "origin": [11.20403, 18.79254, 8.25]}, "faces": { "north": {"uv": [12, 3, 16, 6], "rotation": 180, "texture": "#0"}, "east": {"uv": [12, 3, 16, 6], "rotation": 180, "texture": "#0"}, "south": {"uv": [12, 3, 16, 6], "rotation": 180, "texture": "#0"}, "west": {"uv": [12, 3, 16, 6], "rotation": 180, "texture": "#0"}, "up": {"uv": [12, 3, 16, 6], "rotation": 180, "texture": "#0"}, "down": {"uv": [12, 3, 16, 6], "rotation": 180, "texture": "#0"} } }, { "from": [0.64597, 18.39254, 8.1], "to": [4.64597, 18.49254, 8.6], "rotation": {"angle": 0, "axis": "z", "origin": [4.89597, 18.79254, 8.25]}, "faces": { "north": {"uv": [16, 3, 12, 6], "rotation": 180, "texture": "#0"}, "east": {"uv": [16, 3, 12, 6], "rotation": 180, "texture": "#0"}, "south": {"uv": [16, 3, 12, 6], "rotation": 180, "texture": "#0"}, "west": {"uv": [16, 3, 12, 6], "rotation": 180, "texture": "#0"}, "up": {"uv": [16, 3, 12, 6], "rotation": 180, "texture": "#0"}, "down": {"uv": [16, 3, 12, 6], "rotation": 180, "texture": "#0"} } }, { "from": [9.06587, 17.43723, 8], "to": [10.16587, 18.23723, 8.5], "rotation": {"angle": 0, "axis": "z", "origin": [9.26587, 16.68723, 8.25]}, "faces": { "north": {"uv": [12, 12, 16, 15], "rotation": 270, "texture": "#0"}, "east": {"uv": [12, 12, 16, 15], "rotation": 270, "texture": "#0"}, "south": {"uv": [12, 12, 16, 15], "rotation": 270, "texture": "#0"}, "west": {"uv": [12, 12, 16, 15], "rotation": 270, "texture": "#0"}, "up": {"uv": [12, 12, 16, 15], "rotation": 270, "texture": "#0"}, "down": {"uv": [12, 12, 16, 15], "rotation": 270, "texture": "#0"} } }, { "from": [8.76363, 17.41778, 8], "to": [9.76363, 18.61778, 8.5], "rotation": {"angle": -22.5, "axis": "z", "origin": [8.96363, 16.66778, 8.25]}, "faces": { "north": {"uv": [12, 12, 16, 15], "rotation": 270, "texture": "#0"}, "east": {"uv": [12, 12, 16, 15], "rotation": 270, "texture": "#0"}, "south": {"uv": [12, 12, 16, 15], "rotation": 270, "texture": "#0"}, "west": {"uv": [12, 12, 16, 15], "rotation": 270, "texture": "#0"}, "up": {"uv": [12, 12, 16, 15], "rotation": 270, "texture": "#0"}, "down": {"uv": [12, 12, 16, 15], "rotation": 270, "texture": "#0"} } }, { "from": [10.16587, 16.83723, 8], "to": [10.46587, 18.63723, 8.5], "rotation": {"angle": -22.5, "axis": "z", "origin": [9.41587, 18.23723, 8.25]}, "faces": { "north": {"uv": [12, 12, 16, 15], "texture": "#0"}, "east": {"uv": [12, 12, 16, 15], "texture": "#0"}, "south": {"uv": [12, 12, 16, 15], "texture": "#0"}, "west": {"uv": [12, 12, 16, 15], "texture": "#0"}, "up": {"uv": [12, 12, 16, 15], "texture": "#0"}, "down": {"uv": [12, 12, 16, 15], "texture": "#0"} } }, { "from": [10.26587, 16.83723, 8.1], "to": [10.36587, 18.33723, 8.6], "rotation": {"angle": -22.5, "axis": "z", "origin": [9.41587, 18.23723, 8.25]}, "faces": { "north": {"uv": [12, 3, 16, 6], "texture": "#0"}, "east": {"uv": [12, 3, 16, 6], "texture": "#0"}, "south": {"uv": [12, 3, 16, 6], "texture": "#0"}, "west": {"uv": [12, 3, 16, 6], "texture": "#0"}, "up": {"uv": [12, 3, 16, 6], "texture": "#0"}, "down": {"uv": [12, 3, 16, 6], "texture": "#0"} } }, { "from": [5.73413, 16.83723, 8.1], "to": [5.83413, 18.33723, 8.6], "rotation": {"angle": 22.5, "axis": "z", "origin": [6.68413, 18.23723, 8.25]}, "faces": { "north": {"uv": [16, 3, 12, 6], "texture": "#0"}, "east": {"uv": [16, 3, 12, 6], "texture": "#0"}, "south": {"uv": [16, 3, 12, 6], "texture": "#0"}, "west": {"uv": [16, 3, 12, 6], "texture": "#0"}, "up": {"uv": [16, 3, 12, 6], "texture": "#0"}, "down": {"uv": [16, 3, 12, 6], "texture": "#0"} } }, { "from": [9.79174, 18.31366, 8], "to": [10.79174, 18.71366, 8.5], "rotation": {"angle": 22.5, "axis": "z", "origin": [11.19174, 19.36366, 8.25]}, "faces": { "north": {"uv": [16, 15, 12, 12], "rotation": 270, "texture": "#0"}, "east": {"uv": [16, 15, 12, 12], "rotation": 270, "texture": "#0"}, "south": {"uv": [16, 15, 12, 12], "rotation": 270, "texture": "#0"}, "west": {"uv": [16, 15, 12, 12], "rotation": 270, "texture": "#0"}, "up": {"uv": [16, 15, 12, 12], "rotation": 270, "texture": "#0"}, "down": {"uv": [16, 15, 12, 12], "rotation": 270, "texture": "#0"} } }, { "from": [9.80759, 18.37539, 8.1], "to": [11.10759, 18.47539, 8.6], "rotation": {"angle": 22.5, "axis": "z", "origin": [11.20759, 19.32539, 8.25]}, "faces": { "north": {"uv": [12, 3, 16, 6], "rotation": 270, "texture": "#0"}, "east": {"uv": [12, 3, 16, 6], "rotation": 270, "texture": "#0"}, "south": {"uv": [12, 3, 16, 6], "rotation": 270, "texture": "#0"}, "west": {"uv": [12, 3, 16, 6], "rotation": 270, "texture": "#0"}, "up": {"uv": [12, 3, 16, 6], "rotation": 270, "texture": "#0"}, "down": {"uv": [12, 3, 16, 6], "rotation": 270, "texture": "#0"} } }, { "from": [4.99241, 18.37539, 8.1], "to": [6.29241, 18.47539, 8.6], "rotation": {"angle": -22.5, "axis": "z", "origin": [4.89241, 19.32539, 8.25]}, "faces": { "north": {"uv": [16, 3, 12, 6], "rotation": 270, "texture": "#0"}, "east": {"uv": [16, 3, 12, 6], "rotation": 270, "texture": "#0"}, "south": {"uv": [16, 3, 12, 6], "rotation": 270, "texture": "#0"}, "west": {"uv": [16, 3, 12, 6], "rotation": 270, "texture": "#0"}, "up": {"uv": [16, 3, 12, 6], "rotation": 270, "texture": "#0"}, "down": {"uv": [16, 3, 12, 6], "rotation": 270, "texture": "#0"} } }, { "from": [14.95221, 18.27247, 8], "to": [16.45221, 18.67247, 8.5], "rotation": {"angle": -22.5, "axis": "z", "origin": [15.05221, 17.52247, 8.25]}, "faces": { "north": {"uv": [16, 15, 12, 12], "rotation": 90, "texture": "#0"}, "east": {"uv": [16, 15, 12, 12], "rotation": 90, "texture": "#0"}, "south": {"uv": [16, 15, 12, 12], "rotation": 90, "texture": "#0"}, "west": {"uv": [16, 15, 12, 12], "rotation": 90, "texture": "#0"}, "up": {"uv": [16, 15, 12, 12], "rotation": 90, "texture": "#0"}, "down": {"uv": [16, 15, 12, 12], "rotation": 90, "texture": "#0"} } }, { "from": [15.09809, 18.50313, 8.1], "to": [16.39809, 18.60313, 8.6], "rotation": {"angle": -22.5, "axis": "z", "origin": [14.99809, 17.65313, 8.25]}, "faces": { "north": {"uv": [12, 3, 16, 6], "rotation": 90, "texture": "#0"}, "east": {"uv": [12, 3, 16, 6], "rotation": 90, "texture": "#0"}, "south": {"uv": [12, 3, 16, 6], "rotation": 90, "texture": "#0"}, "west": {"uv": [12, 3, 16, 6], "rotation": 90, "texture": "#0"}, "up": {"uv": [12, 3, 16, 6], "rotation": 90, "texture": "#0"}, "down": {"uv": [12, 3, 16, 6], "rotation": 90, "texture": "#0"} } }, { "from": [-0.29809, 18.50313, 8.1], "to": [1.00191, 18.60313, 8.6], "rotation": {"angle": 22.5, "axis": "z", "origin": [1.10191, 17.65313, 8.25]}, "faces": { "north": {"uv": [16, 3, 12, 6], "rotation": 90, "texture": "#0"}, "east": {"uv": [16, 3, 12, 6], "rotation": 90, "texture": "#0"}, "south": {"uv": [16, 3, 12, 6], "rotation": 90, "texture": "#0"}, "west": {"uv": [16, 3, 12, 6], "rotation": 90, "texture": "#0"}, "up": {"uv": [16, 3, 12, 6], "rotation": 90, "texture": "#0"}, "down": {"uv": [16, 3, 12, 6], "rotation": 90, "texture": "#0"} } }, { "from": [17.53199, 16.83827, 8], "to": [17.83199, 18.23827, 8.5], "rotation": {"angle": -45, "axis": "z", "origin": [16.78199, 18.03827, 8.25]}, "faces": { "north": {"uv": [12, 12, 16, 15], "texture": "#0"}, "east": {"uv": [12, 12, 16, 15], "texture": "#0"}, "south": {"uv": [12, 12, 16, 15], "texture": "#0"}, "west": {"uv": [12, 12, 16, 15], "texture": "#0"}, "up": {"uv": [12, 12, 16, 15], "texture": "#0"}, "down": {"uv": [12, 12, 16, 15], "texture": "#0"} } }, { "from": [17.03199, 17.53827, 8], "to": [17.63199, 18.33827, 8.5], "rotation": {"angle": -45, "axis": "z", "origin": [16.28199, 18.03827, 8.25]}, "faces": { "north": {"uv": [12, 12, 16, 15], "texture": "#0"}, "east": {"uv": [12, 12, 16, 15], "texture": "#0"}, "south": {"uv": [12, 12, 16, 15], "texture": "#0"}, "west": {"uv": [12, 12, 16, 15], "texture": "#0"}, "up": {"uv": [12, 12, 16, 15], "texture": "#0"}, "down": {"uv": [12, 12, 16, 15], "texture": "#0"} } }, { "from": [9.70665, 12.785, 8], "to": [10.00665, 13.885, 8.5], "rotation": {"angle": 22.5, "axis": "z", "origin": [8.95665, 13.685, 8.25]}, "faces": { "north": {"uv": [12, 12, 16, 15], "texture": "#0"}, "east": {"uv": [12, 12, 16, 15], "texture": "#0"}, "south": {"uv": [12, 12, 16, 15], "texture": "#0"}, "west": {"uv": [12, 12, 16, 15], "texture": "#0"}, "up": {"uv": [12, 12, 16, 15], "texture": "#0"}, "down": {"uv": [12, 12, 16, 15], "texture": "#0"} } }, { "from": [9.80665, 12.785, 8.1], "to": [9.90665, 13.885, 8.6], "rotation": {"angle": 22.5, "axis": "z", "origin": [8.95665, 13.685, 8.25]}, "faces": { "north": {"uv": [12, 3, 16, 6], "texture": "#0"}, "east": {"uv": [12, 3, 16, 6], "texture": "#0"}, "south": {"uv": [12, 3, 16, 6], "texture": "#0"}, "west": {"uv": [12, 3, 16, 6], "texture": "#0"}, "up": {"uv": [12, 3, 16, 6], "texture": "#0"}, "down": {"uv": [12, 3, 16, 6], "texture": "#0"} } }, { "from": [6.19335, 12.785, 8.1], "to": [6.29335, 13.885, 8.6], "rotation": {"angle": -22.5, "axis": "z", "origin": [7.14335, 13.685, 8.25]}, "faces": { "north": {"uv": [16, 3, 12, 6], "texture": "#0"}, "east": {"uv": [16, 3, 12, 6], "texture": "#0"}, "south": {"uv": [16, 3, 12, 6], "texture": "#0"}, "west": {"uv": [16, 3, 12, 6], "texture": "#0"}, "up": {"uv": [16, 3, 12, 6], "texture": "#0"}, "down": {"uv": [16, 3, 12, 6], "texture": "#0"} } }, { "from": [16.45085, 13.47383, 8], "to": [16.75085, 14.57383, 8.5], "rotation": {"angle": -22.5, "axis": "z", "origin": [15.70085, 14.37383, 8.25]}, "faces": { "north": {"uv": [12, 12, 16, 15], "texture": "#0"}, "east": {"uv": [12, 12, 16, 15], "texture": "#0"}, "south": {"uv": [12, 12, 16, 15], "texture": "#0"}, "west": {"uv": [12, 12, 16, 15], "texture": "#0"}, "up": {"uv": [12, 12, 16, 15], "texture": "#0"}, "down": {"uv": [12, 12, 16, 15], "texture": "#0"} } }, { "from": [16.55085, 13.47383, 8.1], "to": [16.65085, 14.57383, 8.6], "rotation": {"angle": -22.5, "axis": "z", "origin": [15.70085, 14.37383, 8.25]}, "faces": { "north": {"uv": [12, 3, 16, 6], "texture": "#0"}, "east": {"uv": [12, 3, 16, 6], "texture": "#0"}, "south": {"uv": [12, 3, 16, 6], "texture": "#0"}, "west": {"uv": [12, 3, 16, 6], "texture": "#0"}, "up": {"uv": [12, 3, 16, 6], "texture": "#0"}, "down": {"uv": [12, 3, 16, 6], "texture": "#0"} } }, { "from": [-0.55085, 13.47383, 8.1], "to": [-0.45085, 14.57383, 8.6], "rotation": {"angle": 22.5, "axis": "z", "origin": [0.39915, 14.37383, 8.25]}, "faces": { "north": {"uv": [16, 3, 12, 6], "texture": "#0"}, "east": {"uv": [16, 3, 12, 6], "texture": "#0"}, "south": {"uv": [16, 3, 12, 6], "texture": "#0"}, "west": {"uv": [16, 3, 12, 6], "texture": "#0"}, "up": {"uv": [16, 3, 12, 6], "texture": "#0"}, "down": {"uv": [16, 3, 12, 6], "texture": "#0"} } }, { "from": [9.69174, 13.12107, 8], "to": [10.79174, 13.42107, 8.5], "rotation": {"angle": -22.5, "axis": "z", "origin": [9.89174, 12.37107, 8.25]}, "faces": { "north": {"uv": [12, 12, 16, 15], "rotation": 270, "texture": "#0"}, "east": {"uv": [12, 12, 16, 15], "rotation": 270, "texture": "#0"}, "south": {"uv": [12, 12, 16, 15], "rotation": 270, "texture": "#0"}, "west": {"uv": [12, 12, 16, 15], "rotation": 270, "texture": "#0"}, "up": {"uv": [12, 12, 16, 15], "rotation": 270, "texture": "#0"}, "down": {"uv": [12, 12, 16, 15], "rotation": 270, "texture": "#0"} } }, { "from": [9.74586, 13.16695, 8.1], "to": [10.74586, 13.26695, 8.6], "rotation": {"angle": -22.5, "axis": "z", "origin": [9.94586, 12.31695, 8.25]}, "faces": { "north": {"uv": [12, 3, 16, 6], "rotation": 270, "texture": "#0"}, "east": {"uv": [12, 3, 16, 6], "rotation": 270, "texture": "#0"}, "south": {"uv": [12, 3, 16, 6], "rotation": 270, "texture": "#0"}, "west": {"uv": [12, 3, 16, 6], "rotation": 270, "texture": "#0"}, "up": {"uv": [12, 3, 16, 6], "rotation": 270, "texture": "#0"}, "down": {"uv": [12, 3, 16, 6], "rotation": 270, "texture": "#0"} } }, { "from": [5.35414, 13.16695, 8.1], "to": [6.35414, 13.26695, 8.6], "rotation": {"angle": 22.5, "axis": "z", "origin": [6.15414, 12.31695, 8.25]}, "faces": { "north": {"uv": [16, 3, 12, 6], "rotation": 270, "texture": "#0"}, "east": {"uv": [16, 3, 12, 6], "rotation": 270, "texture": "#0"}, "south": {"uv": [16, 3, 12, 6], "rotation": 270, "texture": "#0"}, "west": {"uv": [16, 3, 12, 6], "rotation": 270, "texture": "#0"}, "up": {"uv": [16, 3, 12, 6], "rotation": 270, "texture": "#0"}, "down": {"uv": [16, 3, 12, 6], "rotation": 270, "texture": "#0"} } }, { "from": [15.58203, 12.85319, 8], "to": [16.68203, 13.15319, 8.5], "rotation": {"angle": 22.5, "axis": "z", "origin": [15.78203, 12.10319, 8.25]}, "faces": { "north": {"uv": [12, 12, 16, 15], "rotation": 270, "texture": "#0"}, "east": {"uv": [12, 12, 16, 15], "rotation": 270, "texture": "#0"}, "south": {"uv": [12, 12, 16, 15], "rotation": 270, "texture": "#0"}, "west": {"uv": [12, 12, 16, 15], "rotation": 270, "texture": "#0"}, "up": {"uv": [12, 12, 16, 15], "rotation": 270, "texture": "#0"}, "down": {"uv": [12, 12, 16, 15], "rotation": 270, "texture": "#0"} } }, { "from": [15.6203, 12.93734, 8.1], "to": [16.6203, 13.03734, 8.6], "rotation": {"angle": 22.5, "axis": "z", "origin": [15.8203, 12.08734, 8.25]}, "faces": { "north": {"uv": [12, 3, 16, 6], "rotation": 270, "texture": "#0"}, "east": {"uv": [12, 3, 16, 6], "rotation": 270, "texture": "#0"}, "south": {"uv": [12, 3, 16, 6], "rotation": 270, "texture": "#0"}, "west": {"uv": [12, 3, 16, 6], "rotation": 270, "texture": "#0"}, "up": {"uv": [12, 3, 16, 6], "rotation": 270, "texture": "#0"}, "down": {"uv": [12, 3, 16, 6], "rotation": 270, "texture": "#0"} } }, { "from": [-0.5203, 12.93734, 8.1], "to": [0.4797, 13.03734, 8.6], "rotation": {"angle": -22.5, "axis": "z", "origin": [0.2797, 12.08734, 8.25]}, "faces": { "north": {"uv": [16, 3, 12, 6], "rotation": 270, "texture": "#0"}, "east": {"uv": [16, 3, 12, 6], "rotation": 270, "texture": "#0"}, "south": {"uv": [16, 3, 12, 6], "rotation": 270, "texture": "#0"}, "west": {"uv": [16, 3, 12, 6], "rotation": 270, "texture": "#0"}, "up": {"uv": [16, 3, 12, 6], "rotation": 270, "texture": "#0"}, "down": {"uv": [16, 3, 12, 6], "rotation": 270, "texture": "#0"} } }, { "from": [11.01024, 12.71957, 8], "to": [15.31024, 13.01957, 8.5], "rotation": {"angle": 0, "axis": "z", "origin": [11.21024, 11.96957, 8.25]}, "faces": { "north": {"uv": [12, 12, 16, 15], "rotation": 270, "texture": "#0"}, "east": {"uv": [12, 12, 16, 15], "rotation": 270, "texture": "#0"}, "south": {"uv": [12, 12, 16, 15], "rotation": 270, "texture": "#0"}, "west": {"uv": [12, 12, 16, 15], "rotation": 270, "texture": "#0"}, "up": {"uv": [12, 12, 16, 15], "rotation": 270, "texture": "#0"}, "down": {"uv": [12, 12, 16, 15], "rotation": 270, "texture": "#0"} } }, { "from": [11.01024, 12.7961, 8.1], "to": [15.31024, 12.8961, 8.6], "rotation": {"angle": 0, "axis": "z", "origin": [11.21024, 11.9461, 8.25]}, "faces": { "north": {"uv": [12, 3, 16, 6], "rotation": 270, "texture": "#0"}, "east": {"uv": [12, 3, 16, 6], "rotation": 270, "texture": "#0"}, "south": {"uv": [12, 3, 16, 6], "rotation": 270, "texture": "#0"}, "west": {"uv": [12, 3, 16, 6], "rotation": 270, "texture": "#0"}, "up": {"uv": [12, 3, 16, 6], "rotation": 270, "texture": "#0"}, "down": {"uv": [12, 3, 16, 6], "rotation": 270, "texture": "#0"} } }, { "from": [0.78976, 12.7961, 8.1], "to": [5.08976, 12.8961, 8.6], "rotation": {"angle": 0, "axis": "z", "origin": [4.88976, 11.9461, 8.25]}, "faces": { "north": {"uv": [16, 3, 12, 6], "rotation": 270, "texture": "#0"}, "east": {"uv": [16, 3, 12, 6], "rotation": 270, "texture": "#0"}, "south": {"uv": [16, 3, 12, 6], "rotation": 270, "texture": "#0"}, "west": {"uv": [16, 3, 12, 6], "rotation": 270, "texture": "#0"}, "up": {"uv": [16, 3, 12, 6], "rotation": 270, "texture": "#0"}, "down": {"uv": [16, 3, 12, 6], "rotation": 270, "texture": "#0"} } }, { "from": [9.57302, 14.15679, 8], "to": [9.87302, 16.65679, 8.5], "rotation": {"angle": 0, "axis": "z", "origin": [8.82302, 16.45679, 8.25]}, "faces": { "north": {"uv": [12, 12, 16, 15], "texture": "#0"}, "east": {"uv": [12, 12, 16, 15], "texture": "#0"}, "south": {"uv": [12, 12, 16, 15], "texture": "#0"}, "west": {"uv": [12, 12, 16, 15], "texture": "#0"}, "up": {"uv": [12, 12, 16, 15], "texture": "#0"}, "down": {"uv": [12, 12, 16, 15], "texture": "#0"} } }, { "from": [9.67302, 14.15679, 8.1], "to": [9.77302, 16.65679, 8.6], "rotation": {"angle": 0, "axis": "z", "origin": [8.82302, 16.45679, 8.25]}, "faces": { "north": {"uv": [12, 3, 16, 6], "texture": "#0"}, "east": {"uv": [12, 3, 16, 6], "texture": "#0"}, "south": {"uv": [12, 3, 16, 6], "texture": "#0"}, "west": {"uv": [12, 3, 16, 6], "texture": "#0"}, "up": {"uv": [12, 3, 16, 6], "texture": "#0"}, "down": {"uv": [12, 3, 16, 6], "texture": "#0"} } }, { "from": [6.32698, 14.15679, 8.1], "to": [6.42698, 16.65679, 8.6], "rotation": {"angle": 0, "axis": "z", "origin": [7.27698, 16.45679, 8.25]}, "faces": { "north": {"uv": [16, 3, 12, 6], "texture": "#0"}, "east": {"uv": [16, 3, 12, 6], "texture": "#0"}, "south": {"uv": [16, 3, 12, 6], "texture": "#0"}, "west": {"uv": [16, 3, 12, 6], "texture": "#0"}, "up": {"uv": [16, 3, 12, 6], "texture": "#0"}, "down": {"uv": [16, 3, 12, 6], "texture": "#0"} } }, { "from": [16.44746, 14.15679, 8], "to": [16.74746, 17.95679, 8.5], "rotation": {"angle": 0, "axis": "z", "origin": [15.69746, 16.45679, 8.25]}, "faces": { "north": {"uv": [12, 12, 16, 15], "texture": "#0"}, "east": {"uv": [12, 12, 16, 15], "texture": "#0"}, "south": {"uv": [12, 12, 16, 15], "texture": "#0"}, "west": {"uv": [12, 12, 16, 15], "texture": "#0"}, "up": {"uv": [12, 12, 16, 15], "texture": "#0"}, "down": {"uv": [12, 12, 16, 15], "texture": "#0"} } }, { "from": [16.55507, 14.19505, 8.1], "to": [16.65507, 17.99505, 8.6], "rotation": {"angle": 0, "axis": "z", "origin": [15.70507, 16.49505, 8.25]}, "faces": { "north": {"uv": [12, 3, 16, 6], "texture": "#0"}, "east": {"uv": [12, 3, 16, 6], "texture": "#0"}, "south": {"uv": [12, 3, 16, 6], "texture": "#0"}, "west": {"uv": [12, 3, 16, 6], "texture": "#0"}, "up": {"uv": [12, 3, 16, 6], "texture": "#0"}, "down": {"uv": [12, 3, 16, 6], "texture": "#0"} } }, { "from": [-0.55507, 14.19505, 8.1], "to": [-0.45507, 17.99505, 8.6], "rotation": {"angle": 0, "axis": "z", "origin": [0.39493, 16.49505, 8.25]}, "faces": { "north": {"uv": [16, 3, 12, 6], "texture": "#0"}, "east": {"uv": [16, 3, 12, 6], "texture": "#0"}, "south": {"uv": [16, 3, 12, 6], "texture": "#0"}, "west": {"uv": [16, 3, 12, 6], "texture": "#0"}, "up": {"uv": [16, 3, 12, 6], "texture": "#0"}, "down": {"uv": [16, 3, 12, 6], "texture": "#0"} } }, { "from": [16.46587, 17.43723, 8], "to": [17.66587, 18.43723, 8.5], "rotation": {"angle": 0, "axis": "z", "origin": [16.96587, 16.68723, 8.25]}, "faces": { "north": {"uv": [12, 12, 16, 15], "rotation": 270, "texture": "#0"}, "east": {"uv": [12, 12, 16, 15], "rotation": 270, "texture": "#0"}, "south": {"uv": [12, 12, 16, 15], "rotation": 270, "texture": "#0"}, "west": {"uv": [12, 12, 16, 15], "rotation": 270, "texture": "#0"}, "up": {"uv": [12, 12, 16, 15], "rotation": 270, "texture": "#0"}, "down": {"uv": [12, 12, 16, 15], "rotation": 270, "texture": "#0"} } }, { "from": [16.26587, 17.93723, 8], "to": [17.66587, 18.43723, 8.5], "rotation": {"angle": 0, "axis": "z", "origin": [16.96587, 16.68723, 8.25]}, "faces": { "north": {"uv": [12, 12, 16, 15], "rotation": 270, "texture": "#0"}, "east": {"uv": [12, 12, 16, 15], "rotation": 270, "texture": "#0"}, "south": {"uv": [12, 12, 16, 15], "rotation": 270, "texture": "#0"}, "west": {"uv": [12, 12, 16, 15], "rotation": 270, "texture": "#0"}, "up": {"uv": [12, 12, 16, 15], "rotation": 270, "texture": "#0"}, "down": {"uv": [12, 12, 16, 15], "rotation": 270, "texture": "#0"} } }, { "from": [0.4, 12.9, 8.3], "to": [5.4, 18.3, 8.4], "rotation": {"angle": 0, "axis": "y", "origin": [8.7, 20.9, 15.9]}, "faces": { "north": {"uv": [0, 0, 4, 5], "texture": "#0"}, "east": {"uv": [0, 0, 4, 5], "texture": "#0"}, "south": {"uv": [0, 0, 4, 5], "texture": "#0"}, "west": {"uv": [0, 0, 4, 5], "texture": "#0"}, "up": {"uv": [0, 0, 4, 5], "texture": "#0"}, "down": {"uv": [0, 0, 4, 5], "texture": "#0"} } }, { "from": [5.4, 13.1, 8.3], "to": [6, 18.1, 8.4], "rotation": {"angle": 0, "axis": "y", "origin": [9.6, 21.1, 15.9]}, "faces": { "north": {"uv": [0, 0, 4, 5], "texture": "#0"}, "east": {"uv": [0, 0, 4, 5], "texture": "#0"}, "south": {"uv": [0, 0, 4, 5], "texture": "#0"}, "west": {"uv": [0, 0, 4, 5], "texture": "#0"}, "up": {"uv": [0, 0, 4, 5], "texture": "#0"}, "down": {"uv": [0, 0, 4, 5], "texture": "#0"} } }, { "from": [-0.2, 13.2, 8.3], "to": [0.4, 18.1, 8.4], "rotation": {"angle": 0, "axis": "y", "origin": [4, 21.1, 15.9]}, "faces": { "north": {"uv": [0, 0, 4, 5], "texture": "#0"}, "east": {"uv": [0, 0, 4, 5], "texture": "#0"}, "south": {"uv": [0, 0, 4, 5], "texture": "#0"}, "west": {"uv": [0, 0, 4, 5], "texture": "#0"}, "up": {"uv": [0, 0, 4, 5], "texture": "#0"}, "down": {"uv": [0, 0, 4, 5], "texture": "#0"} } }, { "from": [6, 13.6, 8.3], "to": [6.3, 17.9, 8.4], "rotation": {"angle": 0, "axis": "y", "origin": [10.2, 21.1, 15.9]}, "faces": { "north": {"uv": [0, 0, 4, 5], "texture": "#0"}, "east": {"uv": [0, 0, 4, 5], "texture": "#0"}, "south": {"uv": [0, 0, 4, 5], "texture": "#0"}, "west": {"uv": [0, 0, 4, 5], "texture": "#0"}, "up": {"uv": [0, 0, 4, 5], "texture": "#0"}, "down": {"uv": [0, 0, 4, 5], "texture": "#0"} } }, { "from": [-0.4, 13.8, 8.3], "to": [-0.2, 17.9, 8.4], "rotation": {"angle": 0, "axis": "y", "origin": [3.4, 21.1, 15.9]}, "faces": { "north": {"uv": [0, 0, 4, 5], "texture": "#0"}, "east": {"uv": [0, 0, 4, 5], "texture": "#0"}, "south": {"uv": [0, 0, 4, 5], "texture": "#0"}, "west": {"uv": [0, 0, 4, 5], "texture": "#0"}, "up": {"uv": [0, 0, 4, 5], "texture": "#0"}, "down": {"uv": [0, 0, 4, 5], "texture": "#0"} } }, { "from": [10.6, 12.9, 8.3], "to": [15.6, 18.3, 8.4], "rotation": {"angle": 0, "axis": "y", "origin": [18.9, 20.9, 15.9]}, "faces": { "north": {"uv": [0, 0, 3, 5], "texture": "#0"}, "east": {"uv": [0, 0, 3, 5], "texture": "#0"}, "south": {"uv": [0, 0, 3, 5], "texture": "#0"}, "west": {"uv": [0, 0, 3, 5], "texture": "#0"}, "up": {"uv": [0, 0, 3, 5], "texture": "#0"}, "down": {"uv": [0, 0, 3, 5], "texture": "#0"} } }, { "from": [15.6, 13.1, 8.3], "to": [16.2, 18.1, 8.4], "rotation": {"angle": 0, "axis": "y", "origin": [19.8, 21.1, 15.9]}, "faces": { "north": {"uv": [0, 0, 3, 5], "texture": "#0"}, "east": {"uv": [0, 0, 3, 5], "texture": "#0"}, "south": {"uv": [0, 0, 3, 5], "texture": "#0"}, "west": {"uv": [0, 0, 3, 5], "texture": "#0"}, "up": {"uv": [0, 0, 3, 5], "texture": "#0"}, "down": {"uv": [0, 0, 3, 5], "texture": "#0"} } }, { "from": [10, 13.2, 8.3], "to": [10.6, 18.1, 8.4], "rotation": {"angle": 0, "axis": "y", "origin": [14.2, 21.1, 15.9]}, "faces": { "north": {"uv": [0, 0, 3, 5], "texture": "#0"}, "east": {"uv": [0, 0, 3, 5], "texture": "#0"}, "south": {"uv": [0, 0, 3, 5], "texture": "#0"}, "west": {"uv": [0, 0, 3, 5], "texture": "#0"}, "up": {"uv": [0, 0, 3, 5], "texture": "#0"}, "down": {"uv": [0, 0, 3, 5], "texture": "#0"} } }, { "from": [16.2, 13.6, 8.3], "to": [16.5, 17.9, 8.4], "rotation": {"angle": 0, "axis": "y", "origin": [20.4, 21.1, 15.9]}, "faces": { "north": {"uv": [0, 0, 3, 5], "texture": "#0"}, "east": {"uv": [0, 0, 3, 5], "texture": "#0"}, "south": {"uv": [0, 0, 3, 5], "texture": "#0"}, "west": {"uv": [0, 0, 3, 5], "texture": "#0"}, "up": {"uv": [0, 0, 3, 5], "texture": "#0"}, "down": {"uv": [0, 0, 3, 5], "texture": "#0"} } }, { "from": [9.8, 13.8, 8.3], "to": [10, 17.9, 8.4], "rotation": {"angle": 0, "axis": "y", "origin": [13.6, 21.1, 15.9]}, "faces": { "north": {"uv": [0, 0, 0.2, 4.1], "texture": "#0"}, "east": {"uv": [0, 0, 0.2, 4.1], "texture": "#0"}, "south": {"uv": [0, 0, 0.2, 4.1], "texture": "#0"}, "west": {"uv": [0, 0, 0.2, 4.1], "texture": "#0"}, "up": {"uv": [0, 0, 0.2, 4.1], "texture": "#0"}, "down": {"uv": [0, 0, 0.2, 4.1], "texture": "#0"} } } ], "display": { "thirdperson_righthand": { "rotation": [76, -176.75, 0], "translation": [-0.5, -0.75, -3], "scale": [0.3, 0.3, 0.3] }, "thirdperson_lefthand": { "rotation": [76, -176.75, 0], "translation": [-0.5, -0.75, -3], "scale": [0.3, 0.3, 0.3] }, "firstperson_righthand": { "rotation": [29.75, -65, 0], "translation": [-0.5, 2, 0.75], "scale": [0.3, 0.3, 0.3] }, "firstperson_lefthand": { "rotation": [29.75, -65, 0], "translation": [-0.5, 2, 0.75], "scale": [0.3, 0.3, 0.3] }, "ground": { "scale": [0.72, 0.72, 0.72] }, "gui": { "rotation": [29, 25.75, 0], "translation": [2, -5, 0], "scale": [0.6, 0.6, 0.6] }, "head": { "rotation": [4.75, -176.75, 0], "translation": [0, -2.75, -8], "scale": [0.68, 0.68, 0.66] }, "fixed": { "rotation": [-76.5, 177, 1], "translation": [-0.25, -7.25, 5.75] } }, "groups": [ { "name": "group", "origin": [7.58155, 14.72865, 8.35], "color": 0, "children": [] }, { "name": "group", "origin": [17.57688, 11.58723, 8.35], "color": 0, "children": [0, 1, 2, 3, 4, 5, 6, 7, 8] }, { "name": "group", "origin": [13.65356, 13.63402, 8.35], "color": 0, "children": [9, 10, 11, 12, 13, 14, 15, 16, 17, 18, 19, 20, 21, 22, 23, 24, 25, 26, 27, 28, 29, 30, 31, 32, 33, 34, 35, 36, 37, 38, 39] }, { "name": "group", "origin": [13.65356, 13.63402, 8.35], "color": 0, "children": [40, 41, 42, 43, 44, 45, 46, 47, 48, 49, 50, 51, 52, 53, 54, 55, 56, 57, 58, 59, 60, 61, 62, 63, 64, 65, 66, 67, 68, 69, 70, 71, 72, 73, 74, 75, 76, 77, 78] }, { "name": "group", "origin": [3.4, 21.1, 15.9], "color": 0, "children": [79, 80, 81, 82, 83] }, { "name": "group", "origin": [3.4, 21.1, 15.9], "color": 0, "children": [84, 85, 86, 87, 88] } ] }