{ "credit": "Made with Blockbench", "textures": { "0": "block/pulitizerglasses" }, "elements": [ { "from": [-3.40408, 12.78495, 5.01023], "to": [-3.1276, 13.06143, 6.85001], "rotation": {"angle": 0, "axis": "y", "origin": [-3.28312, 12.8679, 5.21705]}, "faces": { "north": {"uv": [1, 7, 1.65, 7.65], "rotation": 270, "texture": "#0"}, "east": {"uv": [1, 7, 1.65, 7.65], "rotation": 270, "texture": "#0"}, "south": {"uv": [1, 7, 1.65, 7.65], "rotation": 270, "texture": "#0"}, "west": {"uv": [1, 7, 1.65, 7.65], "rotation": 270, "texture": "#0"}, "up": {"uv": [1, 7, 1.65, 7.65], "rotation": 270, "texture": "#0"}, "down": {"uv": [1, 7, 1.65, 7.65], "rotation": 270, "texture": "#0"} } }, { "from": [-3.40408, 11.05995, 6.78523], "to": [-3.1276, 11.33643, 7.15001], "rotation": {"angle": 0, "axis": "y", "origin": [-3.28312, 11.14289, 5.51705]}, "faces": { "north": {"uv": [1, 7, 1.65, 7.65], "rotation": 270, "texture": "#0"}, "east": {"uv": [1, 7, 1.65, 7.65], "rotation": 270, "texture": "#0"}, "south": {"uv": [1, 7, 1.65, 7.65], "rotation": 270, "texture": "#0"}, "west": {"uv": [1, 7, 1.65, 7.65], "rotation": 270, "texture": "#0"}, "up": {"uv": [1, 7, 1.65, 7.65], "rotation": 270, "texture": "#0"}, "down": {"uv": [1, 7, 1.65, 7.65], "rotation": 270, "texture": "#0"} } }, { "from": [-3.40408, 12.78495, 9.14999], "to": [-3.1276, 13.06143, 10.98977], "rotation": {"angle": 0, "axis": "y", "origin": [-3.28312, 12.8679, 10.78295]}, "faces": { "north": {"uv": [1, 7, 1.65, 7.65], "rotation": 270, "texture": "#0"}, "east": {"uv": [1, 7, 1.65, 7.65], "rotation": 270, "texture": "#0"}, "south": {"uv": [1, 7, 1.65, 7.65], "rotation": 270, "texture": "#0"}, "west": {"uv": [1, 7, 1.65, 7.65], "rotation": 270, "texture": "#0"}, "up": {"uv": [1, 7, 1.65, 7.65], "rotation": 270, "texture": "#0"}, "down": {"uv": [1, 7, 1.65, 7.65], "rotation": 270, "texture": "#0"} } }, { "from": [-3.40408, 11.05995, 8.84999], "to": [-3.1276, 11.33643, 9.18977], "rotation": {"angle": 0, "axis": "y", "origin": [-3.28312, 11.14289, 10.48295]}, "faces": { "north": {"uv": [1, 7, 1.65, 7.65], "rotation": 270, "texture": "#0"}, "east": {"uv": [1, 7, 1.65, 7.65], "rotation": 270, "texture": "#0"}, "south": {"uv": [1, 7, 1.65, 7.65], "rotation": 270, "texture": "#0"}, "west": {"uv": [1, 7, 1.65, 7.65], "rotation": 270, "texture": "#0"}, "up": {"uv": [1, 7, 1.65, 7.65], "rotation": 270, "texture": "#0"}, "down": {"uv": [1, 7, 1.65, 7.65], "rotation": 270, "texture": "#0"} } }, { "from": [-3.40408, 12.64729, 7.12736], "to": [-3.1276, 12.92377, 8.87264], "rotation": {"angle": 0, "axis": "y", "origin": [-3.28312, 12.73023, 7.98272]}, "faces": { "north": {"uv": [1, 7, 1.65, 7.65], "rotation": 270, "texture": "#0"}, "east": {"uv": [1, 7, 1.65, 7.65], "rotation": 270, "texture": "#0"}, "south": {"uv": [1, 7, 1.65, 7.65], "rotation": 270, "texture": "#0"}, "west": {"uv": [1, 7, 1.65, 7.65], "rotation": 270, "texture": "#0"}, "up": {"uv": [1, 7, 1.65, 7.65], "rotation": 270, "texture": "#0"}, "down": {"uv": [1, 7, 1.65, 7.65], "rotation": 270, "texture": "#0"} } }, { "from": [-3.40408, 10.92229, 7.42736], "to": [-3.1276, 11.19877, 8.57264], "rotation": {"angle": 0, "axis": "y", "origin": [-3.28312, 11.00523, 7.98272]}, "faces": { "north": {"uv": [1, 7, 1.65, 7.65], "rotation": 270, "texture": "#0"}, "east": {"uv": [1, 7, 1.65, 7.65], "rotation": 270, "texture": "#0"}, "south": {"uv": [1, 7, 1.65, 7.65], "rotation": 270, "texture": "#0"}, "west": {"uv": [1, 7, 1.65, 7.65], "rotation": 270, "texture": "#0"}, "up": {"uv": [1, 7, 1.65, 7.65], "rotation": 270, "texture": "#0"}, "down": {"uv": [1, 7, 1.65, 7.65], "rotation": 270, "texture": "#0"} } }, { "from": [-3.40408, 12.97071, 6.83197], "to": [-3.1276, 13.24719, 7.24669], "rotation": {"angle": 22.5, "axis": "x", "origin": [-3.26584, 13.10895, 6.37405]}, "faces": { "north": {"uv": [1, 7, 1.65, 7.65], "rotation": 270, "texture": "#0"}, "east": {"uv": [1, 7, 1.65, 7.65], "rotation": 270, "texture": "#0"}, "south": {"uv": [1, 7, 1.65, 7.65], "rotation": 270, "texture": "#0"}, "west": {"uv": [1, 7, 1.65, 7.65], "rotation": 270, "texture": "#0"}, "up": {"uv": [1, 7, 1.65, 7.65], "rotation": 270, "texture": "#0"}, "down": {"uv": [1, 7, 1.65, 7.65], "rotation": 270, "texture": "#0"} } }, { "from": [-3.40408, 11.24571, 7.13197], "to": [-3.1276, 11.52219, 7.54669], "rotation": {"angle": 22.5, "axis": "x", "origin": [-3.26584, 11.38395, 6.67405]}, "faces": { "north": {"uv": [1, 7, 1.65, 7.65], "rotation": 270, "texture": "#0"}, "east": {"uv": [1, 7, 1.65, 7.65], "rotation": 270, "texture": "#0"}, "south": {"uv": [1, 7, 1.65, 7.65], "rotation": 270, "texture": "#0"}, "west": {"uv": [1, 7, 1.65, 7.65], "rotation": 270, "texture": "#0"}, "up": {"uv": [1, 7, 1.65, 7.65], "rotation": 270, "texture": "#0"}, "down": {"uv": [1, 7, 1.65, 7.65], "rotation": 270, "texture": "#0"} } }, { "from": [-3.40408, 12.97071, 8.75331], "to": [-3.1276, 13.24719, 9.16803], "rotation": {"angle": -22.5, "axis": "x", "origin": [-3.26584, 13.10895, 9.62595]}, "faces": { "north": {"uv": [1, 7, 1.65, 7.65], "rotation": 270, "texture": "#0"}, "east": {"uv": [1, 7, 1.65, 7.65], "rotation": 270, "texture": "#0"}, "south": {"uv": [1, 7, 1.65, 7.65], "rotation": 270, "texture": "#0"}, "west": {"uv": [1, 7, 1.65, 7.65], "rotation": 270, "texture": "#0"}, "up": {"uv": [1, 7, 1.65, 7.65], "rotation": 270, "texture": "#0"}, "down": {"uv": [1, 7, 1.65, 7.65], "rotation": 270, "texture": "#0"} } }, { "from": [-3.40408, 11.24571, 8.45331], "to": [-3.1276, 11.52219, 8.86803], "rotation": {"angle": -22.5, "axis": "x", "origin": [-3.26584, 11.38395, 9.32595]}, "faces": { "north": {"uv": [1, 7, 1.65, 7.65], "rotation": 270, "texture": "#0"}, "east": {"uv": [1, 7, 1.65, 7.65], "rotation": 270, "texture": "#0"}, "south": {"uv": [1, 7, 1.65, 7.65], "rotation": 270, "texture": "#0"}, "west": {"uv": [1, 7, 1.65, 7.65], "rotation": 270, "texture": "#0"}, "up": {"uv": [1, 7, 1.65, 7.65], "rotation": 270, "texture": "#0"}, "down": {"uv": [1, 7, 1.65, 7.65], "rotation": 270, "texture": "#0"} } }, { "from": [-3.52504, 6.34823, 1.2128], "to": [-3.00664, 6.60196, 3.37996], "rotation": {"angle": 0, "axis": "y", "origin": [1.97, 11.23197, 7.79059]}, "faces": { "north": {"uv": [1, 7, 1.65, 7.65], "texture": "#0"}, "east": {"uv": [1, 7, 1.65, 7.65], "texture": "#0"}, "south": {"uv": [1, 7, 1.65, 7.65], "texture": "#0"}, "west": {"uv": [1, 7, 1.65, 7.65], "texture": "#0"}, "up": {"uv": [1, 7, 1.65, 7.65], "texture": "#0"}, "down": {"uv": [1, 7, 1.65, 7.65], "texture": "#0"} } }, { "from": [-3.52504, 6.34823, 12.62004], "to": [-3.00664, 6.60196, 14.7872], "rotation": {"angle": 0, "axis": "y", "origin": [1.97, 11.23197, 8.20941]}, "faces": { "north": {"uv": [1, 7, 1.65, 7.65], "texture": "#0"}, "east": {"uv": [1, 7, 1.65, 7.65], "texture": "#0"}, "south": {"uv": [1, 7, 1.65, 7.65], "texture": "#0"}, "west": {"uv": [1, 7, 1.65, 7.65], "texture": "#0"}, "up": {"uv": [1, 7, 1.65, 7.65], "texture": "#0"}, "down": {"uv": [1, 7, 1.65, 7.65], "texture": "#0"} } }, { "from": [-3.52504, 4.2886, 0.77723], "to": [-3.00664, 4.54233, 2.74599], "rotation": {"angle": 22.5, "axis": "x", "origin": [1.97, 9.17235, 7.15662]}, "faces": { "north": {"uv": [1, 7, 1.65, 7.65], "texture": "#0"}, "east": {"uv": [1, 7, 1.65, 7.65], "texture": "#0"}, "south": {"uv": [1, 7, 1.65, 7.65], "texture": "#0"}, "west": {"uv": [1, 7, 1.65, 7.65], "texture": "#0"}, "up": {"uv": [1, 7, 1.65, 7.65], "texture": "#0"}, "down": {"uv": [1, 7, 1.65, 7.65], "texture": "#0"} } }, { "from": [-3.52504, 4.2886, 13.25401], "to": [-3.00664, 4.54233, 15.22277], "rotation": {"angle": -22.5, "axis": "x", "origin": [1.97, 9.17235, 8.84338]}, "faces": { "north": {"uv": [1, 7, 1.65, 7.65], "texture": "#0"}, "east": {"uv": [1, 7, 1.65, 7.65], "texture": "#0"}, "south": {"uv": [1, 7, 1.65, 7.65], "texture": "#0"}, "west": {"uv": [1, 7, 1.65, 7.65], "texture": "#0"}, "up": {"uv": [1, 7, 1.65, 7.65], "texture": "#0"}, "down": {"uv": [1, 7, 1.65, 7.65], "texture": "#0"} } }, { "from": [-3.52504, 2.55244, 0.70073], "to": [-3.00664, 2.80617, 1.55539], "rotation": {"angle": 45, "axis": "x", "origin": [2.00456, 7.43618, 5.96602]}, "faces": { "north": {"uv": [1, 7, 1.65, 7.65], "texture": "#0"}, "east": {"uv": [1, 7, 1.65, 7.65], "texture": "#0"}, "south": {"uv": [1, 7, 1.65, 7.65], "texture": "#0"}, "west": {"uv": [1, 7, 1.65, 7.65], "texture": "#0"}, "up": {"uv": [1, 7, 1.65, 7.65], "texture": "#0"}, "down": {"uv": [1, 7, 1.65, 7.65], "texture": "#0"} } }, { "from": [-3.52504, 2.55244, 14.44461], "to": [-3.00664, 2.80617, 15.29927], "rotation": {"angle": -45, "axis": "x", "origin": [2.00456, 7.43618, 10.03398]}, "faces": { "north": {"uv": [1, 7, 1.65, 7.65], "texture": "#0"}, "east": {"uv": [1, 7, 1.65, 7.65], "texture": "#0"}, "south": {"uv": [1, 7, 1.65, 7.65], "texture": "#0"}, "west": {"uv": [1, 7, 1.65, 7.65], "texture": "#0"}, "up": {"uv": [1, 7, 1.65, 7.65], "texture": "#0"}, "down": {"uv": [1, 7, 1.65, 7.65], "texture": "#0"} } }, { "from": [-3.52504, 9.91064, 0.1057], "to": [-3.00664, 11.65048, 0.35942], "rotation": {"angle": -22.5, "axis": "x", "origin": [2.00456, 5.50001, 4.98944]}, "faces": { "north": {"uv": [1, 7, 1.65, 7.65], "rotation": 90, "texture": "#0"}, "east": {"uv": [1, 7, 1.65, 7.65], "rotation": 90, "texture": "#0"}, "south": {"uv": [1, 7, 1.65, 7.65], "rotation": 90, "texture": "#0"}, "west": {"uv": [1, 7, 1.65, 7.65], "rotation": 90, "texture": "#0"}, "up": {"uv": [1, 7, 1.65, 7.65], "rotation": 90, "texture": "#0"}, "down": {"uv": [1, 7, 1.65, 7.65], "rotation": 90, "texture": "#0"} } }, { "from": [-3.52504, 9.91064, 15.64058], "to": [-3.00664, 11.65048, 15.8943], "rotation": {"angle": 22.5, "axis": "x", "origin": [2.00456, 5.50001, 11.01056]}, "faces": { "north": {"uv": [1, 7, 1.65, 7.65], "rotation": 90, "texture": "#0"}, "east": {"uv": [1, 7, 1.65, 7.65], "rotation": 90, "texture": "#0"}, "south": {"uv": [1, 7, 1.65, 7.65], "rotation": 90, "texture": "#0"}, "west": {"uv": [1, 7, 1.65, 7.65], "rotation": 90, "texture": "#0"}, "up": {"uv": [1, 7, 1.65, 7.65], "rotation": 90, "texture": "#0"}, "down": {"uv": [1, 7, 1.65, 7.65], "rotation": 90, "texture": "#0"} } }, { "from": [-3.52504, 9.31337, -1.87623], "to": [-3.00664, 11.40422, -1.62251], "rotation": {"angle": 0, "axis": "y", "origin": [2.00456, 5.49795, 3.00751]}, "faces": { "north": {"uv": [1, 7, 1.65, 7.65], "rotation": 90, "texture": "#0"}, "east": {"uv": [1, 7, 1.65, 7.65], "rotation": 90, "texture": "#0"}, "south": {"uv": [1, 7, 1.65, 7.65], "rotation": 90, "texture": "#0"}, "west": {"uv": [1, 7, 1.65, 7.65], "rotation": 90, "texture": "#0"}, "up": {"uv": [1, 7, 1.65, 7.65], "rotation": 90, "texture": "#0"}, "down": {"uv": [1, 7, 1.65, 7.65], "rotation": 90, "texture": "#0"} } }, { "from": [-3.52504, 9.31337, 17.62251], "to": [-3.00664, 11.40422, 17.87623], "rotation": {"angle": 0, "axis": "y", "origin": [2.00456, 5.49795, 12.99249]}, "faces": { "north": {"uv": [1, 7, 1.65, 7.65], "rotation": 90, "texture": "#0"}, "east": {"uv": [1, 7, 1.65, 7.65], "rotation": 90, "texture": "#0"}, "south": {"uv": [1, 7, 1.65, 7.65], "rotation": 90, "texture": "#0"}, "west": {"uv": [1, 7, 1.65, 7.65], "rotation": 90, "texture": "#0"}, "up": {"uv": [1, 7, 1.65, 7.65], "rotation": 90, "texture": "#0"}, "down": {"uv": [1, 7, 1.65, 7.65], "rotation": 90, "texture": "#0"} } }, { "from": [-3.52504, 9.78739, -3.51535], "to": [-3.00664, 11.23725, -3.26162], "rotation": {"angle": 22.5, "axis": "x", "origin": [2.00456, 6.4756, 1.36839]}, "faces": { "north": {"uv": [1, 7, 1.65, 7.65], "rotation": 90, "texture": "#0"}, "east": {"uv": [1, 7, 1.65, 7.65], "rotation": 90, "texture": "#0"}, "south": {"uv": [1, 7, 1.65, 7.65], "rotation": 90, "texture": "#0"}, "west": {"uv": [1, 7, 1.65, 7.65], "rotation": 90, "texture": "#0"}, "up": {"uv": [1, 7, 1.65, 7.65], "rotation": 90, "texture": "#0"}, "down": {"uv": [1, 7, 1.65, 7.65], "rotation": 90, "texture": "#0"} } }, { "from": [-3.52504, 9.78739, 19.26162], "to": [-3.00664, 11.23725, 19.51535], "rotation": {"angle": -22.5, "axis": "x", "origin": [2.00456, 6.4756, 14.63161]}, "faces": { "north": {"uv": [1, 7, 1.65, 7.65], "rotation": 90, "texture": "#0"}, "east": {"uv": [1, 7, 1.65, 7.65], "rotation": 90, "texture": "#0"}, "south": {"uv": [1, 7, 1.65, 7.65], "rotation": 90, "texture": "#0"}, "west": {"uv": [1, 7, 1.65, 7.65], "rotation": 90, "texture": "#0"}, "up": {"uv": [1, 7, 1.65, 7.65], "rotation": 90, "texture": "#0"}, "down": {"uv": [1, 7, 1.65, 7.65], "rotation": 90, "texture": "#0"} } }, { "from": [-3.52504, 11.47173, 0.82402], "to": [-3.00664, 11.72546, 1.95339], "rotation": {"angle": -22.5, "axis": "x", "origin": [2.00456, 6.84172, -2.80826]}, "faces": { "north": {"uv": [1, 7, 1.65, 7.65], "rotation": 180, "texture": "#0"}, "east": {"uv": [1, 7, 1.65, 7.65], "rotation": 180, "texture": "#0"}, "south": {"uv": [1, 7, 1.65, 7.65], "rotation": 180, "texture": "#0"}, "west": {"uv": [1, 7, 1.65, 7.65], "rotation": 180, "texture": "#0"}, "up": {"uv": [1, 7, 1.65, 7.65], "rotation": 180, "texture": "#0"}, "down": {"uv": [1, 7, 1.65, 7.65], "rotation": 180, "texture": "#0"} } }, { "from": [-3.52504, 11.47173, 14.04661], "to": [-3.00664, 11.72546, 15.17598], "rotation": {"angle": 22.5, "axis": "x", "origin": [2.00456, 6.84172, 18.80826]}, "faces": { "north": {"uv": [1, 7, 1.65, 7.65], "rotation": 180, "texture": "#0"}, "east": {"uv": [1, 7, 1.65, 7.65], "rotation": 180, "texture": "#0"}, "south": {"uv": [1, 7, 1.65, 7.65], "rotation": 180, "texture": "#0"}, "west": {"uv": [1, 7, 1.65, 7.65], "rotation": 180, "texture": "#0"}, "up": {"uv": [1, 7, 1.65, 7.65], "rotation": 180, "texture": "#0"}, "down": {"uv": [1, 7, 1.65, 7.65], "rotation": 180, "texture": "#0"} } }, { "from": [-3.52504, 6.52055, 3.31533], "to": [-3.00664, 6.77428, 5.10095], "rotation": {"angle": -22.5, "axis": "x", "origin": [-3.214, 6.59686, 3.78081]}, "faces": { "north": {"uv": [1, 7, 1.65, 7.65], "texture": "#0"}, "east": {"uv": [1, 7, 1.65, 7.65], "texture": "#0"}, "south": {"uv": [1, 7, 1.65, 7.65], "texture": "#0"}, "west": {"uv": [1, 7, 1.65, 7.65], "texture": "#0"}, "up": {"uv": [1, 7, 1.65, 7.65], "texture": "#0"}, "down": {"uv": [1, 7, 1.65, 7.65], "texture": "#0"} } }, { "from": [-3.52504, 6.52055, 10.89905], "to": [-3.00664, 6.77428, 12.68467], "rotation": {"angle": 22.5, "axis": "x", "origin": [-3.214, 6.59686, 12.21919]}, "faces": { "north": {"uv": [1, 7, 1.65, 7.65], "texture": "#0"}, "east": {"uv": [1, 7, 1.65, 7.65], "texture": "#0"}, "south": {"uv": [1, 7, 1.65, 7.65], "texture": "#0"}, "west": {"uv": [1, 7, 1.65, 7.65], "texture": "#0"}, "up": {"uv": [1, 7, 1.65, 7.65], "texture": "#0"}, "down": {"uv": [1, 7, 1.65, 7.65], "texture": "#0"} } }, { "from": [-3.52504, 7.34729, 4.86095], "to": [-3.00664, 7.60102, 5.92927], "rotation": {"angle": -45, "axis": "x", "origin": [-3.17944, 7.39308, 5.32643]}, "faces": { "north": {"uv": [1, 7, 1.65, 7.65], "texture": "#0"}, "east": {"uv": [1, 7, 1.65, 7.65], "texture": "#0"}, "south": {"uv": [1, 7, 1.65, 7.65], "texture": "#0"}, "west": {"uv": [1, 7, 1.65, 7.65], "texture": "#0"}, "up": {"uv": [1, 7, 1.65, 7.65], "texture": "#0"}, "down": {"uv": [1, 7, 1.65, 7.65], "texture": "#0"} } }, { "from": [-3.52504, 7.34729, 10.07073], "to": [-3.00664, 7.60102, 11.13905], "rotation": {"angle": 45, "axis": "x", "origin": [-3.17944, 7.39308, 10.67357]}, "faces": { "north": {"uv": [1, 7, 1.65, 7.65], "texture": "#0"}, "east": {"uv": [1, 7, 1.65, 7.65], "texture": "#0"}, "south": {"uv": [1, 7, 1.65, 7.65], "texture": "#0"}, "west": {"uv": [1, 7, 1.65, 7.65], "texture": "#0"}, "up": {"uv": [1, 7, 1.65, 7.65], "texture": "#0"}, "down": {"uv": [1, 7, 1.65, 7.65], "texture": "#0"} } }, { "from": [-3.52507, 7.75648, 5.70677], "to": [-3.00667, 10.51885, 5.9605], "rotation": {"angle": 22.5, "axis": "x", "origin": [-3.18859, 8.22196, 5.91471]}, "faces": { "north": {"uv": [1, 7, 1.65, 7.65], "rotation": 270, "texture": "#0"}, "east": {"uv": [1, 7, 1.65, 7.65], "rotation": 270, "texture": "#0"}, "south": {"uv": [1, 7, 1.65, 7.65], "rotation": 270, "texture": "#0"}, "west": {"uv": [1, 7, 1.65, 7.65], "rotation": 270, "texture": "#0"}, "up": {"uv": [1, 7, 1.65, 7.65], "rotation": 270, "texture": "#0"}, "down": {"uv": [1, 7, 1.65, 7.65], "rotation": 270, "texture": "#0"} } }, { "from": [-3.52507, 7.75648, 10.0395], "to": [-3.00667, 10.51885, 10.29323], "rotation": {"angle": -22.5, "axis": "x", "origin": [-3.18859, 8.22196, 10.08529]}, "faces": { "north": {"uv": [1, 7, 1.65, 7.65], "rotation": 270, "texture": "#0"}, "east": {"uv": [1, 7, 1.65, 7.65], "rotation": 270, "texture": "#0"}, "south": {"uv": [1, 7, 1.65, 7.65], "rotation": 270, "texture": "#0"}, "west": {"uv": [1, 7, 1.65, 7.65], "rotation": 270, "texture": "#0"}, "up": {"uv": [1, 7, 1.65, 7.65], "rotation": 270, "texture": "#0"}, "down": {"uv": [1, 7, 1.65, 7.65], "rotation": 270, "texture": "#0"} } }, { "from": [-3.52507, 10.31481, 6.57994], "to": [-3.00667, 11.53574, 6.83367], "rotation": {"angle": 0, "axis": "y", "origin": [-3.18859, 10.78029, 6.78788]}, "faces": { "north": {"uv": [1, 7, 1.65, 7.65], "rotation": 270, "texture": "#0"}, "east": {"uv": [1, 7, 1.65, 7.65], "rotation": 270, "texture": "#0"}, "south": {"uv": [1, 7, 1.65, 7.65], "rotation": 270, "texture": "#0"}, "west": {"uv": [1, 7, 1.65, 7.65], "rotation": 270, "texture": "#0"}, "up": {"uv": [1, 7, 1.65, 7.65], "rotation": 270, "texture": "#0"}, "down": {"uv": [1, 7, 1.65, 7.65], "rotation": 270, "texture": "#0"} } }, { "from": [-3.52507, 10.31481, 9.16633], "to": [-3.00667, 11.53574, 9.42006], "rotation": {"angle": 0, "axis": "y", "origin": [-3.18859, 10.78029, 9.21212]}, "faces": { "north": {"uv": [1, 7, 1.65, 7.65], "rotation": 270, "texture": "#0"}, "east": {"uv": [1, 7, 1.65, 7.65], "rotation": 270, "texture": "#0"}, "south": {"uv": [1, 7, 1.65, 7.65], "rotation": 270, "texture": "#0"}, "west": {"uv": [1, 7, 1.65, 7.65], "rotation": 270, "texture": "#0"}, "up": {"uv": [1, 7, 1.65, 7.65], "rotation": 270, "texture": "#0"}, "down": {"uv": [1, 7, 1.65, 7.65], "rotation": 270, "texture": "#0"} } }, { "from": [-3.52504, 11.47111, 6.40762], "to": [-3.00664, 12.14262, 6.66135], "rotation": {"angle": -22.5, "axis": "x", "origin": [-3.17944, 11.93659, 6.61556]}, "faces": { "north": {"uv": [1, 7, 1.65, 7.65], "rotation": 270, "texture": "#0"}, "east": {"uv": [1, 7, 1.65, 7.65], "rotation": 270, "texture": "#0"}, "south": {"uv": [1, 7, 1.65, 7.65], "rotation": 270, "texture": "#0"}, "west": {"uv": [1, 7, 1.65, 7.65], "rotation": 270, "texture": "#0"}, "up": {"uv": [1, 7, 1.65, 7.65], "rotation": 270, "texture": "#0"}, "down": {"uv": [1, 7, 1.65, 7.65], "rotation": 270, "texture": "#0"} } }, { "from": [-3.52504, 11.47111, 9.33865], "to": [-3.00664, 12.14262, 9.59238], "rotation": {"angle": 22.5, "axis": "x", "origin": [-3.17944, 11.93659, 9.38444]}, "faces": { "north": {"uv": [1, 7, 1.65, 7.65], "rotation": 270, "texture": "#0"}, "east": {"uv": [1, 7, 1.65, 7.65], "rotation": 270, "texture": "#0"}, "south": {"uv": [1, 7, 1.65, 7.65], "rotation": 270, "texture": "#0"}, "west": {"uv": [1, 7, 1.65, 7.65], "rotation": 270, "texture": "#0"}, "up": {"uv": [1, 7, 1.65, 7.65], "rotation": 270, "texture": "#0"}, "down": {"uv": [1, 7, 1.65, 7.65], "rotation": 270, "texture": "#0"} } }, { "from": [-3.52504, 11.96585, 6.01617], "to": [-3.00664, 12.63736, 6.26989], "rotation": {"angle": -45, "axis": "x", "origin": [-3.17944, 12.43133, 6.22411]}, "faces": { "north": {"uv": [1, 7, 1.65, 7.65], "rotation": 270, "texture": "#0"}, "east": {"uv": [1, 7, 1.65, 7.65], "rotation": 270, "texture": "#0"}, "south": {"uv": [1, 7, 1.65, 7.65], "rotation": 270, "texture": "#0"}, "west": {"uv": [1, 7, 1.65, 7.65], "rotation": 270, "texture": "#0"}, "up": {"uv": [1, 7, 1.65, 7.65], "rotation": 270, "texture": "#0"}, "down": {"uv": [1, 7, 1.65, 7.65], "rotation": 270, "texture": "#0"} } }, { "from": [-3.52504, 11.96585, 9.73011], "to": [-3.00664, 12.63736, 9.98383], "rotation": {"angle": 45, "axis": "x", "origin": [-3.17944, 12.43133, 9.77589]}, "faces": { "north": {"uv": [1, 7, 1.65, 7.65], "rotation": 270, "texture": "#0"}, "east": {"uv": [1, 7, 1.65, 7.65], "rotation": 270, "texture": "#0"}, "south": {"uv": [1, 7, 1.65, 7.65], "rotation": 270, "texture": "#0"}, "west": {"uv": [1, 7, 1.65, 7.65], "rotation": 270, "texture": "#0"}, "up": {"uv": [1, 7, 1.65, 7.65], "rotation": 270, "texture": "#0"}, "down": {"uv": [1, 7, 1.65, 7.65], "rotation": 270, "texture": "#0"} } }, { "from": [-3.52504, 12.53728, 4.64832], "to": [-3.00664, 12.79101, 6.12871], "rotation": {"angle": 22.5, "axis": "x", "origin": [-3.17944, 12.74522, 5.66323]}, "faces": { "north": {"uv": [1, 7, 1.65, 7.65], "rotation": 180, "texture": "#0"}, "east": {"uv": [1, 7, 1.65, 7.65], "rotation": 180, "texture": "#0"}, "south": {"uv": [1, 7, 1.65, 7.65], "rotation": 180, "texture": "#0"}, "west": {"uv": [1, 7, 1.65, 7.65], "rotation": 180, "texture": "#0"}, "up": {"uv": [1, 7, 1.65, 7.65], "rotation": 180, "texture": "#0"}, "down": {"uv": [1, 7, 1.65, 7.65], "rotation": 180, "texture": "#0"} } }, { "from": [-3.52504, 12.53728, 9.87129], "to": [-3.00664, 12.79101, 11.35168], "rotation": {"angle": -22.5, "axis": "x", "origin": [-3.17944, 12.74522, 10.33677]}, "faces": { "north": {"uv": [1, 7, 1.65, 7.65], "rotation": 180, "texture": "#0"}, "east": {"uv": [1, 7, 1.65, 7.65], "rotation": 180, "texture": "#0"}, "south": {"uv": [1, 7, 1.65, 7.65], "rotation": 180, "texture": "#0"}, "west": {"uv": [1, 7, 1.65, 7.65], "rotation": 180, "texture": "#0"}, "up": {"uv": [1, 7, 1.65, 7.65], "rotation": 180, "texture": "#0"}, "down": {"uv": [1, 7, 1.65, 7.65], "rotation": 180, "texture": "#0"} } }, { "from": [-3.52504, 12.92218, -0.27799], "to": [-3.00664, 13.17591, 4.7431], "rotation": {"angle": 0, "axis": "y", "origin": [-3.17944, 13.13013, 4.27762]}, "faces": { "north": {"uv": [1, 7, 1.65, 7.65], "rotation": 180, "texture": "#0"}, "east": {"uv": [1, 7, 1.65, 7.65], "rotation": 180, "texture": "#0"}, "south": {"uv": [1, 7, 1.65, 7.65], "rotation": 180, "texture": "#0"}, "west": {"uv": [1, 7, 1.65, 7.65], "rotation": 180, "texture": "#0"}, "up": {"uv": [1, 7, 1.65, 7.65], "rotation": 180, "texture": "#0"}, "down": {"uv": [1, 7, 1.65, 7.65], "rotation": 180, "texture": "#0"} } }, { "from": [-3.52504, 12.92218, 11.2569], "to": [-3.00664, 13.17591, 16.27799], "rotation": {"angle": 0, "axis": "y", "origin": [-3.17944, 13.13013, 11.72238]}, "faces": { "north": {"uv": [1, 7, 1.65, 7.65], "rotation": 180, "texture": "#0"}, "east": {"uv": [1, 7, 1.65, 7.65], "rotation": 180, "texture": "#0"}, "south": {"uv": [1, 7, 1.65, 7.65], "rotation": 180, "texture": "#0"}, "west": {"uv": [1, 7, 1.65, 7.65], "rotation": 180, "texture": "#0"}, "up": {"uv": [1, 7, 1.65, 7.65], "rotation": 180, "texture": "#0"}, "down": {"uv": [1, 7, 1.65, 7.65], "rotation": 180, "texture": "#0"} } }, { "from": [1.862, 11.25154, 19.25674], "to": [4.3271, 11.59714, 19.60234], "rotation": {"angle": 0, "axis": "y", "origin": [7.3511, 4.65058, 13.89994]}, "faces": { "north": {"uv": [1, 7, 1.65, 7.65], "texture": "#0"}, "east": {"uv": [1, 7, 1.65, 7.65], "texture": "#0"}, "south": {"uv": [1, 7, 1.65, 7.65], "texture": "#0"}, "west": {"uv": [1, 7, 1.65, 7.65], "texture": "#0"}, "up": {"uv": [1, 7, 1.65, 7.65], "texture": "#0"}, "down": {"uv": [1, 7, 1.65, 7.65], "texture": "#0"} } }, { "from": [1.862, 11.25154, -3.60234], "to": [4.3271, 11.59714, -3.25674], "rotation": {"angle": 0, "axis": "y", "origin": [7.3511, 4.65058, 2.10006]}, "faces": { "north": {"uv": [1, 7, 1.65, 7.65], "texture": "#0"}, "east": {"uv": [1, 7, 1.65, 7.65], "texture": "#0"}, "south": {"uv": [1, 7, 1.65, 7.65], "texture": "#0"}, "west": {"uv": [1, 7, 1.65, 7.65], "texture": "#0"}, "up": {"uv": [1, 7, 1.65, 7.65], "texture": "#0"}, "down": {"uv": [1, 7, 1.65, 7.65], "texture": "#0"} } }, { "from": [-3.43864, 11.25154, 17.7172], "to": [-3.09304, 11.59714, 19.60234], "rotation": {"angle": 0, "axis": "y", "origin": [2.00456, 4.65058, 13.5889]}, "faces": { "north": {"uv": [1, 7, 1.65, 7.65], "texture": "#0"}, "east": {"uv": [1, 7, 1.65, 7.65], "texture": "#0"}, "south": {"uv": [1, 7, 1.65, 7.65], "texture": "#0"}, "west": {"uv": [1, 7, 1.65, 7.65], "texture": "#0"}, "up": {"uv": [1, 7, 1.65, 7.65], "texture": "#0"}, "down": {"uv": [1, 7, 1.65, 7.65], "texture": "#0"} } }, { "from": [-3.43864, 11.25154, -3.60234], "to": [-3.09304, 11.59714, -1.7847], "rotation": {"angle": 0, "axis": "y", "origin": [2.00456, 4.65058, 2.4111]}, "faces": { "north": {"uv": [1, 7, 1.65, 7.65], "texture": "#0"}, "east": {"uv": [1, 7, 1.65, 7.65], "texture": "#0"}, "south": {"uv": [1, 7, 1.65, 7.65], "texture": "#0"}, "west": {"uv": [1, 7, 1.65, 7.65], "texture": "#0"}, "up": {"uv": [1, 7, 1.65, 7.65], "texture": "#0"}, "down": {"uv": [1, 7, 1.65, 7.65], "texture": "#0"} } }, { "from": [-3.43864, 11.25154, 19.25674], "to": [-2.8225, 11.59714, 19.60234], "rotation": {"angle": 0, "axis": "y", "origin": [-3.11032, 11.42434, 19.42954]}, "faces": { "north": {"uv": [1, 7, 1.65, 7.65], "rotation": 270, "texture": "#0"}, "east": {"uv": [1, 7, 1.65, 7.65], "rotation": 270, "texture": "#0"}, "south": {"uv": [1, 7, 1.65, 7.65], "rotation": 270, "texture": "#0"}, "west": {"uv": [1, 7, 1.65, 7.65], "rotation": 270, "texture": "#0"}, "up": {"uv": [1, 7, 1.65, 7.65], "rotation": 270, "texture": "#0"}, "down": {"uv": [1, 7, 1.65, 7.65], "rotation": 270, "texture": "#0"} } }, { "from": [-3.43864, 11.25154, -3.60234], "to": [-2.8225, 11.59714, -3.25674], "rotation": {"angle": 0, "axis": "y", "origin": [-3.11032, 11.42434, -3.42954]}, "faces": { "north": {"uv": [1, 7, 1.65, 7.65], "rotation": 270, "texture": "#0"}, "east": {"uv": [1, 7, 1.65, 7.65], "rotation": 270, "texture": "#0"}, "south": {"uv": [1, 7, 1.65, 7.65], "rotation": 270, "texture": "#0"}, "west": {"uv": [1, 7, 1.65, 7.65], "rotation": 270, "texture": "#0"}, "up": {"uv": [1, 7, 1.65, 7.65], "rotation": 270, "texture": "#0"}, "down": {"uv": [1, 7, 1.65, 7.65], "rotation": 270, "texture": "#0"} } }, { "from": [-2.7145, 11.25154, 19.25674], "to": [-2.1475, 11.59714, 19.60234], "rotation": {"angle": 0, "axis": "y", "origin": [-2.42668, 11.42434, 19.42954]}, "faces": { "north": {"uv": [1, 7, 1.65, 7.65], "rotation": 270, "texture": "#0"}, "east": {"uv": [1, 7, 1.65, 7.65], "rotation": 270, "texture": "#0"}, "south": {"uv": [1, 7, 1.65, 7.65], "rotation": 270, "texture": "#0"}, "west": {"uv": [1, 7, 1.65, 7.65], "rotation": 270, "texture": "#0"}, "up": {"uv": [1, 7, 1.65, 7.65], "rotation": 270, "texture": "#0"}, "down": {"uv": [1, 7, 1.65, 7.65], "rotation": 270, "texture": "#0"} } }, { "from": [-2.7145, 11.25154, -3.60234], "to": [-2.1475, 11.59714, -3.25674], "rotation": {"angle": 0, "axis": "y", "origin": [-2.42668, 11.42434, -3.42954]}, "faces": { "north": {"uv": [1, 7, 1.65, 7.65], "rotation": 270, "texture": "#0"}, "east": {"uv": [1, 7, 1.65, 7.65], "rotation": 270, "texture": "#0"}, "south": {"uv": [1, 7, 1.65, 7.65], "rotation": 270, "texture": "#0"}, "west": {"uv": [1, 7, 1.65, 7.65], "rotation": 270, "texture": "#0"}, "up": {"uv": [1, 7, 1.65, 7.65], "rotation": 270, "texture": "#0"}, "down": {"uv": [1, 7, 1.65, 7.65], "rotation": 270, "texture": "#0"} } }, { "from": [-2.0395, 11.25154, 19.25674], "to": [-0.8245, 11.59714, 19.60234], "rotation": {"angle": 0, "axis": "y", "origin": [-1.75168, 11.42434, 19.42954]}, "faces": { "north": {"uv": [1, 7, 1.65, 7.65], "rotation": 270, "texture": "#0"}, "east": {"uv": [1, 7, 1.65, 7.65], "rotation": 270, "texture": "#0"}, "south": {"uv": [1, 7, 1.65, 7.65], "rotation": 270, "texture": "#0"}, "west": {"uv": [1, 7, 1.65, 7.65], "rotation": 270, "texture": "#0"}, "up": {"uv": [1, 7, 1.65, 7.65], "rotation": 270, "texture": "#0"}, "down": {"uv": [1, 7, 1.65, 7.65], "rotation": 270, "texture": "#0"} } }, { "from": [-2.0395, 11.25154, -3.60234], "to": [-0.8245, 11.59714, -3.25674], "rotation": {"angle": 0, "axis": "y", "origin": [-1.75168, 11.42434, -3.42954]}, "faces": { "north": {"uv": [1, 7, 1.65, 7.65], "rotation": 270, "texture": "#0"}, "east": {"uv": [1, 7, 1.65, 7.65], "rotation": 270, "texture": "#0"}, "south": {"uv": [1, 7, 1.65, 7.65], "rotation": 270, "texture": "#0"}, "west": {"uv": [1, 7, 1.65, 7.65], "rotation": 270, "texture": "#0"}, "up": {"uv": [1, 7, 1.65, 7.65], "rotation": 270, "texture": "#0"}, "down": {"uv": [1, 7, 1.65, 7.65], "rotation": 270, "texture": "#0"} } }, { "from": [-0.7165, 11.25154, 19.25674], "to": [1.754, 11.59714, 19.60234], "rotation": {"angle": 0, "axis": "y", "origin": [-0.42868, 11.42434, 19.42954]}, "faces": { "north": {"uv": [1, 7, 1.65, 7.65], "rotation": 270, "texture": "#0"}, "east": {"uv": [1, 7, 1.65, 7.65], "rotation": 270, "texture": "#0"}, "south": {"uv": [1, 7, 1.65, 7.65], "rotation": 270, "texture": "#0"}, "west": {"uv": [1, 7, 1.65, 7.65], "rotation": 270, "texture": "#0"}, "up": {"uv": [1, 7, 1.65, 7.65], "rotation": 270, "texture": "#0"}, "down": {"uv": [1, 7, 1.65, 7.65], "rotation": 270, "texture": "#0"} } }, { "from": [-0.7165, 11.25154, -3.60234], "to": [1.754, 11.59714, -3.25674], "rotation": {"angle": 0, "axis": "y", "origin": [-0.42868, 11.42434, -3.42954]}, "faces": { "north": {"uv": [1, 7, 1.65, 7.65], "rotation": 270, "texture": "#0"}, "east": {"uv": [1, 7, 1.65, 7.65], "rotation": 270, "texture": "#0"}, "south": {"uv": [1, 7, 1.65, 7.65], "rotation": 270, "texture": "#0"}, "west": {"uv": [1, 7, 1.65, 7.65], "rotation": 270, "texture": "#0"}, "up": {"uv": [1, 7, 1.65, 7.65], "rotation": 270, "texture": "#0"}, "down": {"uv": [1, 7, 1.65, 7.65], "rotation": 270, "texture": "#0"} } }, { "from": [-3.2545, 11.26882, 19.27402], "to": [2.86856, 11.57986, 19.58506], "rotation": {"angle": 0, "axis": "y", "origin": [-2.45368, 11.42434, 19.42954]}, "faces": { "north": {"uv": [1, 7, 1.65, 7.65], "texture": "#0"}, "east": {"uv": [1, 7, 1.65, 7.65], "texture": "#0"}, "south": {"uv": [1, 7, 1.65, 7.65], "texture": "#0"}, "west": {"uv": [1, 7, 1.65, 7.65], "texture": "#0"}, "up": {"uv": [1, 7, 1.65, 7.65], "texture": "#0"}, "down": {"uv": [1, 7, 1.65, 7.65], "texture": "#0"} } }, { "from": [-3.2545, 11.26882, -3.58506], "to": [2.86856, 11.57986, -3.27402], "rotation": {"angle": 0, "axis": "y", "origin": [-2.45368, 11.42434, -3.42954]}, "faces": { "north": {"uv": [1, 7, 1.65, 7.65], "texture": "#0"}, "east": {"uv": [1, 7, 1.65, 7.65], "texture": "#0"}, "south": {"uv": [1, 7, 1.65, 7.65], "texture": "#0"}, "west": {"uv": [1, 7, 1.65, 7.65], "texture": "#0"}, "up": {"uv": [1, 7, 1.65, 7.65], "texture": "#0"}, "down": {"uv": [1, 7, 1.65, 7.65], "texture": "#0"} } }, { "from": [4.2119, 10.77606, 19.25674], "to": [9.20582, 11.12166, 19.60234], "rotation": {"angle": -22.5, "axis": "z", "origin": [5.4647, 11.06982, 19.36042]}, "faces": { "north": {"uv": [1, 4, 1.65, 4.65], "texture": "#0"}, "east": {"uv": [1, 4, 1.65, 4.65], "texture": "#0"}, "south": {"uv": [1, 4, 1.65, 4.65], "texture": "#0"}, "west": {"uv": [1, 4, 1.65, 4.65], "texture": "#0"}, "up": {"uv": [1, 4, 1.65, 4.65], "texture": "#0"}, "down": {"uv": [1, 4, 1.65, 4.65], "texture": "#0"} } }, { "from": [4.2119, 10.77606, -3.60234], "to": [9.20582, 11.12166, -3.25674], "rotation": {"angle": -22.5, "axis": "z", "origin": [5.4647, 11.06982, -3.36042]}, "faces": { "north": {"uv": [1, 4, 1.65, 4.65], "texture": "#0"}, "east": {"uv": [1, 4, 1.65, 4.65], "texture": "#0"}, "south": {"uv": [1, 4, 1.65, 4.65], "texture": "#0"}, "west": {"uv": [1, 4, 1.65, 4.65], "texture": "#0"}, "up": {"uv": [1, 4, 1.65, 4.65], "texture": "#0"}, "down": {"uv": [1, 4, 1.65, 4.65], "texture": "#0"} } }, { "from": [-3.45592, 6.59455, 0.62274], "to": [-3.11032, 6.86353, 3.97077], "rotation": {"angle": 0, "axis": "y", "origin": [-3.28312, 5.50334, 6.43268]}, "faces": { "north": {"uv": [7, 5, 7, 5], "rotation": 270, "texture": "#0"}, "east": {"uv": [7, 1, 7, 1], "rotation": 270, "texture": "#0"}, "south": {"uv": [8, 5, 8, 5], "rotation": 270, "texture": "#0"}, "west": {"uv": [8, 2, 8, 2], "rotation": 270, "texture": "#0"}, "up": {"uv": [7, 4, 7, 4], "rotation": 270, "texture": "#0"}, "down": {"uv": [7, 4, 7, 4], "rotation": 270, "texture": "#0"} } }, { "from": [-3.45592, 6.59455, 12.02923], "to": [-3.11032, 6.86353, 15.37726], "rotation": {"angle": 0, "axis": "y", "origin": [-3.28312, 5.50334, 9.56732]}, "faces": { "north": {"uv": [7, 5, 7, 5], "rotation": 270, "texture": "#0"}, "east": {"uv": [7, 1, 7, 1], "rotation": 270, "texture": "#0"}, "south": {"uv": [8, 5, 8, 5], "rotation": 270, "texture": "#0"}, "west": {"uv": [8, 2, 8, 2], "rotation": 270, "texture": "#0"}, "up": {"uv": [7, 4, 7, 4], "rotation": 270, "texture": "#0"}, "down": {"uv": [7, 4, 7, 4], "rotation": 270, "texture": "#0"} } }, { "from": [-3.45592, 6.86353, -0.00919], "to": [-3.11032, 7.13252, 4.61463], "rotation": {"angle": 0, "axis": "y", "origin": [-3.28312, 5.77232, 6.43268]}, "faces": { "north": {"uv": [7, 5, 7, 5], "rotation": 270, "texture": "#0"}, "east": {"uv": [7, 1, 7, 1], "rotation": 270, "texture": "#0"}, "south": {"uv": [8, 5, 8, 5], "rotation": 270, "texture": "#0"}, "west": {"uv": [8, 2, 8, 2], "rotation": 270, "texture": "#0"}, "up": {"uv": [7, 4, 7, 4], "rotation": 270, "texture": "#0"}, "down": {"uv": [7, 4, 7, 4], "rotation": 270, "texture": "#0"} } }, { "from": [-3.45592, 6.86353, 11.38537], "to": [-3.11032, 7.13252, 16.00919], "rotation": {"angle": 0, "axis": "y", "origin": [-3.28312, 5.77232, 9.56732]}, "faces": { "north": {"uv": [7, 5, 7, 5], "rotation": 270, "texture": "#0"}, "east": {"uv": [7, 1, 7, 1], "rotation": 270, "texture": "#0"}, "south": {"uv": [8, 5, 8, 5], "rotation": 270, "texture": "#0"}, "west": {"uv": [8, 2, 8, 2], "rotation": 270, "texture": "#0"}, "up": {"uv": [7, 4, 7, 4], "rotation": 270, "texture": "#0"}, "down": {"uv": [7, 4, 7, 4], "rotation": 270, "texture": "#0"} } }, { "from": [-3.45592, 7.13252, -0.6292], "to": [-3.11032, 7.47305, 5.1154], "rotation": {"angle": 0, "axis": "y", "origin": [-3.28312, 6.04131, 6.43268]}, "faces": { "north": {"uv": [7, 5, 7, 5], "rotation": 270, "texture": "#0"}, "east": {"uv": [7, 1, 7, 1], "rotation": 270, "texture": "#0"}, "south": {"uv": [8, 5, 8, 5], "rotation": 270, "texture": "#0"}, "west": {"uv": [8, 2, 8, 2], "rotation": 270, "texture": "#0"}, "up": {"uv": [7, 4, 7, 4], "rotation": 270, "texture": "#0"}, "down": {"uv": [7, 4, 7, 4], "rotation": 270, "texture": "#0"} } }, { "from": [-3.45592, 7.13252, 10.8846], "to": [-3.11032, 7.47305, 16.6292], "rotation": {"angle": 0, "axis": "y", "origin": [-3.28312, 6.04131, 9.56732]}, "faces": { "north": {"uv": [7, 5, 7, 5], "rotation": 270, "texture": "#0"}, "east": {"uv": [7, 1, 7, 1], "rotation": 270, "texture": "#0"}, "south": {"uv": [8, 5, 8, 5], "rotation": 270, "texture": "#0"}, "west": {"uv": [8, 2, 8, 2], "rotation": 270, "texture": "#0"}, "up": {"uv": [7, 4, 7, 4], "rotation": 270, "texture": "#0"}, "down": {"uv": [7, 4, 7, 4], "rotation": 270, "texture": "#0"} } }, { "from": [-3.45592, 7.47305, -0.97497], "to": [-3.11032, 7.81358, 5.46117], "rotation": {"angle": 0, "axis": "y", "origin": [-3.28312, 6.38184, 6.43268]}, "faces": { "north": {"uv": [7, 5, 7, 5], "rotation": 270, "texture": "#0"}, "east": {"uv": [7, 1, 7, 1], "rotation": 270, "texture": "#0"}, "south": {"uv": [8, 5, 8, 5], "rotation": 270, "texture": "#0"}, "west": {"uv": [8, 2, 8, 2], "rotation": 270, "texture": "#0"}, "up": {"uv": [7, 4, 7, 4], "rotation": 270, "texture": "#0"}, "down": {"uv": [7, 4, 7, 4], "rotation": 270, "texture": "#0"} } }, { "from": [-3.45592, 7.47305, 10.53883], "to": [-3.11032, 7.81358, 16.97497], "rotation": {"angle": 0, "axis": "y", "origin": [-3.28312, 6.38184, 9.56732]}, "faces": { "north": {"uv": [7, 5, 7, 5], "rotation": 270, "texture": "#0"}, "east": {"uv": [7, 1, 7, 1], "rotation": 270, "texture": "#0"}, "south": {"uv": [8, 5, 8, 5], "rotation": 270, "texture": "#0"}, "west": {"uv": [8, 2, 8, 2], "rotation": 270, "texture": "#0"}, "up": {"uv": [7, 4, 7, 4], "rotation": 270, "texture": "#0"}, "down": {"uv": [7, 4, 7, 4], "rotation": 270, "texture": "#0"} } }, { "from": [-3.45592, 7.81358, -1.24921], "to": [-3.11032, 8.44026, 5.7831], "rotation": {"angle": 0, "axis": "y", "origin": [-3.28312, 6.72236, 6.43268]}, "faces": { "north": {"uv": [7, 5, 7, 5], "rotation": 270, "texture": "#0"}, "east": {"uv": [7, 1, 7, 1], "rotation": 270, "texture": "#0"}, "south": {"uv": [8, 5, 8, 5], "rotation": 270, "texture": "#0"}, "west": {"uv": [8, 2, 8, 2], "rotation": 270, "texture": "#0"}, "up": {"uv": [7, 4, 7, 4], "rotation": 270, "texture": "#0"}, "down": {"uv": [7, 4, 7, 4], "rotation": 270, "texture": "#0"} } }, { "from": [-3.45592, 7.81358, 10.2169], "to": [-3.11032, 8.44026, 17.24921], "rotation": {"angle": 0, "axis": "y", "origin": [-3.28312, 6.72236, 9.56732]}, "faces": { "north": {"uv": [7, 5, 7, 5], "rotation": 270, "texture": "#0"}, "east": {"uv": [7, 1, 7, 1], "rotation": 270, "texture": "#0"}, "south": {"uv": [8, 5, 8, 5], "rotation": 270, "texture": "#0"}, "west": {"uv": [8, 2, 8, 2], "rotation": 270, "texture": "#0"}, "up": {"uv": [7, 4, 7, 4], "rotation": 270, "texture": "#0"}, "down": {"uv": [7, 4, 7, 4], "rotation": 270, "texture": "#0"} } }, { "from": [-3.45592, 8.44026, -1.49959], "to": [-3.11032, 9.05502, 6.04541], "rotation": {"angle": 0, "axis": "y", "origin": [-3.28312, 7.34905, 6.43268]}, "faces": { "north": {"uv": [7, 5, 7, 5], "rotation": 270, "texture": "#0"}, "east": {"uv": [7, 1, 7, 1], "rotation": 270, "texture": "#0"}, "south": {"uv": [8, 5, 8, 5], "rotation": 270, "texture": "#0"}, "west": {"uv": [8, 2, 8, 2], "rotation": 270, "texture": "#0"}, "up": {"uv": [7, 4, 7, 4], "rotation": 270, "texture": "#0"}, "down": {"uv": [7, 4, 7, 4], "rotation": 270, "texture": "#0"} } }, { "from": [-3.45592, 8.44026, 9.95459], "to": [-3.11032, 9.05502, 17.49959], "rotation": {"angle": 0, "axis": "y", "origin": [-3.28312, 7.34905, 9.56732]}, "faces": { "north": {"uv": [7, 5, 7, 5], "rotation": 270, "texture": "#0"}, "east": {"uv": [7, 1, 7, 1], "rotation": 270, "texture": "#0"}, "south": {"uv": [8, 5, 8, 5], "rotation": 270, "texture": "#0"}, "west": {"uv": [8, 2, 8, 2], "rotation": 270, "texture": "#0"}, "up": {"uv": [7, 4, 7, 4], "rotation": 270, "texture": "#0"}, "down": {"uv": [7, 4, 7, 4], "rotation": 270, "texture": "#0"} } }, { "from": [-3.45592, 9.05502, -1.74998], "to": [-3.11032, 9.6817, 6.2958], "rotation": {"angle": 0, "axis": "y", "origin": [-3.28312, 7.96381, 6.43268]}, "faces": { "north": {"uv": [7, 5, 7, 5], "rotation": 270, "texture": "#0"}, "east": {"uv": [7, 1, 7, 1], "rotation": 270, "texture": "#0"}, "south": {"uv": [8, 5, 8, 5], "rotation": 270, "texture": "#0"}, "west": {"uv": [8, 2, 8, 2], "rotation": 270, "texture": "#0"}, "up": {"uv": [7, 4, 7, 4], "rotation": 270, "texture": "#0"}, "down": {"uv": [7, 4, 7, 4], "rotation": 270, "texture": "#0"} } }, { "from": [-3.45592, 9.05502, 9.7042], "to": [-3.11032, 9.6817, 17.74998], "rotation": {"angle": 0, "axis": "y", "origin": [-3.28312, 7.96381, 9.56732]}, "faces": { "north": {"uv": [7, 5, 7, 5], "rotation": 270, "texture": "#0"}, "east": {"uv": [7, 1, 7, 1], "rotation": 270, "texture": "#0"}, "south": {"uv": [8, 5, 8, 5], "rotation": 270, "texture": "#0"}, "west": {"uv": [8, 2, 8, 2], "rotation": 270, "texture": "#0"}, "up": {"uv": [7, 4, 7, 4], "rotation": 270, "texture": "#0"}, "down": {"uv": [7, 4, 7, 4], "rotation": 270, "texture": "#0"} } }, { "from": [-3.45592, 9.6817, -1.63075], "to": [-3.11032, 10.28454, 6.54619], "rotation": {"angle": 0, "axis": "y", "origin": [-3.28312, 8.59049, 6.43268]}, "faces": { "north": {"uv": [7, 5, 7, 5], "rotation": 270, "texture": "#0"}, "east": {"uv": [7, 1, 7, 1], "rotation": 270, "texture": "#0"}, "south": {"uv": [8, 5, 8, 5], "rotation": 270, "texture": "#0"}, "west": {"uv": [8, 2, 8, 2], "rotation": 270, "texture": "#0"}, "up": {"uv": [7, 4, 7, 4], "rotation": 270, "texture": "#0"}, "down": {"uv": [7, 4, 7, 4], "rotation": 270, "texture": "#0"} } }, { "from": [-3.45592, 9.6817, 9.45381], "to": [-3.11032, 10.28454, 17.63075], "rotation": {"angle": 0, "axis": "y", "origin": [-3.28312, 8.59049, 9.56732]}, "faces": { "north": {"uv": [7, 5, 7, 5], "rotation": 270, "texture": "#0"}, "east": {"uv": [7, 1, 7, 1], "rotation": 270, "texture": "#0"}, "south": {"uv": [8, 5, 8, 5], "rotation": 270, "texture": "#0"}, "west": {"uv": [8, 2, 8, 2], "rotation": 270, "texture": "#0"}, "up": {"uv": [7, 4, 7, 4], "rotation": 270, "texture": "#0"}, "down": {"uv": [7, 4, 7, 4], "rotation": 270, "texture": "#0"} } }, { "from": [-3.45592, 10.28454, -1.63075], "to": [-3.11032, 11.98431, 6.58195], "rotation": {"angle": 0, "axis": "y", "origin": [-3.28312, 9.19333, 6.43268]}, "faces": { "north": {"uv": [7, 5, 7, 5], "rotation": 270, "texture": "#0"}, "east": {"uv": [7, 1, 7, 1], "rotation": 270, "texture": "#0"}, "south": {"uv": [8, 5, 8, 5], "rotation": 270, "texture": "#0"}, "west": {"uv": [8, 2, 8, 2], "rotation": 270, "texture": "#0"}, "up": {"uv": [7, 4, 7, 4], "rotation": 270, "texture": "#0"}, "down": {"uv": [7, 4, 7, 4], "rotation": 270, "texture": "#0"} } }, { "from": [-3.45592, 10.28454, 9.41805], "to": [-3.11032, 11.98431, 17.63075], "rotation": {"angle": 0, "axis": "y", "origin": [-3.28312, 9.19333, 9.56732]}, "faces": { "north": {"uv": [7, 5, 7, 5], "rotation": 270, "texture": "#0"}, "east": {"uv": [7, 1, 7, 1], "rotation": 270, "texture": "#0"}, "south": {"uv": [8, 5, 8, 5], "rotation": 270, "texture": "#0"}, "west": {"uv": [8, 2, 8, 2], "rotation": 270, "texture": "#0"}, "up": {"uv": [7, 4, 7, 4], "rotation": 270, "texture": "#0"}, "down": {"uv": [7, 4, 7, 4], "rotation": 270, "texture": "#0"} } }, { "from": [-3.45592, 11.98431, -1.34459], "to": [-3.11032, 12.34868, 6.36734], "rotation": {"angle": 0, "axis": "y", "origin": [-3.28312, 10.8931, 6.43268]}, "faces": { "north": {"uv": [7, 5, 7, 5], "rotation": 270, "texture": "#0"}, "east": {"uv": [7, 1, 7, 1], "rotation": 270, "texture": "#0"}, "south": {"uv": [8, 5, 8, 5], "rotation": 270, "texture": "#0"}, "west": {"uv": [8, 2, 8, 2], "rotation": 270, "texture": "#0"}, "up": {"uv": [7, 4, 7, 4], "rotation": 270, "texture": "#0"}, "down": {"uv": [7, 4, 7, 4], "rotation": 270, "texture": "#0"} } }, { "from": [-3.45592, 11.98431, 9.63266], "to": [-3.11032, 12.34868, 17.34459], "rotation": {"angle": 0, "axis": "y", "origin": [-3.28312, 10.8931, 9.56732]}, "faces": { "north": {"uv": [7, 5, 7, 5], "rotation": 270, "texture": "#0"}, "east": {"uv": [7, 1, 7, 1], "rotation": 270, "texture": "#0"}, "south": {"uv": [8, 5, 8, 5], "rotation": 270, "texture": "#0"}, "west": {"uv": [8, 2, 8, 2], "rotation": 270, "texture": "#0"}, "up": {"uv": [7, 4, 7, 4], "rotation": 270, "texture": "#0"}, "down": {"uv": [7, 4, 7, 4], "rotation": 270, "texture": "#0"} } }, { "from": [-3.45592, 12.34868, -1.21344], "to": [-3.11032, 12.64152, 6.00964], "rotation": {"angle": 0, "axis": "y", "origin": [-3.28312, 11.25747, 6.43268]}, "faces": { "north": {"uv": [7, 5, 7, 5], "rotation": 270, "texture": "#0"}, "east": {"uv": [7, 1, 7, 1], "rotation": 270, "texture": "#0"}, "south": {"uv": [8, 5, 8, 5], "rotation": 270, "texture": "#0"}, "west": {"uv": [8, 2, 8, 2], "rotation": 270, "texture": "#0"}, "up": {"uv": [7, 4, 7, 4], "rotation": 270, "texture": "#0"}, "down": {"uv": [7, 4, 7, 4], "rotation": 270, "texture": "#0"} } }, { "from": [-3.45592, 12.34868, 9.99036], "to": [-3.11032, 12.64152, 17.21344], "rotation": {"angle": 0, "axis": "y", "origin": [-3.28312, 11.25747, 9.56732]}, "faces": { "north": {"uv": [7, 5, 7, 5], "rotation": 270, "texture": "#0"}, "east": {"uv": [7, 1, 7, 1], "rotation": 270, "texture": "#0"}, "south": {"uv": [8, 5, 8, 5], "rotation": 270, "texture": "#0"}, "west": {"uv": [8, 2, 8, 2], "rotation": 270, "texture": "#0"}, "up": {"uv": [7, 4, 7, 4], "rotation": 270, "texture": "#0"}, "down": {"uv": [7, 4, 7, 4], "rotation": 270, "texture": "#0"} } }, { "from": [-3.45592, 12.64152, -0.90343], "to": [-3.11032, 12.9105, 5.37771], "rotation": {"angle": 0, "axis": "y", "origin": [-3.28312, 11.55031, 6.43268]}, "faces": { "north": {"uv": [7, 5, 7, 5], "rotation": 270, "texture": "#0"}, "east": {"uv": [7, 1, 7, 1], "rotation": 270, "texture": "#0"}, "south": {"uv": [8, 5, 8, 5], "rotation": 270, "texture": "#0"}, "west": {"uv": [8, 2, 8, 2], "rotation": 270, "texture": "#0"}, "up": {"uv": [7, 4, 7, 4], "rotation": 270, "texture": "#0"}, "down": {"uv": [7, 4, 7, 4], "rotation": 270, "texture": "#0"} } }, { "from": [-3.45592, 12.64152, 10.62229], "to": [-3.11032, 12.9105, 16.90343], "rotation": {"angle": 0, "axis": "y", "origin": [-3.28312, 11.55031, 9.56732]}, "faces": { "north": {"uv": [7, 5, 7, 5], "rotation": 270, "texture": "#0"}, "east": {"uv": [7, 1, 7, 1], "rotation": 270, "texture": "#0"}, "south": {"uv": [8, 5, 8, 5], "rotation": 270, "texture": "#0"}, "west": {"uv": [8, 2, 8, 2], "rotation": 270, "texture": "#0"}, "up": {"uv": [7, 4, 7, 4], "rotation": 270, "texture": "#0"}, "down": {"uv": [7, 4, 7, 4], "rotation": 270, "texture": "#0"} } } ], "display": { "thirdperson_righthand": { "rotation": [90, -90, 0], "translation": [0, -1.5, 1], "scale": [0.16, 0.16, 0.16] }, "thirdperson_lefthand": { "rotation": [90, 0, 0], "translation": [0, -1.75, 2], "scale": [0.16, 0.16, 0.16] }, "firstperson_righthand": { "rotation": [0, -90, 0], "translation": [2.5, 0, -1], "scale": [0.23828, 0.23828, 0.23828] }, "firstperson_lefthand": { "rotation": [0, 90, 0], "translation": [2.5, 0, -1], "scale": [0.23828, 0.23828, 0.23828] }, "ground": { "rotation": [-30, 56, -11], "scale": [0.17773, 0.17773, 0.17773] }, "gui": { "rotation": [29, 51, 0], "translation": [1.75, -0.25, 0], "scale": [0.49023, 0.49023, 0.49023] }, "head": { "rotation": [0, 90, 0], "translation": [0, -4.5, -0.25], "scale": [-0.57, 0.57, -0.57] }, "fixed": { "rotation": [-73, -90, 0], "translation": [0, 0, -0.25], "scale": [0.37109, 0.37109, 0.37109] } }, "groups": [ { "name": "Glasses", "origin": [8, 8, 8], "color": 0, "children": [ { "name": "group", "origin": [-0.4, 14.35945, 3.73789], "color": 0, "children": [0, 1, 2, 3, 4, 5, 6, 7, 8, 9] }, { "name": "group", "origin": [-0.5, 14.17191, 22.59687], "color": 0, "children": [10, 11, 12, 13, 14, 15, 16, 17, 18, 19, 20, 21, 22, 23, 24, 25, 26, 27, 28, 29, 30, 31, 32, 33, 34, 35, 36, 37, 38, 39] }, { "name": "group", "origin": [8, 8, 8], "color": 0, "children": [] }, { "name": "group", "origin": [8, 8, 8], "color": 0, "children": [40, 41, 42, 43, 44, 45, 46, 47, 48, 49, 50, 51, 52, 53, 54, 55] }, { "name": "group", "origin": [8, 10.96022, 5.77492], "color": 0, "children": [56, 57, 58, 59, 60, 61, 62, 63, 64, 65, 66, 67, 68, 69, 70, 71, 72, 73, 74, 75, 76, 77, 78, 79] }, { "name": "group", "origin": [8, 10.96022, 5.77492], "color": 0, "children": [] } ] } ] }