{ "credit": "Made with Blockbench", "textures": { "0": "block/purgerpstupidglasses" }, "elements": [ { "from": [17.625, 3.875, -5.6], "to": [23.45, 4.55, -5.05], "rotation": {"angle": 0, "axis": "y", "origin": [10.625, 11.875, 2.375]}, "faces": { "north": {"uv": [15.25, 15.25, 15.25, 15.25], "texture": "#0"}, "east": {"uv": [15.25, 15.25, 15.25, 15.25], "texture": "#0"}, "south": {"uv": [15.25, 15.25, 15.25, 15.25], "texture": "#0"}, "west": {"uv": [15.25, 15.25, 15.25, 15.25], "texture": "#0"}, "up": {"uv": [15.25, 15.25, 15.25, 15.25], "texture": "#0"}, "down": {"uv": [15.25, 15.25, 15.25, 15.25], "texture": "#0"} } }, { "from": [-7.45, 3.875, -5.6], "to": [-1.625, 4.55, -5.05], "rotation": {"angle": 0, "axis": "y", "origin": [5.375, 11.875, 2.375]}, "faces": { "north": {"uv": [15.25, 15.25, 15.25, 15.25], "texture": "#0"}, "east": {"uv": [15.25, 15.25, 15.25, 15.25], "texture": "#0"}, "south": {"uv": [15.25, 15.25, 15.25, 15.25], "texture": "#0"}, "west": {"uv": [15.25, 15.25, 15.25, 15.25], "texture": "#0"}, "up": {"uv": [15.25, 15.25, 15.25, 15.25], "texture": "#0"}, "down": {"uv": [15.25, 15.25, 15.25, 15.25], "texture": "#0"} } }, { "from": [14.26722, 4.04065, -5.6], "to": [17.79222, 4.71565, -5.05], "rotation": {"angle": -22.5, "axis": "z", "origin": [17.29222, 4.37815, -5.125]}, "faces": { "north": {"uv": [15.25, 15.25, 15.25, 15.25], "texture": "#0"}, "east": {"uv": [15.25, 15.25, 15.25, 15.25], "texture": "#0"}, "south": {"uv": [15.25, 15.25, 15.25, 15.25], "texture": "#0"}, "west": {"uv": [15.25, 15.25, 15.25, 15.25], "texture": "#0"}, "up": {"uv": [15.25, 15.25, 15.25, 15.25], "texture": "#0"}, "down": {"uv": [15.25, 15.25, 15.25, 15.25], "texture": "#0"} } }, { "from": [-1.79222, 4.04065, -5.6], "to": [1.73278, 4.71565, -5.05], "rotation": {"angle": 22.5, "axis": "z", "origin": [-1.29222, 4.37815, -5.125]}, "faces": { "north": {"uv": [15.25, 15.25, 15.25, 15.25], "texture": "#0"}, "east": {"uv": [15.25, 15.25, 15.25, 15.25], "texture": "#0"}, "south": {"uv": [15.25, 15.25, 15.25, 15.25], "texture": "#0"}, "west": {"uv": [15.25, 15.25, 15.25, 15.25], "texture": "#0"}, "up": {"uv": [15.25, 15.25, 15.25, 15.25], "texture": "#0"}, "down": {"uv": [15.25, 15.25, 15.25, 15.25], "texture": "#0"} } }, { "from": [23.18832, 4.52379, -5.6], "to": [27.16332, 5.24879, -5.05], "rotation": {"angle": 22.5, "axis": "z", "origin": [24.95082, 4.86129, -5.125]}, "faces": { "north": {"uv": [15.25, 15.25, 15.25, 15.25], "texture": "#0"}, "east": {"uv": [15.25, 15.25, 15.25, 15.25], "texture": "#0"}, "south": {"uv": [15.25, 15.25, 15.25, 15.25], "texture": "#0"}, "west": {"uv": [15.25, 15.25, 15.25, 15.25], "texture": "#0"}, "up": {"uv": [15.25, 15.25, 15.25, 15.25], "texture": "#0"}, "down": {"uv": [15.25, 15.25, 15.25, 15.25], "texture": "#0"} } }, { "from": [-11.16332, 4.52379, -5.6], "to": [-7.18832, 5.24879, -5.05], "rotation": {"angle": -22.5, "axis": "z", "origin": [-8.95082, 4.86129, -5.125]}, "faces": { "north": {"uv": [15.25, 15.25, 15.25, 15.25], "texture": "#0"}, "east": {"uv": [15.25, 15.25, 15.25, 15.25], "texture": "#0"}, "south": {"uv": [15.25, 15.25, 15.25, 15.25], "texture": "#0"}, "west": {"uv": [15.25, 15.25, 15.25, 15.25], "texture": "#0"}, "up": {"uv": [15.25, 15.25, 15.25, 15.25], "texture": "#0"}, "down": {"uv": [15.25, 15.25, 15.25, 15.25], "texture": "#0"} } }, { "from": [26.36918, 6.54359, -5.6], "to": [28.41918, 7.31859, -5.05], "rotation": {"angle": 45, "axis": "z", "origin": [28.13168, 6.88109, -5.125]}, "faces": { "north": {"uv": [15.25, 15.25, 15.25, 15.25], "texture": "#0"}, "east": {"uv": [15.25, 15.25, 15.25, 15.25], "texture": "#0"}, "south": {"uv": [15.25, 15.25, 15.25, 15.25], "texture": "#0"}, "west": {"uv": [15.25, 15.25, 15.25, 15.25], "texture": "#0"}, "up": {"uv": [15.25, 15.25, 15.25, 15.25], "texture": "#0"}, "down": {"uv": [15.25, 15.25, 15.25, 15.25], "texture": "#0"} } }, { "from": [-12.41918, 6.54359, -5.6], "to": [-10.36918, 7.31859, -5.05], "rotation": {"angle": -45, "axis": "z", "origin": [-12.13168, 6.88109, -5.125]}, "faces": { "north": {"uv": [15.25, 15.25, 15.25, 15.25], "texture": "#0"}, "east": {"uv": [15.25, 15.25, 15.25, 15.25], "texture": "#0"}, "south": {"uv": [15.25, 15.25, 15.25, 15.25], "texture": "#0"}, "west": {"uv": [15.25, 15.25, 15.25, 15.25], "texture": "#0"}, "up": {"uv": [15.25, 15.25, 15.25, 15.25], "texture": "#0"}, "down": {"uv": [15.25, 15.25, 15.25, 15.25], "texture": "#0"} } }, { "from": [28.16657, 6.89687, -5.6], "to": [28.99157, 10.64687, -5.05], "rotation": {"angle": -22.5, "axis": "z", "origin": [28.65407, 7.92187, -5.125]}, "faces": { "north": {"uv": [15.25, 15.25, 15.25, 15.25], "rotation": 270, "texture": "#0"}, "east": {"uv": [15.25, 15.25, 15.25, 15.25], "rotation": 270, "texture": "#0"}, "south": {"uv": [15.25, 15.25, 15.25, 15.25], "rotation": 270, "texture": "#0"}, "west": {"uv": [15.25, 15.25, 15.25, 15.25], "rotation": 270, "texture": "#0"}, "up": {"uv": [15.25, 15.25, 15.25, 15.25], "rotation": 270, "texture": "#0"}, "down": {"uv": [15.25, 15.25, 15.25, 15.25], "rotation": 270, "texture": "#0"} } }, { "from": [-12.99157, 6.89687, -5.6], "to": [-12.16657, 10.64687, -5.05], "rotation": {"angle": 22.5, "axis": "z", "origin": [-12.65407, 7.92187, -5.125]}, "faces": { "north": {"uv": [15.25, 15.25, 15.25, 15.25], "rotation": 270, "texture": "#0"}, "east": {"uv": [15.25, 15.25, 15.25, 15.25], "rotation": 270, "texture": "#0"}, "south": {"uv": [15.25, 15.25, 15.25, 15.25], "rotation": 270, "texture": "#0"}, "west": {"uv": [15.25, 15.25, 15.25, 15.25], "rotation": 270, "texture": "#0"}, "up": {"uv": [15.25, 15.25, 15.25, 15.25], "rotation": 270, "texture": "#0"}, "down": {"uv": [15.25, 15.25, 15.25, 15.25], "rotation": 270, "texture": "#0"} } }, { "from": [-14.00869, 10.31028, -5.6], "to": [-13.13369, 13.93528, -5.05], "rotation": {"angle": 0, "axis": "y", "origin": [-13.67119, 10.36028, -5.125]}, "faces": { "north": {"uv": [15.25, 15.25, 15.25, 15.25], "rotation": 270, "texture": "#0"}, "east": {"uv": [15.25, 15.25, 15.25, 15.25], "rotation": 270, "texture": "#0"}, "south": {"uv": [15.25, 15.25, 15.25, 15.25], "rotation": 270, "texture": "#0"}, "west": {"uv": [15.25, 15.25, 15.25, 15.25], "rotation": 270, "texture": "#0"}, "up": {"uv": [15.25, 15.25, 15.25, 15.25], "rotation": 270, "texture": "#0"}, "down": {"uv": [15.25, 15.25, 15.25, 15.25], "rotation": 270, "texture": "#0"} } }, { "from": [29.13369, 10.31028, -5.6], "to": [30.00869, 13.93528, -5.05], "rotation": {"angle": 0, "axis": "y", "origin": [29.67119, 10.36028, -5.125]}, "faces": { "north": {"uv": [15.25, 15.25, 15.25, 15.25], "rotation": 270, "texture": "#0"}, "east": {"uv": [15.25, 15.25, 15.25, 15.25], "rotation": 270, "texture": "#0"}, "south": {"uv": [15.25, 15.25, 15.25, 15.25], "rotation": 270, "texture": "#0"}, "west": {"uv": [15.25, 15.25, 15.25, 15.25], "rotation": 270, "texture": "#0"}, "up": {"uv": [15.25, 15.25, 15.25, 15.25], "rotation": 270, "texture": "#0"}, "down": {"uv": [15.25, 15.25, 15.25, 15.25], "rotation": 270, "texture": "#0"} } }, { "from": [-13.27286, 13.54467, -5.625], "to": [-13.09786, 14.16967, -5.05], "rotation": {"angle": 0, "axis": "y", "origin": [-12.48536, 15.70717, -5.3375]}, "faces": { "north": {"uv": [15, 11.25, 15, 11.25], "rotation": 270, "texture": "#0"}, "east": {"uv": [15, 11.25, 15, 11.25], "rotation": 270, "texture": "#0"}, "south": {"uv": [15, 11.25, 15, 11.25], "rotation": 270, "texture": "#0"}, "west": {"uv": [15, 11.25, 15, 11.25], "rotation": 270, "texture": "#0"}, "up": {"uv": [15, 11.25, 15, 11.25], "rotation": 270, "texture": "#0"}, "down": {"uv": [15, 11.25, 15, 11.25], "rotation": 270, "texture": "#0"} } }, { "from": [29.09786, 13.54467, -5.625], "to": [29.27286, 14.16967, -5.05], "rotation": {"angle": 0, "axis": "y", "origin": [28.48536, 15.70717, -5.3375]}, "faces": { "north": {"uv": [15, 11.25, 15, 11.25], "rotation": 270, "texture": "#0"}, "east": {"uv": [15, 11.25, 15, 11.25], "rotation": 270, "texture": "#0"}, "south": {"uv": [15, 11.25, 15, 11.25], "rotation": 270, "texture": "#0"}, "west": {"uv": [15, 11.25, 15, 11.25], "rotation": 270, "texture": "#0"}, "up": {"uv": [15, 11.25, 15, 11.25], "rotation": 270, "texture": "#0"}, "down": {"uv": [15, 11.25, 15, 11.25], "rotation": 270, "texture": "#0"} } }, { "from": [-13.60869, 15.61028, -5.625], "to": [-12.43369, 18.11028, -5.05], "rotation": {"angle": -45, "axis": "z", "origin": [-12.97119, 15.66028, -5.125]}, "faces": { "north": {"uv": [15, 11.25, 15, 11.25], "rotation": 270, "texture": "#0"}, "east": {"uv": [15, 11.25, 15, 11.25], "rotation": 270, "texture": "#0"}, "south": {"uv": [15, 11.25, 15, 11.25], "rotation": 270, "texture": "#0"}, "west": {"uv": [15, 11.25, 15, 11.25], "rotation": 270, "texture": "#0"}, "up": {"uv": [15, 11.25, 15, 11.25], "rotation": 270, "texture": "#0"}, "down": {"uv": [15, 11.25, 15, 11.25], "rotation": 270, "texture": "#0"} } }, { "from": [28.43369, 15.61028, -5.625], "to": [29.60869, 18.11028, -5.05], "rotation": {"angle": 45, "axis": "z", "origin": [28.97119, 15.66028, -5.125]}, "faces": { "north": {"uv": [15, 11.25, 15, 11.25], "rotation": 270, "texture": "#0"}, "east": {"uv": [15, 11.25, 15, 11.25], "rotation": 270, "texture": "#0"}, "south": {"uv": [15, 11.25, 15, 11.25], "rotation": 270, "texture": "#0"}, "west": {"uv": [15, 11.25, 15, 11.25], "rotation": 270, "texture": "#0"}, "up": {"uv": [15, 11.25, 15, 11.25], "rotation": 270, "texture": "#0"}, "down": {"uv": [15, 11.25, 15, 11.25], "rotation": 270, "texture": "#0"} } }, { "from": [-13.40802, 16.58167, -5.625], "to": [-10.90802, 17.75667, -5.05], "rotation": {"angle": 0, "axis": "y", "origin": [-12.15802, 17.16917, -5.3375]}, "faces": { "north": {"uv": [15, 11.25, 15, 11.25], "rotation": 180, "texture": "#0"}, "east": {"uv": [15, 11.25, 15, 11.25], "texture": "#0"}, "south": {"uv": [15, 11.25, 15, 11.25], "texture": "#0"}, "west": {"uv": [15, 11.25, 15, 11.25], "texture": "#0"}, "up": {"uv": [15, 11.25, 15, 11.25], "texture": "#0"}, "down": {"uv": [15, 11.25, 15, 11.25], "texture": "#0"} } }, { "from": [26.90802, 16.58167, -5.625], "to": [29.40802, 17.75667, -5.05], "rotation": {"angle": 0, "axis": "y", "origin": [28.15802, 17.16917, -5.3375]}, "faces": { "north": {"uv": [15, 11.25, 15, 11.25], "rotation": 180, "texture": "#0"}, "east": {"uv": [15, 11.25, 15, 11.25], "texture": "#0"}, "south": {"uv": [15, 11.25, 15, 11.25], "texture": "#0"}, "west": {"uv": [15, 11.25, 15, 11.25], "texture": "#0"}, "up": {"uv": [15, 11.25, 15, 11.25], "texture": "#0"}, "down": {"uv": [15, 11.25, 15, 11.25], "texture": "#0"} } }, { "from": [-11.89619, 16.19778, -5.625], "to": [-9.12119, 17.07278, -5.05], "rotation": {"angle": 22.5, "axis": "z", "origin": [-11.84619, 16.73528, -5.125]}, "faces": { "north": {"uv": [15, 11.25, 15, 11.25], "rotation": 180, "texture": "#0"}, "east": {"uv": [15, 11.25, 15, 11.25], "rotation": 180, "texture": "#0"}, "south": {"uv": [15, 11.25, 15, 11.25], "rotation": 180, "texture": "#0"}, "west": {"uv": [15, 11.25, 15, 11.25], "rotation": 180, "texture": "#0"}, "up": {"uv": [15, 11.25, 15, 11.25], "rotation": 180, "texture": "#0"}, "down": {"uv": [15, 11.25, 15, 11.25], "rotation": 180, "texture": "#0"} } }, { "from": [25.12119, 16.19778, -5.625], "to": [27.89619, 17.07278, -5.05], "rotation": {"angle": -22.5, "axis": "z", "origin": [27.84619, 16.73528, -5.125]}, "faces": { "north": {"uv": [15, 11.25, 15, 11.25], "rotation": 180, "texture": "#0"}, "east": {"uv": [15, 11.25, 15, 11.25], "rotation": 180, "texture": "#0"}, "south": {"uv": [15, 11.25, 15, 11.25], "rotation": 180, "texture": "#0"}, "west": {"uv": [15, 11.25, 15, 11.25], "rotation": 180, "texture": "#0"}, "up": {"uv": [15, 11.25, 15, 11.25], "rotation": 180, "texture": "#0"}, "down": {"uv": [15, 11.25, 15, 11.25], "rotation": 180, "texture": "#0"} } }, { "from": [10.45987, 16.73501, -5.625], "to": [16.38487, 17.61001, -5.05], "rotation": {"angle": 22.5, "axis": "z", "origin": [14.94737, 17.17251, -5.125]}, "faces": { "north": {"uv": [15, 11.25, 15, 11.25], "rotation": 180, "texture": "#0"}, "east": {"uv": [15, 11.25, 15, 11.25], "rotation": 180, "texture": "#0"}, "south": {"uv": [15, 11.25, 15, 11.25], "rotation": 180, "texture": "#0"}, "west": {"uv": [15, 11.25, 15, 11.25], "rotation": 180, "texture": "#0"}, "up": {"uv": [15, 11.25, 15, 11.25], "rotation": 180, "texture": "#0"}, "down": {"uv": [15, 11.25, 15, 11.25], "rotation": 180, "texture": "#0"} } }, { "from": [-0.38487, 16.73501, -5.625], "to": [5.54013, 17.61001, -5.05], "rotation": {"angle": -22.5, "axis": "z", "origin": [1.05263, 17.17251, -5.125]}, "faces": { "north": {"uv": [15, 11.25, 15, 11.25], "rotation": 180, "texture": "#0"}, "east": {"uv": [15, 11.25, 15, 11.25], "rotation": 180, "texture": "#0"}, "south": {"uv": [15, 11.25, 15, 11.25], "rotation": 180, "texture": "#0"}, "west": {"uv": [15, 11.25, 15, 11.25], "rotation": 180, "texture": "#0"}, "up": {"uv": [15, 11.25, 15, 11.25], "rotation": 180, "texture": "#0"}, "down": {"uv": [15, 11.25, 15, 11.25], "rotation": 180, "texture": "#0"} } }, { "from": [10.73609, 13.01775, -5.625], "to": [11.81109, 13.89275, -5.05], "rotation": {"angle": 45, "axis": "z", "origin": [8.84859, 13.45525, -5.3375]}, "faces": { "north": {"uv": [15, 11.25, 15, 11.25], "rotation": 180, "texture": "#0"}, "east": {"uv": [15, 11.25, 15, 11.25], "rotation": 180, "texture": "#0"}, "south": {"uv": [15, 11.25, 15, 11.25], "rotation": 180, "texture": "#0"}, "west": {"uv": [15, 11.25, 15, 11.25], "rotation": 180, "texture": "#0"}, "up": {"uv": [15, 11.25, 15, 11.25], "rotation": 180, "texture": "#0"}, "down": {"uv": [15, 11.25, 15, 11.25], "rotation": 180, "texture": "#0"} } }, { "from": [4.18891, 13.01775, -5.625], "to": [5.26391, 13.89275, -5.05], "rotation": {"angle": -45, "axis": "z", "origin": [7.15141, 13.45525, -5.3375]}, "faces": { "north": {"uv": [15, 11.25, 15, 11.25], "rotation": 180, "texture": "#0"}, "east": {"uv": [15, 11.25, 15, 11.25], "rotation": 180, "texture": "#0"}, "south": {"uv": [15, 11.25, 15, 11.25], "rotation": 180, "texture": "#0"}, "west": {"uv": [15, 11.25, 15, 11.25], "rotation": 180, "texture": "#0"}, "up": {"uv": [15, 11.25, 15, 11.25], "rotation": 180, "texture": "#0"}, "down": {"uv": [15, 11.25, 15, 11.25], "rotation": 180, "texture": "#0"} } }, { "from": [9.6349, 14.24777, -5.625], "to": [10.5099, 14.97277, -5.05], "rotation": {"angle": -22.5, "axis": "z", "origin": [10.0724, 14.43527, -5.3375]}, "faces": { "north": {"uv": [15, 11.25, 15, 11.25], "rotation": 270, "texture": "#0"}, "east": {"uv": [15, 11.25, 15, 11.25], "rotation": 270, "texture": "#0"}, "south": {"uv": [15, 11.25, 15, 11.25], "rotation": 270, "texture": "#0"}, "west": {"uv": [15, 11.25, 15, 11.25], "rotation": 270, "texture": "#0"}, "up": {"uv": [15, 11.25, 15, 11.25], "rotation": 270, "texture": "#0"}, "down": {"uv": [15, 11.25, 15, 11.25], "rotation": 270, "texture": "#0"} } }, { "from": [5.4901, 14.24777, -5.625], "to": [6.3651, 14.97277, -5.05], "rotation": {"angle": 22.5, "axis": "z", "origin": [5.9276, 14.43527, -5.3375]}, "faces": { "north": {"uv": [15, 11.25, 15, 11.25], "rotation": 270, "texture": "#0"}, "east": {"uv": [15, 11.25, 15, 11.25], "rotation": 270, "texture": "#0"}, "south": {"uv": [15, 11.25, 15, 11.25], "rotation": 270, "texture": "#0"}, "west": {"uv": [15, 11.25, 15, 11.25], "rotation": 270, "texture": "#0"}, "up": {"uv": [15, 11.25, 15, 11.25], "rotation": 270, "texture": "#0"}, "down": {"uv": [15, 11.25, 15, 11.25], "rotation": 270, "texture": "#0"} } }, { "from": [16.10802, 17.27681, -5.625], "to": [29.80802, 18.12681, -5.05], "rotation": {"angle": 0, "axis": "y", "origin": [22.15802, 17.78931, -5.125]}, "faces": { "north": {"uv": [15, 11.25, 15, 11.25], "rotation": 180, "texture": "#0"}, "east": {"uv": [15, 11.25, 15, 11.25], "rotation": 180, "texture": "#0"}, "south": {"uv": [15, 11.25, 15, 11.25], "rotation": 180, "texture": "#0"}, "west": {"uv": [15, 11.25, 15, 11.25], "rotation": 180, "texture": "#0"}, "up": {"uv": [15, 11.25, 15, 11.25], "rotation": 180, "texture": "#0"}, "down": {"uv": [15, 11.25, 15, 11.25], "rotation": 180, "texture": "#0"} } }, { "from": [-13.80802, 17.27681, -5.625], "to": [-0.10802, 18.12681, -5.05], "rotation": {"angle": 0, "axis": "y", "origin": [-6.15802, 17.78931, -5.125]}, "faces": { "north": {"uv": [15, 11.25, 15, 11.25], "rotation": 180, "texture": "#0"}, "east": {"uv": [15, 11.25, 15, 11.25], "rotation": 180, "texture": "#0"}, "south": {"uv": [15, 11.25, 15, 11.25], "rotation": 180, "texture": "#0"}, "west": {"uv": [15, 11.25, 15, 11.25], "rotation": 180, "texture": "#0"}, "up": {"uv": [15, 11.25, 15, 11.25], "rotation": 180, "texture": "#0"}, "down": {"uv": [15, 11.25, 15, 11.25], "rotation": 180, "texture": "#0"} } }, { "from": [-15.47208, 14.37837, -5.625], "to": [-14.29708, 15.05337, -5.05], "rotation": {"angle": 0, "axis": "y", "origin": [-13.70958, 14.71587, -5.125]}, "faces": { "north": {"uv": [15, 11.25, 15, 11.25], "texture": "#0"}, "east": {"uv": [15, 11.25, 15, 11.25], "texture": "#0"}, "south": {"uv": [15, 11.25, 15, 11.25], "texture": "#0"}, "west": {"uv": [15, 11.25, 15, 11.25], "texture": "#0"}, "up": {"uv": [15, 11.25, 15, 11.25], "texture": "#0"}, "down": {"uv": [15, 11.25, 15, 11.25], "texture": "#0"} } }, { "from": [30.29708, 14.37837, -5.625], "to": [31.47208, 15.05337, -5.05], "rotation": {"angle": 0, "axis": "y", "origin": [29.70958, 14.71587, -5.125]}, "faces": { "north": {"uv": [15, 11.25, 15, 11.25], "texture": "#0"}, "east": {"uv": [15, 11.25, 15, 11.25], "texture": "#0"}, "south": {"uv": [15, 11.25, 15, 11.25], "texture": "#0"}, "west": {"uv": [15, 11.25, 15, 11.25], "texture": "#0"}, "up": {"uv": [15, 11.25, 15, 11.25], "texture": "#0"}, "down": {"uv": [15, 11.25, 15, 11.25], "texture": "#0"} } }, { "from": [-15.47208, 13.75337, -5.625], "to": [-13.09708, 17.32837, -5.05], "rotation": {"angle": -22.5, "axis": "z", "origin": [-13.70958, 14.09087, -5.125]}, "faces": { "north": {"uv": [15, 11.25, 15, 11.25], "texture": "#0"}, "east": {"uv": [15, 11.25, 15, 11.25], "texture": "#0"}, "south": {"uv": [15, 11.25, 15, 11.25], "texture": "#0"}, "west": {"uv": [15, 11.25, 15, 11.25], "texture": "#0"}, "up": {"uv": [15, 11.25, 15, 11.25], "texture": "#0"}, "down": {"uv": [15, 11.25, 15, 11.25], "texture": "#0"} } }, { "from": [29.09708, 13.75337, -5.625], "to": [31.47208, 17.32837, -5.05], "rotation": {"angle": 22.5, "axis": "z", "origin": [29.70958, 14.09087, -5.125]}, "faces": { "north": {"uv": [15, 11.25, 15, 11.25], "texture": "#0"}, "east": {"uv": [15, 11.25, 15, 11.25], "texture": "#0"}, "south": {"uv": [15, 11.25, 15, 11.25], "texture": "#0"}, "west": {"uv": [15, 11.25, 15, 11.25], "texture": "#0"}, "up": {"uv": [15, 11.25, 15, 11.25], "texture": "#0"}, "down": {"uv": [15, 11.25, 15, 11.25], "texture": "#0"} } }, { "from": [-15.7226, 14.4628, -5.625], "to": [-15.0476, 15.7878, -5.05], "rotation": {"angle": 22.5, "axis": "z", "origin": [-15.3851, 15.0503, -5.125]}, "faces": { "north": {"uv": [15, 11.25, 15, 11.25], "rotation": 270, "texture": "#0"}, "east": {"uv": [15, 11.25, 15, 11.25], "rotation": 270, "texture": "#0"}, "south": {"uv": [15, 11.25, 15, 11.25], "rotation": 270, "texture": "#0"}, "west": {"uv": [15, 11.25, 15, 11.25], "rotation": 270, "texture": "#0"}, "up": {"uv": [15, 11.25, 15, 11.25], "rotation": 270, "texture": "#0"}, "down": {"uv": [15, 11.25, 15, 11.25], "rotation": 270, "texture": "#0"} } }, { "from": [31.0476, 14.4628, -5.625], "to": [31.7226, 15.7878, -5.05], "rotation": {"angle": -22.5, "axis": "z", "origin": [31.3851, 15.0503, -5.125]}, "faces": { "north": {"uv": [15, 11.25, 15, 11.25], "rotation": 270, "texture": "#0"}, "east": {"uv": [15, 11.25, 15, 11.25], "rotation": 270, "texture": "#0"}, "south": {"uv": [15, 11.25, 15, 11.25], "rotation": 270, "texture": "#0"}, "west": {"uv": [15, 11.25, 15, 11.25], "rotation": 270, "texture": "#0"}, "up": {"uv": [15, 11.25, 15, 11.25], "rotation": 270, "texture": "#0"}, "down": {"uv": [15, 11.25, 15, 11.25], "rotation": 270, "texture": "#0"} } }, { "from": [-15.8947, 14.37803, -5.625], "to": [-13.5447, 17.47803, -5.05], "rotation": {"angle": 22.5, "axis": "z", "origin": [-15.3072, 17.14053, -5.125]}, "faces": { "north": {"uv": [15, 11.25, 15, 11.25], "texture": "#0"}, "east": {"uv": [15, 11.25, 15, 11.25], "texture": "#0"}, "south": {"uv": [15, 11.25, 15, 11.25], "texture": "#0"}, "west": {"uv": [15, 11.25, 15, 11.25], "texture": "#0"}, "up": {"uv": [15, 11.25, 15, 11.25], "texture": "#0"}, "down": {"uv": [15, 11.25, 15, 11.25], "texture": "#0"} } }, { "from": [29.5447, 14.37803, -5.625], "to": [31.8947, 17.47803, -5.05], "rotation": {"angle": -22.5, "axis": "z", "origin": [31.3072, 17.14053, -5.125]}, "faces": { "north": {"uv": [15, 11.25, 15, 11.25], "texture": "#0"}, "east": {"uv": [15, 11.25, 15, 11.25], "texture": "#0"}, "south": {"uv": [15, 11.25, 15, 11.25], "texture": "#0"}, "west": {"uv": [15, 11.25, 15, 11.25], "texture": "#0"}, "up": {"uv": [15, 11.25, 15, 11.25], "texture": "#0"}, "down": {"uv": [15, 11.25, 15, 11.25], "texture": "#0"} } }, { "from": [-15.95414, 15.60251, -5.05], "to": [-15.40414, 17.22751, 13.725], "rotation": {"angle": 0, "axis": "y", "origin": [-15.69164, 16.41501, -5.0375]}, "faces": { "north": {"uv": [15.25, 15.5, 15.25, 15.5], "texture": "#0"}, "east": {"uv": [15.25, 15.5, 15.25, 15.5], "texture": "#0"}, "south": {"uv": [15.25, 15.5, 15.25, 15.5], "texture": "#0"}, "west": {"uv": [15.25, 15.5, 15.25, 15.5], "texture": "#0"}, "up": {"uv": [15.25, 15.5, 15.25, 15.5], "texture": "#0"}, "down": {"uv": [15.25, 15.5, 15.25, 15.5], "texture": "#0"} } }, { "from": [31.40414, 15.60251, -5.05], "to": [31.92914, 17.22751, 13.725], "rotation": {"angle": 0, "axis": "y", "origin": [31.69164, 16.41501, -5.0375]}, "faces": { "north": {"uv": [15.25, 15.5, 15.25, 15.5], "texture": "#0"}, "east": {"uv": [15.25, 15.5, 15.25, 15.5], "texture": "#0"}, "south": {"uv": [15.25, 15.5, 15.25, 15.5], "texture": "#0"}, "west": {"uv": [15.25, 15.5, 15.25, 15.5], "texture": "#0"}, "up": {"uv": [15.25, 15.5, 15.25, 15.5], "texture": "#0"}, "down": {"uv": [15.25, 15.5, 15.25, 15.5], "texture": "#0"} } }, { "from": [-15.97914, 15.16425, 13.31459], "to": [-15.40414, 16.78925, 17.83959], "rotation": {"angle": 22.5, "axis": "x", "origin": [-15.69164, 15.97675, 14.62144]}, "faces": { "north": {"uv": [15, 11.25, 15, 11.25], "texture": "#0"}, "east": {"uv": [15, 11.25, 15, 11.25], "texture": "#0"}, "south": {"uv": [15, 11.25, 15, 11.25], "texture": "#0"}, "west": {"uv": [15, 11.25, 15, 11.25], "texture": "#0"}, "up": {"uv": [15, 11.25, 15, 11.25], "texture": "#0"}, "down": {"uv": [15, 11.25, 15, 11.25], "texture": "#0"} } }, { "from": [31.40414, 15.16425, 13.31459], "to": [31.97914, 16.78925, 17.83959], "rotation": {"angle": 22.5, "axis": "x", "origin": [31.69164, 15.97675, 14.62144]}, "faces": { "north": {"uv": [15, 11.25, 15, 11.25], "texture": "#0"}, "east": {"uv": [15, 11.25, 15, 11.25], "texture": "#0"}, "south": {"uv": [15, 11.25, 15, 11.25], "texture": "#0"}, "west": {"uv": [15, 11.25, 15, 11.25], "texture": "#0"}, "up": {"uv": [15, 11.25, 15, 11.25], "texture": "#0"}, "down": {"uv": [15, 11.25, 15, 11.25], "texture": "#0"} } }, { "from": [-15.97914, 13.18476, 16.94826], "to": [-15.40414, 14.80976, 22.39826], "rotation": {"angle": 45, "axis": "x", "origin": [-15.69164, 13.99726, 18.25511]}, "faces": { "north": {"uv": [15, 11.25, 15, 11.25], "texture": "#0"}, "east": {"uv": [15, 11.25, 15, 11.25], "texture": "#0"}, "south": {"uv": [15, 11.25, 15, 11.25], "texture": "#0"}, "west": {"uv": [15, 11.25, 15, 11.25], "texture": "#0"}, "up": {"uv": [15, 11.25, 15, 11.25], "texture": "#0"}, "down": {"uv": [15, 11.25, 15, 11.25], "texture": "#0"} } }, { "from": [31.40414, 13.18476, 16.94826], "to": [31.97914, 14.80976, 22.39826], "rotation": {"angle": 45, "axis": "x", "origin": [31.69164, 13.99726, 18.25511]}, "faces": { "north": {"uv": [15, 11.25, 15, 11.25], "texture": "#0"}, "east": {"uv": [15, 11.25, 15, 11.25], "texture": "#0"}, "south": {"uv": [15, 11.25, 15, 11.25], "texture": "#0"}, "west": {"uv": [15, 11.25, 15, 11.25], "texture": "#0"}, "up": {"uv": [15, 11.25, 15, 11.25], "texture": "#0"}, "down": {"uv": [15, 11.25, 15, 11.25], "texture": "#0"} } }, { "from": [-15.97914, 15.60251, -5.625], "to": [-14.80414, 17.22751, -5.05], "rotation": {"angle": 0, "axis": "y", "origin": [-15.39164, 16.89001, -5.125]}, "faces": { "north": {"uv": [15, 11.25, 15, 11.25], "texture": "#0"}, "east": {"uv": [15, 11.25, 15, 11.25], "texture": "#0"}, "south": {"uv": [15, 11.25, 15, 11.25], "texture": "#0"}, "west": {"uv": [15, 11.25, 15, 11.25], "texture": "#0"}, "up": {"uv": [15, 11.25, 15, 11.25], "texture": "#0"}, "down": {"uv": [15, 11.25, 15, 11.25], "texture": "#0"} } }, { "from": [30.80414, 15.60251, -5.625], "to": [31.97914, 17.22751, -5.05], "rotation": {"angle": 0, "axis": "y", "origin": [31.39164, 16.89001, -5.125]}, "faces": { "north": {"uv": [15, 11.25, 15, 11.25], "texture": "#0"}, "east": {"uv": [15, 11.25, 15, 11.25], "texture": "#0"}, "south": {"uv": [15, 11.25, 15, 11.25], "texture": "#0"}, "west": {"uv": [15, 11.25, 15, 11.25], "texture": "#0"}, "up": {"uv": [15, 11.25, 15, 11.25], "texture": "#0"}, "down": {"uv": [15, 11.25, 15, 11.25], "texture": "#0"} } }, { "from": [10.9232, 6.37138, -5.6], "to": [15.1232, 7.04638, -5.05], "rotation": {"angle": -45, "axis": "z", "origin": [13.3607, 6.70888, -5.125]}, "faces": { "north": {"uv": [15.25, 15.25, 15.25, 15.25], "texture": "#0"}, "east": {"uv": [15.25, 15.25, 15.25, 15.25], "texture": "#0"}, "south": {"uv": [15.25, 15.25, 15.25, 15.25], "texture": "#0"}, "west": {"uv": [15.25, 15.25, 15.25, 15.25], "texture": "#0"}, "up": {"uv": [15.25, 15.25, 15.25, 15.25], "texture": "#0"}, "down": {"uv": [15.25, 15.25, 15.25, 15.25], "texture": "#0"} } }, { "from": [0.8768, 6.37138, -5.6], "to": [5.0768, 7.04638, -5.05], "rotation": {"angle": 45, "axis": "z", "origin": [2.6393, 6.70888, -5.125]}, "faces": { "north": {"uv": [15.25, 15.25, 15.25, 15.25], "texture": "#0"}, "east": {"uv": [15.25, 15.25, 15.25, 15.25], "texture": "#0"}, "south": {"uv": [15.25, 15.25, 15.25, 15.25], "texture": "#0"}, "west": {"uv": [15.25, 15.25, 15.25, 15.25], "texture": "#0"}, "up": {"uv": [15.25, 15.25, 15.25, 15.25], "texture": "#0"}, "down": {"uv": [15.25, 15.25, 15.25, 15.25], "texture": "#0"} } }, { "from": [10.69831, 8.1888, -5.6], "to": [11.77331, 11.5638, -5.05], "rotation": {"angle": 22.5, "axis": "z", "origin": [11.03581, 9.9513, -5.125]}, "faces": { "north": {"uv": [15.25, 15.25, 15.25, 15.25], "rotation": 90, "texture": "#0"}, "east": {"uv": [15.25, 15.25, 15.25, 15.25], "rotation": 90, "texture": "#0"}, "south": {"uv": [15.25, 15.25, 15.25, 15.25], "rotation": 90, "texture": "#0"}, "west": {"uv": [15.25, 15.25, 15.25, 15.25], "rotation": 90, "texture": "#0"}, "up": {"uv": [15.25, 15.25, 15.25, 15.25], "rotation": 90, "texture": "#0"}, "down": {"uv": [15.25, 15.25, 15.25, 15.25], "rotation": 90, "texture": "#0"} } }, { "from": [4.22669, 8.1888, -5.6], "to": [5.30169, 11.5638, -5.05], "rotation": {"angle": -22.5, "axis": "z", "origin": [4.96419, 9.9513, -5.125]}, "faces": { "north": {"uv": [15.25, 15.25, 15.25, 15.25], "rotation": 90, "texture": "#0"}, "east": {"uv": [15.25, 15.25, 15.25, 15.25], "rotation": 90, "texture": "#0"}, "south": {"uv": [15.25, 15.25, 15.25, 15.25], "rotation": 90, "texture": "#0"}, "west": {"uv": [15.25, 15.25, 15.25, 15.25], "rotation": 90, "texture": "#0"}, "up": {"uv": [15.25, 15.25, 15.25, 15.25], "rotation": 90, "texture": "#0"}, "down": {"uv": [15.25, 15.25, 15.25, 15.25], "rotation": 90, "texture": "#0"} } }, { "from": [10.69831, 11.5638, -5.625], "to": [11.77331, 12.9138, -5.05], "rotation": {"angle": 22.5, "axis": "z", "origin": [11.03581, 9.9513, -5.125]}, "faces": { "north": {"uv": [15.25, 11.125, 15.25, 11.125], "rotation": 90, "texture": "#0"}, "east": {"uv": [15.25, 11.125, 15.25, 11.125], "rotation": 90, "texture": "#0"}, "south": {"uv": [15.25, 11.125, 15.25, 11.125], "rotation": 90, "texture": "#0"}, "west": {"uv": [15.25, 11.125, 15.25, 11.125], "rotation": 90, "texture": "#0"}, "up": {"uv": [15.25, 11.125, 15.25, 11.125], "rotation": 90, "texture": "#0"}, "down": {"uv": [15.25, 11.125, 15.25, 11.125], "rotation": 90, "texture": "#0"} } }, { "from": [4.22669, 11.5638, -5.625], "to": [5.30169, 12.9138, -5.05], "rotation": {"angle": -22.5, "axis": "z", "origin": [4.96419, 9.9513, -5.125]}, "faces": { "north": {"uv": [15.25, 11.125, 15.25, 11.125], "rotation": 90, "texture": "#0"}, "east": {"uv": [15.25, 11.125, 15.25, 11.125], "rotation": 90, "texture": "#0"}, "south": {"uv": [15.25, 11.125, 15.25, 11.125], "rotation": 90, "texture": "#0"}, "west": {"uv": [15.25, 11.125, 15.25, 11.125], "rotation": 90, "texture": "#0"}, "up": {"uv": [15.25, 11.125, 15.25, 11.125], "rotation": 90, "texture": "#0"}, "down": {"uv": [15.25, 11.125, 15.25, 11.125], "rotation": 90, "texture": "#0"} } }, { "from": [10.15361, 11.33744, -5.625], "to": [11.22861, 13.96244, -5.05], "rotation": {"angle": 0, "axis": "y", "origin": [10.69111, 13.87494, -5.125]}, "faces": { "north": {"uv": [15, 11.25, 15, 11.25], "rotation": 90, "texture": "#0"}, "east": {"uv": [15, 11.25, 15, 11.25], "rotation": 90, "texture": "#0"}, "south": {"uv": [15, 11.25, 15, 11.25], "rotation": 90, "texture": "#0"}, "west": {"uv": [15, 11.25, 15, 11.25], "rotation": 90, "texture": "#0"}, "up": {"uv": [15, 11.25, 15, 11.25], "rotation": 90, "texture": "#0"}, "down": {"uv": [15, 11.25, 15, 11.25], "rotation": 90, "texture": "#0"} } }, { "from": [4.77139, 11.33744, -5.625], "to": [5.84639, 13.96244, -5.05], "rotation": {"angle": 0, "axis": "y", "origin": [5.30889, 13.87494, -5.125]}, "faces": { "north": {"uv": [15, 11.25, 15, 11.25], "rotation": 90, "texture": "#0"}, "east": {"uv": [15, 11.25, 15, 11.25], "rotation": 90, "texture": "#0"}, "south": {"uv": [15, 11.25, 15, 11.25], "rotation": 90, "texture": "#0"}, "west": {"uv": [15, 11.25, 15, 11.25], "rotation": 90, "texture": "#0"}, "up": {"uv": [15, 11.25, 15, 11.25], "rotation": 90, "texture": "#0"}, "down": {"uv": [15, 11.25, 15, 11.25], "rotation": 90, "texture": "#0"} } }, { "from": [9.5903, 12.55914, -5.625], "to": [10.6653, 14.43414, -5.05], "rotation": {"angle": 0, "axis": "y", "origin": [10.1278, 15.09664, -5.125]}, "faces": { "north": {"uv": [15, 11.25, 15, 11.25], "rotation": 90, "texture": "#0"}, "east": {"uv": [15, 11.25, 15, 11.25], "rotation": 90, "texture": "#0"}, "south": {"uv": [15, 11.25, 15, 11.25], "rotation": 90, "texture": "#0"}, "west": {"uv": [15, 11.25, 15, 11.25], "rotation": 90, "texture": "#0"}, "up": {"uv": [15, 11.25, 15, 11.25], "rotation": 90, "texture": "#0"}, "down": {"uv": [15, 11.25, 15, 11.25], "rotation": 90, "texture": "#0"} } }, { "from": [5.3347, 12.55914, -5.625], "to": [6.4097, 14.43414, -5.05], "rotation": {"angle": 0, "axis": "y", "origin": [5.8722, 15.09664, -5.125]}, "faces": { "north": {"uv": [15, 11.25, 15, 11.25], "rotation": 90, "texture": "#0"}, "east": {"uv": [15, 11.25, 15, 11.25], "rotation": 90, "texture": "#0"}, "south": {"uv": [15, 11.25, 15, 11.25], "rotation": 90, "texture": "#0"}, "west": {"uv": [15, 11.25, 15, 11.25], "rotation": 90, "texture": "#0"}, "up": {"uv": [15, 11.25, 15, 11.25], "rotation": 90, "texture": "#0"}, "down": {"uv": [15, 11.25, 15, 11.25], "rotation": 90, "texture": "#0"} } }, { "from": [9.34123, 13.88414, -5.80881], "to": [10.69123, 15.05914, -5.23381], "rotation": {"angle": -22.5, "axis": "y", "origin": [10.15373, 14.37164, -5.52131]}, "faces": { "north": {"uv": [15, 14.75, 15, 14.75], "rotation": 90, "texture": "#0"}, "east": {"uv": [15, 14.75, 15, 14.75], "rotation": 90, "texture": "#0"}, "south": {"uv": [15, 14.75, 15, 14.75], "rotation": 90, "texture": "#0"}, "west": {"uv": [15, 14.75, 15, 14.75], "rotation": 90, "texture": "#0"}, "up": {"uv": [15, 14.75, 15, 14.75], "rotation": 90, "texture": "#0"}, "down": {"uv": [15, 14.75, 15, 14.75], "rotation": 90, "texture": "#0"} } }, { "from": [9.2131, 13.88414, -6.09785], "to": [9.5131, 15.05914, -5.52285], "rotation": {"angle": 0, "axis": "y", "origin": [8.9756, 14.37164, -5.81035]}, "faces": { "north": {"uv": [15, 14.75, 15, 14.75], "rotation": 90, "texture": "#0"}, "east": {"uv": [15, 14.75, 15, 14.75], "rotation": 90, "texture": "#0"}, "south": {"uv": [15, 14.75, 15, 14.75], "rotation": 90, "texture": "#0"}, "west": {"uv": [15, 14.75, 15, 14.75], "rotation": 90, "texture": "#0"}, "up": {"uv": [15, 14.75, 15, 14.75], "rotation": 90, "texture": "#0"}, "down": {"uv": [15, 14.75, 15, 14.75], "rotation": 90, "texture": "#0"} } }, { "from": [6.7381, 14.68414, -6.09785], "to": [9.2131, 15.05914, -5.52285], "rotation": {"angle": 0, "axis": "y", "origin": [8.2631, 15.15914, -5.81035]}, "faces": { "north": {"uv": [15, 14.75, 15, 14.75], "rotation": 180, "texture": "#0"}, "east": {"uv": [15, 14.75, 15, 14.75], "rotation": 180, "texture": "#0"}, "south": {"uv": [15, 14.75, 15, 14.75], "rotation": 180, "texture": "#0"}, "west": {"uv": [15, 14.75, 15, 14.75], "rotation": 180, "texture": "#0"}, "up": {"uv": [15, 14.75, 15, 14.75], "rotation": 180, "texture": "#0"}, "down": {"uv": [15, 14.75, 15, 14.75], "rotation": 180, "texture": "#0"} } }, { "from": [6.4869, 13.88414, -6.09785], "to": [6.7869, 15.05914, -5.52285], "rotation": {"angle": 0, "axis": "y", "origin": [7.0244, 14.37164, -5.81035]}, "faces": { "north": {"uv": [15, 14.75, 15, 14.75], "rotation": 90, "texture": "#0"}, "east": {"uv": [15, 14.75, 15, 14.75], "rotation": 90, "texture": "#0"}, "south": {"uv": [15, 14.75, 15, 14.75], "rotation": 90, "texture": "#0"}, "west": {"uv": [15, 14.75, 15, 14.75], "rotation": 90, "texture": "#0"}, "up": {"uv": [15, 14.75, 15, 14.75], "rotation": 90, "texture": "#0"}, "down": {"uv": [15, 14.75, 15, 14.75], "rotation": 90, "texture": "#0"} } }, { "from": [6.72314, 13.89682, -6.09785], "to": [7.02314, 14.39682, -5.52285], "rotation": {"angle": -22.5, "axis": "z", "origin": [6.87314, 14.48432, -5.81035]}, "faces": { "north": {"uv": [15, 14.75, 15, 14.75], "rotation": 90, "texture": "#0"}, "east": {"uv": [15, 14.75, 15, 14.75], "rotation": 90, "texture": "#0"}, "south": {"uv": [15, 14.75, 15, 14.75], "rotation": 90, "texture": "#0"}, "west": {"uv": [15, 14.75, 15, 14.75], "rotation": 90, "texture": "#0"}, "up": {"uv": [15, 14.75, 15, 14.75], "rotation": 90, "texture": "#0"}, "down": {"uv": [15, 14.75, 15, 14.75], "rotation": 90, "texture": "#0"} } }, { "from": [8.97686, 13.89682, -6.09785], "to": [9.27686, 14.39682, -5.52285], "rotation": {"angle": 22.5, "axis": "z", "origin": [9.12686, 14.48432, -5.81035]}, "faces": { "north": {"uv": [15, 14.75, 15, 14.75], "rotation": 90, "texture": "#0"}, "east": {"uv": [15, 14.75, 15, 14.75], "rotation": 90, "texture": "#0"}, "south": {"uv": [15, 14.75, 15, 14.75], "rotation": 90, "texture": "#0"}, "west": {"uv": [15, 14.75, 15, 14.75], "rotation": 90, "texture": "#0"}, "up": {"uv": [15, 14.75, 15, 14.75], "rotation": 90, "texture": "#0"}, "down": {"uv": [15, 14.75, 15, 14.75], "rotation": 90, "texture": "#0"} } }, { "from": [6.77395, 14.25392, -6.09785], "to": [7.19895, 14.85392, -5.52285], "rotation": {"angle": -45, "axis": "z", "origin": [7.04895, 14.62892, -5.81035]}, "faces": { "north": {"uv": [15, 14.75, 15, 14.75], "rotation": 90, "texture": "#0"}, "east": {"uv": [15, 14.75, 15, 14.75], "rotation": 90, "texture": "#0"}, "south": {"uv": [15, 14.75, 15, 14.75], "rotation": 90, "texture": "#0"}, "west": {"uv": [15, 14.75, 15, 14.75], "rotation": 90, "texture": "#0"}, "up": {"uv": [15, 14.75, 15, 14.75], "rotation": 90, "texture": "#0"}, "down": {"uv": [15, 14.75, 15, 14.75], "rotation": 90, "texture": "#0"} } }, { "from": [8.80105, 14.25392, -6.09785], "to": [9.22605, 14.85392, -5.52285], "rotation": {"angle": 45, "axis": "z", "origin": [8.95105, 14.62892, -5.81035]}, "faces": { "north": {"uv": [15, 14.75, 15, 14.75], "rotation": 90, "texture": "#0"}, "east": {"uv": [15, 14.75, 15, 14.75], "rotation": 90, "texture": "#0"}, "south": {"uv": [15, 14.75, 15, 14.75], "rotation": 90, "texture": "#0"}, "west": {"uv": [15, 14.75, 15, 14.75], "rotation": 90, "texture": "#0"}, "up": {"uv": [15, 14.75, 15, 14.75], "rotation": 90, "texture": "#0"}, "down": {"uv": [15, 14.75, 15, 14.75], "rotation": 90, "texture": "#0"} } }, { "from": [7.18846, 14.69404, -6.09785], "to": [7.58846, 14.89404, -5.52285], "rotation": {"angle": 22.5, "axis": "z", "origin": [7.38846, 14.84404, -5.81035]}, "faces": { "north": {"uv": [15, 14.75, 15, 14.75], "texture": "#0"}, "east": {"uv": [15, 14.75, 15, 14.75], "texture": "#0"}, "south": {"uv": [15, 14.75, 15, 14.75], "texture": "#0"}, "west": {"uv": [15, 14.75, 15, 14.75], "texture": "#0"}, "up": {"uv": [15, 14.75, 15, 14.75], "texture": "#0"}, "down": {"uv": [15, 14.75, 15, 14.75], "texture": "#0"} } }, { "from": [8.41154, 14.69404, -6.09785], "to": [8.81154, 14.89404, -5.52285], "rotation": {"angle": -22.5, "axis": "z", "origin": [8.61154, 14.84404, -5.81035]}, "faces": { "north": {"uv": [15, 14.75, 15, 14.75], "texture": "#0"}, "east": {"uv": [15, 14.75, 15, 14.75], "texture": "#0"}, "south": {"uv": [15, 14.75, 15, 14.75], "texture": "#0"}, "west": {"uv": [15, 14.75, 15, 14.75], "texture": "#0"}, "up": {"uv": [15, 14.75, 15, 14.75], "texture": "#0"}, "down": {"uv": [15, 14.75, 15, 14.75], "texture": "#0"} } }, { "from": [5.30877, 13.88414, -5.80881], "to": [6.65877, 15.05914, -5.23381], "rotation": {"angle": 22.5, "axis": "y", "origin": [5.84627, 14.37164, -5.52131]}, "faces": { "north": {"uv": [15, 14.75, 15, 14.75], "rotation": 90, "texture": "#0"}, "east": {"uv": [15, 14.75, 15, 14.75], "rotation": 90, "texture": "#0"}, "south": {"uv": [15, 14.75, 15, 14.75], "rotation": 90, "texture": "#0"}, "west": {"uv": [15, 14.75, 15, 14.75], "rotation": 90, "texture": "#0"}, "up": {"uv": [15, 14.75, 15, 14.75], "rotation": 90, "texture": "#0"}, "down": {"uv": [15, 14.75, 15, 14.75], "rotation": 90, "texture": "#0"} } }, { "from": [11.25361, 13.08744, -5.625], "to": [12.32861, 15.61244, -5.05], "rotation": {"angle": -22.5, "axis": "z", "origin": [11.79111, 16.37494, -5.125]}, "faces": { "north": {"uv": [15, 11.25, 15, 11.25], "rotation": 90, "texture": "#0"}, "east": {"uv": [15, 11.25, 15, 11.25], "rotation": 90, "texture": "#0"}, "south": {"uv": [15, 11.25, 15, 11.25], "rotation": 90, "texture": "#0"}, "west": {"uv": [15, 11.25, 15, 11.25], "rotation": 90, "texture": "#0"}, "up": {"uv": [15, 11.25, 15, 11.25], "rotation": 90, "texture": "#0"}, "down": {"uv": [15, 11.25, 15, 11.25], "rotation": 90, "texture": "#0"} } }, { "from": [3.67139, 13.08744, -5.625], "to": [4.74639, 15.61244, -5.05], "rotation": {"angle": 22.5, "axis": "z", "origin": [4.20889, 16.37494, -5.125]}, "faces": { "north": {"uv": [15, 11.25, 15, 11.25], "rotation": 90, "texture": "#0"}, "east": {"uv": [15, 11.25, 15, 11.25], "rotation": 90, "texture": "#0"}, "south": {"uv": [15, 11.25, 15, 11.25], "rotation": 90, "texture": "#0"}, "west": {"uv": [15, 11.25, 15, 11.25], "rotation": 90, "texture": "#0"}, "up": {"uv": [15, 11.25, 15, 11.25], "rotation": 90, "texture": "#0"}, "down": {"uv": [15, 11.25, 15, 11.25], "rotation": 90, "texture": "#0"} } }, { "from": [12.47861, 13.08744, -5.625], "to": [13.20361, 16.36244, -5.05], "rotation": {"angle": -45, "axis": "z", "origin": [12.66611, 16.37494, -5.125]}, "faces": { "north": {"uv": [15, 11.25, 15, 11.25], "rotation": 90, "texture": "#0"}, "east": {"uv": [15, 11.25, 15, 11.25], "rotation": 90, "texture": "#0"}, "south": {"uv": [15, 11.25, 15, 11.25], "rotation": 90, "texture": "#0"}, "west": {"uv": [15, 11.25, 15, 11.25], "rotation": 90, "texture": "#0"}, "up": {"uv": [15, 11.25, 15, 11.25], "rotation": 90, "texture": "#0"}, "down": {"uv": [15, 11.25, 15, 11.25], "rotation": 90, "texture": "#0"} } }, { "from": [2.79639, 13.08744, -5.625], "to": [3.52139, 16.36244, -5.05], "rotation": {"angle": 45, "axis": "z", "origin": [3.33389, 16.37494, -5.125]}, "faces": { "north": {"uv": [15, 11.25, 15, 11.25], "rotation": 90, "texture": "#0"}, "east": {"uv": [15, 11.25, 15, 11.25], "rotation": 90, "texture": "#0"}, "south": {"uv": [15, 11.25, 15, 11.25], "rotation": 90, "texture": "#0"}, "west": {"uv": [15, 11.25, 15, 11.25], "rotation": 90, "texture": "#0"}, "up": {"uv": [15, 11.25, 15, 11.25], "rotation": 90, "texture": "#0"}, "down": {"uv": [15, 11.25, 15, 11.25], "rotation": 90, "texture": "#0"} } }, { "from": [11.22331, 7.0888, -5.6], "to": [11.77331, 8.1888, -5.05], "rotation": {"angle": 22.5, "axis": "z", "origin": [11.03581, 9.9513, -5.125]}, "faces": { "north": {"uv": [15.25, 15.25, 15.25, 15.25], "rotation": 90, "texture": "#0"}, "east": {"uv": [15.25, 15.25, 15.25, 15.25], "rotation": 90, "texture": "#0"}, "south": {"uv": [15.25, 15.25, 15.25, 15.25], "rotation": 90, "texture": "#0"}, "west": {"uv": [15.25, 15.25, 15.25, 15.25], "rotation": 90, "texture": "#0"}, "up": {"uv": [15.25, 15.25, 15.25, 15.25], "rotation": 90, "texture": "#0"}, "down": {"uv": [15.25, 15.25, 15.25, 15.25], "rotation": 90, "texture": "#0"} } }, { "from": [4.22669, 7.0888, -5.6], "to": [4.77669, 8.1888, -5.05], "rotation": {"angle": -22.5, "axis": "z", "origin": [4.96419, 9.9513, -5.125]}, "faces": { "north": {"uv": [15.25, 15.25, 15.25, 15.25], "rotation": 90, "texture": "#0"}, "east": {"uv": [15.25, 15.25, 15.25, 15.25], "rotation": 90, "texture": "#0"}, "south": {"uv": [15.25, 15.25, 15.25, 15.25], "rotation": 90, "texture": "#0"}, "west": {"uv": [15.25, 15.25, 15.25, 15.25], "rotation": 90, "texture": "#0"}, "up": {"uv": [15.25, 15.25, 15.25, 15.25], "rotation": 90, "texture": "#0"}, "down": {"uv": [15.25, 15.25, 15.25, 15.25], "rotation": 90, "texture": "#0"} } }, { "from": [-14.775, 15.425, -5.75], "to": [-14.175, 16.3, -5.2], "rotation": {"angle": 0, "axis": "y", "origin": [-6.825, 23.3, 2.65]}, "faces": { "north": {"uv": [14.75, 15, 15.25, 15.5], "texture": "#0"}, "east": {"uv": [14.75, 15, 15.25, 15.5], "texture": "#0"}, "south": {"uv": [14.75, 15, 15.25, 15.5], "texture": "#0"}, "west": {"uv": [14.75, 15, 15.25, 15.5], "texture": "#0"}, "up": {"uv": [14.75, 15, 15.25, 15.5], "texture": "#0"}, "down": {"uv": [14.75, 15, 15.25, 15.5], "texture": "#0"} } }, { "from": [-14.2897, 15.72336, -5.75], "to": [-13.7897, 16.22336, -5.2], "rotation": {"angle": -22.5, "axis": "z", "origin": [-14.0397, 15.97336, -4.85]}, "faces": { "north": {"uv": [14.75, 15, 15.25, 15.5], "texture": "#0"}, "east": {"uv": [14.75, 15, 15.25, 15.5], "texture": "#0"}, "south": {"uv": [14.75, 15, 15.25, 15.5], "texture": "#0"}, "west": {"uv": [14.75, 15, 15.25, 15.5], "texture": "#0"}, "up": {"uv": [14.75, 15, 15.25, 15.5], "texture": "#0"}, "down": {"uv": [14.75, 15, 15.25, 15.5], "texture": "#0"} } }, { "from": [-15.1603, 15.72336, -5.75], "to": [-14.6603, 16.22336, -5.2], "rotation": {"angle": 22.5, "axis": "z", "origin": [-14.9103, 15.97336, -4.85]}, "faces": { "north": {"uv": [14.75, 15, 15.25, 15.5], "texture": "#0"}, "east": {"uv": [14.75, 15, 15.25, 15.5], "texture": "#0"}, "south": {"uv": [14.75, 15, 15.25, 15.5], "texture": "#0"}, "west": {"uv": [14.75, 15, 15.25, 15.5], "texture": "#0"}, "up": {"uv": [14.75, 15, 15.25, 15.5], "texture": "#0"}, "down": {"uv": [14.75, 15, 15.25, 15.5], "texture": "#0"} } }, { "from": [-14.2897, 15.49647, -5.75], "to": [-13.7897, 15.99647, -5.2], "rotation": {"angle": 22.5, "axis": "z", "origin": [-14.0397, 15.74647, -4.85]}, "faces": { "north": {"uv": [14.75, 15, 15.25, 15.5], "texture": "#0"}, "east": {"uv": [14.75, 15, 15.25, 15.5], "texture": "#0"}, "south": {"uv": [14.75, 15, 15.25, 15.5], "texture": "#0"}, "west": {"uv": [14.75, 15, 15.25, 15.5], "texture": "#0"}, "up": {"uv": [14.75, 15, 15.25, 15.5], "texture": "#0"}, "down": {"uv": [14.75, 15, 15.25, 15.5], "texture": "#0"} } }, { "from": [-15.1603, 15.49647, -5.75], "to": [-14.6603, 15.99647, -5.2], "rotation": {"angle": -22.5, "axis": "z", "origin": [-14.9103, 15.74647, -4.85]}, "faces": { "north": {"uv": [14.75, 15, 15.25, 15.5], "texture": "#0"}, "east": {"uv": [14.75, 15, 15.25, 15.5], "texture": "#0"}, "south": {"uv": [14.75, 15, 15.25, 15.5], "texture": "#0"}, "west": {"uv": [14.75, 15, 15.25, 15.5], "texture": "#0"}, "up": {"uv": [14.75, 15, 15.25, 15.5], "texture": "#0"}, "down": {"uv": [14.75, 15, 15.25, 15.5], "texture": "#0"} } }, { "from": [-13.96306, 15.5051, -5.75], "to": [-13.78806, 16.0051, -5.2], "rotation": {"angle": -45, "axis": "z", "origin": [-13.71306, 15.7551, -4.85]}, "faces": { "north": {"uv": [14.75, 15, 15.25, 15.5], "texture": "#0"}, "east": {"uv": [14.75, 15, 15.25, 15.5], "texture": "#0"}, "south": {"uv": [14.75, 15, 15.25, 15.5], "texture": "#0"}, "west": {"uv": [14.75, 15, 15.25, 15.5], "texture": "#0"}, "up": {"uv": [14.75, 15, 15.25, 15.5], "texture": "#0"}, "down": {"uv": [14.75, 15, 15.25, 15.5], "texture": "#0"} } }, { "from": [-15.16194, 15.5051, -5.75], "to": [-14.98694, 16.0051, -5.2], "rotation": {"angle": 45, "axis": "z", "origin": [-15.23694, 15.7551, -4.85]}, "faces": { "north": {"uv": [14.75, 15, 15.25, 15.5], "texture": "#0"}, "east": {"uv": [14.75, 15, 15.25, 15.5], "texture": "#0"}, "south": {"uv": [14.75, 15, 15.25, 15.5], "texture": "#0"}, "west": {"uv": [14.75, 15, 15.25, 15.5], "texture": "#0"}, "up": {"uv": [14.75, 15, 15.25, 15.5], "texture": "#0"}, "down": {"uv": [14.75, 15, 15.25, 15.5], "texture": "#0"} } }, { "from": [-13.96306, 15.71472, -5.75], "to": [-13.78806, 16.21472, -5.2], "rotation": {"angle": 45, "axis": "z", "origin": [-13.71306, 15.96472, -4.85]}, "faces": { "north": {"uv": [14.75, 15, 15.25, 15.5], "texture": "#0"}, "east": {"uv": [14.75, 15, 15.25, 15.5], "texture": "#0"}, "south": {"uv": [14.75, 15, 15.25, 15.5], "texture": "#0"}, "west": {"uv": [14.75, 15, 15.25, 15.5], "texture": "#0"}, "up": {"uv": [14.75, 15, 15.25, 15.5], "texture": "#0"}, "down": {"uv": [14.75, 15, 15.25, 15.5], "texture": "#0"} } }, { "from": [-15.16194, 15.71472, -5.75], "to": [-14.98694, 16.21472, -5.2], "rotation": {"angle": -45, "axis": "z", "origin": [-15.23694, 15.96472, -4.85]}, "faces": { "north": {"uv": [14.75, 15, 15.25, 15.5], "texture": "#0"}, "east": {"uv": [14.75, 15, 15.25, 15.5], "texture": "#0"}, "south": {"uv": [14.75, 15, 15.25, 15.5], "texture": "#0"}, "west": {"uv": [14.75, 15, 15.25, 15.5], "texture": "#0"}, "up": {"uv": [14.75, 15, 15.25, 15.5], "texture": "#0"}, "down": {"uv": [14.75, 15, 15.25, 15.5], "texture": "#0"} } }, { "from": [-15.3625, 15.73491, -5.75], "to": [-13.5875, 15.98491, -5.2], "rotation": {"angle": 0, "axis": "y", "origin": [-13.7625, 15.87241, -4.85]}, "faces": { "north": {"uv": [14.75, 15, 15.25, 15.5], "texture": "#0"}, "east": {"uv": [14.75, 15, 15.25, 15.5], "texture": "#0"}, "south": {"uv": [14.75, 15, 15.25, 15.5], "texture": "#0"}, "west": {"uv": [14.75, 15, 15.25, 15.5], "texture": "#0"}, "up": {"uv": [14.75, 15, 15.25, 15.5], "texture": "#0"}, "down": {"uv": [14.75, 15, 15.25, 15.5], "texture": "#0"} } }, { "from": [30.175, 15.425, -5.75], "to": [30.775, 16.3, -5.2], "rotation": {"angle": 0, "axis": "y", "origin": [22.825, 23.3, 2.65]}, "faces": { "north": {"uv": [14.75, 15, 15.25, 15.5], "texture": "#0"}, "east": {"uv": [14.75, 15, 15.25, 15.5], "texture": "#0"}, "south": {"uv": [14.75, 15, 15.25, 15.5], "texture": "#0"}, "west": {"uv": [14.75, 15, 15.25, 15.5], "texture": "#0"}, "up": {"uv": [14.75, 15, 15.25, 15.5], "texture": "#0"}, "down": {"uv": [14.75, 15, 15.25, 15.5], "texture": "#0"} } }, { "from": [29.7897, 15.72336, -5.75], "to": [30.2897, 16.22336, -5.2], "rotation": {"angle": 22.5, "axis": "z", "origin": [30.0397, 15.97336, -4.85]}, "faces": { "north": {"uv": [14.75, 15, 15.25, 15.5], "texture": "#0"}, "east": {"uv": [14.75, 15, 15.25, 15.5], "texture": "#0"}, "south": {"uv": [14.75, 15, 15.25, 15.5], "texture": "#0"}, "west": {"uv": [14.75, 15, 15.25, 15.5], "texture": "#0"}, "up": {"uv": [14.75, 15, 15.25, 15.5], "texture": "#0"}, "down": {"uv": [14.75, 15, 15.25, 15.5], "texture": "#0"} } }, { "from": [30.6603, 15.72336, -5.75], "to": [31.1603, 16.22336, -5.2], "rotation": {"angle": -22.5, "axis": "z", "origin": [30.9103, 15.97336, -4.85]}, "faces": { "north": {"uv": [14.75, 15, 15.25, 15.5], "texture": "#0"}, "east": {"uv": [14.75, 15, 15.25, 15.5], "texture": "#0"}, "south": {"uv": [14.75, 15, 15.25, 15.5], "texture": "#0"}, "west": {"uv": [14.75, 15, 15.25, 15.5], "texture": "#0"}, "up": {"uv": [14.75, 15, 15.25, 15.5], "texture": "#0"}, "down": {"uv": [14.75, 15, 15.25, 15.5], "texture": "#0"} } }, { "from": [29.7897, 15.49647, -5.75], "to": [30.2897, 15.99647, -5.2], "rotation": {"angle": -22.5, "axis": "z", "origin": [30.0397, 15.74647, -4.85]}, "faces": { "north": {"uv": [14.75, 15, 15.25, 15.5], "texture": "#0"}, "east": {"uv": [14.75, 15, 15.25, 15.5], "texture": "#0"}, "south": {"uv": [14.75, 15, 15.25, 15.5], "texture": "#0"}, "west": {"uv": [14.75, 15, 15.25, 15.5], "texture": "#0"}, "up": {"uv": [14.75, 15, 15.25, 15.5], "texture": "#0"}, "down": {"uv": [14.75, 15, 15.25, 15.5], "texture": "#0"} } }, { "from": [30.6603, 15.49647, -5.75], "to": [31.1603, 15.99647, -5.2], "rotation": {"angle": 22.5, "axis": "z", "origin": [30.9103, 15.74647, -4.85]}, "faces": { "north": {"uv": [14.75, 15, 15.25, 15.5], "texture": "#0"}, "east": {"uv": [14.75, 15, 15.25, 15.5], "texture": "#0"}, "south": {"uv": [14.75, 15, 15.25, 15.5], "texture": "#0"}, "west": {"uv": [14.75, 15, 15.25, 15.5], "texture": "#0"}, "up": {"uv": [14.75, 15, 15.25, 15.5], "texture": "#0"}, "down": {"uv": [14.75, 15, 15.25, 15.5], "texture": "#0"} } }, { "from": [29.78806, 15.5051, -5.75], "to": [29.96306, 16.0051, -5.2], "rotation": {"angle": 45, "axis": "z", "origin": [29.71306, 15.7551, -4.85]}, "faces": { "north": {"uv": [14.75, 15, 15.25, 15.5], "texture": "#0"}, "east": {"uv": [14.75, 15, 15.25, 15.5], "texture": "#0"}, "south": {"uv": [14.75, 15, 15.25, 15.5], "texture": "#0"}, "west": {"uv": [14.75, 15, 15.25, 15.5], "texture": "#0"}, "up": {"uv": [14.75, 15, 15.25, 15.5], "texture": "#0"}, "down": {"uv": [14.75, 15, 15.25, 15.5], "texture": "#0"} } }, { "from": [30.98694, 15.5051, -5.75], "to": [31.16194, 16.0051, -5.2], "rotation": {"angle": -45, "axis": "z", "origin": [31.23694, 15.7551, -4.85]}, "faces": { "north": {"uv": [14.75, 15, 15.25, 15.5], "texture": "#0"}, "east": {"uv": [14.75, 15, 15.25, 15.5], "texture": "#0"}, "south": {"uv": [14.75, 15, 15.25, 15.5], "texture": "#0"}, "west": {"uv": [14.75, 15, 15.25, 15.5], "texture": "#0"}, "up": {"uv": [14.75, 15, 15.25, 15.5], "texture": "#0"}, "down": {"uv": [14.75, 15, 15.25, 15.5], "texture": "#0"} } }, { "from": [29.78806, 15.71472, -5.75], "to": [29.96306, 16.21472, -5.2], "rotation": {"angle": -45, "axis": "z", "origin": [29.71306, 15.96472, -4.85]}, "faces": { "north": {"uv": [14.75, 15, 15.25, 15.5], "texture": "#0"}, "east": {"uv": [14.75, 15, 15.25, 15.5], "texture": "#0"}, "south": {"uv": [14.75, 15, 15.25, 15.5], "texture": "#0"}, "west": {"uv": [14.75, 15, 15.25, 15.5], "texture": "#0"}, "up": {"uv": [14.75, 15, 15.25, 15.5], "texture": "#0"}, "down": {"uv": [14.75, 15, 15.25, 15.5], "texture": "#0"} } }, { "from": [30.98694, 15.71472, -5.75], "to": [31.16194, 16.21472, -5.2], "rotation": {"angle": 45, "axis": "z", "origin": [31.23694, 15.96472, -4.85]}, "faces": { "north": {"uv": [14.75, 15, 15.25, 15.5], "texture": "#0"}, "east": {"uv": [14.75, 15, 15.25, 15.5], "texture": "#0"}, "south": {"uv": [14.75, 15, 15.25, 15.5], "texture": "#0"}, "west": {"uv": [14.75, 15, 15.25, 15.5], "texture": "#0"}, "up": {"uv": [14.75, 15, 15.25, 15.5], "texture": "#0"}, "down": {"uv": [14.75, 15, 15.25, 15.5], "texture": "#0"} } }, { "from": [29.5875, 15.73491, -5.75], "to": [31.3625, 15.98491, -5.2], "rotation": {"angle": 0, "axis": "y", "origin": [29.7625, 15.87241, -4.85]}, "faces": { "north": {"uv": [14.75, 15, 15.25, 15.5], "texture": "#0"}, "east": {"uv": [14.75, 15, 15.25, 15.5], "texture": "#0"}, "south": {"uv": [14.75, 15, 15.25, 15.5], "texture": "#0"}, "west": {"uv": [14.75, 15, 15.25, 15.5], "texture": "#0"}, "up": {"uv": [14.75, 15, 15.25, 15.5], "texture": "#0"}, "down": {"uv": [14.75, 15, 15.25, 15.5], "texture": "#0"} } }, { "from": [16, 4.55, -5.55], "to": [25.075, 5.275, -5.475], "rotation": {"angle": 0, "axis": "y", "origin": [10.625, 11.875, 2.375]}, "faces": { "north": {"uv": [15, 13, 15, 13], "texture": "#0"}, "east": {"uv": [15, 13, 15, 13], "texture": "#0"}, "south": {"uv": [15, 13, 15, 13], "texture": "#0"}, "west": {"uv": [15, 13, 15, 13], "texture": "#0"}, "up": {"uv": [15, 13, 15, 13], "texture": "#0"}, "down": {"uv": [15, 13, 15, 13], "texture": "#0"} } }, { "from": [-9.075, 4.55, -5.55], "to": [0, 5.275, -5.475], "rotation": {"angle": 0, "axis": "y", "origin": [5.375, 11.875, 2.375]}, "faces": { "north": {"uv": [15, 13, 15, 13], "texture": "#0"}, "east": {"uv": [15, 13, 15, 13], "texture": "#0"}, "south": {"uv": [15, 13, 15, 13], "texture": "#0"}, "west": {"uv": [15, 13, 15, 13], "texture": "#0"}, "up": {"uv": [15, 13, 15, 13], "texture": "#0"}, "down": {"uv": [15, 13, 15, 13], "texture": "#0"} } }, { "from": [14.325, 5.275, -5.55], "to": [26.775, 6.125, -5.475], "rotation": {"angle": 0, "axis": "y", "origin": [10.625, 11.875, 2.375]}, "faces": { "north": {"uv": [15, 13, 15, 13], "texture": "#0"}, "east": {"uv": [15, 13, 15, 13], "texture": "#0"}, "south": {"uv": [15, 13, 15, 13], "texture": "#0"}, "west": {"uv": [15, 13, 15, 13], "texture": "#0"}, "up": {"uv": [15, 13, 15, 13], "texture": "#0"}, "down": {"uv": [15, 13, 15, 13], "texture": "#0"} } }, { "from": [-10.775, 5.275, -5.55], "to": [1.675, 6.125, -5.475], "rotation": {"angle": 0, "axis": "y", "origin": [5.375, 11.875, 2.375]}, "faces": { "north": {"uv": [15, 13, 15, 13], "texture": "#0"}, "east": {"uv": [15, 13, 15, 13], "texture": "#0"}, "south": {"uv": [15, 13, 15, 13], "texture": "#0"}, "west": {"uv": [15, 13, 15, 13], "texture": "#0"}, "up": {"uv": [15, 13, 15, 13], "texture": "#0"}, "down": {"uv": [15, 13, 15, 13], "texture": "#0"} } }, { "from": [13.5, 6.125, -5.55], "to": [27.85, 7.025, -5.475], "rotation": {"angle": 0, "axis": "y", "origin": [10.625, 11.875, 2.375]}, "faces": { "north": {"uv": [15, 13, 15, 13], "texture": "#0"}, "east": {"uv": [15, 13, 15, 13], "texture": "#0"}, "south": {"uv": [15, 13, 15, 13], "texture": "#0"}, "west": {"uv": [15, 13, 15, 13], "texture": "#0"}, "up": {"uv": [15, 13, 15, 13], "texture": "#0"}, "down": {"uv": [15, 13, 15, 13], "texture": "#0"} } }, { "from": [-11.85, 6.125, -5.55], "to": [2.5, 7.025, -5.475], "rotation": {"angle": 0, "axis": "y", "origin": [5.375, 11.875, 2.375]}, "faces": { "north": {"uv": [15, 13, 15, 13], "texture": "#0"}, "east": {"uv": [15, 13, 15, 13], "texture": "#0"}, "south": {"uv": [15, 13, 15, 13], "texture": "#0"}, "west": {"uv": [15, 13, 15, 13], "texture": "#0"}, "up": {"uv": [15, 13, 15, 13], "texture": "#0"}, "down": {"uv": [15, 13, 15, 13], "texture": "#0"} } }, { "from": [12.575, 7.025, -5.55], "to": [28.575, 8.175, -5.475], "rotation": {"angle": 0, "axis": "y", "origin": [10.625, 11.875, 2.375]}, "faces": { "north": {"uv": [15, 13, 15, 13], "texture": "#0"}, "east": {"uv": [15, 13, 15, 13], "texture": "#0"}, "south": {"uv": [15, 13, 15, 13], "texture": "#0"}, "west": {"uv": [15, 13, 15, 13], "texture": "#0"}, "up": {"uv": [15, 13, 15, 13], "texture": "#0"}, "down": {"uv": [15, 13, 15, 13], "texture": "#0"} } }, { "from": [-12.575, 7.025, -5.55], "to": [3.425, 8.175, -5.475], "rotation": {"angle": 0, "axis": "y", "origin": [5.375, 11.875, 2.375]}, "faces": { "north": {"uv": [15, 13, 15, 13], "texture": "#0"}, "east": {"uv": [15, 13, 15, 13], "texture": "#0"}, "south": {"uv": [15, 13, 15, 13], "texture": "#0"}, "west": {"uv": [15, 13, 15, 13], "texture": "#0"}, "up": {"uv": [15, 13, 15, 13], "texture": "#0"}, "down": {"uv": [15, 13, 15, 13], "texture": "#0"} } }, { "from": [11.425, 8.175, -5.55], "to": [29.1, 10.25, -5.475], "rotation": {"angle": 0, "axis": "y", "origin": [10.625, 11.875, 2.375]}, "faces": { "north": {"uv": [15, 13, 15, 13], "texture": "#0"}, "east": {"uv": [15, 13, 15, 13], "texture": "#0"}, "south": {"uv": [15, 13, 15, 13], "texture": "#0"}, "west": {"uv": [15, 13, 15, 13], "texture": "#0"}, "up": {"uv": [15, 13, 15, 13], "texture": "#0"}, "down": {"uv": [15, 13, 15, 13], "texture": "#0"} } }, { "from": [-13.1, 8.175, -5.55], "to": [4.575, 10.25, -5.475], "rotation": {"angle": 0, "axis": "y", "origin": [5.375, 11.875, 2.375]}, "faces": { "north": {"uv": [15, 13, 15, 13], "texture": "#0"}, "east": {"uv": [15, 13, 15, 13], "texture": "#0"}, "south": {"uv": [15, 13, 15, 13], "texture": "#0"}, "west": {"uv": [15, 13, 15, 13], "texture": "#0"}, "up": {"uv": [15, 13, 15, 13], "texture": "#0"}, "down": {"uv": [15, 13, 15, 13], "texture": "#0"} } }, { "from": [11.225, 10.25, -5.55], "to": [29.175, 16.1, -5.475], "rotation": {"angle": 0, "axis": "y", "origin": [10.625, 11.875, 2.375]}, "faces": { "north": {"uv": [15, 13, 15, 13], "texture": "#0"}, "east": {"uv": [15, 13, 15, 13], "texture": "#0"}, "south": {"uv": [15, 13, 15, 13], "texture": "#0"}, "west": {"uv": [15, 13, 15, 13], "texture": "#0"}, "up": {"uv": [15, 13, 15, 13], "texture": "#0"}, "down": {"uv": [15, 13, 15, 13], "texture": "#0"} } }, { "from": [-13.175, 10.25, -5.55], "to": [4.775, 16.1, -5.475], "rotation": {"angle": 0, "axis": "y", "origin": [5.375, 11.875, 2.375]}, "faces": { "north": {"uv": [15, 13, 15, 13], "texture": "#0"}, "east": {"uv": [15, 13, 15, 13], "texture": "#0"}, "south": {"uv": [15, 13, 15, 13], "texture": "#0"}, "west": {"uv": [15, 13, 15, 13], "texture": "#0"}, "up": {"uv": [15, 13, 15, 13], "texture": "#0"}, "down": {"uv": [15, 13, 15, 13], "texture": "#0"} } }, { "from": [13.525, 16.1, -5.55], "to": [29.175, 17.05, -5.1], "rotation": {"angle": 0, "axis": "y", "origin": [10.625, 11.7, 2.375]}, "faces": { "north": {"uv": [15, 13, 15, 13], "texture": "#0"}, "east": {"uv": [15, 13, 15, 13], "texture": "#0"}, "south": {"uv": [15, 13, 15, 13], "texture": "#0"}, "west": {"uv": [15, 13, 15, 13], "texture": "#0"}, "up": {"uv": [15, 13, 15, 13], "texture": "#0"}, "down": {"uv": [15, 13, 15, 13], "texture": "#0"} } }, { "from": [-13.175, 16.1, -5.55], "to": [2.475, 17.05, -5.1], "rotation": {"angle": 0, "axis": "y", "origin": [5.375, 11.7, 2.375]}, "faces": { "north": {"uv": [15, 13, 15, 13], "texture": "#0"}, "east": {"uv": [15, 13, 15, 13], "texture": "#0"}, "south": {"uv": [15, 13, 15, 13], "texture": "#0"}, "west": {"uv": [15, 13, 15, 13], "texture": "#0"}, "up": {"uv": [15, 13, 15, 13], "texture": "#0"}, "down": {"uv": [15, 13, 15, 13], "texture": "#0"} } }, { "from": [14.125, 17.05, -5.55], "to": [29.175, 17.3, -5.1], "rotation": {"angle": 0, "axis": "y", "origin": [10.625, 11.7, 2.375]}, "faces": { "north": {"uv": [15, 13, 15, 13], "texture": "#0"}, "east": {"uv": [15, 13, 15, 13], "texture": "#0"}, "south": {"uv": [15, 13, 15, 13], "texture": "#0"}, "west": {"uv": [15, 13, 15, 13], "texture": "#0"}, "up": {"uv": [15, 13, 15, 13], "texture": "#0"}, "down": {"uv": [15, 13, 15, 13], "texture": "#0"} } }, { "from": [-13.175, 17.05, -5.55], "to": [1.875, 17.3, -5.1], "rotation": {"angle": 0, "axis": "y", "origin": [5.375, 11.7, 2.375]}, "faces": { "north": {"uv": [15, 13, 15, 13], "texture": "#0"}, "east": {"uv": [15, 13, 15, 13], "texture": "#0"}, "south": {"uv": [15, 13, 15, 13], "texture": "#0"}, "west": {"uv": [15, 13, 15, 13], "texture": "#0"}, "up": {"uv": [15, 13, 15, 13], "texture": "#0"}, "down": {"uv": [15, 13, 15, 13], "texture": "#0"} } } ], "display": { "thirdperson_righthand": { "rotation": [90, 0, 0], "translation": [0, -1.75, 2], "scale": [0.16, 0.16797, 0.16797] }, "thirdperson_lefthand": { "rotation": [90, 0, 0], "translation": [0, -1.75, 2], "scale": [0.16797, 0.16797, 0.16797] }, "firstperson_righthand": { "translation": [2.5, 0, -1], "scale": [0.23828, 0.23828, 0.23828] }, "firstperson_lefthand": { "translation": [2.5, 0, -1], "scale": [0.23828, 0.23828, 0.23828] }, "ground": { "rotation": [-30, 56, -11], "scale": [0.17773, 0.17773, 0.17773] }, "gui": { "rotation": [29, 143, 0], "translation": [0, -0.25, 0], "scale": [0.33789, 0.33789, 0.33789] }, "head": { "translation": [0, -4.25, -3.75], "scale": [0.27148, 0.28711, 0.27148] }, "fixed": { "rotation": [-73, 0, 0], "translation": [0, 0, -0.25], "scale": [0.37109, 0.37109, 0.37109] } }, "groups": [ { "name": "group", "origin": [11.03581, 9.9513, -0.1], "color": 0, "children": [ 0, 1, 2, 3, 4, 5, 6, 7, 8, 9, 10, 11, 12, 13, 14, 15, 16, 17, 18, 19, 20, 21, 22, 23, 24, 25, 26, 27, 28, 29, 30, 31, 32, 33, 34, 35, 36, 37, 38, 39, 40, 41, 42, 43, 44, 45, 46, 47, 48, 49, 50, 51, 52, 53, { "name": "group", "origin": [7.01186, 13.46923, -5.81035], "color": 0, "children": [54, 55, 56, 57, 58, 59, 60, 61, 62, 63, 64] }, 65, 66, 67, 68, 69, 70 ] }, { "name": "group", "origin": [8.7125, 15.87241, 0.175], "color": 0, "children": [71, 72, 73, 74, 75, 76, 77, 78, 79, 80] }, { "name": "group", "origin": [8.7125, 15.87241, 0.175], "color": 0, "children": [81, 82, 83, 84, 85, 86, 87, 88, 89, 90] }, { "name": "group", "origin": [10.625, 11.875, 7.4], "color": 0, "children": [91, 92, 93, 94, 95, 96, 97, 98, 99, 100, 101, 102, 103, 104, 105, 106] } ] }