{ "credit": "Made with Blockbench", "textures": { "0": "block/chiasaglasses" }, "elements": [ { "from": [6.94375, 19.88332, -2.355], "to": [9.06125, 20.72332, -1.9], "rotation": {"angle": 0, "axis": "y", "origin": [7.53, 20.26832, -2.1275]}, "faces": { "north": {"uv": [1, 1, 2, 2], "texture": "#0"}, "east": {"uv": [1, 1, 2, 2], "texture": "#0"}, "south": {"uv": [1, 1, 2, 2], "texture": "#0"}, "west": {"uv": [1, 1, 2, 2], "texture": "#0"}, "up": {"uv": [1, 1, 2, 2], "texture": "#0"}, "down": {"uv": [1, 1, 2, 2], "texture": "#0"} } }, { "from": [8.8366, 19.75143, -2.355], "to": [10.6041, 20.41643, -1.9], "rotation": {"angle": -22.5, "axis": "z", "origin": [9.72035, 20.00518, -2.1275]}, "faces": { "north": {"uv": [1, 1, 2, 2], "texture": "#0"}, "east": {"uv": [1, 1, 2, 2], "texture": "#0"}, "south": {"uv": [1, 1, 2, 2], "texture": "#0"}, "west": {"uv": [1, 1, 2, 2], "texture": "#0"}, "up": {"uv": [1, 1, 2, 2], "texture": "#0"}, "down": {"uv": [1, 1, 2, 2], "texture": "#0"} } }, { "from": [10.20025, 18.85441, -2.355], "to": [11.81775, 19.51941, -1.9], "rotation": {"angle": -45, "axis": "z", "origin": [11.084, 19.18691, -2.1275]}, "faces": { "north": {"uv": [1, 1, 2, 2], "texture": "#0"}, "east": {"uv": [1, 1, 2, 2], "texture": "#0"}, "south": {"uv": [1, 1, 2, 2], "texture": "#0"}, "west": {"uv": [1, 1, 2, 2], "texture": "#0"}, "up": {"uv": [1, 1, 2, 2], "texture": "#0"}, "down": {"uv": [1, 1, 2, 2], "texture": "#0"} } }, { "from": [5.4009, 19.75143, -2.355], "to": [7.1684, 20.41643, -1.9], "rotation": {"angle": 22.5, "axis": "z", "origin": [6.28465, 20.00518, -2.1275]}, "faces": { "north": {"uv": [1, 1, 2, 2], "texture": "#0"}, "east": {"uv": [1, 1, 2, 2], "texture": "#0"}, "south": {"uv": [1, 1, 2, 2], "texture": "#0"}, "west": {"uv": [1, 1, 2, 2], "texture": "#0"}, "up": {"uv": [1, 1, 2, 2], "texture": "#0"}, "down": {"uv": [1, 1, 2, 2], "texture": "#0"} } }, { "from": [4.18725, 18.85441, -2.355], "to": [5.80475, 19.51941, -1.9], "rotation": {"angle": 45, "axis": "z", "origin": [4.921, 19.18691, -2.1275]}, "faces": { "north": {"uv": [1, 1, 2, 2], "texture": "#0"}, "east": {"uv": [1, 1, 2, 2], "texture": "#0"}, "south": {"uv": [1, 1, 2, 2], "texture": "#0"}, "west": {"uv": [1, 1, 2, 2], "texture": "#0"}, "up": {"uv": [1, 1, 2, 2], "texture": "#0"}, "down": {"uv": [1, 1, 2, 2], "texture": "#0"} } }, { "from": [6.62875, 19.88332, -2.355], "to": [6.94375, 20.26832, -1.9], "rotation": {"angle": 0, "axis": "y", "origin": [7.53, 20.26832, -2.1275]}, "faces": { "north": {"uv": [1, 1, 2, 2], "texture": "#0"}, "east": {"uv": [1, 1, 2, 2], "texture": "#0"}, "south": {"uv": [1, 1, 2, 2], "texture": "#0"}, "west": {"uv": [1, 1, 2, 2], "texture": "#0"}, "up": {"uv": [1, 1, 2, 2], "texture": "#0"}, "down": {"uv": [1, 1, 2, 2], "texture": "#0"} } }, { "from": [9.02625, 19.88332, -2.355], "to": [9.37625, 20.26832, -1.9], "rotation": {"angle": 0, "axis": "y", "origin": [8.475, 20.26832, -2.1275]}, "faces": { "north": {"uv": [1, 1, 2, 2], "texture": "#0"}, "east": {"uv": [1, 1, 2, 2], "texture": "#0"}, "south": {"uv": [1, 1, 2, 2], "texture": "#0"}, "west": {"uv": [1, 1, 2, 2], "texture": "#0"}, "up": {"uv": [1, 1, 2, 2], "texture": "#0"}, "down": {"uv": [1, 1, 2, 2], "texture": "#0"} } }, { "from": [-3.71143, 8.82463, -2.4075], "to": [-0.71893, 9.12213, -2.11], "rotation": {"angle": 0, "axis": "y", "origin": [-2.34643, 9.05213, -2.08375]}, "faces": { "north": {"uv": [1, 1, 2, 2], "texture": "#0"}, "east": {"uv": [1, 1, 2, 2], "texture": "#0"}, "south": {"uv": [1, 1, 2, 2], "texture": "#0"}, "west": {"uv": [1, 1, 2, 2], "texture": "#0"}, "up": {"uv": [1, 1, 2, 2], "texture": "#0"}, "down": {"uv": [1, 1, 2, 2], "texture": "#0"} } }, { "from": [-9.37955, 14.58746, -2.4075], "to": [-9.08205, 17.38746, -2.11], "rotation": {"angle": 0, "axis": "y", "origin": [-9.2308, 15.86496, -2.08375]}, "faces": { "north": {"uv": [1, 1, 2, 2], "texture": "#0"}, "east": {"uv": [1, 1, 2, 2], "texture": "#0"}, "south": {"uv": [1, 1, 2, 2], "texture": "#0"}, "west": {"uv": [1, 1, 2, 2], "texture": "#0"}, "up": {"uv": [1, 1, 2, 2], "texture": "#0"}, "down": {"uv": [1, 1, 2, 2], "texture": "#0"} } }, { "from": [4.65169, 14.58746, -2.4075], "to": [4.94919, 17.38746, -2.11], "rotation": {"angle": 0, "axis": "y", "origin": [4.80044, 15.86496, -2.08375]}, "faces": { "north": {"uv": [1, 1, 2, 2], "texture": "#0"}, "east": {"uv": [1, 1, 2, 2], "texture": "#0"}, "south": {"uv": [1, 1, 2, 2], "texture": "#0"}, "west": {"uv": [1, 1, 2, 2], "texture": "#0"}, "up": {"uv": [1, 1, 2, 2], "texture": "#0"}, "down": {"uv": [1, 1, 2, 2], "texture": "#0"} } }, { "from": [-8.92543, 11.76196, -2.4075], "to": [-8.62793, 14.73696, -2.11], "rotation": {"angle": 22.5, "axis": "z", "origin": [-8.77668, 13.52071, -2.08375]}, "faces": { "north": {"uv": [1, 1, 2, 2], "texture": "#0"}, "east": {"uv": [1, 1, 2, 2], "texture": "#0"}, "south": {"uv": [1, 1, 2, 2], "texture": "#0"}, "west": {"uv": [1, 1, 2, 2], "texture": "#0"}, "up": {"uv": [1, 1, 2, 2], "texture": "#0"}, "down": {"uv": [1, 1, 2, 2], "texture": "#0"} } }, { "from": [4.19758, 11.76196, -2.4075], "to": [4.49508, 14.73696, -2.11], "rotation": {"angle": -22.5, "axis": "z", "origin": [4.34633, 13.52071, -2.08375]}, "faces": { "north": {"uv": [1, 1, 2, 2], "texture": "#0"}, "east": {"uv": [1, 1, 2, 2], "texture": "#0"}, "south": {"uv": [1, 1, 2, 2], "texture": "#0"}, "west": {"uv": [1, 1, 2, 2], "texture": "#0"}, "up": {"uv": [1, 1, 2, 2], "texture": "#0"}, "down": {"uv": [1, 1, 2, 2], "texture": "#0"} } }, { "from": [-7.63498, 9.46569, -2.4075], "to": [-7.33748, 12.21319, -2.11], "rotation": {"angle": 45, "axis": "z", "origin": [-7.48623, 11.29444, -2.08375]}, "faces": { "north": {"uv": [1, 1, 2, 2], "texture": "#0"}, "east": {"uv": [1, 1, 2, 2], "texture": "#0"}, "south": {"uv": [1, 1, 2, 2], "texture": "#0"}, "west": {"uv": [1, 1, 2, 2], "texture": "#0"}, "up": {"uv": [1, 1, 2, 2], "texture": "#0"}, "down": {"uv": [1, 1, 2, 2], "texture": "#0"} } }, { "from": [2.90712, 9.46569, -2.4075], "to": [3.20462, 12.21319, -2.11], "rotation": {"angle": -45, "axis": "z", "origin": [3.05587, 11.29444, -2.08375]}, "faces": { "north": {"uv": [1, 1, 2, 2], "texture": "#0"}, "east": {"uv": [1, 1, 2, 2], "texture": "#0"}, "south": {"uv": [1, 1, 2, 2], "texture": "#0"}, "west": {"uv": [1, 1, 2, 2], "texture": "#0"}, "up": {"uv": [1, 1, 2, 2], "texture": "#0"}, "down": {"uv": [1, 1, 2, 2], "texture": "#0"} } }, { "from": [-6.38257, 9.17494, -2.4075], "to": [-3.58257, 9.47244, -2.11], "rotation": {"angle": -22.5, "axis": "z", "origin": [-4.52757, 9.32369, -2.08375]}, "faces": { "north": {"uv": [1, 1, 2, 2], "texture": "#0"}, "east": {"uv": [1, 1, 2, 2], "texture": "#0"}, "south": {"uv": [1, 1, 2, 2], "texture": "#0"}, "west": {"uv": [1, 1, 2, 2], "texture": "#0"}, "up": {"uv": [1, 1, 2, 2], "texture": "#0"}, "down": {"uv": [1, 1, 2, 2], "texture": "#0"} } }, { "from": [-0.84779, 9.17494, -2.4075], "to": [1.95221, 9.47244, -2.11], "rotation": {"angle": 22.5, "axis": "z", "origin": [0.09721, 9.32369, -2.08375]}, "faces": { "north": {"uv": [1, 1, 2, 2], "texture": "#0"}, "east": {"uv": [1, 1, 2, 2], "texture": "#0"}, "south": {"uv": [1, 1, 2, 2], "texture": "#0"}, "west": {"uv": [1, 1, 2, 2], "texture": "#0"}, "up": {"uv": [1, 1, 2, 2], "texture": "#0"}, "down": {"uv": [1, 1, 2, 2], "texture": "#0"} } }, { "from": [-4.18, 21.7525, -2.5475], "to": [-0.015, 22.4, -2.0925], "rotation": {"angle": 0, "axis": "y", "origin": [2.365, 27.3, 3.14]}, "faces": { "north": {"uv": [9, 1, 10, 2], "texture": "#0"}, "east": {"uv": [9, 1, 10, 2], "texture": "#0"}, "south": {"uv": [9, 1, 10, 2], "texture": "#0"}, "west": {"uv": [9, 1, 10, 2], "texture": "#0"}, "up": {"uv": [9, 1, 10, 2], "texture": "#0"}, "down": {"uv": [9, 1, 10, 2], "texture": "#0"} } }, { "from": [-0.25679, 21.18446, -2.5475], "to": [3.89071, 21.83196, -2.0925], "rotation": {"angle": -22.5, "axis": "z", "origin": [1.29196, 21.50821, -2.11]}, "faces": { "north": {"uv": [9, 1, 10, 2], "texture": "#0"}, "east": {"uv": [9, 1, 10, 2], "texture": "#0"}, "south": {"uv": [9, 1, 10, 2], "texture": "#0"}, "west": {"uv": [9, 1, 10, 2], "texture": "#0"}, "up": {"uv": [9, 1, 10, 2], "texture": "#0"}, "down": {"uv": [9, 1, 10, 2], "texture": "#0"} } }, { "from": [3.11118, 18.84683, -2.5475], "to": [5.47368, 19.75683, -2.0925], "rotation": {"angle": -45, "axis": "z", "origin": [4.73868, 19.43308, -2.11]}, "faces": { "north": {"uv": [9, 1, 10, 2], "texture": "#0"}, "east": {"uv": [9, 1, 10, 2], "texture": "#0"}, "south": {"uv": [9, 1, 10, 2], "texture": "#0"}, "west": {"uv": [9, 1, 10, 2], "texture": "#0"}, "up": {"uv": [9, 1, 10, 2], "texture": "#0"}, "down": {"uv": [9, 1, 10, 2], "texture": "#0"} } }, { "from": [4.64401, 18.35808, -2.5475], "to": [5.97401, 19.05808, -2.0925], "rotation": {"angle": 22.5, "axis": "z", "origin": [5.51901, 17.87683, -2.11]}, "faces": { "north": {"uv": [9, 1, 10, 2], "texture": "#0"}, "east": {"uv": [9, 1, 10, 2], "texture": "#0"}, "south": {"uv": [9, 1, 10, 2], "texture": "#0"}, "west": {"uv": [9, 1, 10, 2], "texture": "#0"}, "up": {"uv": [9, 1, 10, 2], "texture": "#0"}, "down": {"uv": [9, 1, 10, 2], "texture": "#0"} } }, { "from": [4.64401, 17.95558, -2.5475], "to": [5.08151, 20.16058, -2.0925], "rotation": {"angle": 22.5, "axis": "z", "origin": [5.51901, 17.87683, -2.11]}, "faces": { "north": {"uv": [9, 1, 10, 2], "texture": "#0"}, "east": {"uv": [9, 1, 10, 2], "texture": "#0"}, "south": {"uv": [9, 1, 10, 2], "texture": "#0"}, "west": {"uv": [9, 1, 10, 2], "texture": "#0"}, "up": {"uv": [9, 1, 10, 2], "texture": "#0"}, "down": {"uv": [9, 1, 10, 2], "texture": "#0"} } }, { "from": [4.67021, 16.06307, -2.5475], "to": [5.75521, 18.49557, -2.0925], "rotation": {"angle": 0, "axis": "y", "origin": [5.30021, 18.14557, -2.11]}, "faces": { "north": {"uv": [9, 1, 10, 2], "texture": "#0"}, "east": {"uv": [9, 1, 10, 2], "texture": "#0"}, "south": {"uv": [9, 1, 10, 2], "texture": "#0"}, "west": {"uv": [9, 1, 10, 2], "texture": "#0"}, "up": {"uv": [9, 1, 10, 2], "texture": "#0"}, "down": {"uv": [9, 1, 10, 2], "texture": "#0"} } }, { "from": [4.72897, 15.22745, -2.5475], "to": [5.41147, 16.31245, -2.0925], "rotation": {"angle": -22.5, "axis": "z", "origin": [4.95647, 15.3237, -2.11]}, "faces": { "north": {"uv": [9, 1, 10, 2], "texture": "#0"}, "east": {"uv": [9, 1, 10, 2], "texture": "#0"}, "south": {"uv": [9, 1, 10, 2], "texture": "#0"}, "west": {"uv": [9, 1, 10, 2], "texture": "#0"}, "up": {"uv": [9, 1, 10, 2], "texture": "#0"}, "down": {"uv": [9, 1, 10, 2], "texture": "#0"} } }, { "from": [4.37384, 15.32085, -2.5475], "to": [5.05634, 15.46085, -2.0925], "rotation": {"angle": -45, "axis": "z", "origin": [4.71509, 14.91835, -2.11]}, "faces": { "north": {"uv": [9, 1, 10, 2], "texture": "#0"}, "east": {"uv": [9, 1, 10, 2], "texture": "#0"}, "south": {"uv": [9, 1, 10, 2], "texture": "#0"}, "west": {"uv": [9, 1, 10, 2], "texture": "#0"}, "up": {"uv": [9, 1, 10, 2], "texture": "#0"}, "down": {"uv": [9, 1, 10, 2], "texture": "#0"} } }, { "from": [4.9792, 14.91121, -2.5475], "to": [5.1192, 15.59371, -2.0925], "rotation": {"angle": 22.5, "axis": "z", "origin": [5.0492, 15.25246, -2.11]}, "faces": { "north": {"uv": [9, 1, 10, 2], "texture": "#0"}, "east": {"uv": [9, 1, 10, 2], "texture": "#0"}, "south": {"uv": [9, 1, 10, 2], "texture": "#0"}, "west": {"uv": [9, 1, 10, 2], "texture": "#0"}, "up": {"uv": [9, 1, 10, 2], "texture": "#0"}, "down": {"uv": [9, 1, 10, 2], "texture": "#0"} } }, { "from": [4.6642, 14.91121, -2.5475], "to": [5.1192, 16.10121, -2.0925], "rotation": {"angle": 0, "axis": "y", "origin": [5.0492, 15.25246, -2.11]}, "faces": { "north": {"uv": [9, 1, 10, 2], "texture": "#0"}, "east": {"uv": [9, 1, 10, 2], "texture": "#0"}, "south": {"uv": [9, 1, 10, 2], "texture": "#0"}, "west": {"uv": [9, 1, 10, 2], "texture": "#0"}, "up": {"uv": [9, 1, 10, 2], "texture": "#0"}, "down": {"uv": [9, 1, 10, 2], "texture": "#0"} } }, { "from": [2.56868, 18.84683, -2.5475], "to": [3.11118, 19.40683, -2.0925], "rotation": {"angle": -45, "axis": "z", "origin": [4.73868, 19.43308, -2.11]}, "faces": { "north": {"uv": [9, 1, 10, 2], "texture": "#0"}, "east": {"uv": [9, 1, 10, 2], "texture": "#0"}, "south": {"uv": [9, 1, 10, 2], "texture": "#0"}, "west": {"uv": [9, 1, 10, 2], "texture": "#0"}, "up": {"uv": [9, 1, 10, 2], "texture": "#0"}, "down": {"uv": [9, 1, 10, 2], "texture": "#0"} } }, { "from": [-11.425, 17.6225, -2.5475], "to": [-9.78, 19.32, -2.0925], "rotation": {"angle": 0, "axis": "y", "origin": [-4.88, 23.17, 3.14]}, "faces": { "north": {"uv": [9, 1, 10, 2], "texture": "#0"}, "east": {"uv": [9, 1, 10, 2], "texture": "#0"}, "south": {"uv": [9, 1, 10, 2], "texture": "#0"}, "west": {"uv": [9, 1, 10, 2], "texture": "#0"}, "up": {"uv": [9, 1, 10, 2], "texture": "#0"}, "down": {"uv": [9, 1, 10, 2], "texture": "#0"} } }, { "from": [-9.61157, 15.48365, -2.5475], "to": [-9.10407, 17.53115, -2.0925], "rotation": {"angle": 0, "axis": "y", "origin": [-4.20407, 20.89115, 3.14]}, "faces": { "north": {"uv": [9, 1, 10, 2], "texture": "#0"}, "east": {"uv": [9, 1, 10, 2], "texture": "#0"}, "south": {"uv": [9, 1, 10, 2], "texture": "#0"}, "west": {"uv": [9, 1, 10, 2], "texture": "#0"}, "up": {"uv": [9, 1, 10, 2], "texture": "#0"}, "down": {"uv": [9, 1, 10, 2], "texture": "#0"} } }, { "from": [-9.051, 21.46239, -2.5475], "to": [-3.9935, 22.10989, -2.0925], "rotation": {"angle": 22.5, "axis": "z", "origin": [-4.816, 21.78614, -2.11]}, "faces": { "north": {"uv": [9, 1, 10, 2], "texture": "#0"}, "east": {"uv": [9, 1, 10, 2], "texture": "#0"}, "south": {"uv": [9, 1, 10, 2], "texture": "#0"}, "west": {"uv": [9, 1, 10, 2], "texture": "#0"}, "up": {"uv": [9, 1, 10, 2], "texture": "#0"}, "down": {"uv": [9, 1, 10, 2], "texture": "#0"} } }, { "from": [-9.44044, 18.12381, -2.5475], "to": [-7.88294, 18.77131, -2.0925], "rotation": {"angle": 45, "axis": "z", "origin": [-10.41169, 18.44756, -2.11]}, "faces": { "north": {"uv": [9, 1, 10, 2], "texture": "#0"}, "east": {"uv": [9, 1, 10, 2], "texture": "#0"}, "south": {"uv": [9, 1, 10, 2], "texture": "#0"}, "west": {"uv": [9, 1, 10, 2], "texture": "#0"}, "up": {"uv": [9, 1, 10, 2], "texture": "#0"}, "down": {"uv": [9, 1, 10, 2], "texture": "#0"} } }, { "from": [-7.97044, 18.12381, -2.5475], "to": [-6.41294, 18.77131, -2.0925], "rotation": {"angle": 45, "axis": "z", "origin": [-9.64169, 18.44756, -2.11]}, "faces": { "north": {"uv": [9, 1, 10, 2], "texture": "#0"}, "east": {"uv": [9, 1, 10, 2], "texture": "#0"}, "south": {"uv": [9, 1, 10, 2], "texture": "#0"}, "west": {"uv": [9, 1, 10, 2], "texture": "#0"}, "up": {"uv": [9, 1, 10, 2], "texture": "#0"}, "down": {"uv": [9, 1, 10, 2], "texture": "#0"} } }, { "from": [-9.60688, 16.67856, -2.5475], "to": [-8.50438, 19.98606, -2.0925], "rotation": {"angle": -22.5, "axis": "z", "origin": [-8.82813, 18.80481, -2.11]}, "faces": { "north": {"uv": [9, 1, 10, 2], "texture": "#0"}, "east": {"uv": [9, 1, 10, 2], "texture": "#0"}, "south": {"uv": [9, 1, 10, 2], "texture": "#0"}, "west": {"uv": [9, 1, 10, 2], "texture": "#0"}, "up": {"uv": [9, 1, 10, 2], "texture": "#0"}, "down": {"uv": [9, 1, 10, 2], "texture": "#0"} } }, { "from": [-10.75483, 18.4413, -2.5475], "to": [-9.30233, 19.7188, -2.0925], "rotation": {"angle": 22.5, "axis": "z", "origin": [-9.73108, 19.39505, -2.11]}, "faces": { "north": {"uv": [9, 1, 10, 2], "texture": "#0"}, "east": {"uv": [9, 1, 10, 2], "texture": "#0"}, "south": {"uv": [9, 1, 10, 2], "texture": "#0"}, "west": {"uv": [9, 1, 10, 2], "texture": "#0"}, "up": {"uv": [9, 1, 10, 2], "texture": "#0"}, "down": {"uv": [9, 1, 10, 2], "texture": "#0"} } }, { "from": [-10.99469, 17.38245, -2.5475], "to": [-9.54219, 18.02995, -2.0925], "rotation": {"angle": -22.5, "axis": "z", "origin": [-10.26844, 17.7062, -2.11]}, "faces": { "north": {"uv": [9, 1, 10, 2], "texture": "#0"}, "east": {"uv": [9, 1, 10, 2], "texture": "#0"}, "south": {"uv": [9, 1, 10, 2], "texture": "#0"}, "west": {"uv": [9, 1, 10, 2], "texture": "#0"}, "up": {"uv": [9, 1, 10, 2], "texture": "#0"}, "down": {"uv": [9, 1, 10, 2], "texture": "#0"} } }, { "from": [-11.08219, 17.38245, -2.5475], "to": [-9.62969, 18.02995, -2.0925], "rotation": {"angle": -45, "axis": "z", "origin": [-10.35594, 17.7062, -2.11]}, "faces": { "north": {"uv": [9, 1, 10, 2], "texture": "#0"}, "east": {"uv": [9, 1, 10, 2], "texture": "#0"}, "south": {"uv": [9, 1, 10, 2], "texture": "#0"}, "west": {"uv": [9, 1, 10, 2], "texture": "#0"}, "up": {"uv": [9, 1, 10, 2], "texture": "#0"}, "down": {"uv": [9, 1, 10, 2], "texture": "#0"} } }, { "from": [-10.57469, 15.50995, -2.5475], "to": [-9.92719, 18.43245, -2.0925], "rotation": {"angle": 22.5, "axis": "z", "origin": [-10.25094, 17.7062, -2.11]}, "faces": { "north": {"uv": [9, 1, 10, 2], "texture": "#0"}, "east": {"uv": [9, 1, 10, 2], "texture": "#0"}, "south": {"uv": [9, 1, 10, 2], "texture": "#0"}, "west": {"uv": [9, 1, 10, 2], "texture": "#0"}, "up": {"uv": [9, 1, 10, 2], "texture": "#0"}, "down": {"uv": [9, 1, 10, 2], "texture": "#0"} } }, { "from": [-9.77346, 15.72498, -2.5475], "to": [-9.12596, 15.79498, -2.0925], "rotation": {"angle": 45, "axis": "z", "origin": [-9.44971, 15.75123, -2.11]}, "faces": { "north": {"uv": [9, 1, 10, 2], "texture": "#0"}, "east": {"uv": [9, 1, 10, 2], "texture": "#0"}, "south": {"uv": [9, 1, 10, 2], "texture": "#0"}, "west": {"uv": [9, 1, 10, 2], "texture": "#0"}, "up": {"uv": [9, 1, 10, 2], "texture": "#0"}, "down": {"uv": [9, 1, 10, 2], "texture": "#0"} } }, { "from": [-9.53885, 15.46571, -2.5475], "to": [-9.48635, 16.11321, -2.0925], "rotation": {"angle": -22.5, "axis": "z", "origin": [-9.50385, 15.78946, -2.11]}, "faces": { "north": {"uv": [9, 1, 10, 2], "texture": "#0"}, "east": {"uv": [9, 1, 10, 2], "texture": "#0"}, "south": {"uv": [9, 1, 10, 2], "texture": "#0"}, "west": {"uv": [9, 1, 10, 2], "texture": "#0"}, "up": {"uv": [9, 1, 10, 2], "texture": "#0"}, "down": {"uv": [9, 1, 10, 2], "texture": "#0"} } }, { "from": [16.71893, 8.82463, -2.4075], "to": [19.71143, 9.12213, -2.11], "rotation": {"angle": 0, "axis": "y", "origin": [18.34643, 9.05213, -2.08375]}, "faces": { "north": {"uv": [1, 1, 2, 2], "texture": "#0"}, "east": {"uv": [1, 1, 2, 2], "texture": "#0"}, "south": {"uv": [1, 1, 2, 2], "texture": "#0"}, "west": {"uv": [1, 1, 2, 2], "texture": "#0"}, "up": {"uv": [1, 1, 2, 2], "texture": "#0"}, "down": {"uv": [1, 1, 2, 2], "texture": "#0"} } }, { "from": [25.08205, 14.58746, -2.4075], "to": [25.37955, 17.38746, -2.11], "rotation": {"angle": 0, "axis": "y", "origin": [25.2308, 15.86496, -2.08375]}, "faces": { "north": {"uv": [1, 1, 2, 2], "texture": "#0"}, "east": {"uv": [1, 1, 2, 2], "texture": "#0"}, "south": {"uv": [1, 1, 2, 2], "texture": "#0"}, "west": {"uv": [1, 1, 2, 2], "texture": "#0"}, "up": {"uv": [1, 1, 2, 2], "texture": "#0"}, "down": {"uv": [1, 1, 2, 2], "texture": "#0"} } }, { "from": [11.05081, 14.58746, -2.4075], "to": [11.34831, 17.38746, -2.11], "rotation": {"angle": 0, "axis": "y", "origin": [11.19956, 15.86496, -2.08375]}, "faces": { "north": {"uv": [1, 1, 2, 2], "texture": "#0"}, "east": {"uv": [1, 1, 2, 2], "texture": "#0"}, "south": {"uv": [1, 1, 2, 2], "texture": "#0"}, "west": {"uv": [1, 1, 2, 2], "texture": "#0"}, "up": {"uv": [1, 1, 2, 2], "texture": "#0"}, "down": {"uv": [1, 1, 2, 2], "texture": "#0"} } }, { "from": [24.62793, 11.76196, -2.4075], "to": [24.92543, 14.73696, -2.11], "rotation": {"angle": -22.5, "axis": "z", "origin": [24.77668, 13.52071, -2.08375]}, "faces": { "north": {"uv": [1, 1, 2, 2], "texture": "#0"}, "east": {"uv": [1, 1, 2, 2], "texture": "#0"}, "south": {"uv": [1, 1, 2, 2], "texture": "#0"}, "west": {"uv": [1, 1, 2, 2], "texture": "#0"}, "up": {"uv": [1, 1, 2, 2], "texture": "#0"}, "down": {"uv": [1, 1, 2, 2], "texture": "#0"} } }, { "from": [11.50492, 11.76196, -2.4075], "to": [11.80242, 14.73696, -2.11], "rotation": {"angle": 22.5, "axis": "z", "origin": [11.65367, 13.52071, -2.08375]}, "faces": { "north": {"uv": [1, 1, 2, 2], "texture": "#0"}, "east": {"uv": [1, 1, 2, 2], "texture": "#0"}, "south": {"uv": [1, 1, 2, 2], "texture": "#0"}, "west": {"uv": [1, 1, 2, 2], "texture": "#0"}, "up": {"uv": [1, 1, 2, 2], "texture": "#0"}, "down": {"uv": [1, 1, 2, 2], "texture": "#0"} } }, { "from": [23.33748, 9.46569, -2.4075], "to": [23.63498, 12.21319, -2.11], "rotation": {"angle": -45, "axis": "z", "origin": [23.48623, 11.29444, -2.08375]}, "faces": { "north": {"uv": [1, 1, 2, 2], "texture": "#0"}, "east": {"uv": [1, 1, 2, 2], "texture": "#0"}, "south": {"uv": [1, 1, 2, 2], "texture": "#0"}, "west": {"uv": [1, 1, 2, 2], "texture": "#0"}, "up": {"uv": [1, 1, 2, 2], "texture": "#0"}, "down": {"uv": [1, 1, 2, 2], "texture": "#0"} } }, { "from": [12.79538, 9.46569, -2.4075], "to": [13.09288, 12.21319, -2.11], "rotation": {"angle": 45, "axis": "z", "origin": [12.94413, 11.29444, -2.08375]}, "faces": { "north": {"uv": [1, 1, 2, 2], "texture": "#0"}, "east": {"uv": [1, 1, 2, 2], "texture": "#0"}, "south": {"uv": [1, 1, 2, 2], "texture": "#0"}, "west": {"uv": [1, 1, 2, 2], "texture": "#0"}, "up": {"uv": [1, 1, 2, 2], "texture": "#0"}, "down": {"uv": [1, 1, 2, 2], "texture": "#0"} } }, { "from": [19.58257, 9.17494, -2.4075], "to": [22.38257, 9.47244, -2.11], "rotation": {"angle": 22.5, "axis": "z", "origin": [20.52757, 9.32369, -2.08375]}, "faces": { "north": {"uv": [1, 1, 2, 2], "texture": "#0"}, "east": {"uv": [1, 1, 2, 2], "texture": "#0"}, "south": {"uv": [1, 1, 2, 2], "texture": "#0"}, "west": {"uv": [1, 1, 2, 2], "texture": "#0"}, "up": {"uv": [1, 1, 2, 2], "texture": "#0"}, "down": {"uv": [1, 1, 2, 2], "texture": "#0"} } }, { "from": [14.04779, 9.17494, -2.4075], "to": [16.84779, 9.47244, -2.11], "rotation": {"angle": -22.5, "axis": "z", "origin": [15.90279, 9.32369, -2.08375]}, "faces": { "north": {"uv": [1, 1, 2, 2], "texture": "#0"}, "east": {"uv": [1, 1, 2, 2], "texture": "#0"}, "south": {"uv": [1, 1, 2, 2], "texture": "#0"}, "west": {"uv": [1, 1, 2, 2], "texture": "#0"}, "up": {"uv": [1, 1, 2, 2], "texture": "#0"}, "down": {"uv": [1, 1, 2, 2], "texture": "#0"} } }, { "from": [16.015, 21.7525, -2.5475], "to": [20.18, 22.4, -2.0925], "rotation": {"angle": 0, "axis": "y", "origin": [13.635, 27.3, 3.14]}, "faces": { "north": {"uv": [9, 1, 10, 2], "texture": "#0"}, "east": {"uv": [9, 1, 10, 2], "texture": "#0"}, "south": {"uv": [9, 1, 10, 2], "texture": "#0"}, "west": {"uv": [9, 1, 10, 2], "texture": "#0"}, "up": {"uv": [9, 1, 10, 2], "texture": "#0"}, "down": {"uv": [9, 1, 10, 2], "texture": "#0"} } }, { "from": [12.10929, 21.18446, -2.5475], "to": [16.25679, 21.83196, -2.0925], "rotation": {"angle": 22.5, "axis": "z", "origin": [14.70804, 21.50821, -2.11]}, "faces": { "north": {"uv": [9, 1, 10, 2], "texture": "#0"}, "east": {"uv": [9, 1, 10, 2], "texture": "#0"}, "south": {"uv": [9, 1, 10, 2], "texture": "#0"}, "west": {"uv": [9, 1, 10, 2], "texture": "#0"}, "up": {"uv": [9, 1, 10, 2], "texture": "#0"}, "down": {"uv": [9, 1, 10, 2], "texture": "#0"} } }, { "from": [10.52632, 18.84683, -2.5475], "to": [12.88882, 19.75683, -2.0925], "rotation": {"angle": 45, "axis": "z", "origin": [11.26132, 19.43308, -2.11]}, "faces": { "north": {"uv": [9, 1, 10, 2], "texture": "#0"}, "east": {"uv": [9, 1, 10, 2], "texture": "#0"}, "south": {"uv": [9, 1, 10, 2], "texture": "#0"}, "west": {"uv": [9, 1, 10, 2], "texture": "#0"}, "up": {"uv": [9, 1, 10, 2], "texture": "#0"}, "down": {"uv": [9, 1, 10, 2], "texture": "#0"} } }, { "from": [10.02599, 18.35808, -2.5475], "to": [11.35599, 19.05808, -2.0925], "rotation": {"angle": -22.5, "axis": "z", "origin": [10.48099, 17.87683, -2.11]}, "faces": { "north": {"uv": [9, 1, 10, 2], "texture": "#0"}, "east": {"uv": [9, 1, 10, 2], "texture": "#0"}, "south": {"uv": [9, 1, 10, 2], "texture": "#0"}, "west": {"uv": [9, 1, 10, 2], "texture": "#0"}, "up": {"uv": [9, 1, 10, 2], "texture": "#0"}, "down": {"uv": [9, 1, 10, 2], "texture": "#0"} } }, { "from": [10.91849, 17.95558, -2.5475], "to": [11.35599, 20.16058, -2.0925], "rotation": {"angle": -22.5, "axis": "z", "origin": [10.48099, 17.87683, -2.11]}, "faces": { "north": {"uv": [9, 1, 10, 2], "texture": "#0"}, "east": {"uv": [9, 1, 10, 2], "texture": "#0"}, "south": {"uv": [9, 1, 10, 2], "texture": "#0"}, "west": {"uv": [9, 1, 10, 2], "texture": "#0"}, "up": {"uv": [9, 1, 10, 2], "texture": "#0"}, "down": {"uv": [9, 1, 10, 2], "texture": "#0"} } }, { "from": [10.24479, 16.06307, -2.5475], "to": [11.32979, 18.49557, -2.0925], "rotation": {"angle": 0, "axis": "y", "origin": [10.69979, 18.14557, -2.11]}, "faces": { "north": {"uv": [9, 1, 10, 2], "texture": "#0"}, "east": {"uv": [9, 1, 10, 2], "texture": "#0"}, "south": {"uv": [9, 1, 10, 2], "texture": "#0"}, "west": {"uv": [9, 1, 10, 2], "texture": "#0"}, "up": {"uv": [9, 1, 10, 2], "texture": "#0"}, "down": {"uv": [9, 1, 10, 2], "texture": "#0"} } }, { "from": [10.58853, 15.22745, -2.5475], "to": [11.27103, 16.31245, -2.0925], "rotation": {"angle": 22.5, "axis": "z", "origin": [11.04353, 15.3237, -2.11]}, "faces": { "north": {"uv": [9, 1, 10, 2], "texture": "#0"}, "east": {"uv": [9, 1, 10, 2], "texture": "#0"}, "south": {"uv": [9, 1, 10, 2], "texture": "#0"}, "west": {"uv": [9, 1, 10, 2], "texture": "#0"}, "up": {"uv": [9, 1, 10, 2], "texture": "#0"}, "down": {"uv": [9, 1, 10, 2], "texture": "#0"} } }, { "from": [10.94366, 15.32085, -2.5475], "to": [11.62616, 15.46085, -2.0925], "rotation": {"angle": 45, "axis": "z", "origin": [11.28491, 14.91835, -2.11]}, "faces": { "north": {"uv": [9, 1, 10, 2], "texture": "#0"}, "east": {"uv": [9, 1, 10, 2], "texture": "#0"}, "south": {"uv": [9, 1, 10, 2], "texture": "#0"}, "west": {"uv": [9, 1, 10, 2], "texture": "#0"}, "up": {"uv": [9, 1, 10, 2], "texture": "#0"}, "down": {"uv": [9, 1, 10, 2], "texture": "#0"} } }, { "from": [10.8808, 14.91121, -2.5475], "to": [11.0208, 15.59371, -2.0925], "rotation": {"angle": -22.5, "axis": "z", "origin": [10.9508, 15.25246, -2.11]}, "faces": { "north": {"uv": [9, 1, 10, 2], "texture": "#0"}, "east": {"uv": [9, 1, 10, 2], "texture": "#0"}, "south": {"uv": [9, 1, 10, 2], "texture": "#0"}, "west": {"uv": [9, 1, 10, 2], "texture": "#0"}, "up": {"uv": [9, 1, 10, 2], "texture": "#0"}, "down": {"uv": [9, 1, 10, 2], "texture": "#0"} } }, { "from": [10.8808, 14.91121, -2.5475], "to": [11.3358, 16.10121, -2.0925], "rotation": {"angle": 0, "axis": "y", "origin": [10.9508, 15.25246, -2.11]}, "faces": { "north": {"uv": [9, 1, 10, 2], "texture": "#0"}, "east": {"uv": [9, 1, 10, 2], "texture": "#0"}, "south": {"uv": [9, 1, 10, 2], "texture": "#0"}, "west": {"uv": [9, 1, 10, 2], "texture": "#0"}, "up": {"uv": [9, 1, 10, 2], "texture": "#0"}, "down": {"uv": [9, 1, 10, 2], "texture": "#0"} } }, { "from": [12.88882, 18.84683, -2.5475], "to": [13.43132, 19.40683, -2.0925], "rotation": {"angle": 45, "axis": "z", "origin": [11.26132, 19.43308, -2.11]}, "faces": { "north": {"uv": [9, 1, 10, 2], "texture": "#0"}, "east": {"uv": [9, 1, 10, 2], "texture": "#0"}, "south": {"uv": [9, 1, 10, 2], "texture": "#0"}, "west": {"uv": [9, 1, 10, 2], "texture": "#0"}, "up": {"uv": [9, 1, 10, 2], "texture": "#0"}, "down": {"uv": [9, 1, 10, 2], "texture": "#0"} } }, { "from": [25.78, 17.6225, -2.5475], "to": [27.425, 19.32, -2.0925], "rotation": {"angle": 0, "axis": "y", "origin": [20.88, 23.17, 3.14]}, "faces": { "north": {"uv": [9, 1, 10, 2], "texture": "#0"}, "east": {"uv": [9, 1, 10, 2], "texture": "#0"}, "south": {"uv": [9, 1, 10, 2], "texture": "#0"}, "west": {"uv": [9, 1, 10, 2], "texture": "#0"}, "up": {"uv": [9, 1, 10, 2], "texture": "#0"}, "down": {"uv": [9, 1, 10, 2], "texture": "#0"} } }, { "from": [25.10407, 15.48365, -2.5475], "to": [25.61157, 17.53115, -2.0925], "rotation": {"angle": 0, "axis": "y", "origin": [20.20407, 20.89115, 3.14]}, "faces": { "north": {"uv": [9, 1, 10, 2], "texture": "#0"}, "east": {"uv": [9, 1, 10, 2], "texture": "#0"}, "south": {"uv": [9, 1, 10, 2], "texture": "#0"}, "west": {"uv": [9, 1, 10, 2], "texture": "#0"}, "up": {"uv": [9, 1, 10, 2], "texture": "#0"}, "down": {"uv": [9, 1, 10, 2], "texture": "#0"} } }, { "from": [19.9935, 21.46239, -2.5475], "to": [25.051, 22.10989, -2.0925], "rotation": {"angle": -22.5, "axis": "z", "origin": [20.816, 21.78614, -2.11]}, "faces": { "north": {"uv": [9, 1, 10, 2], "texture": "#0"}, "east": {"uv": [9, 1, 10, 2], "texture": "#0"}, "south": {"uv": [9, 1, 10, 2], "texture": "#0"}, "west": {"uv": [9, 1, 10, 2], "texture": "#0"}, "up": {"uv": [9, 1, 10, 2], "texture": "#0"}, "down": {"uv": [9, 1, 10, 2], "texture": "#0"} } }, { "from": [23.88294, 18.12381, -2.5475], "to": [25.44044, 18.77131, -2.0925], "rotation": {"angle": -45, "axis": "z", "origin": [26.41169, 18.44756, -2.11]}, "faces": { "north": {"uv": [9, 1, 10, 2], "texture": "#0"}, "east": {"uv": [9, 1, 10, 2], "texture": "#0"}, "south": {"uv": [9, 1, 10, 2], "texture": "#0"}, "west": {"uv": [9, 1, 10, 2], "texture": "#0"}, "up": {"uv": [9, 1, 10, 2], "texture": "#0"}, "down": {"uv": [9, 1, 10, 2], "texture": "#0"} } }, { "from": [22.41294, 18.12381, -2.5475], "to": [23.97044, 18.77131, -2.0925], "rotation": {"angle": -45, "axis": "z", "origin": [25.64169, 18.44756, -2.11]}, "faces": { "north": {"uv": [9, 1, 10, 2], "texture": "#0"}, "east": {"uv": [9, 1, 10, 2], "texture": "#0"}, "south": {"uv": [9, 1, 10, 2], "texture": "#0"}, "west": {"uv": [9, 1, 10, 2], "texture": "#0"}, "up": {"uv": [9, 1, 10, 2], "texture": "#0"}, "down": {"uv": [9, 1, 10, 2], "texture": "#0"} } }, { "from": [24.50438, 16.67856, -2.5475], "to": [25.60688, 19.98606, -2.0925], "rotation": {"angle": 22.5, "axis": "z", "origin": [24.82813, 18.80481, -2.11]}, "faces": { "north": {"uv": [9, 1, 10, 2], "texture": "#0"}, "east": {"uv": [9, 1, 10, 2], "texture": "#0"}, "south": {"uv": [9, 1, 10, 2], "texture": "#0"}, "west": {"uv": [9, 1, 10, 2], "texture": "#0"}, "up": {"uv": [9, 1, 10, 2], "texture": "#0"}, "down": {"uv": [9, 1, 10, 2], "texture": "#0"} } }, { "from": [25.30233, 18.4413, -2.5475], "to": [26.75483, 19.7188, -2.0925], "rotation": {"angle": -22.5, "axis": "z", "origin": [25.73108, 19.39505, -2.11]}, "faces": { "north": {"uv": [9, 1, 10, 2], "texture": "#0"}, "east": {"uv": [9, 1, 10, 2], "texture": "#0"}, "south": {"uv": [9, 1, 10, 2], "texture": "#0"}, "west": {"uv": [9, 1, 10, 2], "texture": "#0"}, "up": {"uv": [9, 1, 10, 2], "texture": "#0"}, "down": {"uv": [9, 1, 10, 2], "texture": "#0"} } }, { "from": [25.54219, 17.38245, -2.5475], "to": [26.99469, 18.02995, -2.0925], "rotation": {"angle": 22.5, "axis": "z", "origin": [26.26844, 17.7062, -2.11]}, "faces": { "north": {"uv": [9, 1, 10, 2], "texture": "#0"}, "east": {"uv": [9, 1, 10, 2], "texture": "#0"}, "south": {"uv": [9, 1, 10, 2], "texture": "#0"}, "west": {"uv": [9, 1, 10, 2], "texture": "#0"}, "up": {"uv": [9, 1, 10, 2], "texture": "#0"}, "down": {"uv": [9, 1, 10, 2], "texture": "#0"} } }, { "from": [25.62969, 17.38245, -2.5475], "to": [27.08219, 18.02995, -2.0925], "rotation": {"angle": 45, "axis": "z", "origin": [26.35594, 17.7062, -2.11]}, "faces": { "north": {"uv": [9, 1, 10, 2], "texture": "#0"}, "east": {"uv": [9, 1, 10, 2], "texture": "#0"}, "south": {"uv": [9, 1, 10, 2], "texture": "#0"}, "west": {"uv": [9, 1, 10, 2], "texture": "#0"}, "up": {"uv": [9, 1, 10, 2], "texture": "#0"}, "down": {"uv": [9, 1, 10, 2], "texture": "#0"} } }, { "from": [25.92719, 15.50995, -2.5475], "to": [26.57469, 18.43245, -2.0925], "rotation": {"angle": -22.5, "axis": "z", "origin": [26.25094, 17.7062, -2.11]}, "faces": { "north": {"uv": [9, 1, 10, 2], "texture": "#0"}, "east": {"uv": [9, 1, 10, 2], "texture": "#0"}, "south": {"uv": [9, 1, 10, 2], "texture": "#0"}, "west": {"uv": [9, 1, 10, 2], "texture": "#0"}, "up": {"uv": [9, 1, 10, 2], "texture": "#0"}, "down": {"uv": [9, 1, 10, 2], "texture": "#0"} } }, { "from": [25.12596, 15.72498, -2.5475], "to": [25.77346, 15.79498, -2.0925], "rotation": {"angle": -45, "axis": "z", "origin": [25.44971, 15.75123, -2.11]}, "faces": { "north": {"uv": [9, 1, 10, 2], "texture": "#0"}, "east": {"uv": [9, 1, 10, 2], "texture": "#0"}, "south": {"uv": [9, 1, 10, 2], "texture": "#0"}, "west": {"uv": [9, 1, 10, 2], "texture": "#0"}, "up": {"uv": [9, 1, 10, 2], "texture": "#0"}, "down": {"uv": [9, 1, 10, 2], "texture": "#0"} } }, { "from": [25.48635, 15.46571, -2.5475], "to": [25.53885, 16.11321, -2.0925], "rotation": {"angle": 22.5, "axis": "z", "origin": [25.50385, 15.78946, -2.11]}, "faces": { "north": {"uv": [9, 1, 10, 2], "texture": "#0"}, "east": {"uv": [9, 1, 10, 2], "texture": "#0"}, "south": {"uv": [9, 1, 10, 2], "texture": "#0"}, "west": {"uv": [9, 1, 10, 2], "texture": "#0"}, "up": {"uv": [9, 1, 10, 2], "texture": "#0"}, "down": {"uv": [9, 1, 10, 2], "texture": "#0"} } }, { "from": [11.81893, 12.77213, -2.3575], "to": [24.61143, 13.49713, -2.26], "rotation": {"angle": 0, "axis": "y", "origin": [18.34643, 12.70213, -2.08375]}, "faces": { "north": {"uv": [9, 9, 10, 10], "texture": "#0"}, "east": {"uv": [9, 9, 10, 10], "texture": "#0"}, "south": {"uv": [9, 9, 10, 10], "texture": "#0"}, "west": {"uv": [9, 9, 10, 10], "texture": "#0"}, "up": {"uv": [9, 9, 10, 10], "texture": "#0"}, "down": {"uv": [9, 9, 10, 10], "texture": "#0"} } }, { "from": [11.51893, 13.49713, -2.3575], "to": [24.91143, 14.22213, -2.26], "rotation": {"angle": 0, "axis": "y", "origin": [18.34643, 13.42713, -2.08375]}, "faces": { "north": {"uv": [9, 9, 10, 10], "texture": "#0"}, "east": {"uv": [9, 9, 10, 10], "texture": "#0"}, "south": {"uv": [9, 9, 10, 10], "texture": "#0"}, "west": {"uv": [9, 9, 10, 10], "texture": "#0"}, "up": {"uv": [9, 9, 10, 10], "texture": "#0"}, "down": {"uv": [9, 9, 10, 10], "texture": "#0"} } }, { "from": [11.34393, 14.22213, -2.3575], "to": [25.08643, 19.94713, -2.26], "rotation": {"angle": 0, "axis": "y", "origin": [18.34643, 14.15213, -2.08375]}, "faces": { "north": {"uv": [9, 9, 10, 10], "texture": "#0"}, "east": {"uv": [9, 9, 10, 10], "texture": "#0"}, "south": {"uv": [9, 9, 10, 10], "texture": "#0"}, "west": {"uv": [9, 9, 10, 10], "texture": "#0"}, "up": {"uv": [9, 9, 10, 10], "texture": "#0"}, "down": {"uv": [9, 9, 10, 10], "texture": "#0"} } }, { "from": [12.61893, 19.94713, -2.3575], "to": [23.68643, 20.92213, -2.26], "rotation": {"angle": 0, "axis": "y", "origin": [18.34643, 14.15213, -2.08375]}, "faces": { "north": {"uv": [9, 9, 10, 10], "texture": "#0"}, "east": {"uv": [9, 9, 10, 10], "texture": "#0"}, "south": {"uv": [9, 9, 10, 10], "texture": "#0"}, "west": {"uv": [9, 9, 10, 10], "texture": "#0"}, "up": {"uv": [9, 9, 10, 10], "texture": "#0"}, "down": {"uv": [9, 9, 10, 10], "texture": "#0"} } }, { "from": [14.14393, 20.92213, -2.3575], "to": [22.06143, 21.59713, -2.26], "rotation": {"angle": 0, "axis": "y", "origin": [18.34643, 14.15213, -2.08375]}, "faces": { "north": {"uv": [9, 9, 10, 10], "texture": "#0"}, "east": {"uv": [9, 9, 10, 10], "texture": "#0"}, "south": {"uv": [9, 9, 10, 10], "texture": "#0"}, "west": {"uv": [9, 9, 10, 10], "texture": "#0"}, "up": {"uv": [9, 9, 10, 10], "texture": "#0"}, "down": {"uv": [9, 9, 10, 10], "texture": "#0"} } }, { "from": [15.71893, 21.59713, -2.3575], "to": [20.43643, 21.77213, -2.26], "rotation": {"angle": 0, "axis": "y", "origin": [18.34643, 14.15213, -2.08375]}, "faces": { "north": {"uv": [9, 9, 10, 10], "texture": "#0"}, "east": {"uv": [9, 9, 10, 10], "texture": "#0"}, "south": {"uv": [9, 9, 10, 10], "texture": "#0"}, "west": {"uv": [9, 9, 10, 10], "texture": "#0"}, "up": {"uv": [9, 9, 10, 10], "texture": "#0"}, "down": {"uv": [9, 9, 10, 10], "texture": "#0"} } }, { "from": [12.11893, 12.04713, -2.3575], "to": [24.31143, 12.77213, -2.26], "rotation": {"angle": 0, "axis": "y", "origin": [18.34643, 11.97713, -2.08375]}, "faces": { "north": {"uv": [9, 9, 10, 10], "texture": "#0"}, "east": {"uv": [9, 9, 10, 10], "texture": "#0"}, "south": {"uv": [9, 9, 10, 10], "texture": "#0"}, "west": {"uv": [9, 9, 10, 10], "texture": "#0"}, "up": {"uv": [9, 9, 10, 10], "texture": "#0"}, "down": {"uv": [9, 9, 10, 10], "texture": "#0"} } }, { "from": [12.41893, 11.62213, -2.3575], "to": [24.01143, 12.04713, -2.26], "rotation": {"angle": 0, "axis": "y", "origin": [18.34643, 11.55213, -2.08375]}, "faces": { "north": {"uv": [9, 9, 10, 10], "texture": "#0"}, "east": {"uv": [9, 9, 10, 10], "texture": "#0"}, "south": {"uv": [9, 9, 10, 10], "texture": "#0"}, "west": {"uv": [9, 9, 10, 10], "texture": "#0"}, "up": {"uv": [9, 9, 10, 10], "texture": "#0"}, "down": {"uv": [9, 9, 10, 10], "texture": "#0"} } }, { "from": [12.81893, 11.22213, -2.3575], "to": [23.61143, 11.62213, -2.26], "rotation": {"angle": 0, "axis": "y", "origin": [18.34643, 11.15213, -2.08375]}, "faces": { "north": {"uv": [9, 9, 10, 10], "texture": "#0"}, "east": {"uv": [9, 9, 10, 10], "texture": "#0"}, "south": {"uv": [9, 9, 10, 10], "texture": "#0"}, "west": {"uv": [9, 9, 10, 10], "texture": "#0"}, "up": {"uv": [9, 9, 10, 10], "texture": "#0"}, "down": {"uv": [9, 9, 10, 10], "texture": "#0"} } }, { "from": [13.21893, 10.82213, -2.3575], "to": [23.21143, 11.22213, -2.26], "rotation": {"angle": 0, "axis": "y", "origin": [18.34643, 10.75213, -2.08375]}, "faces": { "north": {"uv": [9, 9, 10, 10], "texture": "#0"}, "east": {"uv": [9, 9, 10, 10], "texture": "#0"}, "south": {"uv": [9, 9, 10, 10], "texture": "#0"}, "west": {"uv": [9, 9, 10, 10], "texture": "#0"}, "up": {"uv": [9, 9, 10, 10], "texture": "#0"}, "down": {"uv": [9, 9, 10, 10], "texture": "#0"} } }, { "from": [13.64393, 10.42213, -2.3575], "to": [22.81143, 10.82213, -2.26], "rotation": {"angle": 0, "axis": "y", "origin": [18.34643, 10.35213, -2.08375]}, "faces": { "north": {"uv": [9, 9, 10, 10], "texture": "#0"}, "east": {"uv": [9, 9, 10, 10], "texture": "#0"}, "south": {"uv": [9, 9, 10, 10], "texture": "#0"}, "west": {"uv": [9, 9, 10, 10], "texture": "#0"}, "up": {"uv": [9, 9, 10, 10], "texture": "#0"}, "down": {"uv": [9, 9, 10, 10], "texture": "#0"} } }, { "from": [14.04393, 10.02213, -2.3575], "to": [22.41143, 10.42213, -2.26], "rotation": {"angle": 0, "axis": "y", "origin": [18.34643, 9.95213, -2.08375]}, "faces": { "north": {"uv": [9, 9, 10, 10], "texture": "#0"}, "east": {"uv": [9, 9, 10, 10], "texture": "#0"}, "south": {"uv": [9, 9, 10, 10], "texture": "#0"}, "west": {"uv": [9, 9, 10, 10], "texture": "#0"}, "up": {"uv": [9, 9, 10, 10], "texture": "#0"}, "down": {"uv": [9, 9, 10, 10], "texture": "#0"} } }, { "from": [14.56893, 9.72213, -2.3575], "to": [21.86143, 10.02213, -2.26], "rotation": {"angle": 0, "axis": "y", "origin": [18.34643, 9.65213, -2.08375]}, "faces": { "north": {"uv": [9, 9, 10, 10], "texture": "#0"}, "east": {"uv": [9, 9, 10, 10], "texture": "#0"}, "south": {"uv": [9, 9, 10, 10], "texture": "#0"}, "west": {"uv": [9, 9, 10, 10], "texture": "#0"}, "up": {"uv": [9, 9, 10, 10], "texture": "#0"}, "down": {"uv": [9, 9, 10, 10], "texture": "#0"} } }, { "from": [15.31893, 9.42213, -2.3575], "to": [21.13643, 9.72213, -2.26], "rotation": {"angle": 0, "axis": "y", "origin": [18.34643, 9.35213, -2.08375]}, "faces": { "north": {"uv": [9, 9, 10, 10], "texture": "#0"}, "east": {"uv": [9, 9, 10, 10], "texture": "#0"}, "south": {"uv": [9, 9, 10, 10], "texture": "#0"}, "west": {"uv": [9, 9, 10, 10], "texture": "#0"}, "up": {"uv": [9, 9, 10, 10], "texture": "#0"}, "down": {"uv": [9, 9, 10, 10], "texture": "#0"} } }, { "from": [16.01893, 9.12213, -2.3575], "to": [20.41143, 9.42213, -2.26], "rotation": {"angle": 0, "axis": "y", "origin": [18.34643, 9.05213, -2.08375]}, "faces": { "north": {"uv": [9, 9, 10, 10], "texture": "#0"}, "east": {"uv": [9, 9, 10, 10], "texture": "#0"}, "south": {"uv": [9, 9, 10, 10], "texture": "#0"}, "west": {"uv": [9, 9, 10, 10], "texture": "#0"}, "up": {"uv": [9, 9, 10, 10], "texture": "#0"}, "down": {"uv": [9, 9, 10, 10], "texture": "#0"} } }, { "from": [-8.61143, 12.77213, -2.3575], "to": [4.18107, 13.49713, -2.26], "rotation": {"angle": 0, "axis": "y", "origin": [-2.34643, 12.70213, -2.08375]}, "faces": { "north": {"uv": [10, 9, 9, 10], "texture": "#0"}, "east": {"uv": [10, 9, 9, 10], "texture": "#0"}, "south": {"uv": [10, 9, 9, 10], "texture": "#0"}, "west": {"uv": [10, 9, 9, 10], "texture": "#0"}, "up": {"uv": [10, 9, 9, 10], "texture": "#0"}, "down": {"uv": [10, 9, 9, 10], "texture": "#0"} } }, { "from": [-8.91143, 13.49713, -2.3575], "to": [4.48107, 14.22213, -2.26], "rotation": {"angle": 0, "axis": "y", "origin": [-2.34643, 13.42713, -2.08375]}, "faces": { "north": {"uv": [10, 9, 9, 10], "texture": "#0"}, "east": {"uv": [10, 9, 9, 10], "texture": "#0"}, "south": {"uv": [10, 9, 9, 10], "texture": "#0"}, "west": {"uv": [10, 9, 9, 10], "texture": "#0"}, "up": {"uv": [10, 9, 9, 10], "texture": "#0"}, "down": {"uv": [10, 9, 9, 10], "texture": "#0"} } }, { "from": [-9.08643, 14.22213, -2.3575], "to": [4.65607, 19.94713, -2.26], "rotation": {"angle": 0, "axis": "y", "origin": [-2.34643, 14.15213, -2.08375]}, "faces": { "north": {"uv": [10, 9, 9, 10], "texture": "#0"}, "east": {"uv": [10, 9, 9, 10], "texture": "#0"}, "south": {"uv": [10, 9, 9, 10], "texture": "#0"}, "west": {"uv": [10, 9, 9, 10], "texture": "#0"}, "up": {"uv": [10, 9, 9, 10], "texture": "#0"}, "down": {"uv": [10, 9, 9, 10], "texture": "#0"} } }, { "from": [-7.68643, 19.94713, -2.3575], "to": [3.38107, 20.92213, -2.26], "rotation": {"angle": 0, "axis": "y", "origin": [-2.34643, 14.15213, -2.08375]}, "faces": { "north": {"uv": [10, 9, 9, 10], "texture": "#0"}, "east": {"uv": [10, 9, 9, 10], "texture": "#0"}, "south": {"uv": [10, 9, 9, 10], "texture": "#0"}, "west": {"uv": [10, 9, 9, 10], "texture": "#0"}, "up": {"uv": [10, 9, 9, 10], "texture": "#0"}, "down": {"uv": [10, 9, 9, 10], "texture": "#0"} } }, { "from": [-6.06143, 20.92213, -2.3575], "to": [1.85607, 21.59713, -2.26], "rotation": {"angle": 0, "axis": "y", "origin": [-2.34643, 14.15213, -2.08375]}, "faces": { "north": {"uv": [10, 9, 9, 10], "texture": "#0"}, "east": {"uv": [10, 9, 9, 10], "texture": "#0"}, "south": {"uv": [10, 9, 9, 10], "texture": "#0"}, "west": {"uv": [10, 9, 9, 10], "texture": "#0"}, "up": {"uv": [10, 9, 9, 10], "texture": "#0"}, "down": {"uv": [10, 9, 9, 10], "texture": "#0"} } }, { "from": [-4.43643, 21.59713, -2.3575], "to": [0.28107, 21.77213, -2.26], "rotation": {"angle": 0, "axis": "y", "origin": [-2.34643, 14.15213, -2.08375]}, "faces": { "north": {"uv": [10, 9, 9, 10], "texture": "#0"}, "east": {"uv": [10, 9, 9, 10], "texture": "#0"}, "south": {"uv": [10, 9, 9, 10], "texture": "#0"}, "west": {"uv": [10, 9, 9, 10], "texture": "#0"}, "up": {"uv": [10, 9, 9, 10], "texture": "#0"}, "down": {"uv": [10, 9, 9, 10], "texture": "#0"} } }, { "from": [-8.31143, 12.04713, -2.3575], "to": [3.88107, 12.77213, -2.26], "rotation": {"angle": 0, "axis": "y", "origin": [-2.34643, 11.97713, -2.08375]}, "faces": { "north": {"uv": [10, 9, 9, 10], "texture": "#0"}, "east": {"uv": [10, 9, 9, 10], "texture": "#0"}, "south": {"uv": [10, 9, 9, 10], "texture": "#0"}, "west": {"uv": [10, 9, 9, 10], "texture": "#0"}, "up": {"uv": [10, 9, 9, 10], "texture": "#0"}, "down": {"uv": [10, 9, 9, 10], "texture": "#0"} } }, { "from": [-8.01143, 11.62213, -2.3575], "to": [3.58107, 12.04713, -2.26], "rotation": {"angle": 0, "axis": "y", "origin": [-2.34643, 11.55213, -2.08375]}, "faces": { "north": {"uv": [10, 9, 9, 10], "texture": "#0"}, "east": {"uv": [10, 9, 9, 10], "texture": "#0"}, "south": {"uv": [10, 9, 9, 10], "texture": "#0"}, "west": {"uv": [10, 9, 9, 10], "texture": "#0"}, "up": {"uv": [10, 9, 9, 10], "texture": "#0"}, "down": {"uv": [10, 9, 9, 10], "texture": "#0"} } }, { "from": [-7.61143, 11.22213, -2.3575], "to": [3.18107, 11.62213, -2.26], "rotation": {"angle": 0, "axis": "y", "origin": [-2.34643, 11.15213, -2.08375]}, "faces": { "north": {"uv": [10, 9, 9, 10], "texture": "#0"}, "east": {"uv": [10, 9, 9, 10], "texture": "#0"}, "south": {"uv": [10, 9, 9, 10], "texture": "#0"}, "west": {"uv": [10, 9, 9, 10], "texture": "#0"}, "up": {"uv": [10, 9, 9, 10], "texture": "#0"}, "down": {"uv": [10, 9, 9, 10], "texture": "#0"} } }, { "from": [-7.21143, 10.82213, -2.3575], "to": [2.78107, 11.22213, -2.26], "rotation": {"angle": 0, "axis": "y", "origin": [-2.34643, 10.75213, -2.08375]}, "faces": { "north": {"uv": [10, 9, 9, 10], "texture": "#0"}, "east": {"uv": [10, 9, 9, 10], "texture": "#0"}, "south": {"uv": [10, 9, 9, 10], "texture": "#0"}, "west": {"uv": [10, 9, 9, 10], "texture": "#0"}, "up": {"uv": [10, 9, 9, 10], "texture": "#0"}, "down": {"uv": [10, 9, 9, 10], "texture": "#0"} } }, { "from": [-6.81143, 10.42213, -2.3575], "to": [2.35607, 10.82213, -2.26], "rotation": {"angle": 0, "axis": "y", "origin": [-2.34643, 10.35213, -2.08375]}, "faces": { "north": {"uv": [10, 9, 9, 10], "texture": "#0"}, "east": {"uv": [10, 9, 9, 10], "texture": "#0"}, "south": {"uv": [10, 9, 9, 10], "texture": "#0"}, "west": {"uv": [10, 9, 9, 10], "texture": "#0"}, "up": {"uv": [10, 9, 9, 10], "texture": "#0"}, "down": {"uv": [10, 9, 9, 10], "texture": "#0"} } }, { "from": [-6.41143, 10.02213, -2.3575], "to": [1.95607, 10.42213, -2.26], "rotation": {"angle": 0, "axis": "y", "origin": [-2.34643, 9.95213, -2.08375]}, "faces": { "north": {"uv": [10, 9, 9, 10], "texture": "#0"}, "east": {"uv": [10, 9, 9, 10], "texture": "#0"}, "south": {"uv": [10, 9, 9, 10], "texture": "#0"}, "west": {"uv": [10, 9, 9, 10], "texture": "#0"}, "up": {"uv": [10, 9, 9, 10], "texture": "#0"}, "down": {"uv": [10, 9, 9, 10], "texture": "#0"} } }, { "from": [-5.86143, 9.72213, -2.3575], "to": [1.43107, 10.02213, -2.26], "rotation": {"angle": 0, "axis": "y", "origin": [-2.34643, 9.65213, -2.08375]}, "faces": { "north": {"uv": [10, 9, 9, 10], "texture": "#0"}, "east": {"uv": [10, 9, 9, 10], "texture": "#0"}, "south": {"uv": [10, 9, 9, 10], "texture": "#0"}, "west": {"uv": [10, 9, 9, 10], "texture": "#0"}, "up": {"uv": [10, 9, 9, 10], "texture": "#0"}, "down": {"uv": [10, 9, 9, 10], "texture": "#0"} } }, { "from": [-5.13643, 9.42213, -2.3575], "to": [0.68107, 9.72213, -2.26], "rotation": {"angle": 0, "axis": "y", "origin": [-2.34643, 9.35213, -2.08375]}, "faces": { "north": {"uv": [10, 9, 9, 10], "texture": "#0"}, "east": {"uv": [10, 9, 9, 10], "texture": "#0"}, "south": {"uv": [10, 9, 9, 10], "texture": "#0"}, "west": {"uv": [10, 9, 9, 10], "texture": "#0"}, "up": {"uv": [10, 9, 9, 10], "texture": "#0"}, "down": {"uv": [10, 9, 9, 10], "texture": "#0"} } }, { "from": [-4.41143, 9.12213, -2.3575], "to": [-0.01893, 9.42213, -2.26], "rotation": {"angle": 0, "axis": "y", "origin": [-2.34643, 9.05213, -2.08375]}, "faces": { "north": {"uv": [10, 9, 9, 10], "texture": "#0"}, "east": {"uv": [10, 9, 9, 10], "texture": "#0"}, "south": {"uv": [10, 9, 9, 10], "texture": "#0"}, "west": {"uv": [10, 9, 9, 10], "texture": "#0"}, "up": {"uv": [10, 9, 9, 10], "texture": "#0"}, "down": {"uv": [10, 9, 9, 10], "texture": "#0"} } }, { "from": [27.04485, 18.52143, -2.52836], "to": [27.39073, 19.12671, 9.98447], "rotation": {"angle": 0, "axis": "y", "origin": [26.95838, 12.54606, 16.8785]}, "faces": { "north": {"uv": [1, 1, 2, 2], "texture": "#0"}, "east": {"uv": [1, 1, 2, 2], "texture": "#0"}, "south": {"uv": [1, 1, 2, 2], "texture": "#0"}, "west": {"uv": [1, 1, 2, 2], "texture": "#0"}, "up": {"uv": [1, 1, 2, 2], "texture": "#0"}, "down": {"uv": [1, 1, 2, 2], "texture": "#0"} } }, { "from": [-11.39073, 18.52143, -2.52836], "to": [-11.04485, 19.12671, 9.98447], "rotation": {"angle": 0, "axis": "y", "origin": [-10.95838, 12.54606, 16.8785]}, "faces": { "north": {"uv": [1, 1, 2, 2], "texture": "#0"}, "east": {"uv": [1, 1, 2, 2], "texture": "#0"}, "south": {"uv": [1, 1, 2, 2], "texture": "#0"}, "west": {"uv": [1, 1, 2, 2], "texture": "#0"}, "up": {"uv": [1, 1, 2, 2], "texture": "#0"}, "down": {"uv": [1, 1, 2, 2], "texture": "#0"} } }, { "from": [27.00162, 10.78099, 21.19246], "to": [27.43396, 12.19909, 22.36844], "rotation": {"angle": 0, "axis": "y", "origin": [27.00162, 13.80166, 19.04645]}, "faces": { "north": {"uv": [9, 2, 10, 3], "texture": "#0"}, "east": {"uv": [9, 2, 10, 3], "texture": "#0"}, "south": {"uv": [9, 2, 10, 3], "texture": "#0"}, "west": {"uv": [9, 2, 10, 3], "texture": "#0"}, "up": {"uv": [9, 2, 10, 3], "texture": "#0"}, "down": {"uv": [9, 2, 10, 3], "texture": "#0"} } }, { "from": [-11.43396, 10.78099, 21.19246], "to": [-11.00162, 12.19909, 22.36844], "rotation": {"angle": 0, "axis": "y", "origin": [-11.00162, 13.80166, 19.04645]}, "faces": { "north": {"uv": [9, 2, 10, 3], "texture": "#0"}, "east": {"uv": [9, 2, 10, 3], "texture": "#0"}, "south": {"uv": [9, 2, 10, 3], "texture": "#0"}, "west": {"uv": [9, 2, 10, 3], "texture": "#0"}, "up": {"uv": [9, 2, 10, 3], "texture": "#0"}, "down": {"uv": [9, 2, 10, 3], "texture": "#0"} } }, { "from": [27.00162, 11.83217, 21.42413], "to": [27.43396, 13.54426, 22.18506], "rotation": {"angle": 22.5, "axis": "x", "origin": [27.00162, 13.80166, 19.04645]}, "faces": { "north": {"uv": [9, 2, 10, 3], "texture": "#0"}, "east": {"uv": [9, 2, 10, 3], "texture": "#0"}, "south": {"uv": [9, 2, 10, 3], "texture": "#0"}, "west": {"uv": [9, 2, 10, 3], "texture": "#0"}, "up": {"uv": [9, 2, 10, 3], "texture": "#0"}, "down": {"uv": [9, 2, 10, 3], "texture": "#0"} } }, { "from": [-11.43396, 11.83217, 21.42413], "to": [-11.00162, 13.54426, 22.18506], "rotation": {"angle": 22.5, "axis": "x", "origin": [-11.00162, 13.80166, 19.04645]}, "faces": { "north": {"uv": [9, 2, 10, 3], "texture": "#0"}, "east": {"uv": [9, 2, 10, 3], "texture": "#0"}, "south": {"uv": [9, 2, 10, 3], "texture": "#0"}, "west": {"uv": [9, 2, 10, 3], "texture": "#0"}, "up": {"uv": [9, 2, 10, 3], "texture": "#0"}, "down": {"uv": [9, 2, 10, 3], "texture": "#0"} } }, { "from": [27.00162, 12.89199, 21.32237], "to": [27.43396, 14.60408, 21.99683], "rotation": {"angle": 45, "axis": "x", "origin": [27.00162, 13.80166, 19.04645]}, "faces": { "north": {"uv": [9, 2, 10, 3], "texture": "#0"}, "east": {"uv": [9, 2, 10, 3], "texture": "#0"}, "south": {"uv": [9, 2, 10, 3], "texture": "#0"}, "west": {"uv": [9, 2, 10, 3], "texture": "#0"}, "up": {"uv": [9, 2, 10, 3], "texture": "#0"}, "down": {"uv": [9, 2, 10, 3], "texture": "#0"} } }, { "from": [-11.43396, 12.89199, 21.32237], "to": [-11.00162, 14.60408, 21.99683], "rotation": {"angle": 45, "axis": "x", "origin": [-11.00162, 13.80166, 19.04645]}, "faces": { "north": {"uv": [9, 2, 10, 3], "texture": "#0"}, "east": {"uv": [9, 2, 10, 3], "texture": "#0"}, "south": {"uv": [9, 2, 10, 3], "texture": "#0"}, "west": {"uv": [9, 2, 10, 3], "texture": "#0"}, "up": {"uv": [9, 2, 10, 3], "texture": "#0"}, "down": {"uv": [9, 2, 10, 3], "texture": "#0"} } }, { "from": [27.00162, 11.35114, 19.07201], "to": [27.43396, 14.32568, 20.16152], "rotation": {"angle": -22.5, "axis": "x", "origin": [27.00162, 13.80166, 19.04645]}, "faces": { "north": {"uv": [9, 2, 10, 3], "texture": "#0"}, "east": {"uv": [9, 2, 10, 3], "texture": "#0"}, "south": {"uv": [9, 2, 10, 3], "texture": "#0"}, "west": {"uv": [9, 2, 10, 3], "texture": "#0"}, "up": {"uv": [9, 2, 10, 3], "texture": "#0"}, "down": {"uv": [9, 2, 10, 3], "texture": "#0"} } }, { "from": [-11.43396, 11.35114, 19.07201], "to": [-11.00162, 14.32568, 20.16152], "rotation": {"angle": -22.5, "axis": "x", "origin": [-11.00162, 13.80166, 19.04645]}, "faces": { "north": {"uv": [9, 2, 10, 3], "texture": "#0"}, "east": {"uv": [9, 2, 10, 3], "texture": "#0"}, "south": {"uv": [9, 2, 10, 3], "texture": "#0"}, "west": {"uv": [9, 2, 10, 3], "texture": "#0"}, "up": {"uv": [9, 2, 10, 3], "texture": "#0"}, "down": {"uv": [9, 2, 10, 3], "texture": "#0"} } }, { "from": [27.00162, 11.30176, 19.26346], "to": [27.43396, 16.90496, 19.69581], "rotation": {"angle": -45, "axis": "x", "origin": [27.00162, 13.80166, 19.04645]}, "faces": { "north": {"uv": [9, 2, 10, 3], "texture": "#0"}, "east": {"uv": [9, 2, 10, 3], "texture": "#0"}, "south": {"uv": [9, 2, 10, 3], "texture": "#0"}, "west": {"uv": [9, 2, 10, 3], "texture": "#0"}, "up": {"uv": [9, 2, 10, 3], "texture": "#0"}, "down": {"uv": [9, 2, 10, 3], "texture": "#0"} } }, { "from": [-11.43396, 11.30176, 19.26346], "to": [-11.00162, 16.90496, 19.69581], "rotation": {"angle": -45, "axis": "x", "origin": [-11.00162, 13.80166, 19.04645]}, "faces": { "north": {"uv": [9, 2, 10, 3], "texture": "#0"}, "east": {"uv": [9, 2, 10, 3], "texture": "#0"}, "south": {"uv": [9, 2, 10, 3], "texture": "#0"}, "west": {"uv": [9, 2, 10, 3], "texture": "#0"}, "up": {"uv": [9, 2, 10, 3], "texture": "#0"}, "down": {"uv": [9, 2, 10, 3], "texture": "#0"} } }, { "from": [27.00162, 16.75178, 18.05936], "to": [27.43396, 18.11799, 18.49171], "rotation": {"angle": -22.5, "axis": "x", "origin": [27.00162, 13.80166, 19.04645]}, "faces": { "north": {"uv": [9, 2, 10, 3], "texture": "#0"}, "east": {"uv": [9, 2, 10, 3], "texture": "#0"}, "south": {"uv": [9, 2, 10, 3], "texture": "#0"}, "west": {"uv": [9, 2, 10, 3], "texture": "#0"}, "up": {"uv": [9, 2, 10, 3], "texture": "#0"}, "down": {"uv": [9, 2, 10, 3], "texture": "#0"} } }, { "from": [-11.43396, 16.75178, 18.05936], "to": [-11.00162, 18.11799, 18.49171], "rotation": {"angle": -22.5, "axis": "x", "origin": [-11.00162, 13.80166, 19.04645]}, "faces": { "north": {"uv": [9, 2, 10, 3], "texture": "#0"}, "east": {"uv": [9, 2, 10, 3], "texture": "#0"}, "south": {"uv": [9, 2, 10, 3], "texture": "#0"}, "west": {"uv": [9, 2, 10, 3], "texture": "#0"}, "up": {"uv": [9, 2, 10, 3], "texture": "#0"}, "down": {"uv": [9, 2, 10, 3], "texture": "#0"} } }, { "from": [27.00162, 9.73966, 20.9596], "to": [27.43396, 10.82917, 21.47842], "rotation": {"angle": -22.5, "axis": "x", "origin": [27.00162, 13.80166, 19.04645]}, "faces": { "north": {"uv": [9, 2, 10, 3], "texture": "#0"}, "east": {"uv": [9, 2, 10, 3], "texture": "#0"}, "south": {"uv": [9, 2, 10, 3], "texture": "#0"}, "west": {"uv": [9, 2, 10, 3], "texture": "#0"}, "up": {"uv": [9, 2, 10, 3], "texture": "#0"}, "down": {"uv": [9, 2, 10, 3], "texture": "#0"} } }, { "from": [-11.43396, 9.73966, 20.9596], "to": [-11.00162, 10.82917, 21.47842], "rotation": {"angle": -22.5, "axis": "x", "origin": [-11.00162, 13.80166, 19.04645]}, "faces": { "north": {"uv": [9, 2, 10, 3], "texture": "#0"}, "east": {"uv": [9, 2, 10, 3], "texture": "#0"}, "south": {"uv": [9, 2, 10, 3], "texture": "#0"}, "west": {"uv": [9, 2, 10, 3], "texture": "#0"}, "up": {"uv": [9, 2, 10, 3], "texture": "#0"}, "down": {"uv": [9, 2, 10, 3], "texture": "#0"} } }, { "from": [27.00162, 9.11818, 19.73884], "to": [27.43396, 9.55053, 19.89449], "rotation": {"angle": -45, "axis": "x", "origin": [27.00162, 13.80166, 19.04645]}, "faces": { "north": {"uv": [9, 2, 10, 3], "texture": "#0"}, "east": {"uv": [9, 2, 10, 3], "texture": "#0"}, "south": {"uv": [9, 2, 10, 3], "texture": "#0"}, "west": {"uv": [9, 2, 10, 3], "texture": "#0"}, "up": {"uv": [9, 2, 10, 3], "texture": "#0"}, "down": {"uv": [9, 2, 10, 3], "texture": "#0"} } }, { "from": [-11.43396, 9.11818, 19.73884], "to": [-11.00162, 9.55053, 19.89449], "rotation": {"angle": -45, "axis": "x", "origin": [-11.00162, 13.80166, 19.04645]}, "faces": { "north": {"uv": [9, 2, 10, 3], "texture": "#0"}, "east": {"uv": [9, 2, 10, 3], "texture": "#0"}, "south": {"uv": [9, 2, 10, 3], "texture": "#0"}, "west": {"uv": [9, 2, 10, 3], "texture": "#0"}, "up": {"uv": [9, 2, 10, 3], "texture": "#0"}, "down": {"uv": [9, 2, 10, 3], "texture": "#0"} } }, { "from": [27.00162, 14.34846, 13.74134], "to": [27.43396, 15.04021, 23.33941], "rotation": {"angle": 45, "axis": "x", "origin": [27.00162, 13.80166, 19.04645]}, "faces": { "north": {"uv": [9, 2, 10, 3], "texture": "#0"}, "east": {"uv": [9, 2, 10, 3], "texture": "#0"}, "south": {"uv": [9, 2, 10, 3], "texture": "#0"}, "west": {"uv": [9, 2, 10, 3], "texture": "#0"}, "up": {"uv": [9, 2, 10, 3], "texture": "#0"}, "down": {"uv": [9, 2, 10, 3], "texture": "#0"} } }, { "from": [-11.43396, 14.34846, 13.74134], "to": [-11.00162, 15.04021, 23.33941], "rotation": {"angle": 45, "axis": "x", "origin": [-11.00162, 13.80166, 19.04645]}, "faces": { "north": {"uv": [9, 2, 10, 3], "texture": "#0"}, "east": {"uv": [9, 2, 10, 3], "texture": "#0"}, "south": {"uv": [9, 2, 10, 3], "texture": "#0"}, "west": {"uv": [9, 2, 10, 3], "texture": "#0"}, "up": {"uv": [9, 2, 10, 3], "texture": "#0"}, "down": {"uv": [9, 2, 10, 3], "texture": "#0"} } }, { "from": [27.00162, 18.4782, 8.25947], "to": [27.43396, 19.16995, 14.38148], "rotation": {"angle": 0, "axis": "y", "origin": [27.00162, 13.80166, 18.3547]}, "faces": { "north": {"uv": [9, 2, 10, 3], "texture": "#0"}, "east": {"uv": [9, 2, 10, 3], "texture": "#0"}, "south": {"uv": [9, 2, 10, 3], "texture": "#0"}, "west": {"uv": [9, 2, 10, 3], "texture": "#0"}, "up": {"uv": [9, 2, 10, 3], "texture": "#0"}, "down": {"uv": [9, 2, 10, 3], "texture": "#0"} } }, { "from": [-11.43396, 18.4782, 8.25947], "to": [-11.00162, 19.16995, 14.38148], "rotation": {"angle": 0, "axis": "y", "origin": [-11.00162, 13.80166, 18.3547]}, "faces": { "north": {"uv": [9, 2, 10, 3], "texture": "#0"}, "east": {"uv": [9, 2, 10, 3], "texture": "#0"}, "south": {"uv": [9, 2, 10, 3], "texture": "#0"}, "west": {"uv": [9, 2, 10, 3], "texture": "#0"}, "up": {"uv": [9, 2, 10, 3], "texture": "#0"}, "down": {"uv": [9, 2, 10, 3], "texture": "#0"} } }, { "from": [27.00162, 16.28435, 12.68223], "to": [27.43396, 16.97611, 14.61914], "rotation": {"angle": 22.5, "axis": "x", "origin": [27.00162, 13.80166, 19.04645]}, "faces": { "north": {"uv": [9, 2, 10, 3], "texture": "#0"}, "east": {"uv": [9, 2, 10, 3], "texture": "#0"}, "south": {"uv": [9, 2, 10, 3], "texture": "#0"}, "west": {"uv": [9, 2, 10, 3], "texture": "#0"}, "up": {"uv": [9, 2, 10, 3], "texture": "#0"}, "down": {"uv": [9, 2, 10, 3], "texture": "#0"} } }, { "from": [-11.43396, 16.28435, 12.68223], "to": [-11.00162, 16.97611, 14.61914], "rotation": {"angle": 22.5, "axis": "x", "origin": [-11.00162, 13.80166, 19.04645]}, "faces": { "north": {"uv": [9, 2, 10, 3], "texture": "#0"}, "east": {"uv": [9, 2, 10, 3], "texture": "#0"}, "south": {"uv": [9, 2, 10, 3], "texture": "#0"}, "west": {"uv": [9, 2, 10, 3], "texture": "#0"}, "up": {"uv": [9, 2, 10, 3], "texture": "#0"}, "down": {"uv": [9, 2, 10, 3], "texture": "#0"} } }, { "from": [27.00162, 12.79285, 23.2656], "to": [27.43396, 12.91391, 23.69794], "rotation": {"angle": 22.5, "axis": "x", "origin": [27.00162, 13.80166, 19.04645]}, "faces": { "north": {"uv": [9, 2, 10, 3], "texture": "#0"}, "east": {"uv": [9, 2, 10, 3], "texture": "#0"}, "south": {"uv": [9, 2, 10, 3], "texture": "#0"}, "west": {"uv": [9, 2, 10, 3], "texture": "#0"}, "up": {"uv": [9, 2, 10, 3], "texture": "#0"}, "down": {"uv": [9, 2, 10, 3], "texture": "#0"} } }, { "from": [-11.43396, 12.79285, 23.2656], "to": [-11.00162, 12.91391, 23.69794], "rotation": {"angle": 22.5, "axis": "x", "origin": [-11.00162, 13.80166, 19.04645]}, "faces": { "north": {"uv": [9, 2, 10, 3], "texture": "#0"}, "east": {"uv": [9, 2, 10, 3], "texture": "#0"}, "south": {"uv": [9, 2, 10, 3], "texture": "#0"}, "west": {"uv": [9, 2, 10, 3], "texture": "#0"}, "up": {"uv": [9, 2, 10, 3], "texture": "#0"}, "down": {"uv": [9, 2, 10, 3], "texture": "#0"} } }, { "from": [27.00162, 10.18839, 21.40122], "to": [27.43396, 10.30945, 21.83357], "rotation": {"angle": -22.5, "axis": "x", "origin": [27.00162, 13.80166, 19.04645]}, "faces": { "north": {"uv": [9, 2, 10, 3], "texture": "#0"}, "east": {"uv": [9, 2, 10, 3], "texture": "#0"}, "south": {"uv": [9, 2, 10, 3], "texture": "#0"}, "west": {"uv": [9, 2, 10, 3], "texture": "#0"}, "up": {"uv": [9, 2, 10, 3], "texture": "#0"}, "down": {"uv": [9, 2, 10, 3], "texture": "#0"} } }, { "from": [-11.43396, 10.18839, 21.40122], "to": [-11.00162, 10.30945, 21.83357], "rotation": {"angle": -22.5, "axis": "x", "origin": [-11.00162, 13.80166, 19.04645]}, "faces": { "north": {"uv": [9, 2, 10, 3], "texture": "#0"}, "east": {"uv": [9, 2, 10, 3], "texture": "#0"}, "south": {"uv": [9, 2, 10, 3], "texture": "#0"}, "west": {"uv": [9, 2, 10, 3], "texture": "#0"}, "up": {"uv": [9, 2, 10, 3], "texture": "#0"}, "down": {"uv": [9, 2, 10, 3], "texture": "#0"} } }, { "from": [27.00162, 11.20144, 22.5718], "to": [27.43396, 11.53002, 23.00414], "rotation": {"angle": 0, "axis": "y", "origin": [27.00162, 13.80166, 19.04645]}, "faces": { "north": {"uv": [9, 2, 10, 3], "texture": "#0"}, "east": {"uv": [9, 2, 10, 3], "texture": "#0"}, "south": {"uv": [9, 2, 10, 3], "texture": "#0"}, "west": {"uv": [9, 2, 10, 3], "texture": "#0"}, "up": {"uv": [9, 2, 10, 3], "texture": "#0"}, "down": {"uv": [9, 2, 10, 3], "texture": "#0"} } }, { "from": [-11.43396, 11.20144, 22.5718], "to": [-11.00162, 11.53002, 23.00414], "rotation": {"angle": 0, "axis": "y", "origin": [-11.00162, 13.80166, 19.04645]}, "faces": { "north": {"uv": [9, 2, 10, 3], "texture": "#0"}, "east": {"uv": [9, 2, 10, 3], "texture": "#0"}, "south": {"uv": [9, 2, 10, 3], "texture": "#0"}, "west": {"uv": [9, 2, 10, 3], "texture": "#0"}, "up": {"uv": [9, 2, 10, 3], "texture": "#0"}, "down": {"uv": [9, 2, 10, 3], "texture": "#0"} } }, { "name": "hexadecagon", "from": [26.61242, 18.188, -2.5975], "to": [26.725, 18.754, -2.2725], "rotation": {"angle": -45, "axis": "z", "origin": [26.66871, 18.471, -2.46]}, "faces": { "north": {"uv": [3, 4, 4, 5], "texture": "#0"}, "east": {"uv": [3, 4, 4, 5], "texture": "#0"}, "south": {"uv": [3, 4, 4, 5], "texture": "#0"}, "west": {"uv": [3, 4, 4, 5], "texture": "#0"}, "up": {"uv": [3, 4, 4, 5], "texture": "#0"}, "down": {"uv": [3, 4, 4, 5], "texture": "#0"} } }, { "name": "hexadecagon", "from": [26.61242, 18.188, -2.5975], "to": [26.725, 18.754, -2.2725], "rotation": {"angle": -22.5, "axis": "z", "origin": [26.66871, 18.471, -2.46]}, "faces": { "north": {"uv": [3, 4, 4, 5], "texture": "#0"}, "east": {"uv": [3, 4, 4, 5], "texture": "#0"}, "south": {"uv": [3, 4, 4, 5], "texture": "#0"}, "west": {"uv": [3, 4, 4, 5], "texture": "#0"}, "up": {"uv": [3, 4, 4, 5], "texture": "#0"}, "down": {"uv": [3, 4, 4, 5], "texture": "#0"} } }, { "name": "hexadecagon", "from": [26.61242, 18.188, -2.5975], "to": [26.725, 18.754, -2.2725], "rotation": {"angle": 0, "axis": "y", "origin": [26.66871, 18.471, -2.46]}, "faces": { "north": {"uv": [3, 4, 4, 5], "texture": "#0"}, "east": {"uv": [3, 4, 4, 5], "texture": "#0"}, "south": {"uv": [3, 4, 4, 5], "texture": "#0"}, "west": {"uv": [3, 4, 4, 5], "texture": "#0"}, "up": {"uv": [3, 4, 4, 5], "texture": "#0"}, "down": {"uv": [3, 4, 4, 5], "texture": "#0"} } }, { "name": "hexadecagon", "from": [26.61242, 18.188, -2.5975], "to": [26.725, 18.754, -2.2725], "rotation": {"angle": 22.5, "axis": "z", "origin": [26.66871, 18.471, -2.46]}, "faces": { "north": {"uv": [3, 4, 4, 5], "texture": "#0"}, "east": {"uv": [3, 4, 4, 5], "texture": "#0"}, "south": {"uv": [3, 4, 4, 5], "texture": "#0"}, "west": {"uv": [3, 4, 4, 5], "texture": "#0"}, "up": {"uv": [3, 4, 4, 5], "texture": "#0"}, "down": {"uv": [3, 4, 4, 5], "texture": "#0"} } }, { "name": "hexadecagon", "from": [26.61242, 18.188, -2.5975], "to": [26.725, 18.754, -2.2725], "rotation": {"angle": 45, "axis": "z", "origin": [26.66871, 18.471, -2.46]}, "faces": { "north": {"uv": [3, 4, 4, 5], "texture": "#0"}, "east": {"uv": [3, 4, 4, 5], "texture": "#0"}, "south": {"uv": [3, 4, 4, 5], "texture": "#0"}, "west": {"uv": [3, 4, 4, 5], "texture": "#0"}, "up": {"uv": [3, 4, 4, 5], "texture": "#0"}, "down": {"uv": [3, 4, 4, 5], "texture": "#0"} } }, { "name": "hexadecagon", "from": [26.38571, 18.41471, -2.5975], "to": [26.95171, 18.52729, -2.2725], "rotation": {"angle": -22.5, "axis": "z", "origin": [26.66871, 18.471, -2.46]}, "faces": { "north": {"uv": [3, 4, 4, 5], "texture": "#0"}, "east": {"uv": [3, 4, 4, 5], "texture": "#0"}, "south": {"uv": [3, 4, 4, 5], "texture": "#0"}, "west": {"uv": [3, 4, 4, 5], "texture": "#0"}, "up": {"uv": [3, 4, 4, 5], "texture": "#0"}, "down": {"uv": [3, 4, 4, 5], "texture": "#0"} } }, { "name": "hexadecagon", "from": [26.38571, 18.41471, -2.5975], "to": [26.95171, 18.52729, -2.2725], "rotation": {"angle": 0, "axis": "y", "origin": [26.66871, 18.471, -2.46]}, "faces": { "north": {"uv": [3, 4, 4, 5], "texture": "#0"}, "east": {"uv": [3, 4, 4, 5], "texture": "#0"}, "south": {"uv": [3, 4, 4, 5], "texture": "#0"}, "west": {"uv": [3, 4, 4, 5], "texture": "#0"}, "up": {"uv": [3, 4, 4, 5], "texture": "#0"}, "down": {"uv": [3, 4, 4, 5], "texture": "#0"} } }, { "name": "hexadecagon", "from": [26.38571, 18.41471, -2.5975], "to": [26.95171, 18.52729, -2.2725], "rotation": {"angle": 22.5, "axis": "z", "origin": [26.66871, 18.471, -2.46]}, "faces": { "north": {"uv": [3, 4, 4, 5], "texture": "#0"}, "east": {"uv": [3, 4, 4, 5], "texture": "#0"}, "south": {"uv": [3, 4, 4, 5], "texture": "#0"}, "west": {"uv": [3, 4, 4, 5], "texture": "#0"}, "up": {"uv": [3, 4, 4, 5], "texture": "#0"}, "down": {"uv": [3, 4, 4, 5], "texture": "#0"} } }, { "name": "hexadecagon", "from": [-10.725, 18.188, -2.5975], "to": [-10.61242, 18.754, -2.2725], "rotation": {"angle": 45, "axis": "z", "origin": [-10.66871, 18.471, -2.46]}, "faces": { "north": {"uv": [4, 4, 3, 5], "texture": "#0"}, "east": {"uv": [4, 4, 3, 5], "texture": "#0"}, "south": {"uv": [4, 4, 3, 5], "texture": "#0"}, "west": {"uv": [4, 4, 3, 5], "texture": "#0"}, "up": {"uv": [4, 4, 3, 5], "texture": "#0"}, "down": {"uv": [4, 4, 3, 5], "texture": "#0"} } }, { "name": "hexadecagon", "from": [-10.725, 18.188, -2.5975], "to": [-10.61242, 18.754, -2.2725], "rotation": {"angle": 22.5, "axis": "z", "origin": [-10.66871, 18.471, -2.46]}, "faces": { "north": {"uv": [4, 4, 3, 5], "texture": "#0"}, "east": {"uv": [4, 4, 3, 5], "texture": "#0"}, "south": {"uv": [4, 4, 3, 5], "texture": "#0"}, "west": {"uv": [4, 4, 3, 5], "texture": "#0"}, "up": {"uv": [4, 4, 3, 5], "texture": "#0"}, "down": {"uv": [4, 4, 3, 5], "texture": "#0"} } }, { "name": "hexadecagon", "from": [-10.725, 18.188, -2.5975], "to": [-10.61242, 18.754, -2.2725], "rotation": {"angle": 0, "axis": "y", "origin": [-10.66871, 18.471, -2.46]}, "faces": { "north": {"uv": [4, 4, 3, 5], "texture": "#0"}, "east": {"uv": [4, 4, 3, 5], "texture": "#0"}, "south": {"uv": [4, 4, 3, 5], "texture": "#0"}, "west": {"uv": [4, 4, 3, 5], "texture": "#0"}, "up": {"uv": [4, 4, 3, 5], "texture": "#0"}, "down": {"uv": [4, 4, 3, 5], "texture": "#0"} } }, { "name": "hexadecagon", "from": [-10.725, 18.188, -2.5975], "to": [-10.61242, 18.754, -2.2725], "rotation": {"angle": -22.5, "axis": "z", "origin": [-10.66871, 18.471, -2.46]}, "faces": { "north": {"uv": [4, 4, 3, 5], "texture": "#0"}, "east": {"uv": [4, 4, 3, 5], "texture": "#0"}, "south": {"uv": [4, 4, 3, 5], "texture": "#0"}, "west": {"uv": [4, 4, 3, 5], "texture": "#0"}, "up": {"uv": [4, 4, 3, 5], "texture": "#0"}, "down": {"uv": [4, 4, 3, 5], "texture": "#0"} } }, { "name": "hexadecagon", "from": [-10.725, 18.188, -2.5975], "to": [-10.61242, 18.754, -2.2725], "rotation": {"angle": -45, "axis": "z", "origin": [-10.66871, 18.471, -2.46]}, "faces": { "north": {"uv": [4, 4, 3, 5], "texture": "#0"}, "east": {"uv": [4, 4, 3, 5], "texture": "#0"}, "south": {"uv": [4, 4, 3, 5], "texture": "#0"}, "west": {"uv": [4, 4, 3, 5], "texture": "#0"}, "up": {"uv": [4, 4, 3, 5], "texture": "#0"}, "down": {"uv": [4, 4, 3, 5], "texture": "#0"} } }, { "name": "hexadecagon", "from": [-10.95171, 18.41471, -2.5975], "to": [-10.38571, 18.52729, -2.2725], "rotation": {"angle": 22.5, "axis": "z", "origin": [-10.66871, 18.471, -2.46]}, "faces": { "north": {"uv": [4, 4, 3, 5], "texture": "#0"}, "east": {"uv": [4, 4, 3, 5], "texture": "#0"}, "south": {"uv": [4, 4, 3, 5], "texture": "#0"}, "west": {"uv": [4, 4, 3, 5], "texture": "#0"}, "up": {"uv": [4, 4, 3, 5], "texture": "#0"}, "down": {"uv": [4, 4, 3, 5], "texture": "#0"} } }, { "name": "hexadecagon", "from": [-10.95171, 18.41471, -2.5975], "to": [-10.38571, 18.52729, -2.2725], "rotation": {"angle": 0, "axis": "y", "origin": [-10.66871, 18.471, -2.46]}, "faces": { "north": {"uv": [4, 4, 3, 5], "texture": "#0"}, "east": {"uv": [4, 4, 3, 5], "texture": "#0"}, "south": {"uv": [4, 4, 3, 5], "texture": "#0"}, "west": {"uv": [4, 4, 3, 5], "texture": "#0"}, "up": {"uv": [4, 4, 3, 5], "texture": "#0"}, "down": {"uv": [4, 4, 3, 5], "texture": "#0"} } }, { "name": "hexadecagon", "from": [-10.95171, 18.41471, -2.5975], "to": [-10.38571, 18.52729, -2.2725], "rotation": {"angle": -22.5, "axis": "z", "origin": [-10.66871, 18.471, -2.46]}, "faces": { "north": {"uv": [4, 4, 3, 5], "texture": "#0"}, "east": {"uv": [4, 4, 3, 5], "texture": "#0"}, "south": {"uv": [4, 4, 3, 5], "texture": "#0"}, "west": {"uv": [4, 4, 3, 5], "texture": "#0"}, "up": {"uv": [4, 4, 3, 5], "texture": "#0"}, "down": {"uv": [4, 4, 3, 5], "texture": "#0"} } } ], "gui_light": "front", "display": { "thirdperson_righthand": { "rotation": [90, 0, 0], "translation": [0, -1.55, -0.25], "scale": [0.16, 0.16797, 0.16797] }, "thirdperson_lefthand": { "rotation": [90, 0, 0], "translation": [0, -1.55, -0.25], "scale": [0.16797, 0.16797, 0.16797] }, "firstperson_righthand": { "translation": [2.5, 0, -1], "scale": [0.23828, 0.23828, 0.23828] }, "firstperson_lefthand": { "translation": [2.5, 0, -1], "scale": [0.23828, 0.23828, 0.23828] }, "ground": { "rotation": [-30, 56, -11], "scale": [0.14844, 0.14844, 0.14844] }, "gui": { "rotation": [29, 143, 0], "translation": [-0.25, -2, 0], "scale": [0.29492, 0.29492, 0.29492] }, "head": { "rotation": [-2, 0, 0], "translation": [0, -5.5, -3.8], "scale": [0.3379, 0.3379, 0.3379] }, "fixed": { "rotation": [-86, 0, 0], "translation": [0, -0.75, 1.65], "scale": [0.4082, 0.4082, 0.4082] } }, "groups": [ { "name": "group", "origin": [20.40761, 28.95474, 0.175], "color": 0, "children": [0, 1, 2, 3, 4, 5, 6] }, { "name": "group", "origin": [8, 8, 8], "color": 0, "children": [ { "name": "group", "origin": [8.4603, 13.31956, 0.2375], "color": 0, "children": [7, 8, 9, 10, 11, 12, 13, 14, 15] }, { "name": "group", "origin": [-5.2555, 22.55636, 0.2], "color": 0, "children": [16, 17, 18, 19, 20, 21, 22, 23, 24, 25, 26, 27, 28, 29, 30, 31, 32, 33, 34, 35, 36, 37, 38] } ] }, { "name": "group", "origin": [8, 8, 8], "color": 0, "children": [ { "name": "group", "origin": [8.4603, 13.31956, 0.2375], "color": 0, "children": [39, 40, 41, 42, 43, 44, 45, 46, 47] }, { "name": "group", "origin": [-5.2555, 22.55636, 0.2], "color": 0, "children": [48, 49, 50, 51, 52, 53, 54, 55, 56, 57, 58, 59, 60, 61, 62, 63, 64, 65, 66, 67, 68, 69, 70] }, { "name": "group", "origin": [18.34643, 9.05213, -2.08375], "color": 0, "children": [71, 72, 73, 74, 75, 76, 77, 78, 79, 80, 81, 82, 83, 84, 85] }, { "name": "group", "origin": [18.34643, 9.05213, -2.08375], "color": 0, "children": [86, 87, 88, 89, 90, 91, 92, 93, 94, 95, 96, 97, 98, 99, 100] } ] }, { "name": "glassessides", "origin": [8, 8, 8], "color": 0, "children": [ 101, 102, { "name": "group", "origin": [-11.00162, 13.80166, 20.69645], "color": 0, "children": [103, 104, 105, 106, 107, 108, 109, 110, 111, 112, 113, 114, 115, 116, 117, 118, 119, 120, 121, 122, 123, 124, 125, 126, 127, 128, 129, 130] } ] }, { "name": "hexadecagon", "origin": [8, 8, 8], "color": 0, "children": [131, 132, 133, 134, 135, 136, 137, 138] }, { "name": "hexadecagon", "origin": [8, 8, 8], "color": 0, "children": [139, 140, 141, 142, 143, 144, 145, 146] } ] }