{ "credit": "Made with Blockbench", "textures": { "0": "block/woodenrayban" }, "elements": [ { "from": [3.125, 6.62474, 9.24869], "to": [3.375, 8.12474, 9.49869], "rotation": {"angle": -22.5, "axis": "x", "origin": [3.25, 7.49974, 9.37369]}, "faces": { "north": {"uv": [6, 1, 4, 3], "rotation": 270, "texture": "#0"}, "east": {"uv": [6, 1, 4, 3], "rotation": 270, "texture": "#0"}, "south": {"uv": [6, 1, 4, 3], "rotation": 270, "texture": "#0"}, "west": {"uv": [6, 1, 4, 3], "rotation": 270, "texture": "#0"}, "up": {"uv": [6, 1, 4, 3], "rotation": 270, "texture": "#0"}, "down": {"uv": [6, 1, 4, 3], "rotation": 270, "texture": "#0"} } }, { "from": [12.625, 6.62474, 9.24869], "to": [12.875, 8.12474, 9.49869], "rotation": {"angle": -22.5, "axis": "x", "origin": [12.75, 7.49974, 9.37369]}, "faces": { "north": {"uv": [6, 1, 4, 3], "rotation": 270, "texture": "#0"}, "east": {"uv": [6, 1, 4, 3], "rotation": 270, "texture": "#0"}, "south": {"uv": [6, 1, 4, 3], "rotation": 270, "texture": "#0"}, "west": {"uv": [6, 1, 4, 3], "rotation": 270, "texture": "#0"}, "up": {"uv": [6, 1, 4, 3], "rotation": 270, "texture": "#0"}, "down": {"uv": [6, 1, 4, 3], "rotation": 270, "texture": "#0"} } }, { "from": [3.125, 7.925, 4.1], "to": [3.375, 8.125, 9.25], "rotation": {"angle": 0, "axis": "y", "origin": [-3.875, 15.025, 12]}, "faces": { "north": {"uv": [6, 1, 4, 3], "texture": "#0"}, "east": {"uv": [6, 1, 4, 3], "texture": "#0"}, "south": {"uv": [6, 1, 4, 3], "texture": "#0"}, "west": {"uv": [6, 1, 4, 3], "texture": "#0"}, "up": {"uv": [6, 1, 4, 3], "texture": "#0"}, "down": {"uv": [6, 1, 4, 3], "texture": "#0"} } }, { "from": [12.625, 7.925, 4.1], "to": [12.875, 8.125, 9.25], "rotation": {"angle": 0, "axis": "y", "origin": [19.875, 15.025, 12]}, "faces": { "north": {"uv": [6, 1, 4, 3], "texture": "#0"}, "east": {"uv": [6, 1, 4, 3], "texture": "#0"}, "south": {"uv": [6, 1, 4, 3], "texture": "#0"}, "west": {"uv": [6, 1, 4, 3], "texture": "#0"}, "up": {"uv": [6, 1, 4, 3], "texture": "#0"}, "down": {"uv": [6, 1, 4, 3], "texture": "#0"} } }, { "from": [3.125, 7.775, 4.1], "to": [3.375, 8.125, 7.45], "rotation": {"angle": 0, "axis": "y", "origin": [-3.875, 15.025, 12]}, "faces": { "north": {"uv": [6, 1, 4, 3], "texture": "#0"}, "east": {"uv": [6, 1, 4, 3], "texture": "#0"}, "south": {"uv": [6, 1, 4, 3], "texture": "#0"}, "west": {"uv": [6, 1, 4, 3], "texture": "#0"}, "up": {"uv": [6, 1, 4, 3], "texture": "#0"}, "down": {"uv": [6, 1, 4, 3], "texture": "#0"} } }, { "from": [12.625, 7.775, 4.1], "to": [12.875, 8.125, 7.45], "rotation": {"angle": 0, "axis": "y", "origin": [19.875, 15.025, 12]}, "faces": { "north": {"uv": [6, 1, 4, 3], "texture": "#0"}, "east": {"uv": [6, 1, 4, 3], "texture": "#0"}, "south": {"uv": [6, 1, 4, 3], "texture": "#0"}, "west": {"uv": [6, 1, 4, 3], "texture": "#0"}, "up": {"uv": [6, 1, 4, 3], "texture": "#0"}, "down": {"uv": [6, 1, 4, 3], "texture": "#0"} } }, { "from": [3.125, 7.86692, 7.3621], "to": [3.375, 8.01692, 7.9121], "rotation": {"angle": -22.5, "axis": "x", "origin": [3.25, 8.04192, 7.6371]}, "faces": { "north": {"uv": [6, 1, 4, 3], "texture": "#0"}, "east": {"uv": [6, 1, 4, 3], "texture": "#0"}, "south": {"uv": [6, 1, 4, 3], "texture": "#0"}, "west": {"uv": [6, 1, 4, 3], "texture": "#0"}, "up": {"uv": [6, 1, 4, 3], "texture": "#0"}, "down": {"uv": [6, 1, 4, 3], "texture": "#0"} } }, { "from": [12.625, 7.86692, 7.3621], "to": [12.875, 8.01692, 7.9121], "rotation": {"angle": -22.5, "axis": "x", "origin": [12.75, 8.04192, 7.6371]}, "faces": { "north": {"uv": [6, 1, 4, 3], "texture": "#0"}, "east": {"uv": [6, 1, 4, 3], "texture": "#0"}, "south": {"uv": [6, 1, 4, 3], "texture": "#0"}, "west": {"uv": [6, 1, 4, 3], "texture": "#0"}, "up": {"uv": [6, 1, 4, 3], "texture": "#0"}, "down": {"uv": [6, 1, 4, 3], "texture": "#0"} } }, { "from": [3.3, 7.8, 4], "to": [4, 8, 4.2], "rotation": {"angle": 45, "axis": "z", "origin": [3.5, 7.9, 4.5]}, "faces": { "north": {"uv": [2, 1, 1, 2], "texture": "#0"}, "east": {"uv": [2, 1, 1, 2], "texture": "#0"}, "south": {"uv": [2, 1, 1, 2], "texture": "#0"}, "west": {"uv": [2, 1, 1, 2], "texture": "#0"}, "up": {"uv": [2, 1, 1, 2], "texture": "#0"}, "down": {"uv": [2, 1, 1, 2], "texture": "#0"} } }, { "from": [12, 7.8, 4], "to": [12.7, 8, 4.2], "rotation": {"angle": -45, "axis": "z", "origin": [12.5, 7.9, 4.5]}, "faces": { "north": {"uv": [2, 1, 1, 2], "texture": "#0"}, "east": {"uv": [2, 1, 1, 2], "texture": "#0"}, "south": {"uv": [2, 1, 1, 2], "texture": "#0"}, "west": {"uv": [2, 1, 1, 2], "texture": "#0"}, "up": {"uv": [2, 1, 1, 2], "texture": "#0"}, "down": {"uv": [2, 1, 1, 2], "texture": "#0"} } }, { "from": [3.2, 8, 4], "to": [4.2, 8.2, 4.2], "rotation": {"angle": 22.5, "axis": "z", "origin": [3.5, 8.1, 4.5]}, "faces": { "north": {"uv": [2, 1, 1, 2], "texture": "#0"}, "east": {"uv": [2, 1, 1, 2], "texture": "#0"}, "south": {"uv": [2, 1, 1, 2], "texture": "#0"}, "west": {"uv": [2, 1, 1, 2], "texture": "#0"}, "up": {"uv": [2, 1, 1, 2], "texture": "#0"}, "down": {"uv": [2, 1, 1, 2], "texture": "#0"} } }, { "from": [11.8, 8, 4], "to": [12.8, 8.2, 4.2], "rotation": {"angle": -22.5, "axis": "z", "origin": [12.5, 8.1, 4.5]}, "faces": { "north": {"uv": [2, 1, 1, 2], "texture": "#0"}, "east": {"uv": [2, 1, 1, 2], "texture": "#0"}, "south": {"uv": [2, 1, 1, 2], "texture": "#0"}, "west": {"uv": [2, 1, 1, 2], "texture": "#0"}, "up": {"uv": [2, 1, 1, 2], "texture": "#0"}, "down": {"uv": [2, 1, 1, 2], "texture": "#0"} } }, { "from": [12.49155, 7.76027, 4], "to": [12.89155, 8.16027, 4.2], "rotation": {"angle": 0, "axis": "y", "origin": [12.39155, 8.06027, 4.5]}, "faces": { "north": {"uv": [2, 1, 1, 2], "texture": "#0"}, "east": {"uv": [2, 1, 1, 2], "texture": "#0"}, "south": {"uv": [2, 1, 1, 2], "texture": "#0"}, "west": {"uv": [2, 1, 1, 2], "texture": "#0"}, "up": {"uv": [2, 1, 1, 2], "texture": "#0"}, "down": {"uv": [2, 1, 1, 2], "texture": "#0"} } }, { "from": [12.59155, 7.91027, 3.95], "to": [12.79155, 8.01027, 4.15], "rotation": {"angle": 0, "axis": "y", "origin": [12.39155, 8.01027, 4.45]}, "faces": { "north": {"uv": [14.1, 1.1, 14.9, 1.9], "texture": "#0"}, "east": {"uv": [14.1, 1.1, 14.9, 1.9], "texture": "#0"}, "south": {"uv": [14.1, 1.1, 14.9, 1.9], "texture": "#0"}, "west": {"uv": [14.1, 1.1, 14.9, 1.9], "texture": "#0"}, "up": {"uv": [14.1, 1.1, 14.9, 1.9], "texture": "#0"}, "down": {"uv": [14.1, 1.1, 14.9, 1.9], "texture": "#0"} } }, { "from": [3.20845, 7.91027, 3.95], "to": [3.40845, 8.01027, 4.15], "rotation": {"angle": 0, "axis": "y", "origin": [3.60845, 8.01027, 4.45]}, "faces": { "north": {"uv": [14.1, 1.1, 14.9, 1.9], "texture": "#0"}, "east": {"uv": [14.1, 1.1, 14.9, 1.9], "texture": "#0"}, "south": {"uv": [14.1, 1.1, 14.9, 1.9], "texture": "#0"}, "west": {"uv": [14.1, 1.1, 14.9, 1.9], "texture": "#0"}, "up": {"uv": [14.1, 1.1, 14.9, 1.9], "texture": "#0"}, "down": {"uv": [14.1, 1.1, 14.9, 1.9], "texture": "#0"} } }, { "from": [3.10845, 7.76027, 4], "to": [3.50845, 8.16027, 4.2], "rotation": {"angle": 0, "axis": "y", "origin": [3.60845, 8.06027, 4.5]}, "faces": { "north": {"uv": [2, 1, 1, 2], "texture": "#0"}, "east": {"uv": [2, 1, 1, 2], "texture": "#0"}, "south": {"uv": [2, 1, 1, 2], "texture": "#0"}, "west": {"uv": [2, 1, 1, 2], "texture": "#0"}, "up": {"uv": [2, 1, 1, 2], "texture": "#0"}, "down": {"uv": [2, 1, 1, 2], "texture": "#0"} } }, { "from": [3.30845, 6.86027, 4], "to": [3.50845, 8.16027, 4.2], "rotation": {"angle": 0, "axis": "y", "origin": [3.60845, 8.06027, 4.5]}, "faces": { "north": {"uv": [2, 1, 1, 2], "texture": "#0"}, "east": {"uv": [2, 1, 1, 2], "texture": "#0"}, "south": {"uv": [2, 1, 1, 2], "texture": "#0"}, "west": {"uv": [2, 1, 1, 2], "texture": "#0"}, "up": {"uv": [2, 1, 1, 2], "texture": "#0"}, "down": {"uv": [2, 1, 1, 2], "texture": "#0"} } }, { "from": [12.49155, 6.86027, 4], "to": [12.69155, 8.16027, 4.2], "rotation": {"angle": 0, "axis": "y", "origin": [12.39155, 8.06027, 4.5]}, "faces": { "north": {"uv": [2, 1, 1, 2], "texture": "#0"}, "east": {"uv": [2, 1, 1, 2], "texture": "#0"}, "south": {"uv": [2, 1, 1, 2], "texture": "#0"}, "west": {"uv": [2, 1, 1, 2], "texture": "#0"}, "up": {"uv": [2, 1, 1, 2], "texture": "#0"}, "down": {"uv": [2, 1, 1, 2], "texture": "#0"} } }, { "from": [3.49218, 6.33659, 4], "to": [3.69218, 6.93659, 4.2], "rotation": {"angle": 22.5, "axis": "z", "origin": [3.59218, 6.43659, 4.1]}, "faces": { "north": {"uv": [2, 1, 1, 2], "texture": "#0"}, "east": {"uv": [2, 1, 1, 2], "texture": "#0"}, "south": {"uv": [2, 1, 1, 2], "texture": "#0"}, "west": {"uv": [2, 1, 1, 2], "texture": "#0"}, "up": {"uv": [2, 1, 1, 2], "texture": "#0"}, "down": {"uv": [2, 1, 1, 2], "texture": "#0"} } }, { "from": [12.30782, 6.33659, 4], "to": [12.50782, 6.93659, 4.2], "rotation": {"angle": -22.5, "axis": "z", "origin": [12.40782, 6.43659, 4.1]}, "faces": { "north": {"uv": [2, 1, 1, 2], "texture": "#0"}, "east": {"uv": [2, 1, 1, 2], "texture": "#0"}, "south": {"uv": [2, 1, 1, 2], "texture": "#0"}, "west": {"uv": [2, 1, 1, 2], "texture": "#0"}, "up": {"uv": [2, 1, 1, 2], "texture": "#0"}, "down": {"uv": [2, 1, 1, 2], "texture": "#0"} } }, { "from": [3.86232, 5.9231, 4], "to": [4.06232, 6.5231, 4.2], "rotation": {"angle": 45, "axis": "z", "origin": [3.96232, 6.0231, 4.1]}, "faces": { "north": {"uv": [2, 1, 1, 2], "texture": "#0"}, "east": {"uv": [2, 1, 1, 2], "texture": "#0"}, "south": {"uv": [2, 1, 1, 2], "texture": "#0"}, "west": {"uv": [2, 1, 1, 2], "texture": "#0"}, "up": {"uv": [2, 1, 1, 2], "texture": "#0"}, "down": {"uv": [2, 1, 1, 2], "texture": "#0"} } }, { "from": [11.93768, 5.9231, 4], "to": [12.13768, 6.5231, 4.2], "rotation": {"angle": -45, "axis": "z", "origin": [12.03768, 6.0231, 4.1]}, "faces": { "north": {"uv": [2, 1, 1, 2], "texture": "#0"}, "east": {"uv": [2, 1, 1, 2], "texture": "#0"}, "south": {"uv": [2, 1, 1, 2], "texture": "#0"}, "west": {"uv": [2, 1, 1, 2], "texture": "#0"}, "up": {"uv": [2, 1, 1, 2], "texture": "#0"}, "down": {"uv": [2, 1, 1, 2], "texture": "#0"} } }, { "from": [3.96253, 5.68272, 4], "to": [4.56253, 5.88272, 4.2], "rotation": {"angle": -22.5, "axis": "z", "origin": [4.46253, 5.78272, 4.1]}, "faces": { "north": {"uv": [2, 1, 1, 2], "rotation": 270, "texture": "#0"}, "east": {"uv": [2, 1, 1, 2], "rotation": 270, "texture": "#0"}, "south": {"uv": [2, 1, 1, 2], "rotation": 270, "texture": "#0"}, "west": {"uv": [2, 1, 1, 2], "rotation": 270, "texture": "#0"}, "up": {"uv": [2, 1, 1, 2], "rotation": 270, "texture": "#0"}, "down": {"uv": [2, 1, 1, 2], "rotation": 270, "texture": "#0"} } }, { "from": [11.43747, 5.68272, 4], "to": [12.03747, 5.88272, 4.2], "rotation": {"angle": 22.5, "axis": "z", "origin": [11.53747, 5.78272, 4.1]}, "faces": { "north": {"uv": [2, 1, 1, 2], "rotation": 270, "texture": "#0"}, "east": {"uv": [2, 1, 1, 2], "rotation": 270, "texture": "#0"}, "south": {"uv": [2, 1, 1, 2], "rotation": 270, "texture": "#0"}, "west": {"uv": [2, 1, 1, 2], "rotation": 270, "texture": "#0"}, "up": {"uv": [2, 1, 1, 2], "rotation": 270, "texture": "#0"}, "down": {"uv": [2, 1, 1, 2], "rotation": 270, "texture": "#0"} } }, { "from": [4.51665, 5.65206, 4], "to": [5.41665, 5.85206, 4.2], "rotation": {"angle": 0, "axis": "y", "origin": [5.01665, 5.75206, 4.1]}, "faces": { "north": {"uv": [2, 1, 1, 2], "rotation": 270, "texture": "#0"}, "east": {"uv": [2, 1, 1, 2], "rotation": 270, "texture": "#0"}, "south": {"uv": [2, 1, 1, 2], "rotation": 270, "texture": "#0"}, "west": {"uv": [2, 1, 1, 2], "rotation": 270, "texture": "#0"}, "up": {"uv": [2, 1, 1, 2], "rotation": 270, "texture": "#0"}, "down": {"uv": [2, 1, 1, 2], "rotation": 270, "texture": "#0"} } }, { "from": [10.58335, 5.65206, 4], "to": [11.48335, 5.85206, 4.2], "rotation": {"angle": 0, "axis": "y", "origin": [10.98335, 5.75206, 4.1]}, "faces": { "north": {"uv": [2, 1, 1, 2], "rotation": 270, "texture": "#0"}, "east": {"uv": [2, 1, 1, 2], "rotation": 270, "texture": "#0"}, "south": {"uv": [2, 1, 1, 2], "rotation": 270, "texture": "#0"}, "west": {"uv": [2, 1, 1, 2], "rotation": 270, "texture": "#0"}, "up": {"uv": [2, 1, 1, 2], "rotation": 270, "texture": "#0"}, "down": {"uv": [2, 1, 1, 2], "rotation": 270, "texture": "#0"} } }, { "from": [5.34032, 5.83579, 4], "to": [6.34032, 6.03579, 4.2], "rotation": {"angle": 22.5, "axis": "z", "origin": [5.84032, 5.93579, 4.1]}, "faces": { "north": {"uv": [2, 1, 1, 2], "rotation": 270, "texture": "#0"}, "east": {"uv": [2, 1, 1, 2], "rotation": 270, "texture": "#0"}, "south": {"uv": [2, 1, 1, 2], "rotation": 270, "texture": "#0"}, "west": {"uv": [2, 1, 1, 2], "rotation": 270, "texture": "#0"}, "up": {"uv": [2, 1, 1, 2], "rotation": 270, "texture": "#0"}, "down": {"uv": [2, 1, 1, 2], "rotation": 270, "texture": "#0"} } }, { "from": [9.65968, 5.83579, 4], "to": [10.65968, 6.03579, 4.2], "rotation": {"angle": -22.5, "axis": "z", "origin": [10.15968, 5.93579, 4.1]}, "faces": { "north": {"uv": [2, 1, 1, 2], "rotation": 270, "texture": "#0"}, "east": {"uv": [2, 1, 1, 2], "rotation": 270, "texture": "#0"}, "south": {"uv": [2, 1, 1, 2], "rotation": 270, "texture": "#0"}, "west": {"uv": [2, 1, 1, 2], "rotation": 270, "texture": "#0"}, "up": {"uv": [2, 1, 1, 2], "rotation": 270, "texture": "#0"}, "down": {"uv": [2, 1, 1, 2], "rotation": 270, "texture": "#0"} } }, { "from": [7.12337, 7.35901, 4], "to": [7.82337, 7.65901, 4.2], "rotation": {"angle": 45, "axis": "z", "origin": [7.42337, 7.45901, 4.1]}, "faces": { "north": {"uv": [2, 1, 1, 2], "rotation": 270, "texture": "#0"}, "east": {"uv": [2, 1, 1, 2], "rotation": 270, "texture": "#0"}, "south": {"uv": [2, 1, 1, 2], "rotation": 270, "texture": "#0"}, "west": {"uv": [2, 1, 1, 2], "rotation": 270, "texture": "#0"}, "up": {"uv": [2, 1, 1, 2], "rotation": 270, "texture": "#0"}, "down": {"uv": [2, 1, 1, 2], "rotation": 270, "texture": "#0"} } }, { "from": [8.17663, 7.35901, 4], "to": [8.87663, 7.65901, 4.2], "rotation": {"angle": -45, "axis": "z", "origin": [8.57663, 7.45901, 4.1]}, "faces": { "north": {"uv": [2, 1, 1, 2], "rotation": 270, "texture": "#0"}, "east": {"uv": [2, 1, 1, 2], "rotation": 270, "texture": "#0"}, "south": {"uv": [2, 1, 1, 2], "rotation": 270, "texture": "#0"}, "west": {"uv": [2, 1, 1, 2], "rotation": 270, "texture": "#0"}, "up": {"uv": [2, 1, 1, 2], "rotation": 270, "texture": "#0"}, "down": {"uv": [2, 1, 1, 2], "rotation": 270, "texture": "#0"} } }, { "from": [6.92337, 7.35901, 4], "to": [7.92337, 7.55901, 4.2], "rotation": {"angle": 45, "axis": "z", "origin": [7.42337, 7.45901, 4.1]}, "faces": { "north": {"uv": [2, 1, 1, 2], "rotation": 270, "texture": "#0"}, "east": {"uv": [2, 1, 1, 2], "rotation": 270, "texture": "#0"}, "south": {"uv": [2, 1, 1, 2], "rotation": 270, "texture": "#0"}, "west": {"uv": [2, 1, 1, 2], "rotation": 270, "texture": "#0"}, "up": {"uv": [2, 1, 1, 2], "rotation": 270, "texture": "#0"}, "down": {"uv": [2, 1, 1, 2], "rotation": 270, "texture": "#0"} } }, { "from": [8.07663, 7.35901, 4], "to": [9.07663, 7.55901, 4.2], "rotation": {"angle": -45, "axis": "z", "origin": [8.57663, 7.45901, 4.1]}, "faces": { "north": {"uv": [2, 1, 1, 2], "rotation": 270, "texture": "#0"}, "east": {"uv": [2, 1, 1, 2], "rotation": 270, "texture": "#0"}, "south": {"uv": [2, 1, 1, 2], "rotation": 270, "texture": "#0"}, "west": {"uv": [2, 1, 1, 2], "rotation": 270, "texture": "#0"}, "up": {"uv": [2, 1, 1, 2], "rotation": 270, "texture": "#0"}, "down": {"uv": [2, 1, 1, 2], "rotation": 270, "texture": "#0"} } }, { "from": [6.12337, 6.35901, 4], "to": [7.02337, 6.55901, 4.2], "rotation": {"angle": 45, "axis": "z", "origin": [6.62337, 6.45901, 4.1]}, "faces": { "north": {"uv": [2, 1, 1, 2], "rotation": 270, "texture": "#0"}, "east": {"uv": [2, 1, 1, 2], "rotation": 270, "texture": "#0"}, "south": {"uv": [2, 1, 1, 2], "rotation": 270, "texture": "#0"}, "west": {"uv": [2, 1, 1, 2], "rotation": 270, "texture": "#0"}, "up": {"uv": [2, 1, 1, 2], "rotation": 270, "texture": "#0"}, "down": {"uv": [2, 1, 1, 2], "rotation": 270, "texture": "#0"} } }, { "from": [8.97663, 6.35901, 4], "to": [9.87663, 6.55901, 4.2], "rotation": {"angle": -45, "axis": "z", "origin": [9.37663, 6.45901, 4.1]}, "faces": { "north": {"uv": [2, 1, 1, 2], "rotation": 270, "texture": "#0"}, "east": {"uv": [2, 1, 1, 2], "rotation": 270, "texture": "#0"}, "south": {"uv": [2, 1, 1, 2], "rotation": 270, "texture": "#0"}, "west": {"uv": [2, 1, 1, 2], "rotation": 270, "texture": "#0"}, "up": {"uv": [2, 1, 1, 2], "rotation": 270, "texture": "#0"}, "down": {"uv": [2, 1, 1, 2], "rotation": 270, "texture": "#0"} } }, { "from": [6.97588, 6.67135, 4], "to": [7.17588, 7.87135, 4.2], "rotation": {"angle": -22.5, "axis": "z", "origin": [7.07588, 7.17135, 4.1]}, "faces": { "north": {"uv": [2, 1, 1, 2], "rotation": 180, "texture": "#0"}, "east": {"uv": [2, 1, 1, 2], "rotation": 180, "texture": "#0"}, "south": {"uv": [2, 1, 1, 2], "rotation": 180, "texture": "#0"}, "west": {"uv": [2, 1, 1, 2], "rotation": 180, "texture": "#0"}, "up": {"uv": [2, 1, 1, 2], "rotation": 180, "texture": "#0"}, "down": {"uv": [2, 1, 1, 2], "rotation": 180, "texture": "#0"} } }, { "from": [8.82412, 6.67135, 4], "to": [9.02412, 7.87135, 4.2], "rotation": {"angle": 22.5, "axis": "z", "origin": [8.92412, 7.17135, 4.1]}, "faces": { "north": {"uv": [2, 1, 1, 2], "rotation": 180, "texture": "#0"}, "east": {"uv": [2, 1, 1, 2], "rotation": 180, "texture": "#0"}, "south": {"uv": [2, 1, 1, 2], "rotation": 180, "texture": "#0"}, "west": {"uv": [2, 1, 1, 2], "rotation": 180, "texture": "#0"}, "up": {"uv": [2, 1, 1, 2], "rotation": 180, "texture": "#0"}, "down": {"uv": [2, 1, 1, 2], "rotation": 180, "texture": "#0"} } }, { "from": [7.0448, 7.31786, 4], "to": [7.2448, 7.71786, 4.2], "rotation": {"angle": 0, "axis": "y", "origin": [7.1448, 7.81786, 4.1]}, "faces": { "north": {"uv": [2, 1, 1, 2], "rotation": 180, "texture": "#0"}, "east": {"uv": [2, 1, 1, 2], "rotation": 180, "texture": "#0"}, "south": {"uv": [2, 1, 1, 2], "rotation": 180, "texture": "#0"}, "west": {"uv": [2, 1, 1, 2], "rotation": 180, "texture": "#0"}, "up": {"uv": [2, 1, 1, 2], "rotation": 180, "texture": "#0"}, "down": {"uv": [2, 1, 1, 2], "rotation": 180, "texture": "#0"} } }, { "from": [8.7552, 7.31786, 4], "to": [8.9552, 7.71786, 4.2], "rotation": {"angle": 0, "axis": "y", "origin": [8.8552, 7.81786, 4.1]}, "faces": { "north": {"uv": [2, 1, 1, 2], "rotation": 180, "texture": "#0"}, "east": {"uv": [2, 1, 1, 2], "rotation": 180, "texture": "#0"}, "south": {"uv": [2, 1, 1, 2], "rotation": 180, "texture": "#0"}, "west": {"uv": [2, 1, 1, 2], "rotation": 180, "texture": "#0"}, "up": {"uv": [2, 1, 1, 2], "rotation": 180, "texture": "#0"}, "down": {"uv": [2, 1, 1, 2], "rotation": 180, "texture": "#0"} } }, { "from": [6.86107, 7.64153, 4], "to": [7.06107, 8.14153, 4.2], "rotation": {"angle": 22.5, "axis": "z", "origin": [6.96107, 8.14153, 4.1]}, "faces": { "north": {"uv": [2, 1, 1, 2], "rotation": 180, "texture": "#0"}, "east": {"uv": [2, 1, 1, 2], "rotation": 180, "texture": "#0"}, "south": {"uv": [2, 1, 1, 2], "rotation": 180, "texture": "#0"}, "west": {"uv": [2, 1, 1, 2], "rotation": 180, "texture": "#0"}, "up": {"uv": [2, 1, 1, 2], "rotation": 180, "texture": "#0"}, "down": {"uv": [2, 1, 1, 2], "rotation": 180, "texture": "#0"} } }, { "from": [8.93893, 7.64153, 4], "to": [9.13893, 8.14153, 4.2], "rotation": {"angle": -22.5, "axis": "z", "origin": [9.03893, 8.14153, 4.1]}, "faces": { "north": {"uv": [2, 1, 1, 2], "rotation": 180, "texture": "#0"}, "east": {"uv": [2, 1, 1, 2], "rotation": 180, "texture": "#0"}, "south": {"uv": [2, 1, 1, 2], "rotation": 180, "texture": "#0"}, "west": {"uv": [2, 1, 1, 2], "rotation": 180, "texture": "#0"}, "up": {"uv": [2, 1, 1, 2], "rotation": 180, "texture": "#0"}, "down": {"uv": [2, 1, 1, 2], "rotation": 180, "texture": "#0"} } }, { "from": [4.10845, 8.26027, 4], "to": [6.40845, 8.46027, 4.2], "rotation": {"angle": 0, "axis": "y", "origin": [4.80845, 8.36027, 4.5]}, "faces": { "north": {"uv": [2, 1, 1, 2], "texture": "#0"}, "east": {"uv": [2, 1, 1, 2], "texture": "#0"}, "south": {"uv": [2, 1, 1, 2], "texture": "#0"}, "west": {"uv": [2, 1, 1, 2], "texture": "#0"}, "up": {"uv": [2, 1, 1, 2], "texture": "#0"}, "down": {"uv": [2, 1, 1, 2], "texture": "#0"} } }, { "from": [9.59155, 8.26027, 4], "to": [11.89155, 8.46027, 4.2], "rotation": {"angle": 0, "axis": "y", "origin": [11.19155, 8.36027, 4.5]}, "faces": { "north": {"uv": [2, 1, 1, 2], "texture": "#0"}, "east": {"uv": [2, 1, 1, 2], "texture": "#0"}, "south": {"uv": [2, 1, 1, 2], "texture": "#0"}, "west": {"uv": [2, 1, 1, 2], "texture": "#0"}, "up": {"uv": [2, 1, 1, 2], "texture": "#0"}, "down": {"uv": [2, 1, 1, 2], "texture": "#0"} } }, { "from": [9.39155, 8.16027, 4.1], "to": [12.09155, 8.36027, 4.15], "rotation": {"angle": 0, "axis": "y", "origin": [11.19155, 8.36027, 4.5]}, "faces": { "north": {"uv": [14.9, 14.1, 14.1, 14.9], "texture": "#0"}, "east": {"uv": [14.9, 14.1, 14.1, 14.9], "texture": "#0"}, "south": {"uv": [14.9, 14.1, 14.1, 14.9], "texture": "#0"}, "west": {"uv": [14.9, 14.1, 14.1, 14.9], "texture": "#0"}, "up": {"uv": [14.9, 14.1, 14.1, 14.9], "texture": "#0"}, "down": {"uv": [14.9, 14.1, 14.1, 14.9], "texture": "#0"} } }, { "from": [3.90845, 8.16027, 4.1], "to": [6.60845, 8.36027, 4.15], "rotation": {"angle": 0, "axis": "y", "origin": [4.80845, 8.36027, 4.5]}, "faces": { "north": {"uv": [14.1, 14.1, 14.9, 14.9], "texture": "#0"}, "east": {"uv": [14.1, 14.1, 14.9, 14.9], "texture": "#0"}, "south": {"uv": [14.1, 14.1, 14.9, 14.9], "texture": "#0"}, "west": {"uv": [14.1, 14.1, 14.9, 14.9], "texture": "#0"}, "up": {"uv": [14.1, 14.1, 14.9, 14.9], "texture": "#0"}, "down": {"uv": [14.1, 14.1, 14.9, 14.9], "texture": "#0"} } }, { "from": [9.09155, 6.61027, 4.1], "to": [12.54155, 8.16027, 4.15], "rotation": {"angle": 0, "axis": "y", "origin": [11.19155, 8.36027, 4.5]}, "faces": { "north": {"uv": [14.9, 14.1, 14.1, 14.9], "texture": "#0"}, "east": {"uv": [14.9, 14.1, 14.1, 14.9], "texture": "#0"}, "south": {"uv": [14.9, 14.1, 14.1, 14.9], "texture": "#0"}, "west": {"uv": [14.9, 14.1, 14.1, 14.9], "texture": "#0"}, "up": {"uv": [14.9, 14.1, 14.1, 14.9], "texture": "#0"}, "down": {"uv": [14.9, 14.1, 14.1, 14.9], "texture": "#0"} } }, { "from": [3.45845, 6.61027, 4.1], "to": [6.90845, 8.16027, 4.15], "rotation": {"angle": 0, "axis": "y", "origin": [4.80845, 8.36027, 4.5]}, "faces": { "north": {"uv": [14.1, 14.1, 14.9, 14.9], "texture": "#0"}, "east": {"uv": [14.1, 14.1, 14.9, 14.9], "texture": "#0"}, "south": {"uv": [14.1, 14.1, 14.9, 14.9], "texture": "#0"}, "west": {"uv": [14.1, 14.1, 14.9, 14.9], "texture": "#0"}, "up": {"uv": [14.1, 14.1, 14.9, 14.9], "texture": "#0"}, "down": {"uv": [14.1, 14.1, 14.9, 14.9], "texture": "#0"} } }, { "from": [9.34155, 6.36027, 4.1], "to": [12.44155, 6.61027, 4.15], "rotation": {"angle": 0, "axis": "y", "origin": [11.19155, 8.06027, 4.5]}, "faces": { "north": {"uv": [14.9, 14.1, 14.1, 14.9], "texture": "#0"}, "east": {"uv": [14.9, 14.1, 14.1, 14.9], "texture": "#0"}, "south": {"uv": [14.9, 14.1, 14.1, 14.9], "texture": "#0"}, "west": {"uv": [14.9, 14.1, 14.1, 14.9], "texture": "#0"}, "up": {"uv": [14.9, 14.1, 14.1, 14.9], "texture": "#0"}, "down": {"uv": [14.9, 14.1, 14.1, 14.9], "texture": "#0"} } }, { "from": [3.55845, 6.36027, 4.1], "to": [6.65845, 6.61027, 4.15], "rotation": {"angle": 0, "axis": "y", "origin": [4.80845, 8.06027, 4.5]}, "faces": { "north": {"uv": [14.1, 14.1, 14.9, 14.9], "texture": "#0"}, "east": {"uv": [14.1, 14.1, 14.9, 14.9], "texture": "#0"}, "south": {"uv": [14.1, 14.1, 14.9, 14.9], "texture": "#0"}, "west": {"uv": [14.1, 14.1, 14.9, 14.9], "texture": "#0"}, "up": {"uv": [14.1, 14.1, 14.9, 14.9], "texture": "#0"}, "down": {"uv": [14.1, 14.1, 14.9, 14.9], "texture": "#0"} } }, { "from": [9.59155, 6.11027, 4.1], "to": [12.24155, 6.36027, 4.15], "rotation": {"angle": 0, "axis": "y", "origin": [11.19155, 7.81027, 4.5]}, "faces": { "north": {"uv": [14.9, 14.1, 14.1, 14.9], "texture": "#0"}, "east": {"uv": [14.9, 14.1, 14.1, 14.9], "texture": "#0"}, "south": {"uv": [14.9, 14.1, 14.1, 14.9], "texture": "#0"}, "west": {"uv": [14.9, 14.1, 14.1, 14.9], "texture": "#0"}, "up": {"uv": [14.9, 14.1, 14.1, 14.9], "texture": "#0"}, "down": {"uv": [14.9, 14.1, 14.1, 14.9], "texture": "#0"} } }, { "from": [3.75845, 6.11027, 4.1], "to": [6.40845, 6.36027, 4.15], "rotation": {"angle": 0, "axis": "y", "origin": [4.80845, 7.81027, 4.5]}, "faces": { "north": {"uv": [14.1, 14.1, 14.9, 14.9], "texture": "#0"}, "east": {"uv": [14.1, 14.1, 14.9, 14.9], "texture": "#0"}, "south": {"uv": [14.1, 14.1, 14.9, 14.9], "texture": "#0"}, "west": {"uv": [14.1, 14.1, 14.9, 14.9], "texture": "#0"}, "up": {"uv": [14.1, 14.1, 14.9, 14.9], "texture": "#0"}, "down": {"uv": [14.1, 14.1, 14.9, 14.9], "texture": "#0"} } }, { "from": [9.99155, 5.91027, 4.1], "to": [11.99155, 6.11027, 4.15], "rotation": {"angle": 0, "axis": "y", "origin": [11.19155, 7.56027, 4.5]}, "faces": { "north": {"uv": [14.9, 14.1, 14.1, 14.9], "texture": "#0"}, "east": {"uv": [14.9, 14.1, 14.1, 14.9], "texture": "#0"}, "south": {"uv": [14.9, 14.1, 14.1, 14.9], "texture": "#0"}, "west": {"uv": [14.9, 14.1, 14.1, 14.9], "texture": "#0"}, "up": {"uv": [14.9, 14.1, 14.1, 14.9], "texture": "#0"}, "down": {"uv": [14.9, 14.1, 14.1, 14.9], "texture": "#0"} } }, { "from": [4.00845, 5.91027, 4.1], "to": [6.00845, 6.11027, 4.15], "rotation": {"angle": 0, "axis": "y", "origin": [4.80845, 7.56027, 4.5]}, "faces": { "north": {"uv": [14.1, 14.1, 14.9, 14.9], "texture": "#0"}, "east": {"uv": [14.1, 14.1, 14.9, 14.9], "texture": "#0"}, "south": {"uv": [14.1, 14.1, 14.9, 14.9], "texture": "#0"}, "west": {"uv": [14.1, 14.1, 14.9, 14.9], "texture": "#0"}, "up": {"uv": [14.1, 14.1, 14.9, 14.9], "texture": "#0"}, "down": {"uv": [14.1, 14.1, 14.9, 14.9], "texture": "#0"} } }, { "from": [10.49155, 5.71027, 4.1], "to": [11.59155, 5.91027, 4.15], "rotation": {"angle": 0, "axis": "y", "origin": [11.19155, 7.36027, 4.5]}, "faces": { "north": {"uv": [14.9, 14.1, 14.1, 14.9], "texture": "#0"}, "east": {"uv": [14.9, 14.1, 14.1, 14.9], "texture": "#0"}, "south": {"uv": [14.9, 14.1, 14.1, 14.9], "texture": "#0"}, "west": {"uv": [14.9, 14.1, 14.1, 14.9], "texture": "#0"}, "up": {"uv": [14.9, 14.1, 14.1, 14.9], "texture": "#0"}, "down": {"uv": [14.9, 14.1, 14.1, 14.9], "texture": "#0"} } }, { "from": [4.40845, 5.71027, 4.1], "to": [5.50845, 5.91027, 4.15], "rotation": {"angle": 0, "axis": "y", "origin": [4.80845, 7.36027, 4.5]}, "faces": { "north": {"uv": [14.1, 14.1, 14.9, 14.9], "texture": "#0"}, "east": {"uv": [14.1, 14.1, 14.9, 14.9], "texture": "#0"}, "south": {"uv": [14.1, 14.1, 14.9, 14.9], "texture": "#0"}, "west": {"uv": [14.1, 14.1, 14.9, 14.9], "texture": "#0"}, "up": {"uv": [14.1, 14.1, 14.9, 14.9], "texture": "#0"}, "down": {"uv": [14.1, 14.1, 14.9, 14.9], "texture": "#0"} } }, { "from": [8.94155, 6.96027, 4.1], "to": [9.09155, 8.16027, 4.15], "rotation": {"angle": 0, "axis": "y", "origin": [11.19155, 8.36027, 4.5]}, "faces": { "north": {"uv": [14.9, 14.1, 14.1, 14.9], "texture": "#0"}, "east": {"uv": [14.9, 14.1, 14.1, 14.9], "texture": "#0"}, "south": {"uv": [14.9, 14.1, 14.1, 14.9], "texture": "#0"}, "west": {"uv": [14.9, 14.1, 14.1, 14.9], "texture": "#0"}, "up": {"uv": [14.9, 14.1, 14.1, 14.9], "texture": "#0"}, "down": {"uv": [14.9, 14.1, 14.1, 14.9], "texture": "#0"} } }, { "from": [6.90845, 6.96027, 4.1], "to": [7.05845, 8.16027, 4.15], "rotation": {"angle": 0, "axis": "y", "origin": [4.80845, 8.36027, 4.5]}, "faces": { "north": {"uv": [14.1, 14.1, 14.9, 14.9], "texture": "#0"}, "east": {"uv": [14.1, 14.1, 14.9, 14.9], "texture": "#0"}, "south": {"uv": [14.1, 14.1, 14.9, 14.9], "texture": "#0"}, "west": {"uv": [14.1, 14.1, 14.9, 14.9], "texture": "#0"}, "up": {"uv": [14.1, 14.1, 14.9, 14.9], "texture": "#0"}, "down": {"uv": [14.1, 14.1, 14.9, 14.9], "texture": "#0"} } }, { "from": [7.06003, 7.64132, 4], "to": [8.96003, 8.14132, 4.2], "rotation": {"angle": 0, "axis": "y", "origin": [7.86003, 7.64132, 4.5]}, "faces": { "north": {"uv": [2, 1, 1, 2], "texture": "#0"}, "east": {"uv": [2, 1, 1, 2], "texture": "#0"}, "south": {"uv": [2, 1, 1, 2], "texture": "#0"}, "west": {"uv": [2, 1, 1, 2], "texture": "#0"}, "up": {"uv": [2, 1, 1, 2], "texture": "#0"}, "down": {"uv": [2, 1, 1, 2], "texture": "#0"} } }, { "from": [7.56003, 7.64132, 3.9], "to": [8.46003, 8.14132, 4], "rotation": {"angle": 0, "axis": "y", "origin": [7.86003, 7.64132, 4.5]}, "faces": { "north": {"uv": [2, 1, 1, 2], "texture": "#0"}, "east": {"uv": [2, 1, 1, 2], "texture": "#0"}, "south": {"uv": [2, 1, 1, 2], "texture": "#0"}, "west": {"uv": [2, 1, 1, 2], "texture": "#0"}, "up": {"uv": [2, 1, 1, 2], "texture": "#0"}, "down": {"uv": [2, 1, 1, 2], "texture": "#0"} } }, { "from": [6.33973, 8.11481, 4], "to": [7.33973, 8.31481, 4.2], "rotation": {"angle": -22.5, "axis": "z", "origin": [6.73973, 8.21481, 4.5]}, "faces": { "north": {"uv": [2, 1, 1, 2], "texture": "#0"}, "east": {"uv": [2, 1, 1, 2], "texture": "#0"}, "south": {"uv": [2, 1, 1, 2], "texture": "#0"}, "west": {"uv": [2, 1, 1, 2], "texture": "#0"}, "up": {"uv": [2, 1, 1, 2], "texture": "#0"}, "down": {"uv": [2, 1, 1, 2], "texture": "#0"} } }, { "from": [8.66027, 8.11481, 4], "to": [9.66027, 8.31481, 4.2], "rotation": {"angle": 22.5, "axis": "z", "origin": [9.26027, 8.21481, 4.5]}, "faces": { "north": {"uv": [2, 1, 1, 2], "texture": "#0"}, "east": {"uv": [2, 1, 1, 2], "texture": "#0"}, "south": {"uv": [2, 1, 1, 2], "texture": "#0"}, "west": {"uv": [2, 1, 1, 2], "texture": "#0"}, "up": {"uv": [2, 1, 1, 2], "texture": "#0"}, "down": {"uv": [2, 1, 1, 2], "texture": "#0"} } } ], "display": { "thirdperson_righthand": { "rotation": [64, 0, -30], "translation": [-2.75, 0.75, 2], "scale": [0.86, 0.86, 0.86] }, "thirdperson_lefthand": { "rotation": [66, 0, 39], "translation": [-3.75, 0, -2], "scale": [0.86, 0.86, 0.86] }, "firstperson_righthand": { "rotation": [0, 0, -30], "translation": [0, 1.75, 3.5], "scale": [0.86, 0.86, 0.86] }, "firstperson_lefthand": { "rotation": [11, 0, -16], "translation": [2.25, 0, 2.25], "scale": [0.86, 0.86, 0.86] }, "ground": { "rotation": [-14, 0, 0], "translation": [0, -1.25, 0] }, "gui": { "rotation": [45, -149, 44.25], "translation": [-0.5, 2.75, 0], "scale": [1.48, 1.48, 1.48] }, "head": { "rotation": [10.5, 0, 0], "translation": [0, 6, -1], "scale": [1.42, 1.42, 1.42] }, "fixed": { "rotation": [-78.25, 0, 0], "translation": [0, 6, -1.75], "scale": [1.82, 1.82, 1.82] } }, "groups": [ 0, 1, 2, 3, 4, 5, 6, 7, { "name": "hexadecagon", "origin": [8, 8, 8], "color": 0, "children": [] }, { "name": "hexadecagon", "origin": [8, 8, 8], "color": 0, "children": [] }, 8, 9, 10, 11, 12, 13, 14, 15, 16, 17, 18, 19, 20, 21, 22, 23, 24, 25, 26, 27, 28, 29, 30, 31, 32, 33, 34, 35, 36, 37, 38, 39, 40, 41, 42, 43, 44, 45, 46, 47, 48, 49, 50, 51, 52, 53, 54, 55, 56, 57, 58, 59 ] }