{ "credit": "Made with Blockbench", "textures": { "0": "block/rudolfhorns" }, "elements": [ { "from": [3, 0, 8], "to": [4, 1, 9], "faces": { "north": {"uv": [1, 1, 6, 5], "texture": "#0"}, "east": {"uv": [1, 1, 6, 5], "texture": "#0"}, "south": {"uv": [1, 1, 6, 5], "texture": "#0"}, "west": {"uv": [1, 1, 6, 5], "texture": "#0"}, "up": {"uv": [1, 1, 6, 5], "texture": "#0"}, "down": {"uv": [1, 1, 6, 5], "texture": "#0"} } }, { "from": [3, 1, 7], "to": [4, 2, 10], "faces": { "north": {"uv": [1, 1, 6, 5], "texture": "#0"}, "east": {"uv": [1, 1, 6, 5], "texture": "#0"}, "south": {"uv": [1, 1, 6, 5], "texture": "#0"}, "west": {"uv": [1, 1, 6, 5], "texture": "#0"}, "up": {"uv": [1, 1, 6, 5], "texture": "#0"}, "down": {"uv": [1, 1, 6, 5], "texture": "#0"} } }, { "from": [3, 1.53596, 4.30552], "to": [4, 2.53596, 7.30552], "rotation": {"angle": 22.5, "axis": "x", "origin": [3.5, 2.03596, 5.80552]}, "faces": { "north": {"uv": [1, 1, 6, 5], "texture": "#0"}, "east": {"uv": [1, 1, 6, 5], "texture": "#0"}, "south": {"uv": [1, 1, 6, 5], "texture": "#0"}, "west": {"uv": [1, 1, 6, 5], "texture": "#0"}, "up": {"uv": [1, 1, 6, 5], "texture": "#0"}, "down": {"uv": [1, 1, 6, 5], "texture": "#0"} } }, { "from": [3, 2.20871, 3.37481], "to": [4, 4.20871, 4.37481], "rotation": {"angle": -45, "axis": "x", "origin": [3.5, 3.20871, 3.87481]}, "faces": { "north": {"uv": [1, 1, 6, 5], "rotation": 90, "texture": "#0"}, "east": {"uv": [1, 1, 6, 5], "rotation": 90, "texture": "#0"}, "south": {"uv": [1, 1, 6, 5], "rotation": 90, "texture": "#0"}, "west": {"uv": [1, 1, 6, 5], "rotation": 90, "texture": "#0"}, "up": {"uv": [1, 1, 6, 5], "rotation": 90, "texture": "#0"}, "down": {"uv": [1, 1, 6, 5], "rotation": 90, "texture": "#0"} } }, { "from": [3, 3.67749, 2.3934], "to": [4, 5.67749, 3.3934], "rotation": {"angle": -22.5, "axis": "x", "origin": [3.5, 4.67749, 2.8934]}, "faces": { "north": {"uv": [1, 1, 6, 5], "rotation": 90, "texture": "#0"}, "east": {"uv": [1, 1, 6, 5], "rotation": 90, "texture": "#0"}, "south": {"uv": [1, 1, 6, 5], "rotation": 90, "texture": "#0"}, "west": {"uv": [1, 1, 6, 5], "rotation": 90, "texture": "#0"}, "up": {"uv": [1, 1, 6, 5], "rotation": 90, "texture": "#0"}, "down": {"uv": [1, 1, 6, 5], "rotation": 90, "texture": "#0"} } }, { "from": [3, 5.41002, 2.04878], "to": [4, 7.41002, 3.04878], "rotation": {"angle": 0, "axis": "y", "origin": [3.5, 6.41002, 2.54878]}, "faces": { "north": {"uv": [1, 1, 6, 5], "rotation": 90, "texture": "#0"}, "east": {"uv": [1, 1, 6, 5], "rotation": 90, "texture": "#0"}, "south": {"uv": [1, 1, 6, 5], "rotation": 90, "texture": "#0"}, "west": {"uv": [1, 1, 6, 5], "rotation": 90, "texture": "#0"}, "up": {"uv": [1, 1, 6, 5], "rotation": 90, "texture": "#0"}, "down": {"uv": [1, 1, 6, 5], "rotation": 90, "texture": "#0"} } }, { "from": [3, 7.14256, 2.3934], "to": [4, 9.14256, 3.3934], "rotation": {"angle": 22.5, "axis": "x", "origin": [3.5, 8.14256, 2.8934]}, "faces": { "north": {"uv": [1, 1, 6, 5], "rotation": 90, "texture": "#0"}, "east": {"uv": [1, 1, 6, 5], "rotation": 90, "texture": "#0"}, "south": {"uv": [1, 1, 6, 5], "rotation": 90, "texture": "#0"}, "west": {"uv": [1, 1, 6, 5], "rotation": 90, "texture": "#0"}, "up": {"uv": [1, 1, 6, 5], "rotation": 90, "texture": "#0"}, "down": {"uv": [1, 1, 6, 5], "rotation": 90, "texture": "#0"} } }, { "from": [3, 8.61134, 3.37481], "to": [4, 10.71134, 4.07481], "rotation": {"angle": 45, "axis": "x", "origin": [3.5, 9.61134, 3.87481]}, "faces": { "north": {"uv": [1, 1, 6, 5], "rotation": 90, "texture": "#0"}, "east": {"uv": [1, 1, 6, 5], "rotation": 90, "texture": "#0"}, "south": {"uv": [1, 1, 6, 5], "rotation": 90, "texture": "#0"}, "west": {"uv": [1, 1, 6, 5], "rotation": 90, "texture": "#0"}, "up": {"uv": [1, 1, 6, 5], "rotation": 90, "texture": "#0"}, "down": {"uv": [1, 1, 6, 5], "rotation": 90, "texture": "#0"} } }, { "from": [3.2, 10.56345, 5.41429], "to": [3.8, 11.16345, 6.01429], "rotation": {"angle": -22.5, "axis": "x", "origin": [3.5, 10.66345, 5.41429]}, "faces": { "north": {"uv": [1, 1, 6, 5], "rotation": 180, "texture": "#0"}, "east": {"uv": [1, 1, 6, 5], "rotation": 180, "texture": "#0"}, "south": {"uv": [1, 1, 6, 5], "rotation": 180, "texture": "#0"}, "west": {"uv": [1, 1, 6, 5], "rotation": 180, "texture": "#0"}, "up": {"uv": [1, 1, 6, 5], "rotation": 180, "texture": "#0"}, "down": {"uv": [1, 1, 6, 5], "rotation": 180, "texture": "#0"} } }, { "from": [3.3, 10.56345, 6.01429], "to": [3.7, 11.16345, 6.81429], "rotation": {"angle": -22.5, "axis": "x", "origin": [3.5, 10.66345, 5.41429]}, "faces": { "north": {"uv": [1, 1, 6, 5], "rotation": 180, "texture": "#0"}, "east": {"uv": [1, 1, 6, 5], "rotation": 180, "texture": "#0"}, "south": {"uv": [1, 1, 6, 5], "rotation": 180, "texture": "#0"}, "west": {"uv": [1, 1, 6, 5], "rotation": 180, "texture": "#0"}, "up": {"uv": [1, 1, 6, 5], "rotation": 180, "texture": "#0"}, "down": {"uv": [1, 1, 6, 5], "rotation": 180, "texture": "#0"} } }, { "from": [3.1, 10.56345, 4.41429], "to": [3.9, 11.16345, 5.41429], "rotation": {"angle": -22.5, "axis": "x", "origin": [3.5, 10.66345, 5.41429]}, "faces": { "north": {"uv": [1, 1, 6, 5], "rotation": 180, "texture": "#0"}, "east": {"uv": [1, 1, 6, 5], "rotation": 180, "texture": "#0"}, "south": {"uv": [1, 1, 6, 5], "rotation": 180, "texture": "#0"}, "west": {"uv": [1, 1, 6, 5], "rotation": 180, "texture": "#0"}, "up": {"uv": [1, 1, 6, 5], "rotation": 180, "texture": "#0"}, "down": {"uv": [1, 1, 6, 5], "rotation": 180, "texture": "#0"} } }, { "from": [3, 9.04256, 2.9934], "to": [4, 10.14256, 3.3934], "rotation": {"angle": 22.5, "axis": "x", "origin": [3.5, 8.14256, 2.8934]}, "faces": { "north": {"uv": [1, 1, 6, 5], "rotation": 90, "texture": "#0"}, "east": {"uv": [1, 1, 6, 5], "rotation": 90, "texture": "#0"}, "south": {"uv": [1, 1, 6, 5], "rotation": 90, "texture": "#0"}, "west": {"uv": [1, 1, 6, 5], "rotation": 90, "texture": "#0"}, "up": {"uv": [1, 1, 6, 5], "rotation": 90, "texture": "#0"}, "down": {"uv": [1, 1, 6, 5], "rotation": 90, "texture": "#0"} } }, { "from": [3.1, 10.01134, 3.87481], "to": [3.9, 11.11134, 4.07481], "rotation": {"angle": 45, "axis": "x", "origin": [3.5, 9.61134, 3.87481]}, "faces": { "north": {"uv": [1, 1, 6, 5], "rotation": 90, "texture": "#0"}, "east": {"uv": [1, 1, 6, 5], "rotation": 90, "texture": "#0"}, "south": {"uv": [1, 1, 6, 5], "rotation": 90, "texture": "#0"}, "west": {"uv": [1, 1, 6, 5], "rotation": 90, "texture": "#0"}, "up": {"uv": [1, 1, 6, 5], "rotation": 90, "texture": "#0"}, "down": {"uv": [1, 1, 6, 5], "rotation": 90, "texture": "#0"} } }, { "from": [3.4, 10.81134, 2.312], "to": [3.8, 11.41134, 2.712], "rotation": {"angle": -45, "axis": "x", "origin": [3.5, 11.81134, 2.212]}, "faces": { "north": {"uv": [1, 1, 6, 5], "rotation": 90, "texture": "#0"}, "east": {"uv": [1, 1, 6, 5], "rotation": 90, "texture": "#0"}, "south": {"uv": [1, 1, 6, 5], "rotation": 90, "texture": "#0"}, "west": {"uv": [1, 1, 6, 5], "rotation": 90, "texture": "#0"}, "up": {"uv": [1, 1, 6, 5], "rotation": 90, "texture": "#0"}, "down": {"uv": [1, 1, 6, 5], "rotation": 90, "texture": "#0"} } }, { "from": [3.4, 9.39259, 0.86041], "to": [3.8, 9.79259, 1.46041], "rotation": {"angle": 45, "axis": "x", "origin": [3.6, 9.39827, 1.57451]}, "faces": { "north": {"uv": [1, 1, 6, 5], "texture": "#0"}, "east": {"uv": [1, 1, 6, 5], "texture": "#0"}, "south": {"uv": [1, 1, 6, 5], "texture": "#0"}, "west": {"uv": [1, 1, 6, 5], "texture": "#0"}, "up": {"uv": [1, 1, 6, 5], "texture": "#0"}, "down": {"uv": [1, 1, 6, 5], "texture": "#0"} } }, { "from": [3.5, 11.41134, 2.412], "to": [3.7, 12.01134, 2.712], "rotation": {"angle": -45, "axis": "x", "origin": [3.5, 11.81134, 2.212]}, "faces": { "north": {"uv": [1, 1, 6, 5], "rotation": 90, "texture": "#0"}, "east": {"uv": [1, 1, 6, 5], "rotation": 90, "texture": "#0"}, "south": {"uv": [1, 1, 6, 5], "rotation": 90, "texture": "#0"}, "west": {"uv": [1, 1, 6, 5], "rotation": 90, "texture": "#0"}, "up": {"uv": [1, 1, 6, 5], "rotation": 90, "texture": "#0"}, "down": {"uv": [1, 1, 6, 5], "rotation": 90, "texture": "#0"} } }, { "from": [3.5, 9.49259, 0.26041], "to": [3.7, 9.79259, 0.86041], "rotation": {"angle": 45, "axis": "x", "origin": [3.6, 9.39827, 1.57451]}, "faces": { "north": {"uv": [1, 1, 6, 5], "texture": "#0"}, "east": {"uv": [1, 1, 6, 5], "texture": "#0"}, "south": {"uv": [1, 1, 6, 5], "texture": "#0"}, "west": {"uv": [1, 1, 6, 5], "texture": "#0"}, "up": {"uv": [1, 1, 6, 5], "texture": "#0"}, "down": {"uv": [1, 1, 6, 5], "texture": "#0"} } }, { "from": [3.2, 9.34256, 3.1934], "to": [4, 10.54256, 3.6934], "rotation": {"angle": -22.5, "axis": "x", "origin": [3.5, 10.34256, 3.1934]}, "faces": { "north": {"uv": [1, 1, 6, 5], "rotation": 90, "texture": "#0"}, "east": {"uv": [1, 1, 6, 5], "rotation": 90, "texture": "#0"}, "south": {"uv": [1, 1, 6, 5], "rotation": 90, "texture": "#0"}, "west": {"uv": [1, 1, 6, 5], "rotation": 90, "texture": "#0"}, "up": {"uv": [1, 1, 6, 5], "rotation": 90, "texture": "#0"}, "down": {"uv": [1, 1, 6, 5], "rotation": 90, "texture": "#0"} } }, { "from": [3.2, 7.35459, 1.39516], "to": [4, 8.85459, 1.89516], "rotation": {"angle": -22.5, "axis": "x", "origin": [3.6, 9.39827, 1.57451]}, "faces": { "north": {"uv": [1, 1, 6, 5], "rotation": 90, "texture": "#0"}, "east": {"uv": [1, 1, 6, 5], "rotation": 90, "texture": "#0"}, "south": {"uv": [1, 1, 6, 5], "rotation": 90, "texture": "#0"}, "west": {"uv": [1, 1, 6, 5], "rotation": 90, "texture": "#0"}, "up": {"uv": [1, 1, 6, 5], "rotation": 90, "texture": "#0"}, "down": {"uv": [1, 1, 6, 5], "rotation": 90, "texture": "#0"} } }, { "from": [3.3, 10.14256, 3.1934], "to": [3.9, 11.34256, 3.6934], "rotation": {"angle": -22.5, "axis": "x", "origin": [3.5, 10.34256, 3.1934]}, "faces": { "north": {"uv": [1, 1, 6, 5], "rotation": 90, "texture": "#0"}, "east": {"uv": [1, 1, 6, 5], "rotation": 90, "texture": "#0"}, "south": {"uv": [1, 1, 6, 5], "rotation": 90, "texture": "#0"}, "west": {"uv": [1, 1, 6, 5], "rotation": 90, "texture": "#0"}, "up": {"uv": [1, 1, 6, 5], "rotation": 90, "texture": "#0"}, "down": {"uv": [1, 1, 6, 5], "rotation": 90, "texture": "#0"} } }, { "from": [3.3, 8.45459, 1.39516], "to": [3.9, 9.65459, 1.89516], "rotation": {"angle": -22.5, "axis": "x", "origin": [3.6, 9.39827, 1.57451]}, "faces": { "north": {"uv": [1, 1, 6, 5], "rotation": 90, "texture": "#0"}, "east": {"uv": [1, 1, 6, 5], "rotation": 90, "texture": "#0"}, "south": {"uv": [1, 1, 6, 5], "rotation": 90, "texture": "#0"}, "west": {"uv": [1, 1, 6, 5], "rotation": 90, "texture": "#0"}, "up": {"uv": [1, 1, 6, 5], "rotation": 90, "texture": "#0"}, "down": {"uv": [1, 1, 6, 5], "rotation": 90, "texture": "#0"} } }, { "from": [3.2, 10.03823, 3.77437], "to": [3.9, 11.33823, 4.27437], "rotation": {"angle": 0, "axis": "y", "origin": [3.6, 10.43823, 4.02437]}, "faces": { "north": {"uv": [1, 1, 6, 5], "rotation": 90, "texture": "#0"}, "east": {"uv": [1, 1, 6, 5], "rotation": 90, "texture": "#0"}, "south": {"uv": [1, 1, 6, 5], "rotation": 90, "texture": "#0"}, "west": {"uv": [1, 1, 6, 5], "rotation": 90, "texture": "#0"}, "up": {"uv": [1, 1, 6, 5], "rotation": 90, "texture": "#0"}, "down": {"uv": [1, 1, 6, 5], "rotation": 90, "texture": "#0"} } }, { "from": [3.3, 10.53823, 3.77437], "to": [3.8, 11.83823, 4.17437], "rotation": {"angle": 0, "axis": "y", "origin": [3.6, 10.93823, 4.02437]}, "faces": { "north": {"uv": [1, 1, 6, 5], "rotation": 90, "texture": "#0"}, "east": {"uv": [1, 1, 6, 5], "rotation": 90, "texture": "#0"}, "south": {"uv": [1, 1, 6, 5], "rotation": 90, "texture": "#0"}, "west": {"uv": [1, 1, 6, 5], "rotation": 90, "texture": "#0"}, "up": {"uv": [1, 1, 6, 5], "rotation": 90, "texture": "#0"}, "down": {"uv": [1, 1, 6, 5], "rotation": 90, "texture": "#0"} } }, { "from": [3.4, 11.36856, 4.40826], "to": [3.7, 11.96856, 4.70826], "rotation": {"angle": 45, "axis": "x", "origin": [3.6, 12.36856, 4.65826]}, "faces": { "north": {"uv": [1, 1, 6, 5], "rotation": 90, "texture": "#0"}, "east": {"uv": [1, 1, 6, 5], "rotation": 90, "texture": "#0"}, "south": {"uv": [1, 1, 6, 5], "rotation": 90, "texture": "#0"}, "west": {"uv": [1, 1, 6, 5], "rotation": 90, "texture": "#0"}, "up": {"uv": [1, 1, 6, 5], "rotation": 90, "texture": "#0"}, "down": {"uv": [1, 1, 6, 5], "rotation": 90, "texture": "#0"} } }, { "from": [3.5, 11.86856, 4.40826], "to": [3.6, 12.26856, 4.60826], "rotation": {"angle": 45, "axis": "x", "origin": [3.6, 12.36856, 4.65826]}, "faces": { "north": {"uv": [1, 1, 6, 5], "rotation": 90, "texture": "#0"}, "east": {"uv": [1, 1, 6, 5], "rotation": 90, "texture": "#0"}, "south": {"uv": [1, 1, 6, 5], "rotation": 90, "texture": "#0"}, "west": {"uv": [1, 1, 6, 5], "rotation": 90, "texture": "#0"}, "up": {"uv": [1, 1, 6, 5], "rotation": 90, "texture": "#0"}, "down": {"uv": [1, 1, 6, 5], "rotation": 90, "texture": "#0"} } }, { "from": [3.1, 0.99234, 11.3976], "to": [3.9, 1.59234, 12.7976], "rotation": {"angle": -22.5, "axis": "x", "origin": [3.5, 1.50492, 11.47954]}, "faces": { "north": {"uv": [1, 1, 6, 5], "texture": "#0"}, "east": {"uv": [1, 1, 6, 5], "texture": "#0"}, "south": {"uv": [1, 1, 6, 5], "texture": "#0"}, "west": {"uv": [1, 1, 6, 5], "texture": "#0"}, "up": {"uv": [1, 1, 6, 5], "texture": "#0"}, "down": {"uv": [1, 1, 6, 5], "texture": "#0"} } }, { "from": [3, 1, 10], "to": [4, 1.8, 11.6], "rotation": {"angle": 0, "axis": "y", "origin": [3.5, 1.50492, 11.97954]}, "faces": { "north": {"uv": [1, 1, 6, 5], "texture": "#0"}, "east": {"uv": [1, 1, 6, 5], "texture": "#0"}, "south": {"uv": [1, 1, 6, 5], "texture": "#0"}, "west": {"uv": [1, 1, 6, 5], "texture": "#0"}, "up": {"uv": [1, 1, 6, 5], "texture": "#0"}, "down": {"uv": [1, 1, 6, 5], "texture": "#0"} } }, { "from": [3, 1.49234, 9.7976], "to": [4, 2.09234, 10.8976], "rotation": {"angle": -22.5, "axis": "x", "origin": [3.5, 2.00492, 9.87954]}, "faces": { "north": {"uv": [1, 1, 6, 5], "texture": "#0"}, "east": {"uv": [1, 1, 6, 5], "texture": "#0"}, "south": {"uv": [1, 1, 6, 5], "texture": "#0"}, "west": {"uv": [1, 1, 6, 5], "texture": "#0"}, "up": {"uv": [1, 1, 6, 5], "texture": "#0"}, "down": {"uv": [1, 1, 6, 5], "texture": "#0"} } }, { "from": [3.1, 2.22199, 10.64304], "to": [3.9, 2.82199, 11.74304], "rotation": {"angle": -45, "axis": "x", "origin": [3.5, 2.52199, 11.19304]}, "faces": { "north": {"uv": [1, 1, 6, 5], "texture": "#0"}, "east": {"uv": [1, 1, 6, 5], "texture": "#0"}, "south": {"uv": [1, 1, 6, 5], "texture": "#0"}, "west": {"uv": [1, 1, 6, 5], "texture": "#0"}, "up": {"uv": [1, 1, 6, 5], "texture": "#0"}, "down": {"uv": [1, 1, 6, 5], "texture": "#0"} } }, { "from": [3.2, 2.77171, 11.4274], "to": [3.8, 3.87171, 12.0274], "rotation": {"angle": 22.5, "axis": "x", "origin": [3.5, 3.32171, 11.7274]}, "faces": { "north": {"uv": [1, 1, 6, 5], "rotation": 270, "texture": "#0"}, "east": {"uv": [1, 1, 6, 5], "rotation": 270, "texture": "#0"}, "south": {"uv": [1, 1, 6, 5], "rotation": 270, "texture": "#0"}, "west": {"uv": [1, 1, 6, 5], "rotation": 270, "texture": "#0"}, "up": {"uv": [1, 1, 6, 5], "rotation": 270, "texture": "#0"}, "down": {"uv": [1, 1, 6, 5], "rotation": 270, "texture": "#0"} } }, { "from": [3.2, 1.52809, 12.69104], "to": [3.8, 2.12809, 14.09104], "rotation": {"angle": -22.5, "axis": "x", "origin": [3.5, 2.04068, 12.77297]}, "faces": { "north": {"uv": [1, 1, 6, 5], "texture": "#0"}, "east": {"uv": [1, 1, 6, 5], "texture": "#0"}, "south": {"uv": [1, 1, 6, 5], "texture": "#0"}, "west": {"uv": [1, 1, 6, 5], "texture": "#0"}, "up": {"uv": [1, 1, 6, 5], "texture": "#0"}, "down": {"uv": [1, 1, 6, 5], "texture": "#0"} } }, { "from": [11, 0, 8], "to": [12, 1, 9], "rotation": {"angle": 0, "axis": "y", "origin": [16, 8, 8]}, "faces": { "north": {"uv": [1, 1, 6, 5], "texture": "#0"}, "east": {"uv": [1, 1, 6, 5], "texture": "#0"}, "south": {"uv": [1, 1, 6, 5], "texture": "#0"}, "west": {"uv": [1, 1, 6, 5], "texture": "#0"}, "up": {"uv": [1, 1, 6, 5], "texture": "#0"}, "down": {"uv": [1, 1, 6, 5], "texture": "#0"} } }, { "from": [11, 1, 7], "to": [12, 2, 10], "rotation": {"angle": 0, "axis": "y", "origin": [16, 8, 8]}, "faces": { "north": {"uv": [1, 1, 6, 5], "texture": "#0"}, "east": {"uv": [1, 1, 6, 5], "texture": "#0"}, "south": {"uv": [1, 1, 6, 5], "texture": "#0"}, "west": {"uv": [1, 1, 6, 5], "texture": "#0"}, "up": {"uv": [1, 1, 6, 5], "texture": "#0"}, "down": {"uv": [1, 1, 6, 5], "texture": "#0"} } }, { "from": [11, 1.53596, 4.30552], "to": [12, 2.53596, 7.30552], "rotation": {"angle": 22.5, "axis": "x", "origin": [11.5, 2.03596, 5.80552]}, "faces": { "north": {"uv": [1, 1, 6, 5], "texture": "#0"}, "east": {"uv": [1, 1, 6, 5], "texture": "#0"}, "south": {"uv": [1, 1, 6, 5], "texture": "#0"}, "west": {"uv": [1, 1, 6, 5], "texture": "#0"}, "up": {"uv": [1, 1, 6, 5], "texture": "#0"}, "down": {"uv": [1, 1, 6, 5], "texture": "#0"} } }, { "from": [11, 2.20871, 3.37481], "to": [12, 4.20871, 4.37481], "rotation": {"angle": -45, "axis": "x", "origin": [11.5, 3.20871, 3.87481]}, "faces": { "north": {"uv": [1, 1, 6, 5], "rotation": 90, "texture": "#0"}, "east": {"uv": [1, 1, 6, 5], "rotation": 90, "texture": "#0"}, "south": {"uv": [1, 1, 6, 5], "rotation": 90, "texture": "#0"}, "west": {"uv": [1, 1, 6, 5], "rotation": 90, "texture": "#0"}, "up": {"uv": [1, 1, 6, 5], "rotation": 90, "texture": "#0"}, "down": {"uv": [1, 1, 6, 5], "rotation": 90, "texture": "#0"} } }, { "from": [11, 3.67749, 2.3934], "to": [12, 5.67749, 3.3934], "rotation": {"angle": -22.5, "axis": "x", "origin": [11.5, 4.67749, 2.8934]}, "faces": { "north": {"uv": [1, 1, 6, 5], "rotation": 90, "texture": "#0"}, "east": {"uv": [1, 1, 6, 5], "rotation": 90, "texture": "#0"}, "south": {"uv": [1, 1, 6, 5], "rotation": 90, "texture": "#0"}, "west": {"uv": [1, 1, 6, 5], "rotation": 90, "texture": "#0"}, "up": {"uv": [1, 1, 6, 5], "rotation": 90, "texture": "#0"}, "down": {"uv": [1, 1, 6, 5], "rotation": 90, "texture": "#0"} } }, { "from": [11, 5.41002, 2.04878], "to": [12, 7.41002, 3.04878], "rotation": {"angle": 0, "axis": "y", "origin": [11.5, 6.41002, 2.54878]}, "faces": { "north": {"uv": [1, 1, 6, 5], "rotation": 90, "texture": "#0"}, "east": {"uv": [1, 1, 6, 5], "rotation": 90, "texture": "#0"}, "south": {"uv": [1, 1, 6, 5], "rotation": 90, "texture": "#0"}, "west": {"uv": [1, 1, 6, 5], "rotation": 90, "texture": "#0"}, "up": {"uv": [1, 1, 6, 5], "rotation": 90, "texture": "#0"}, "down": {"uv": [1, 1, 6, 5], "rotation": 90, "texture": "#0"} } }, { "from": [11, 7.14256, 2.3934], "to": [12, 9.14256, 3.3934], "rotation": {"angle": 22.5, "axis": "x", "origin": [11.5, 8.14256, 2.8934]}, "faces": { "north": {"uv": [1, 1, 6, 5], "rotation": 90, "texture": "#0"}, "east": {"uv": [1, 1, 6, 5], "rotation": 90, "texture": "#0"}, "south": {"uv": [1, 1, 6, 5], "rotation": 90, "texture": "#0"}, "west": {"uv": [1, 1, 6, 5], "rotation": 90, "texture": "#0"}, "up": {"uv": [1, 1, 6, 5], "rotation": 90, "texture": "#0"}, "down": {"uv": [1, 1, 6, 5], "rotation": 90, "texture": "#0"} } }, { "from": [11, 8.61134, 3.37481], "to": [12, 10.71134, 4.07481], "rotation": {"angle": 45, "axis": "x", "origin": [11.5, 9.61134, 3.87481]}, "faces": { "north": {"uv": [1, 1, 6, 5], "rotation": 90, "texture": "#0"}, "east": {"uv": [1, 1, 6, 5], "rotation": 90, "texture": "#0"}, "south": {"uv": [1, 1, 6, 5], "rotation": 90, "texture": "#0"}, "west": {"uv": [1, 1, 6, 5], "rotation": 90, "texture": "#0"}, "up": {"uv": [1, 1, 6, 5], "rotation": 90, "texture": "#0"}, "down": {"uv": [1, 1, 6, 5], "rotation": 90, "texture": "#0"} } }, { "from": [11.2, 10.56345, 5.41429], "to": [11.8, 11.16345, 6.01429], "rotation": {"angle": -22.5, "axis": "x", "origin": [11.5, 10.66345, 5.41429]}, "faces": { "north": {"uv": [1, 1, 6, 5], "rotation": 180, "texture": "#0"}, "east": {"uv": [1, 1, 6, 5], "rotation": 180, "texture": "#0"}, "south": {"uv": [1, 1, 6, 5], "rotation": 180, "texture": "#0"}, "west": {"uv": [1, 1, 6, 5], "rotation": 180, "texture": "#0"}, "up": {"uv": [1, 1, 6, 5], "rotation": 180, "texture": "#0"}, "down": {"uv": [1, 1, 6, 5], "rotation": 180, "texture": "#0"} } }, { "from": [11, 9.04256, 2.9934], "to": [12, 10.14256, 3.3934], "rotation": {"angle": 22.5, "axis": "x", "origin": [11.5, 8.14256, 2.8934]}, "faces": { "north": {"uv": [1, 1, 6, 5], "rotation": 90, "texture": "#0"}, "east": {"uv": [1, 1, 6, 5], "rotation": 90, "texture": "#0"}, "south": {"uv": [1, 1, 6, 5], "rotation": 90, "texture": "#0"}, "west": {"uv": [1, 1, 6, 5], "rotation": 90, "texture": "#0"}, "up": {"uv": [1, 1, 6, 5], "rotation": 90, "texture": "#0"}, "down": {"uv": [1, 1, 6, 5], "rotation": 90, "texture": "#0"} } }, { "from": [11.1, 10.01134, 3.87481], "to": [11.9, 11.11134, 4.07481], "rotation": {"angle": 45, "axis": "x", "origin": [11.5, 9.61134, 3.87481]}, "faces": { "north": {"uv": [1, 1, 6, 5], "rotation": 90, "texture": "#0"}, "east": {"uv": [1, 1, 6, 5], "rotation": 90, "texture": "#0"}, "south": {"uv": [1, 1, 6, 5], "rotation": 90, "texture": "#0"}, "west": {"uv": [1, 1, 6, 5], "rotation": 90, "texture": "#0"}, "up": {"uv": [1, 1, 6, 5], "rotation": 90, "texture": "#0"}, "down": {"uv": [1, 1, 6, 5], "rotation": 90, "texture": "#0"} } }, { "from": [11.4, 10.81134, 2.312], "to": [11.8, 11.41134, 2.712], "rotation": {"angle": -45, "axis": "x", "origin": [11.5, 11.81134, 2.212]}, "faces": { "north": {"uv": [1, 1, 6, 5], "rotation": 90, "texture": "#0"}, "east": {"uv": [1, 1, 6, 5], "rotation": 90, "texture": "#0"}, "south": {"uv": [1, 1, 6, 5], "rotation": 90, "texture": "#0"}, "west": {"uv": [1, 1, 6, 5], "rotation": 90, "texture": "#0"}, "up": {"uv": [1, 1, 6, 5], "rotation": 90, "texture": "#0"}, "down": {"uv": [1, 1, 6, 5], "rotation": 90, "texture": "#0"} } }, { "from": [11.2, 9.34256, 3.1934], "to": [12, 10.54256, 3.6934], "rotation": {"angle": -22.5, "axis": "x", "origin": [11.5, 10.34256, 3.1934]}, "faces": { "north": {"uv": [1, 1, 6, 5], "rotation": 90, "texture": "#0"}, "east": {"uv": [1, 1, 6, 5], "rotation": 90, "texture": "#0"}, "south": {"uv": [1, 1, 6, 5], "rotation": 90, "texture": "#0"}, "west": {"uv": [1, 1, 6, 5], "rotation": 90, "texture": "#0"}, "up": {"uv": [1, 1, 6, 5], "rotation": 90, "texture": "#0"}, "down": {"uv": [1, 1, 6, 5], "rotation": 90, "texture": "#0"} } }, { "from": [11.2, 10.03823, 3.77437], "to": [11.9, 11.33823, 4.27437], "rotation": {"angle": 0, "axis": "y", "origin": [11.6, 10.43823, 4.02437]}, "faces": { "north": {"uv": [1, 1, 6, 5], "rotation": 90, "texture": "#0"}, "east": {"uv": [1, 1, 6, 5], "rotation": 90, "texture": "#0"}, "south": {"uv": [1, 1, 6, 5], "rotation": 90, "texture": "#0"}, "west": {"uv": [1, 1, 6, 5], "rotation": 90, "texture": "#0"}, "up": {"uv": [1, 1, 6, 5], "rotation": 90, "texture": "#0"}, "down": {"uv": [1, 1, 6, 5], "rotation": 90, "texture": "#0"} } }, { "from": [11.4, 11.36856, 4.40826], "to": [11.7, 11.96856, 4.70826], "rotation": {"angle": 45, "axis": "x", "origin": [11.6, 12.36856, 4.65826]}, "faces": { "north": {"uv": [1, 1, 6, 5], "rotation": 90, "texture": "#0"}, "east": {"uv": [1, 1, 6, 5], "rotation": 90, "texture": "#0"}, "south": {"uv": [1, 1, 6, 5], "rotation": 90, "texture": "#0"}, "west": {"uv": [1, 1, 6, 5], "rotation": 90, "texture": "#0"}, "up": {"uv": [1, 1, 6, 5], "rotation": 90, "texture": "#0"}, "down": {"uv": [1, 1, 6, 5], "rotation": 90, "texture": "#0"} } }, { "from": [11.1, 0.99234, 11.3976], "to": [11.9, 1.59234, 12.7976], "rotation": {"angle": -22.5, "axis": "x", "origin": [11.5, 1.50492, 11.47954]}, "faces": { "north": {"uv": [1, 1, 6, 5], "texture": "#0"}, "east": {"uv": [1, 1, 6, 5], "texture": "#0"}, "south": {"uv": [1, 1, 6, 5], "texture": "#0"}, "west": {"uv": [1, 1, 6, 5], "texture": "#0"}, "up": {"uv": [1, 1, 6, 5], "texture": "#0"}, "down": {"uv": [1, 1, 6, 5], "texture": "#0"} } }, { "from": [11, 1, 10], "to": [12, 1.8, 11.6], "rotation": {"angle": 0, "axis": "y", "origin": [11.5, 1.50492, 11.97954]}, "faces": { "north": {"uv": [1, 1, 6, 5], "texture": "#0"}, "east": {"uv": [1, 1, 6, 5], "texture": "#0"}, "south": {"uv": [1, 1, 6, 5], "texture": "#0"}, "west": {"uv": [1, 1, 6, 5], "texture": "#0"}, "up": {"uv": [1, 1, 6, 5], "texture": "#0"}, "down": {"uv": [1, 1, 6, 5], "texture": "#0"} } }, { "from": [11, 1.49234, 9.7976], "to": [12, 2.09234, 10.8976], "rotation": {"angle": -22.5, "axis": "x", "origin": [11.5, 2.00492, 9.87954]}, "faces": { "north": {"uv": [1, 1, 6, 5], "texture": "#0"}, "east": {"uv": [1, 1, 6, 5], "texture": "#0"}, "south": {"uv": [1, 1, 6, 5], "texture": "#0"}, "west": {"uv": [1, 1, 6, 5], "texture": "#0"}, "up": {"uv": [1, 1, 6, 5], "texture": "#0"}, "down": {"uv": [1, 1, 6, 5], "texture": "#0"} } }, { "from": [11.1, 2.22199, 10.64304], "to": [11.9, 2.82199, 11.74304], "rotation": {"angle": -45, "axis": "x", "origin": [11.5, 2.52199, 11.19304]}, "faces": { "north": {"uv": [1, 1, 6, 5], "texture": "#0"}, "east": {"uv": [1, 1, 6, 5], "texture": "#0"}, "south": {"uv": [1, 1, 6, 5], "texture": "#0"}, "west": {"uv": [1, 1, 6, 5], "texture": "#0"}, "up": {"uv": [1, 1, 6, 5], "texture": "#0"}, "down": {"uv": [1, 1, 6, 5], "texture": "#0"} } }, { "from": [11.2, 2.77171, 11.4274], "to": [11.8, 3.87171, 12.0274], "rotation": {"angle": 22.5, "axis": "x", "origin": [11.5, 3.32171, 11.7274]}, "faces": { "north": {"uv": [1, 1, 6, 5], "rotation": 270, "texture": "#0"}, "east": {"uv": [1, 1, 6, 5], "rotation": 270, "texture": "#0"}, "south": {"uv": [1, 1, 6, 5], "rotation": 270, "texture": "#0"}, "west": {"uv": [1, 1, 6, 5], "rotation": 270, "texture": "#0"}, "up": {"uv": [1, 1, 6, 5], "rotation": 270, "texture": "#0"}, "down": {"uv": [1, 1, 6, 5], "rotation": 270, "texture": "#0"} } }, { "from": [11.2, 1.52809, 12.69104], "to": [11.8, 2.12809, 14.09104], "rotation": {"angle": -22.5, "axis": "x", "origin": [11.5, 2.04068, 12.77297]}, "faces": { "north": {"uv": [1, 1, 6, 5], "texture": "#0"}, "east": {"uv": [1, 1, 6, 5], "texture": "#0"}, "south": {"uv": [1, 1, 6, 5], "texture": "#0"}, "west": {"uv": [1, 1, 6, 5], "texture": "#0"}, "up": {"uv": [1, 1, 6, 5], "texture": "#0"}, "down": {"uv": [1, 1, 6, 5], "texture": "#0"} } }, { "from": [11.1, 10.56345, 4.41429], "to": [11.9, 11.16345, 5.41429], "rotation": {"angle": -22.5, "axis": "x", "origin": [11.5, 10.66345, 5.41429]}, "faces": { "north": {"uv": [1, 1, 6, 5], "rotation": 180, "texture": "#0"}, "east": {"uv": [1, 1, 6, 5], "rotation": 180, "texture": "#0"}, "south": {"uv": [1, 1, 6, 5], "rotation": 180, "texture": "#0"}, "west": {"uv": [1, 1, 6, 5], "rotation": 180, "texture": "#0"}, "up": {"uv": [1, 1, 6, 5], "rotation": 180, "texture": "#0"}, "down": {"uv": [1, 1, 6, 5], "rotation": 180, "texture": "#0"} } }, { "from": [11.3, 10.56345, 6.01429], "to": [11.7, 11.16345, 6.81429], "rotation": {"angle": -22.5, "axis": "x", "origin": [11.5, 10.66345, 5.41429]}, "faces": { "north": {"uv": [1, 1, 6, 5], "rotation": 180, "texture": "#0"}, "east": {"uv": [1, 1, 6, 5], "rotation": 180, "texture": "#0"}, "south": {"uv": [1, 1, 6, 5], "rotation": 180, "texture": "#0"}, "west": {"uv": [1, 1, 6, 5], "rotation": 180, "texture": "#0"}, "up": {"uv": [1, 1, 6, 5], "rotation": 180, "texture": "#0"}, "down": {"uv": [1, 1, 6, 5], "rotation": 180, "texture": "#0"} } }, { "from": [11.3, 10.14256, 3.1934], "to": [11.9, 11.34256, 3.6934], "rotation": {"angle": -22.5, "axis": "x", "origin": [11.5, 10.34256, 3.1934]}, "faces": { "north": {"uv": [1, 1, 6, 5], "rotation": 90, "texture": "#0"}, "east": {"uv": [1, 1, 6, 5], "rotation": 90, "texture": "#0"}, "south": {"uv": [1, 1, 6, 5], "rotation": 90, "texture": "#0"}, "west": {"uv": [1, 1, 6, 5], "rotation": 90, "texture": "#0"}, "up": {"uv": [1, 1, 6, 5], "rotation": 90, "texture": "#0"}, "down": {"uv": [1, 1, 6, 5], "rotation": 90, "texture": "#0"} } }, { "from": [11.5, 11.41134, 2.412], "to": [11.7, 12.01134, 2.712], "rotation": {"angle": -45, "axis": "x", "origin": [11.5, 11.81134, 2.212]}, "faces": { "north": {"uv": [1, 1, 6, 5], "rotation": 90, "texture": "#0"}, "east": {"uv": [1, 1, 6, 5], "rotation": 90, "texture": "#0"}, "south": {"uv": [1, 1, 6, 5], "rotation": 90, "texture": "#0"}, "west": {"uv": [1, 1, 6, 5], "rotation": 90, "texture": "#0"}, "up": {"uv": [1, 1, 6, 5], "rotation": 90, "texture": "#0"}, "down": {"uv": [1, 1, 6, 5], "rotation": 90, "texture": "#0"} } }, { "from": [11.2, 7.35459, 1.39516], "to": [12, 8.85459, 1.89516], "rotation": {"angle": -22.5, "axis": "x", "origin": [11.6, 9.39827, 1.57451]}, "faces": { "north": {"uv": [1, 1, 6, 5], "rotation": 90, "texture": "#0"}, "east": {"uv": [1, 1, 6, 5], "rotation": 90, "texture": "#0"}, "south": {"uv": [1, 1, 6, 5], "rotation": 90, "texture": "#0"}, "west": {"uv": [1, 1, 6, 5], "rotation": 90, "texture": "#0"}, "up": {"uv": [1, 1, 6, 5], "rotation": 90, "texture": "#0"}, "down": {"uv": [1, 1, 6, 5], "rotation": 90, "texture": "#0"} } }, { "from": [11.3, 8.45459, 1.39516], "to": [11.9, 9.65459, 1.89516], "rotation": {"angle": -22.5, "axis": "x", "origin": [11.6, 9.39827, 1.57451]}, "faces": { "north": {"uv": [1, 1, 6, 5], "rotation": 90, "texture": "#0"}, "east": {"uv": [1, 1, 6, 5], "rotation": 90, "texture": "#0"}, "south": {"uv": [1, 1, 6, 5], "rotation": 90, "texture": "#0"}, "west": {"uv": [1, 1, 6, 5], "rotation": 90, "texture": "#0"}, "up": {"uv": [1, 1, 6, 5], "rotation": 90, "texture": "#0"}, "down": {"uv": [1, 1, 6, 5], "rotation": 90, "texture": "#0"} } }, { "from": [11.4, 9.39259, 0.86041], "to": [11.8, 9.79259, 1.46041], "rotation": {"angle": 45, "axis": "x", "origin": [11.6, 9.39827, 1.57451]}, "faces": { "north": {"uv": [1, 1, 6, 5], "texture": "#0"}, "east": {"uv": [1, 1, 6, 5], "texture": "#0"}, "south": {"uv": [1, 1, 6, 5], "texture": "#0"}, "west": {"uv": [1, 1, 6, 5], "texture": "#0"}, "up": {"uv": [1, 1, 6, 5], "texture": "#0"}, "down": {"uv": [1, 1, 6, 5], "texture": "#0"} } }, { "from": [11.5, 9.49259, 0.26041], "to": [11.7, 9.79259, 0.86041], "rotation": {"angle": 45, "axis": "x", "origin": [11.6, 9.39827, 1.57451]}, "faces": { "north": {"uv": [1, 1, 6, 5], "texture": "#0"}, "east": {"uv": [1, 1, 6, 5], "texture": "#0"}, "south": {"uv": [1, 1, 6, 5], "texture": "#0"}, "west": {"uv": [1, 1, 6, 5], "texture": "#0"}, "up": {"uv": [1, 1, 6, 5], "texture": "#0"}, "down": {"uv": [1, 1, 6, 5], "texture": "#0"} } }, { "from": [11.3, 10.53823, 3.77437], "to": [11.8, 11.83823, 4.17437], "rotation": {"angle": 0, "axis": "y", "origin": [11.6, 10.93823, 4.02437]}, "faces": { "north": {"uv": [1, 1, 6, 5], "rotation": 90, "texture": "#0"}, "east": {"uv": [1, 1, 6, 5], "rotation": 90, "texture": "#0"}, "south": {"uv": [1, 1, 6, 5], "rotation": 90, "texture": "#0"}, "west": {"uv": [1, 1, 6, 5], "rotation": 90, "texture": "#0"}, "up": {"uv": [1, 1, 6, 5], "rotation": 90, "texture": "#0"}, "down": {"uv": [1, 1, 6, 5], "rotation": 90, "texture": "#0"} } }, { "from": [11.5, 11.86856, 4.40826], "to": [11.6, 12.26856, 4.60826], "rotation": {"angle": 45, "axis": "x", "origin": [11.6, 12.36856, 4.65826]}, "faces": { "north": {"uv": [1, 1, 6, 5], "rotation": 90, "texture": "#0"}, "east": {"uv": [1, 1, 6, 5], "rotation": 90, "texture": "#0"}, "south": {"uv": [1, 1, 6, 5], "rotation": 90, "texture": "#0"}, "west": {"uv": [1, 1, 6, 5], "rotation": 90, "texture": "#0"}, "up": {"uv": [1, 1, 6, 5], "rotation": 90, "texture": "#0"}, "down": {"uv": [1, 1, 6, 5], "rotation": 90, "texture": "#0"} } }, { "from": [6.5, -8, 11], "to": [8.5, -7, 12], "rotation": {"angle": 0, "axis": "y", "origin": [14.5, 0, 19]}, "faces": { "north": {"uv": [0, 10, 4, 11], "texture": "#0"}, "east": {"uv": [0, 10, 4, 11], "texture": "#0"}, "south": {"uv": [0, 8, 4, 10], "texture": "#0"}, "west": {"uv": [0, 10, 4, 11], "texture": "#0"}, "up": {"uv": [0, 10, 4, 11], "texture": "#0"}, "down": {"uv": [0, 10, 4, 11], "texture": "#0"} } } ], "display": { "thirdperson_righthand": { "rotation": [71, 180, 0], "translation": [0, 0, 2], "scale": [0.4, 0.4, 0.4] }, "thirdperson_lefthand": { "rotation": [71, 180, 0], "translation": [0.25, 0, 2], "scale": [0.4, 0.4, 0.4] }, "firstperson_righthand": { "rotation": [0, -166, 0], "translation": [0, 4, -1.25] }, "firstperson_lefthand": { "rotation": [0, -166, 0], "translation": [0, 4, -1.25] }, "gui": { "rotation": [0, -40, 0], "translation": [0.75, 1.5, 0] }, "head": { "rotation": [0, 179, 0], "translation": [-0.75, 16.25, -2.25], "scale": [1.3, 1.3, 1.3] } }, "groups": [ { "name": "group", "origin": [3.5, 2.04068, 12.77297], "color": 0, "children": [0, 1, 2, 3, 4, 5, 6, 7, 8, 9, 10, 11, 12, 13, 14, 15, 16, 17, 18, 19, 20, 21, 22, 23, 24, 25, 26, 27, 28, 29, 30] }, { "name": "group", "origin": [11.6, 12.36856, 4.65826], "color": 0, "children": [31, 32, 33, 34, 35, 36, 37, 38, 39, 40, 41, 42, 43, 44, 45, 46, 47, 48, 49, 50, 51, 52, 53, 54, 55, 56, 57, 58, 59, 60, 61] }, 62 ] }