{ "credit": "Made with Blockbench", "texture_size": [20, 20], "textures": { "0": "block/blobfishearrings", "particle": "block/blobfishearrings" }, "elements": [ { "from": [16, 0, 0], "to": [16.01, 10.7, 7], "faces": { "north": {"uv": [1.8, 0.2, 4.4, 12.6], "texture": "#0"}, "east": {"uv": [3.8, 2.4, 10, 13], "texture": "#0"}, "south": {"uv": [1.8, 0.2, 4.4, 12.6], "texture": "#0"}, "west": {"uv": [10, 2.4, 3.8, 13], "texture": "#0"}, "up": {"uv": [1.8, 0.2, 4.4, 12.6], "texture": "#0"}, "down": {"uv": [1.8, 0.2, 4.4, 12.6], "texture": "#0"} } }, { "from": [-0.01, 0, 0], "to": [0, 10.7, 7], "rotation": {"angle": 0, "axis": "y", "origin": [16, 0, 0]}, "faces": { "north": {"uv": [1.8, 0.2, 4.4, 12.6], "texture": "#0"}, "east": {"uv": [3.8, 2.4, 10, 13], "texture": "#0"}, "south": {"uv": [1.8, 0.2, 4.4, 12.6], "texture": "#0"}, "west": {"uv": [10, 2.4, 3.8, 13], "texture": "#0"}, "up": {"uv": [1.8, 0.2, 4.4, 12.6], "texture": "#0"}, "down": {"uv": [1.8, 0.2, 4.4, 12.6], "texture": "#0"} } } ], "display": { "thirdperson_righthand": { "rotation": [68, 0, 0], "translation": [0, -1.25, 0.75], "scale": [0.04, 0.28, 0.28] }, "thirdperson_lefthand": { "rotation": [68, 0, 0], "translation": [0, -1.25, 0.75], "scale": [0.04, 0.28, 0.28] }, "firstperson_righthand": { "translation": [7.5, 2.25, 0], "scale": [0.07, 1, 1] }, "firstperson_lefthand": { "translation": [7.5, 2.5, 0], "scale": [0.07, 1, 1] }, "ground": { "rotation": [0, 0, -90], "translation": [0.75, -3.5, 1.25], "scale": [0.01, 0.26, 0.26] }, "gui": { "rotation": [1, -84, 0], "translation": [-10, 6.5, 0], "scale": [1, 2.05, 2.05] }, "head": { "translation": [0, -4.75, -1.75], "scale": [0.805, 0.56, 0.56] }, "fixed": { "rotation": [0, -90, 0], "translation": [-5, -2.5, 8.75] } } }