{ "credit": "Made with Blockbench", "textures": { "0": "block/grannyglasses" }, "elements": [ { "from": [6.67789, 0, 6.74508], "to": [6.97789, 0.3, 8.54508], "rotation": {"angle": 0, "axis": "y", "origin": [6.82789, 0.5, 7.94508]}, "faces": { "north": {"uv": [0.1, 0.1, 0.9, 0.9], "rotation": 180, "texture": "#0"}, "east": {"uv": [0.1, 0.1, 0.9, 0.9], "rotation": 180, "texture": "#0"}, "south": {"uv": [0.1, 0.1, 0.9, 0.9], "rotation": 180, "texture": "#0"}, "west": {"uv": [0.1, 0.1, 0.9, 0.9], "rotation": 180, "texture": "#0"}, "up": {"uv": [0.1, 0.1, 0.9, 0.9], "rotation": 180, "texture": "#0"}, "down": {"uv": [0.1, 0.1, 0.9, 0.9], "rotation": 180, "texture": "#0"} } }, { "from": [-1.25, 0, 6.6], "to": [-0.95, 0.3, 7.8], "rotation": {"angle": 0, "axis": "y", "origin": [6.75, 8, 14.6]}, "faces": { "north": {"uv": [0.1, 0.1, 0.9, 0.9], "texture": "#0"}, "east": {"uv": [0.1, 0.1, 0.9, 0.9], "texture": "#0"}, "south": {"uv": [0.1, 0.1, 0.9, 0.9], "texture": "#0"}, "west": {"uv": [0.1, 0.1, 0.9, 0.9], "texture": "#0"}, "up": {"uv": [0.1, 0.1, 0.9, 0.9], "texture": "#0"}, "down": {"uv": [0.1, 0.1, 0.9, 0.9], "texture": "#0"} } }, { "from": [-1.03181, 0, 7.69693], "to": [-0.73181, 0.3, 9.79693], "rotation": {"angle": 22.5, "axis": "y", "origin": [-0.88181, 0.5, 8.29693]}, "faces": { "north": {"uv": [0.1, 0.1, 0.9, 0.9], "texture": "#0"}, "east": {"uv": [0.1, 0.1, 0.9, 0.9], "texture": "#0"}, "south": {"uv": [0.1, 0.1, 0.9, 0.9], "texture": "#0"}, "west": {"uv": [0.1, 0.1, 0.9, 0.9], "texture": "#0"}, "up": {"uv": [0.1, 0.1, 0.9, 0.9], "texture": "#0"}, "down": {"uv": [0.1, 0.1, 0.9, 0.9], "texture": "#0"} } }, { "from": [-0.43463, 0, 9.68118], "to": [0.96537, 0.3, 9.98118], "rotation": {"angle": -22.5, "axis": "y", "origin": [0.16537, 0.5, 9.83118]}, "faces": { "north": {"uv": [0.1, 0.1, 0.9, 0.9], "rotation": 270, "texture": "#0"}, "east": {"uv": [0.1, 0.1, 0.9, 0.9], "rotation": 270, "texture": "#0"}, "south": {"uv": [0.1, 0.1, 0.9, 0.9], "rotation": 270, "texture": "#0"}, "west": {"uv": [0.1, 0.1, 0.9, 0.9], "rotation": 270, "texture": "#0"}, "up": {"uv": [0.1, 0.1, 0.9, 0.9], "rotation": 270, "texture": "#0"}, "down": {"uv": [0.1, 0.1, 0.9, 0.9], "rotation": 270, "texture": "#0"} } }, { "from": [0.84707, 0, 9.9759], "to": [5.24707, 0.3, 10.2759], "rotation": {"angle": 0, "axis": "y", "origin": [1.44707, 0.5, 10.1259]}, "faces": { "north": {"uv": [0.1, 0.1, 0.9, 0.9], "rotation": 270, "texture": "#0"}, "east": {"uv": [0.1, 0.1, 0.9, 0.9], "rotation": 270, "texture": "#0"}, "south": {"uv": [0.1, 0.1, 0.9, 0.9], "rotation": 270, "texture": "#0"}, "west": {"uv": [0.1, 0.1, 0.9, 0.9], "rotation": 270, "texture": "#0"}, "up": {"uv": [0.1, 0.1, 0.9, 0.9], "rotation": 270, "texture": "#0"}, "down": {"uv": [0.1, 0.1, 0.9, 0.9], "rotation": 270, "texture": "#0"} } }, { "from": [5.14399, 0, 9.75771], "to": [6.14399, 0.3, 10.05771], "rotation": {"angle": 22.5, "axis": "y", "origin": [5.74399, 0.5, 9.90771]}, "faces": { "north": {"uv": [0.1, 0.1, 0.9, 0.9], "rotation": 270, "texture": "#0"}, "east": {"uv": [0.1, 0.1, 0.9, 0.9], "rotation": 270, "texture": "#0"}, "south": {"uv": [0.1, 0.1, 0.9, 0.9], "rotation": 270, "texture": "#0"}, "west": {"uv": [0.1, 0.1, 0.9, 0.9], "rotation": 270, "texture": "#0"}, "up": {"uv": [0.1, 0.1, 0.9, 0.9], "rotation": 270, "texture": "#0"}, "down": {"uv": [0.1, 0.1, 0.9, 0.9], "rotation": 270, "texture": "#0"} } }, { "from": [5.88914, 0, 9.21289], "to": [6.48914, 0.3, 9.51289], "rotation": {"angle": 45, "axis": "y", "origin": [6.48914, 0.5, 9.36289]}, "faces": { "north": {"uv": [0.1, 0.1, 0.9, 0.9], "rotation": 270, "texture": "#0"}, "east": {"uv": [0.1, 0.1, 0.9, 0.9], "rotation": 270, "texture": "#0"}, "south": {"uv": [0.1, 0.1, 0.9, 0.9], "rotation": 270, "texture": "#0"}, "west": {"uv": [0.1, 0.1, 0.9, 0.9], "rotation": 270, "texture": "#0"}, "up": {"uv": [0.1, 0.1, 0.9, 0.9], "rotation": 270, "texture": "#0"}, "down": {"uv": [0.1, 0.1, 0.9, 0.9], "rotation": 270, "texture": "#0"} } }, { "from": [6.53624, 0, 8.45723], "to": [6.83624, 0.3, 9.45723], "rotation": {"angle": -22.5, "axis": "y", "origin": [6.68624, 0.5, 8.85723]}, "faces": { "north": {"uv": [0.1, 0.1, 0.9, 0.9], "rotation": 180, "texture": "#0"}, "east": {"uv": [0.1, 0.1, 0.9, 0.9], "rotation": 180, "texture": "#0"}, "south": {"uv": [0.1, 0.1, 0.9, 0.9], "rotation": 180, "texture": "#0"}, "west": {"uv": [0.1, 0.1, 0.9, 0.9], "rotation": 180, "texture": "#0"}, "up": {"uv": [0.1, 0.1, 0.9, 0.9], "rotation": 180, "texture": "#0"}, "down": {"uv": [0.1, 0.1, 0.9, 0.9], "rotation": 180, "texture": "#0"} } }, { "from": [-1, 0.05, 6.5], "to": [-0.9, 0.25, 7.7], "rotation": {"angle": 0, "axis": "y", "origin": [-0.95, 0.5, 6.3]}, "faces": { "north": {"uv": [4.1, 1.1, 4.9, 1.9], "texture": "#0"}, "east": {"uv": [4.1, 1.1, 4.9, 1.9], "texture": "#0"}, "south": {"uv": [4.1, 1.1, 4.9, 1.9], "texture": "#0"}, "west": {"uv": [4.1, 1.1, 4.9, 1.9], "texture": "#0"}, "up": {"uv": [4.1, 1.1, 4.9, 1.9], "rotation": 270, "texture": "#0"}, "down": {"uv": [4.1, 1.1, 4.9, 1.9], "rotation": 90, "texture": "#0"} } }, { "from": [-1.08034, 0.05, 7.69609], "to": [-0.98034, 0.25, 9.64609], "rotation": {"angle": 22.5, "axis": "y", "origin": [-1.03034, 0.5, 7.49609]}, "faces": { "north": {"uv": [4.1, 1.1, 4.9, 1.9], "texture": "#0"}, "east": {"uv": [4.1, 1.1, 4.9, 1.9], "texture": "#0"}, "south": {"uv": [4.1, 1.1, 4.9, 1.9], "texture": "#0"}, "west": {"uv": [4.1, 1.1, 4.9, 1.9], "texture": "#0"}, "up": {"uv": [4.1, 1.1, 4.9, 1.9], "rotation": 270, "texture": "#0"}, "down": {"uv": [4.1, 1.1, 4.9, 1.9], "rotation": 90, "texture": "#0"} } }, { "from": [-0.21941, 0.05, 9.32883], "to": [1.03059, 0.25, 9.42883], "rotation": {"angle": -22.5, "axis": "y", "origin": [-0.41941, 0.5, 9.37883]}, "faces": { "north": {"uv": [4.1, 1.1, 4.9, 1.9], "texture": "#0"}, "east": {"uv": [4.1, 1.1, 4.9, 1.9], "texture": "#0"}, "south": {"uv": [4.1, 1.1, 4.9, 1.9], "texture": "#0"}, "west": {"uv": [4.1, 1.1, 4.9, 1.9], "texture": "#0"}, "up": {"uv": [4.1, 1.1, 4.9, 1.9], "rotation": 180, "texture": "#0"}, "down": {"uv": [4.1, 1.1, 4.9, 1.9], "rotation": 180, "texture": "#0"} } }, { "from": [0.90108, 0.05, 9.87992], "to": [5.25108, 0.25, 9.97992], "rotation": {"angle": 0, "axis": "y", "origin": [0.70108, 0.5, 9.92992]}, "faces": { "north": {"uv": [4.1, 1.1, 4.9, 1.9], "texture": "#0"}, "east": {"uv": [4.1, 1.1, 4.9, 1.9], "texture": "#0"}, "south": {"uv": [4.1, 1.1, 4.9, 1.9], "texture": "#0"}, "west": {"uv": [4.1, 1.1, 4.9, 1.9], "texture": "#0"}, "up": {"uv": [4.1, 1.1, 4.9, 1.9], "rotation": 180, "texture": "#0"}, "down": {"uv": [4.1, 1.1, 4.9, 1.9], "rotation": 180, "texture": "#0"} } }, { "from": [5.21101, 0.05, 9.77849], "to": [6.01101, 0.25, 9.87849], "rotation": {"angle": 22.5, "axis": "y", "origin": [5.48601, 0.15, 9.82849]}, "faces": { "north": {"uv": [4.1, 1.1, 4.9, 1.9], "texture": "#0"}, "east": {"uv": [4.1, 1.1, 4.9, 1.9], "texture": "#0"}, "south": {"uv": [4.1, 1.1, 4.9, 1.9], "texture": "#0"}, "west": {"uv": [4.1, 1.1, 4.9, 1.9], "texture": "#0"}, "up": {"uv": [4.1, 1.1, 4.9, 1.9], "rotation": 180, "texture": "#0"}, "down": {"uv": [4.1, 1.1, 4.9, 1.9], "rotation": 180, "texture": "#0"} } }, { "from": [5.87428, 0.05, 9.39396], "to": [6.37428, 0.25, 9.49396], "rotation": {"angle": 45, "axis": "y", "origin": [6.14928, 0.15, 9.44396]}, "faces": { "north": {"uv": [4.1, 1.1, 4.9, 1.9], "texture": "#0"}, "east": {"uv": [4.1, 1.1, 4.9, 1.9], "texture": "#0"}, "south": {"uv": [4.1, 1.1, 4.9, 1.9], "texture": "#0"}, "west": {"uv": [4.1, 1.1, 4.9, 1.9], "texture": "#0"}, "up": {"uv": [4.1, 1.1, 4.9, 1.9], "rotation": 180, "texture": "#0"}, "down": {"uv": [4.1, 1.1, 4.9, 1.9], "rotation": 180, "texture": "#0"} } }, { "from": [6.35278, 0.05, 8.42202], "to": [6.45278, 0.25, 9.32202], "rotation": {"angle": -22.5, "axis": "y", "origin": [6.40278, 0.15, 9.04702]}, "faces": { "north": {"uv": [4.1, 1.1, 4.9, 1.9], "texture": "#0"}, "east": {"uv": [4.1, 1.1, 4.9, 1.9], "texture": "#0"}, "south": {"uv": [4.1, 1.1, 4.9, 1.9], "texture": "#0"}, "west": {"uv": [4.1, 1.1, 4.9, 1.9], "texture": "#0"}, "up": {"uv": [4.1, 1.1, 4.9, 1.9], "rotation": 90, "texture": "#0"}, "down": {"uv": [4.1, 1.1, 4.9, 1.9], "rotation": 270, "texture": "#0"} } }, { "from": [6.58815, 0.05, 7.08873], "to": [6.68815, 0.25, 8.48873], "rotation": {"angle": 0, "axis": "y", "origin": [6.63815, 0.15, 8.21373]}, "faces": { "north": {"uv": [4.1, 1.1, 4.9, 1.9], "texture": "#0"}, "east": {"uv": [4.1, 1.1, 4.9, 1.9], "texture": "#0"}, "south": {"uv": [4.1, 1.1, 4.9, 1.9], "texture": "#0"}, "west": {"uv": [4.1, 1.1, 4.9, 1.9], "texture": "#0"}, "up": {"uv": [4.1, 1.1, 4.9, 1.9], "rotation": 90, "texture": "#0"}, "down": {"uv": [4.1, 1.1, 4.9, 1.9], "rotation": 270, "texture": "#0"} } }, { "from": [6.58815, 0.05, 6.48873], "to": [6.68815, 0.25, 7.08873], "rotation": {"angle": 0, "axis": "y", "origin": [6.63815, 0.5, 6.28873]}, "faces": { "north": {"uv": [4.9, 1.1, 4.1, 1.9], "texture": "#0"}, "east": {"uv": [4.9, 1.1, 4.1, 1.9], "texture": "#0"}, "south": {"uv": [4.9, 1.1, 4.1, 1.9], "texture": "#0"}, "west": {"uv": [4.9, 1.1, 4.1, 1.9], "texture": "#0"}, "up": {"uv": [4.1, 1.9, 4.9, 1.1], "rotation": 270, "texture": "#0"}, "down": {"uv": [4.1, 1.9, 4.9, 1.1], "rotation": 90, "texture": "#0"} } }, { "from": [-0.81246, 0.05, 6.35719], "to": [-0.71246, 0.25, 6.55719], "rotation": {"angle": -22.5, "axis": "y", "origin": [-0.76246, 0.5, 6.05719]}, "faces": { "north": {"uv": [4.1, 1.1, 4.9, 1.9], "texture": "#0"}, "east": {"uv": [4.1, 1.1, 4.9, 1.9], "texture": "#0"}, "south": {"uv": [4.1, 1.1, 4.9, 1.9], "texture": "#0"}, "west": {"uv": [4.1, 1.1, 4.9, 1.9], "texture": "#0"}, "up": {"uv": [4.1, 1.1, 4.9, 1.9], "rotation": 270, "texture": "#0"}, "down": {"uv": [4.1, 1.1, 4.9, 1.9], "rotation": 90, "texture": "#0"} } }, { "from": [6.40062, 0.05, 6.34592], "to": [6.50062, 0.25, 6.54592], "rotation": {"angle": 22.5, "axis": "y", "origin": [6.45062, 0.5, 6.04592]}, "faces": { "north": {"uv": [4.9, 1.1, 4.1, 1.9], "texture": "#0"}, "east": {"uv": [4.9, 1.1, 4.1, 1.9], "texture": "#0"}, "south": {"uv": [4.9, 1.1, 4.1, 1.9], "texture": "#0"}, "west": {"uv": [4.9, 1.1, 4.1, 1.9], "texture": "#0"}, "up": {"uv": [4.1, 1.9, 4.9, 1.1], "rotation": 270, "texture": "#0"}, "down": {"uv": [4.1, 1.9, 4.9, 1.1], "rotation": 90, "texture": "#0"} } }, { "from": [-0.58455, 0.05, 6.29703], "to": [-0.48455, 0.25, 6.49703], "rotation": {"angle": -45, "axis": "y", "origin": [-0.53455, 0.5, 5.99703]}, "faces": { "north": {"uv": [4.1, 1.1, 4.9, 1.9], "texture": "#0"}, "east": {"uv": [4.1, 1.1, 4.9, 1.9], "texture": "#0"}, "south": {"uv": [4.1, 1.1, 4.9, 1.9], "texture": "#0"}, "west": {"uv": [4.1, 1.1, 4.9, 1.9], "texture": "#0"}, "up": {"uv": [4.1, 1.1, 4.9, 1.9], "rotation": 270, "texture": "#0"}, "down": {"uv": [4.1, 1.1, 4.9, 1.9], "rotation": 90, "texture": "#0"} } }, { "from": [6.17271, 0.05, 6.28575], "to": [6.27271, 0.25, 6.48575], "rotation": {"angle": 45, "axis": "y", "origin": [6.22271, 0.5, 5.98575]}, "faces": { "north": {"uv": [4.9, 1.1, 4.1, 1.9], "texture": "#0"}, "east": {"uv": [4.9, 1.1, 4.1, 1.9], "texture": "#0"}, "south": {"uv": [4.9, 1.1, 4.1, 1.9], "texture": "#0"}, "west": {"uv": [4.9, 1.1, 4.1, 1.9], "texture": "#0"}, "up": {"uv": [4.1, 1.9, 4.9, 1.1], "rotation": 270, "texture": "#0"}, "down": {"uv": [4.1, 1.9, 4.9, 1.1], "rotation": 90, "texture": "#0"} } }, { "from": [-0.80097, 0.05, 5.97865], "to": [-0.60097, 0.25, 6.07865], "rotation": {"angle": 22.5, "axis": "y", "origin": [-0.30097, 0.5, 6.02865]}, "faces": { "north": {"uv": [4.1, 1.1, 4.9, 1.9], "texture": "#0"}, "east": {"uv": [4.1, 1.1, 4.9, 1.9], "texture": "#0"}, "south": {"uv": [4.1, 1.1, 4.9, 1.9], "texture": "#0"}, "west": {"uv": [4.1, 1.1, 4.9, 1.9], "texture": "#0"}, "up": {"uv": [4.1, 1.1, 4.9, 1.9], "texture": "#0"}, "down": {"uv": [4.1, 1.1, 4.9, 1.9], "texture": "#0"} } }, { "from": [6.28912, 0.05, 5.96738], "to": [6.48912, 0.25, 6.06738], "rotation": {"angle": -22.5, "axis": "y", "origin": [5.98912, 0.5, 6.01738]}, "faces": { "north": {"uv": [4.9, 1.1, 4.1, 1.9], "texture": "#0"}, "east": {"uv": [4.9, 1.1, 4.1, 1.9], "texture": "#0"}, "south": {"uv": [4.9, 1.1, 4.1, 1.9], "texture": "#0"}, "west": {"uv": [4.9, 1.1, 4.1, 1.9], "texture": "#0"}, "up": {"uv": [4.9, 1.1, 4.1, 1.9], "texture": "#0"}, "down": {"uv": [4.9, 1.1, 4.1, 1.9], "texture": "#0"} } }, { "from": [-0.59727, 0.05, 6.09727], "to": [6.30273, 0.25, 6.19727], "rotation": {"angle": 0, "axis": "y", "origin": [-0.19727, 0.5, 6.14727]}, "faces": { "north": {"uv": [4.1, 1.1, 4.9, 1.9], "texture": "#0"}, "east": {"uv": [4.1, 1.1, 4.9, 1.9], "texture": "#0"}, "south": {"uv": [4.1, 1.1, 4.9, 1.9], "texture": "#0"}, "west": {"uv": [4.1, 1.1, 4.9, 1.9], "texture": "#0"}, "up": {"uv": [4.1, 1.1, 4.9, 1.9], "texture": "#0"}, "down": {"uv": [4.1, 1.1, 4.9, 1.9], "texture": "#0"} } }, { "from": [16.9, 0.05, 6.5], "to": [17, 0.25, 7.7], "rotation": {"angle": 0, "axis": "y", "origin": [16.95, 0.5, 6.3]}, "faces": { "north": {"uv": [4.9, 1.1, 4.1, 1.9], "texture": "#0"}, "east": {"uv": [4.9, 1.1, 4.1, 1.9], "texture": "#0"}, "south": {"uv": [4.9, 1.1, 4.1, 1.9], "texture": "#0"}, "west": {"uv": [4.9, 1.1, 4.1, 1.9], "texture": "#0"}, "up": {"uv": [4.1, 1.9, 4.9, 1.1], "rotation": 270, "texture": "#0"}, "down": {"uv": [4.1, 1.9, 4.9, 1.1], "rotation": 90, "texture": "#0"} } }, { "from": [16.98034, 0.05, 7.69609], "to": [17.08034, 0.25, 9.64609], "rotation": {"angle": -22.5, "axis": "y", "origin": [17.03034, 0.5, 7.49609]}, "faces": { "north": {"uv": [4.9, 1.1, 4.1, 1.9], "texture": "#0"}, "east": {"uv": [4.9, 1.1, 4.1, 1.9], "texture": "#0"}, "south": {"uv": [4.9, 1.1, 4.1, 1.9], "texture": "#0"}, "west": {"uv": [4.9, 1.1, 4.1, 1.9], "texture": "#0"}, "up": {"uv": [4.1, 1.9, 4.9, 1.1], "rotation": 270, "texture": "#0"}, "down": {"uv": [4.1, 1.9, 4.9, 1.1], "rotation": 90, "texture": "#0"} } }, { "from": [14.96941, 0.05, 9.32883], "to": [16.21941, 0.25, 9.42883], "rotation": {"angle": 22.5, "axis": "y", "origin": [16.41941, 0.5, 9.37883]}, "faces": { "north": {"uv": [4.9, 1.1, 4.1, 1.9], "texture": "#0"}, "east": {"uv": [4.9, 1.1, 4.1, 1.9], "texture": "#0"}, "south": {"uv": [4.9, 1.1, 4.1, 1.9], "texture": "#0"}, "west": {"uv": [4.9, 1.1, 4.1, 1.9], "texture": "#0"}, "up": {"uv": [4.9, 1.1, 4.1, 1.9], "rotation": 180, "texture": "#0"}, "down": {"uv": [4.9, 1.1, 4.1, 1.9], "rotation": 180, "texture": "#0"} } }, { "from": [10.74892, 0.05, 9.87992], "to": [15.09892, 0.25, 9.97992], "rotation": {"angle": 0, "axis": "y", "origin": [15.29892, 0.5, 9.92992]}, "faces": { "north": {"uv": [4.9, 1.1, 4.1, 1.9], "texture": "#0"}, "east": {"uv": [4.9, 1.1, 4.1, 1.9], "texture": "#0"}, "south": {"uv": [4.9, 1.1, 4.1, 1.9], "texture": "#0"}, "west": {"uv": [4.9, 1.1, 4.1, 1.9], "texture": "#0"}, "up": {"uv": [4.9, 1.1, 4.1, 1.9], "rotation": 180, "texture": "#0"}, "down": {"uv": [4.9, 1.1, 4.1, 1.9], "rotation": 180, "texture": "#0"} } }, { "from": [9.98899, 0.05, 9.77849], "to": [10.78899, 0.25, 9.87849], "rotation": {"angle": -22.5, "axis": "y", "origin": [10.51399, 0.15, 9.82849]}, "faces": { "north": {"uv": [4.9, 1.1, 4.1, 1.9], "texture": "#0"}, "east": {"uv": [4.9, 1.1, 4.1, 1.9], "texture": "#0"}, "south": {"uv": [4.9, 1.1, 4.1, 1.9], "texture": "#0"}, "west": {"uv": [4.9, 1.1, 4.1, 1.9], "texture": "#0"}, "up": {"uv": [4.9, 1.1, 4.1, 1.9], "rotation": 180, "texture": "#0"}, "down": {"uv": [4.9, 1.1, 4.1, 1.9], "rotation": 180, "texture": "#0"} } }, { "from": [9.62572, 0.05, 9.39396], "to": [10.12572, 0.25, 9.49396], "rotation": {"angle": -45, "axis": "y", "origin": [9.85072, 0.15, 9.44396]}, "faces": { "north": {"uv": [4.9, 1.1, 4.1, 1.9], "texture": "#0"}, "east": {"uv": [4.9, 1.1, 4.1, 1.9], "texture": "#0"}, "south": {"uv": [4.9, 1.1, 4.1, 1.9], "texture": "#0"}, "west": {"uv": [4.9, 1.1, 4.1, 1.9], "texture": "#0"}, "up": {"uv": [4.9, 1.1, 4.1, 1.9], "rotation": 180, "texture": "#0"}, "down": {"uv": [4.9, 1.1, 4.1, 1.9], "rotation": 180, "texture": "#0"} } }, { "from": [9.54722, 0.05, 8.42202], "to": [9.64722, 0.25, 9.32202], "rotation": {"angle": 22.5, "axis": "y", "origin": [9.59722, 0.15, 9.04702]}, "faces": { "north": {"uv": [4.9, 1.1, 4.1, 1.9], "texture": "#0"}, "east": {"uv": [4.9, 1.1, 4.1, 1.9], "texture": "#0"}, "south": {"uv": [4.9, 1.1, 4.1, 1.9], "texture": "#0"}, "west": {"uv": [4.9, 1.1, 4.1, 1.9], "texture": "#0"}, "up": {"uv": [4.1, 1.9, 4.9, 1.1], "rotation": 90, "texture": "#0"}, "down": {"uv": [4.1, 1.9, 4.9, 1.1], "rotation": 270, "texture": "#0"} } }, { "from": [9.31185, 0.05, 7.08873], "to": [9.41185, 0.25, 8.48873], "rotation": {"angle": 0, "axis": "y", "origin": [9.36185, 0.15, 8.21373]}, "faces": { "north": {"uv": [4.9, 1.1, 4.1, 1.9], "texture": "#0"}, "east": {"uv": [4.9, 1.1, 4.1, 1.9], "texture": "#0"}, "south": {"uv": [4.9, 1.1, 4.1, 1.9], "texture": "#0"}, "west": {"uv": [4.9, 1.1, 4.1, 1.9], "texture": "#0"}, "up": {"uv": [4.1, 1.9, 4.9, 1.1], "rotation": 90, "texture": "#0"}, "down": {"uv": [4.1, 1.9, 4.9, 1.1], "rotation": 270, "texture": "#0"} } }, { "from": [9.31185, 0.05, 6.48873], "to": [9.41185, 0.25, 7.08873], "rotation": {"angle": 0, "axis": "y", "origin": [9.36185, 0.5, 6.28873]}, "faces": { "north": {"uv": [4.1, 1.1, 4.9, 1.9], "texture": "#0"}, "east": {"uv": [4.1, 1.1, 4.9, 1.9], "texture": "#0"}, "south": {"uv": [4.1, 1.1, 4.9, 1.9], "texture": "#0"}, "west": {"uv": [4.1, 1.1, 4.9, 1.9], "texture": "#0"}, "up": {"uv": [4.1, 1.1, 4.9, 1.9], "rotation": 270, "texture": "#0"}, "down": {"uv": [4.1, 1.1, 4.9, 1.9], "rotation": 90, "texture": "#0"} } }, { "from": [16.71246, 0.05, 6.35719], "to": [16.81246, 0.25, 6.55719], "rotation": {"angle": 22.5, "axis": "y", "origin": [16.76246, 0.5, 6.05719]}, "faces": { "north": {"uv": [4.9, 1.1, 4.1, 1.9], "texture": "#0"}, "east": {"uv": [4.9, 1.1, 4.1, 1.9], "texture": "#0"}, "south": {"uv": [4.9, 1.1, 4.1, 1.9], "texture": "#0"}, "west": {"uv": [4.9, 1.1, 4.1, 1.9], "texture": "#0"}, "up": {"uv": [4.1, 1.9, 4.9, 1.1], "rotation": 270, "texture": "#0"}, "down": {"uv": [4.1, 1.9, 4.9, 1.1], "rotation": 90, "texture": "#0"} } }, { "from": [9.49938, 0.05, 6.34592], "to": [9.59938, 0.25, 6.54592], "rotation": {"angle": -22.5, "axis": "y", "origin": [9.54938, 0.5, 6.04592]}, "faces": { "north": {"uv": [4.1, 1.1, 4.9, 1.9], "texture": "#0"}, "east": {"uv": [4.1, 1.1, 4.9, 1.9], "texture": "#0"}, "south": {"uv": [4.1, 1.1, 4.9, 1.9], "texture": "#0"}, "west": {"uv": [4.1, 1.1, 4.9, 1.9], "texture": "#0"}, "up": {"uv": [4.1, 1.1, 4.9, 1.9], "rotation": 270, "texture": "#0"}, "down": {"uv": [4.1, 1.1, 4.9, 1.9], "rotation": 90, "texture": "#0"} } }, { "from": [16.48455, 0.05, 6.29703], "to": [16.58455, 0.25, 6.49703], "rotation": {"angle": 45, "axis": "y", "origin": [16.53455, 0.5, 5.99703]}, "faces": { "north": {"uv": [4.9, 1.1, 4.1, 1.9], "texture": "#0"}, "east": {"uv": [4.9, 1.1, 4.1, 1.9], "texture": "#0"}, "south": {"uv": [4.9, 1.1, 4.1, 1.9], "texture": "#0"}, "west": {"uv": [4.9, 1.1, 4.1, 1.9], "texture": "#0"}, "up": {"uv": [4.1, 1.9, 4.9, 1.1], "rotation": 270, "texture": "#0"}, "down": {"uv": [4.1, 1.9, 4.9, 1.1], "rotation": 90, "texture": "#0"} } }, { "from": [9.72729, 0.05, 6.28575], "to": [9.82729, 0.25, 6.48575], "rotation": {"angle": -45, "axis": "y", "origin": [9.77729, 0.5, 5.98575]}, "faces": { "north": {"uv": [4.1, 1.1, 4.9, 1.9], "texture": "#0"}, "east": {"uv": [4.1, 1.1, 4.9, 1.9], "texture": "#0"}, "south": {"uv": [4.1, 1.1, 4.9, 1.9], "texture": "#0"}, "west": {"uv": [4.1, 1.1, 4.9, 1.9], "texture": "#0"}, "up": {"uv": [4.1, 1.1, 4.9, 1.9], "rotation": 270, "texture": "#0"}, "down": {"uv": [4.1, 1.1, 4.9, 1.9], "rotation": 90, "texture": "#0"} } }, { "from": [16.60097, 0.05, 5.97865], "to": [16.80097, 0.25, 6.07865], "rotation": {"angle": -22.5, "axis": "y", "origin": [16.30097, 0.5, 6.02865]}, "faces": { "north": {"uv": [4.9, 1.1, 4.1, 1.9], "texture": "#0"}, "east": {"uv": [4.9, 1.1, 4.1, 1.9], "texture": "#0"}, "south": {"uv": [4.9, 1.1, 4.1, 1.9], "texture": "#0"}, "west": {"uv": [4.9, 1.1, 4.1, 1.9], "texture": "#0"}, "up": {"uv": [4.9, 1.1, 4.1, 1.9], "texture": "#0"}, "down": {"uv": [4.9, 1.1, 4.1, 1.9], "texture": "#0"} } }, { "from": [9.51088, 0.05, 5.96738], "to": [9.71088, 0.25, 6.06738], "rotation": {"angle": 22.5, "axis": "y", "origin": [10.01088, 0.5, 6.01738]}, "faces": { "north": {"uv": [4.1, 1.1, 4.9, 1.9], "texture": "#0"}, "east": {"uv": [4.1, 1.1, 4.9, 1.9], "texture": "#0"}, "south": {"uv": [4.1, 1.1, 4.9, 1.9], "texture": "#0"}, "west": {"uv": [4.1, 1.1, 4.9, 1.9], "texture": "#0"}, "up": {"uv": [4.1, 1.1, 4.9, 1.9], "texture": "#0"}, "down": {"uv": [4.1, 1.1, 4.9, 1.9], "texture": "#0"} } }, { "from": [9.69727, 0.05, 6.09727], "to": [16.59727, 0.25, 6.19727], "rotation": {"angle": 0, "axis": "y", "origin": [16.19727, 0.5, 6.14727]}, "faces": { "north": {"uv": [4.9, 1.1, 4.1, 1.9], "texture": "#0"}, "east": {"uv": [4.9, 1.1, 4.1, 1.9], "texture": "#0"}, "south": {"uv": [4.9, 1.1, 4.1, 1.9], "texture": "#0"}, "west": {"uv": [4.9, 1.1, 4.1, 1.9], "texture": "#0"}, "up": {"uv": [4.9, 1.1, 4.1, 1.9], "texture": "#0"}, "down": {"uv": [4.9, 1.1, 4.1, 1.9], "texture": "#0"} } }, { "from": [9.02211, 0, 6.64508], "to": [9.32211, 0.3, 8.54508], "rotation": {"angle": 0, "axis": "y", "origin": [9.17211, 0.5, 7.94508]}, "faces": { "north": {"uv": [0.1, 0.1, 0.9, 0.9], "rotation": 180, "texture": "#0"}, "east": {"uv": [0.1, 0.1, 0.9, 0.9], "rotation": 180, "texture": "#0"}, "south": {"uv": [0.1, 0.1, 0.9, 0.9], "rotation": 180, "texture": "#0"}, "west": {"uv": [0.1, 0.1, 0.9, 0.9], "rotation": 180, "texture": "#0"}, "up": {"uv": [0.1, 0.1, 0.9, 0.9], "rotation": 180, "texture": "#0"}, "down": {"uv": [0.1, 0.1, 0.9, 0.9], "rotation": 180, "texture": "#0"} } }, { "from": [8.97211, 0.1, 7.24508], "to": [9.27211, 0.5, 7.64508], "rotation": {"angle": 22.5, "axis": "z", "origin": [9.12211, 0.25, 7.34508]}, "faces": { "north": {"uv": [0.1, 0.1, 0.9, 0.9], "rotation": 180, "texture": "#0"}, "east": {"uv": [0.1, 0.1, 0.9, 0.9], "rotation": 180, "texture": "#0"}, "south": {"uv": [0.1, 0.1, 0.9, 0.9], "rotation": 180, "texture": "#0"}, "west": {"uv": [0.1, 0.1, 0.9, 0.9], "rotation": 180, "texture": "#0"}, "up": {"uv": [0.1, 0.1, 0.9, 0.9], "rotation": 180, "texture": "#0"}, "down": {"uv": [0.1, 0.1, 0.9, 0.9], "rotation": 180, "texture": "#0"} } }, { "from": [6.72789, 0.1, 7.24508], "to": [7.02789, 0.5, 7.64508], "rotation": {"angle": -22.5, "axis": "z", "origin": [6.87789, 0.25, 7.34508]}, "faces": { "north": {"uv": [0.1, 0.1, 0.9, 0.9], "rotation": 180, "texture": "#0"}, "east": {"uv": [0.1, 0.1, 0.9, 0.9], "rotation": 180, "texture": "#0"}, "south": {"uv": [0.1, 0.1, 0.9, 0.9], "rotation": 180, "texture": "#0"}, "west": {"uv": [0.1, 0.1, 0.9, 0.9], "rotation": 180, "texture": "#0"}, "up": {"uv": [0.1, 0.1, 0.9, 0.9], "rotation": 180, "texture": "#0"}, "down": {"uv": [0.1, 0.1, 0.9, 0.9], "rotation": 180, "texture": "#0"} } }, { "from": [8.80289, 0.38837, 7.24508], "to": [9.10289, 0.78837, 7.64508], "rotation": {"angle": 45, "axis": "z", "origin": [8.95289, 0.53837, 7.34508]}, "faces": { "north": {"uv": [0.1, 0.1, 0.9, 0.9], "rotation": 180, "texture": "#0"}, "east": {"uv": [0.1, 0.1, 0.9, 0.9], "rotation": 180, "texture": "#0"}, "south": {"uv": [0.1, 0.1, 0.9, 0.9], "rotation": 180, "texture": "#0"}, "west": {"uv": [0.1, 0.1, 0.9, 0.9], "rotation": 180, "texture": "#0"}, "up": {"uv": [0.1, 0.1, 0.9, 0.9], "rotation": 180, "texture": "#0"}, "down": {"uv": [0.1, 0.1, 0.9, 0.9], "rotation": 180, "texture": "#0"} } }, { "from": [6.89711, 0.38837, 7.24508], "to": [7.19711, 0.78837, 7.64508], "rotation": {"angle": -45, "axis": "z", "origin": [7.04711, 0.53837, 7.34508]}, "faces": { "north": {"uv": [0.1, 0.1, 0.9, 0.9], "rotation": 180, "texture": "#0"}, "east": {"uv": [0.1, 0.1, 0.9, 0.9], "rotation": 180, "texture": "#0"}, "south": {"uv": [0.1, 0.1, 0.9, 0.9], "rotation": 180, "texture": "#0"}, "west": {"uv": [0.1, 0.1, 0.9, 0.9], "rotation": 180, "texture": "#0"}, "up": {"uv": [0.1, 0.1, 0.9, 0.9], "rotation": 180, "texture": "#0"}, "down": {"uv": [0.1, 0.1, 0.9, 0.9], "rotation": 180, "texture": "#0"} } }, { "from": [8.43619, 0.59004, 7.24508], "to": [8.83619, 0.89004, 7.64508], "rotation": {"angle": -22.5, "axis": "z", "origin": [8.68619, 0.74004, 7.34508]}, "faces": { "north": {"uv": [0.1, 0.1, 0.9, 0.9], "rotation": 270, "texture": "#0"}, "east": {"uv": [0.1, 0.1, 0.9, 0.9], "rotation": 270, "texture": "#0"}, "south": {"uv": [0.1, 0.1, 0.9, 0.9], "rotation": 270, "texture": "#0"}, "west": {"uv": [0.1, 0.1, 0.9, 0.9], "rotation": 270, "texture": "#0"}, "up": {"uv": [0.1, 0.1, 0.9, 0.9], "rotation": 270, "texture": "#0"}, "down": {"uv": [0.1, 0.1, 0.9, 0.9], "rotation": 270, "texture": "#0"} } }, { "from": [7.16381, 0.59004, 7.24508], "to": [7.56381, 0.89004, 7.64508], "rotation": {"angle": 22.5, "axis": "z", "origin": [7.31381, 0.74004, 7.34508]}, "faces": { "north": {"uv": [0.1, 0.1, 0.9, 0.9], "rotation": 270, "texture": "#0"}, "east": {"uv": [0.1, 0.1, 0.9, 0.9], "rotation": 270, "texture": "#0"}, "south": {"uv": [0.1, 0.1, 0.9, 0.9], "rotation": 270, "texture": "#0"}, "west": {"uv": [0.1, 0.1, 0.9, 0.9], "rotation": 270, "texture": "#0"}, "up": {"uv": [0.1, 0.1, 0.9, 0.9], "rotation": 270, "texture": "#0"}, "down": {"uv": [0.1, 0.1, 0.9, 0.9], "rotation": 270, "texture": "#0"} } }, { "from": [7.56262, 0.67429, 7.24508], "to": [8.51262, 0.97429, 7.64508], "rotation": {"angle": 0, "axis": "y", "origin": [8.36262, 0.82429, 7.34508]}, "faces": { "north": {"uv": [0.1, 0.1, 0.9, 0.9], "rotation": 270, "texture": "#0"}, "east": {"uv": [0.1, 0.1, 0.9, 0.9], "rotation": 270, "texture": "#0"}, "south": {"uv": [0.1, 0.1, 0.9, 0.9], "rotation": 270, "texture": "#0"}, "west": {"uv": [0.1, 0.1, 0.9, 0.9], "rotation": 270, "texture": "#0"}, "up": {"uv": [0.1, 0.1, 0.9, 0.9], "rotation": 270, "texture": "#0"}, "down": {"uv": [0.1, 0.1, 0.9, 0.9], "rotation": 270, "texture": "#0"} } }, { "from": [7.48738, 0.67429, 7.24508], "to": [8.43738, 0.97429, 7.64508], "rotation": {"angle": 0, "axis": "y", "origin": [8.28738, 0.82429, 7.34508]}, "faces": { "north": {"uv": [0.1, 0.1, 0.9, 0.9], "rotation": 270, "texture": "#0"}, "east": {"uv": [0.1, 0.1, 0.9, 0.9], "rotation": 270, "texture": "#0"}, "south": {"uv": [0.1, 0.1, 0.9, 0.9], "rotation": 270, "texture": "#0"}, "west": {"uv": [0.1, 0.1, 0.9, 0.9], "rotation": 270, "texture": "#0"}, "up": {"uv": [0.1, 0.1, 0.9, 0.9], "rotation": 270, "texture": "#0"}, "down": {"uv": [0.1, 0.1, 0.9, 0.9], "rotation": 270, "texture": "#0"} } }, { "from": [16.95, 0, 6.6], "to": [17.25, 0.3, 7.8], "rotation": {"angle": 0, "axis": "y", "origin": [9.25, 8, 14.6]}, "faces": { "north": {"uv": [0.1, 0.1, 0.9, 0.9], "texture": "#0"}, "east": {"uv": [0.1, 0.1, 0.9, 0.9], "texture": "#0"}, "south": {"uv": [0.1, 0.1, 0.9, 0.9], "texture": "#0"}, "west": {"uv": [0.1, 0.1, 0.9, 0.9], "texture": "#0"}, "up": {"uv": [0.1, 0.1, 0.9, 0.9], "texture": "#0"}, "down": {"uv": [0.1, 0.1, 0.9, 0.9], "texture": "#0"} } }, { "from": [17.25, -11, 6.7], "to": [17.55, 0.3, 7.1], "rotation": {"angle": 0, "axis": "y", "origin": [9.55, 8, 14.6]}, "faces": { "north": {"uv": [7.9, 1.1, 7.1, 1.9], "texture": "#0"}, "east": {"uv": [7.9, 1.1, 7.1, 1.9], "texture": "#0"}, "south": {"uv": [7.9, 1.1, 7.1, 1.9], "texture": "#0"}, "west": {"uv": [7.9, 1.1, 7.1, 1.9], "texture": "#0"}, "up": {"uv": [1.9, 1.1, 1.1, 1.9], "texture": "#0"}, "down": {"uv": [7.9, 1.1, 7.1, 1.9], "texture": "#0"} } }, { "from": [-1.55, -11, 6.7], "to": [-1.25, 0.3, 7.1], "rotation": {"angle": 0, "axis": "y", "origin": [6.45, 8, 14.6]}, "faces": { "north": {"uv": [7.9, 1.1, 7.1, 1.9], "texture": "#0"}, "east": {"uv": [7.9, 1.1, 7.1, 1.9], "texture": "#0"}, "south": {"uv": [7.9, 1.1, 7.1, 1.9], "texture": "#0"}, "west": {"uv": [7.9, 1.1, 7.1, 1.9], "texture": "#0"}, "up": {"uv": [1.9, 1.1, 1.1, 1.9], "texture": "#0"}, "down": {"uv": [7.9, 1.1, 7.1, 1.9], "texture": "#0"} } }, { "from": [17.25, -9.79949, 1.04092], "to": [17.55, -6.79949, 1.44092], "rotation": {"angle": -45, "axis": "x", "origin": [9.55, -2.06863, 8.94092]}, "faces": { "north": {"uv": [7.9, 1.1, 7.1, 1.9], "texture": "#0"}, "east": {"uv": [7.9, 1.1, 7.1, 1.9], "texture": "#0"}, "south": {"uv": [7.9, 1.1, 7.1, 1.9], "texture": "#0"}, "west": {"uv": [7.9, 1.1, 7.1, 1.9], "texture": "#0"}, "up": {"uv": [7.9, 1.1, 7.1, 1.9], "texture": "#0"}, "down": {"uv": [7.9, 1.1, 7.1, 1.9], "texture": "#0"} } }, { "from": [-1.55, -9.79949, 1.04092], "to": [-1.25, -6.79949, 1.44092], "rotation": {"angle": -45, "axis": "x", "origin": [6.45, -2.06863, 8.94092]}, "faces": { "north": {"uv": [7.9, 1.1, 7.1, 1.9], "texture": "#0"}, "east": {"uv": [7.9, 1.1, 7.1, 1.9], "texture": "#0"}, "south": {"uv": [7.9, 1.1, 7.1, 1.9], "texture": "#0"}, "west": {"uv": [7.9, 1.1, 7.1, 1.9], "texture": "#0"}, "up": {"uv": [7.9, 1.1, 7.1, 1.9], "texture": "#0"}, "down": {"uv": [7.9, 1.1, 7.1, 1.9], "texture": "#0"} } }, { "from": [16.73181, 0, 7.69693], "to": [17.03181, 0.3, 9.79693], "rotation": {"angle": -22.5, "axis": "y", "origin": [16.88181, 0.5, 8.29693]}, "faces": { "north": {"uv": [0.1, 0.1, 0.9, 0.9], "texture": "#0"}, "east": {"uv": [0.1, 0.1, 0.9, 0.9], "texture": "#0"}, "south": {"uv": [0.1, 0.1, 0.9, 0.9], "texture": "#0"}, "west": {"uv": [0.1, 0.1, 0.9, 0.9], "texture": "#0"}, "up": {"uv": [0.1, 0.1, 0.9, 0.9], "texture": "#0"}, "down": {"uv": [0.1, 0.1, 0.9, 0.9], "texture": "#0"} } }, { "from": [15.03463, 0, 9.68118], "to": [16.43463, 0.3, 9.98118], "rotation": {"angle": 22.5, "axis": "y", "origin": [15.83463, 0.5, 9.83118]}, "faces": { "north": {"uv": [0.1, 0.1, 0.9, 0.9], "rotation": 270, "texture": "#0"}, "east": {"uv": [0.1, 0.1, 0.9, 0.9], "rotation": 270, "texture": "#0"}, "south": {"uv": [0.1, 0.1, 0.9, 0.9], "rotation": 270, "texture": "#0"}, "west": {"uv": [0.1, 0.1, 0.9, 0.9], "rotation": 270, "texture": "#0"}, "up": {"uv": [0.1, 0.1, 0.9, 0.9], "rotation": 270, "texture": "#0"}, "down": {"uv": [0.1, 0.1, 0.9, 0.9], "rotation": 270, "texture": "#0"} } }, { "from": [10.75293, 0, 9.9759], "to": [15.15293, 0.3, 10.2759], "rotation": {"angle": 0, "axis": "y", "origin": [14.55293, 0.5, 10.1259]}, "faces": { "north": {"uv": [0.1, 0.1, 0.9, 0.9], "rotation": 270, "texture": "#0"}, "east": {"uv": [0.1, 0.1, 0.9, 0.9], "rotation": 270, "texture": "#0"}, "south": {"uv": [0.1, 0.1, 0.9, 0.9], "rotation": 270, "texture": "#0"}, "west": {"uv": [0.1, 0.1, 0.9, 0.9], "rotation": 270, "texture": "#0"}, "up": {"uv": [0.1, 0.1, 0.9, 0.9], "rotation": 270, "texture": "#0"}, "down": {"uv": [0.1, 0.1, 0.9, 0.9], "rotation": 270, "texture": "#0"} } }, { "from": [9.85601, 0, 9.75771], "to": [10.85601, 0.3, 10.05771], "rotation": {"angle": -22.5, "axis": "y", "origin": [10.25601, 0.5, 9.90771]}, "faces": { "north": {"uv": [0.1, 0.1, 0.9, 0.9], "rotation": 270, "texture": "#0"}, "east": {"uv": [0.1, 0.1, 0.9, 0.9], "rotation": 270, "texture": "#0"}, "south": {"uv": [0.1, 0.1, 0.9, 0.9], "rotation": 270, "texture": "#0"}, "west": {"uv": [0.1, 0.1, 0.9, 0.9], "rotation": 270, "texture": "#0"}, "up": {"uv": [0.1, 0.1, 0.9, 0.9], "rotation": 270, "texture": "#0"}, "down": {"uv": [0.1, 0.1, 0.9, 0.9], "rotation": 270, "texture": "#0"} } }, { "from": [9.51086, 0, 9.21289], "to": [10.11086, 0.3, 9.51289], "rotation": {"angle": -45, "axis": "y", "origin": [9.51086, 0.5, 9.36289]}, "faces": { "north": {"uv": [0.1, 0.1, 0.9, 0.9], "rotation": 270, "texture": "#0"}, "east": {"uv": [0.1, 0.1, 0.9, 0.9], "rotation": 270, "texture": "#0"}, "south": {"uv": [0.1, 0.1, 0.9, 0.9], "rotation": 270, "texture": "#0"}, "west": {"uv": [0.1, 0.1, 0.9, 0.9], "rotation": 270, "texture": "#0"}, "up": {"uv": [0.1, 0.1, 0.9, 0.9], "rotation": 270, "texture": "#0"}, "down": {"uv": [0.1, 0.1, 0.9, 0.9], "rotation": 270, "texture": "#0"} } }, { "from": [9.16376, 0, 8.45723], "to": [9.46376, 0.3, 9.45723], "rotation": {"angle": 22.5, "axis": "y", "origin": [9.31376, 0.5, 8.85723]}, "faces": { "north": {"uv": [0.1, 0.1, 0.9, 0.9], "rotation": 180, "texture": "#0"}, "east": {"uv": [0.1, 0.1, 0.9, 0.9], "rotation": 180, "texture": "#0"}, "south": {"uv": [0.1, 0.1, 0.9, 0.9], "rotation": 180, "texture": "#0"}, "west": {"uv": [0.1, 0.1, 0.9, 0.9], "rotation": 180, "texture": "#0"}, "up": {"uv": [0.1, 0.1, 0.9, 0.9], "rotation": 180, "texture": "#0"}, "down": {"uv": [0.1, 0.1, 0.9, 0.9], "rotation": 180, "texture": "#0"} } } ], "display": { "thirdperson_righthand": { "rotation": [0, -140, 0], "translation": [-1.5, 4, 1.25], "scale": [0.25, 0.25, 0.25] }, "thirdperson_lefthand": { "rotation": [0, -149, 0], "translation": [-2.25, 3.5, 1], "scale": [0.25, 0.25, 0.25] }, "firstperson_righthand": { "rotation": [-79, -158, 0], "translation": [-4.75, 6.25, 6], "scale": [0.25, 0.25, 0.25] }, "firstperson_lefthand": { "rotation": [-88, -167, 0], "translation": [-1.5, 4.5, 3.5], "scale": [0.24, 0.24, 0.24] }, "ground": { "rotation": [74.25, 0, 0], "translation": [-0.5, 0, 2.75], "scale": [0.25, 0.25, 0.25] }, "gui": { "rotation": [109.5, 18.5, 0], "translation": [-0.25, -2.75, 0], "scale": [0.76, 0.76, 0.76] }, "head": { "rotation": [-95, -180, 0], "translation": [0, -3.5, -13], "scale": [0.71, 0.71, 0.71] }, "fixed": { "rotation": [-7, 0, 0], "translation": [0, 14.25, -2.75], "scale": [1.15, 1.15, 1.15] } }, "groups": [ { "name": "group", "origin": [9.23624, 0.5, 8.85723], "color": 0, "children": [ 0, 1, 2, 3, 4, 5, 6, 7, { "name": "group", "origin": [9.37818, 0.5, 7.89537], "color": 0, "children": [8, 9, 10, 11, 12, 13, 14, 15, 16, 17, 18, 19, 20, 21, 22, 23] }, { "name": "group", "origin": [9.37818, 0.5, 7.89537], "color": 0, "children": [24, 25, 26, 27, 28, 29, 30, 31, 32, 33, 34, 35, 36, 37, 38, 39] } ] }, { "name": "group", "origin": [9.23624, 0.5, 8.85723], "color": 0, "children": [ 40, 41, 42, 43, 44, 45, 46, 47, 48, 49, 50, 51, 52, 53, 54, 55, 56, 57, 58, 59, { "name": "group", "origin": [9.37818, 0.5, 7.89537], "color": 0, "children": [] } ] } ] }