{ "credit": "Made with Blockbench", "textures": { "4": "block/ballisticmaskvastolorde" }, "elements": [ { "from": [0.5, -3.5, -0.5], "to": [15.5, -2.5, 1], "faces": { "north": {"uv": [0.5, 14.5, 15.5, 15.5], "texture": "#4"}, "east": {"uv": [0.5, 14.5, 1, 15.5], "texture": "#4"}, "south": {"uv": [0.5, 14.5, 15.5, 15.5], "texture": "#4"}, "west": {"uv": [15, 14.5, 15.5, 15.5], "texture": "#4"}, "up": {"uv": [0.5, 14.5, 15.5, 15.5], "texture": "#4"}, "down": {"uv": [0.5, 15, 15.5, 15.5], "texture": "#4"} } }, { "from": [1.5, -4, -0.5], "to": [14.5, -3.5, 1], "faces": { "north": {"uv": [1.5, 15.5, 14.5, 16], "texture": "#4"}, "east": {"uv": [1.5, 15.5, 2, 16], "texture": "#4"}, "south": {"uv": [1.5, 15.5, 14.5, 16], "texture": "#4"}, "west": {"uv": [1.5, 15.5, 2, 16], "texture": "#4"}, "up": {"uv": [1.5, 15.5, 14.5, 16], "texture": "#4"}, "down": {"uv": [1.5, 15.5, 14.5, 16], "texture": "#4"} } }, { "from": [3, -4.5, -0.5], "to": [13, -4, 1], "faces": { "north": {"uv": [3, 15.5, 13, 16], "texture": "#4"}, "east": {"uv": [3, 15.5, 3.5, 16], "texture": "#4"}, "south": {"uv": [3, 15.5, 13, 16], "texture": "#4"}, "west": {"uv": [12.5, 15.5, 13, 16], "texture": "#4"}, "up": {"uv": [3, 15.5, 13, 16], "texture": "#4"}, "down": {"uv": [3, 15.5, 13, 16], "texture": "#4"} } }, { "from": [0, -2.5, -0.5], "to": [16, 3, 1], "faces": { "north": {"uv": [0, 9, 16, 14.5], "texture": "#4"}, "east": {"uv": [0, 9, 0.5, 14.5], "texture": "#4"}, "south": {"uv": [0, 9, 16, 14.5], "texture": "#4"}, "west": {"uv": [15.5, 9, 16, 14.5], "texture": "#4"}, "up": {"uv": [16, 9, 0, 14.5], "texture": "#4"}, "down": {"uv": [0, 9, 16, 14.5], "texture": "#4"} } }, { "from": [0, 6, -0.5], "to": [16, 10.5, 1], "faces": { "north": {"uv": [0, 1.5, 16, 6], "texture": "#4"}, "east": {"uv": [0, 1.5, 0.5, 6], "texture": "#4"}, "south": {"uv": [0, 1.5, 16, 6], "texture": "#4"}, "west": {"uv": [15.5, 1.5, 16, 6], "texture": "#4"}, "up": {"uv": [0, 1.5, 16, 2], "texture": "#4"}, "down": {"uv": [16, 5.5, 0, 6], "texture": "#4"} } }, { "from": [15, 3, -0.5], "to": [16, 6, 1], "faces": { "north": {"uv": [0, 6, 1, 9], "texture": "#4"}, "east": {"uv": [0, 6, 0.5, 9], "texture": "#4"}, "south": {"uv": [0, 6, 1, 9], "texture": "#4"}, "west": {"uv": [0.5, 6, 1, 9], "texture": "#4"}, "up": {"uv": [0, 6, 1, 9], "texture": "#4"}, "down": {"uv": [0, 6, 1, 9], "texture": "#4"} } }, { "from": [14.5, 3, -0.5], "to": [15, 5.5, 1], "faces": { "north": {"uv": [1, 6.5, 1.5, 9], "texture": "#4"}, "east": {"uv": [1, 6.5, 1.5, 9], "texture": "#4"}, "south": {"uv": [1, 6.5, 1.5, 9], "texture": "#4"}, "west": {"uv": [1, 6.5, 1.5, 9], "texture": "#4"}, "up": {"uv": [1, 6.5, 1.5, 7], "texture": "#4"}, "down": {"uv": [1, 6.5, 1.5, 9], "texture": "#4"} } }, { "from": [14, 3, -0.5], "to": [14.5, 4.5, 1], "faces": { "north": {"uv": [1.5, 7.5, 2, 9], "texture": "#4"}, "east": {"uv": [1.5, 7.5, 2, 9], "texture": "#4"}, "south": {"uv": [1.5, 7.5, 2, 9], "texture": "#4"}, "west": {"uv": [2, 7.5, 2, 9], "texture": "#4"}, "up": {"uv": [1.5, 7.5, 2, 8], "texture": "#4"}, "down": {"uv": [1.5, 7.5, 2, 9], "texture": "#4"} } }, { "from": [13, 3, -0.5], "to": [14, 4, 1], "faces": { "north": {"uv": [2, 8, 3, 9], "texture": "#4"}, "east": {"uv": [2, 8, 3, 9], "texture": "#4"}, "south": {"uv": [2, 8, 3, 9], "texture": "#4"}, "west": {"uv": [2.5, 8, 3, 9], "texture": "#4"}, "up": {"uv": [2, 8, 3, 8.5], "texture": "#4"}, "down": {"uv": [2, 8, 3, 9], "texture": "#4"} } }, { "from": [11.5, 3, -0.5], "to": [13, 3.5, 1], "faces": { "north": {"uv": [3, 8.5, 4.5, 9], "texture": "#4"}, "east": {"uv": [3, 8.5, 4.5, 9], "texture": "#4"}, "south": {"uv": [3, 8.5, 4.5, 9], "texture": "#4"}, "west": {"uv": [4, 8.5, 4.5, 9], "texture": "#4"}, "up": {"uv": [4.5, 8.5, 3, 9], "texture": "#4"}, "down": {"uv": [3, 8.5, 4.5, 9], "texture": "#4"} } }, { "from": [3, 3, -0.5], "to": [4.5, 3.5, 1], "rotation": {"angle": 0, "axis": "y", "origin": [16, 0, 0]}, "faces": { "north": {"uv": [4.5, 8.5, 3, 9], "texture": "#4"}, "east": {"uv": [4.5, 8.5, 4, 9], "texture": "#4"}, "south": {"uv": [4.5, 8.5, 3, 9], "texture": "#4"}, "west": {"uv": [4.5, 8.5, 3, 9], "texture": "#4"}, "up": {"uv": [3, 8.5, 4.5, 9], "texture": "#4"}, "down": {"uv": [4.5, 8.5, 3, 9], "texture": "#4"} } }, { "from": [2, 3, -0.5], "to": [3, 4, 1], "rotation": {"angle": 0, "axis": "y", "origin": [16, 0, 0]}, "faces": { "north": {"uv": [3, 8, 2, 9], "texture": "#4"}, "east": {"uv": [3, 8, 2.5, 9], "texture": "#4"}, "south": {"uv": [3, 8, 2, 9], "texture": "#4"}, "west": {"uv": [3, 8, 2, 9], "texture": "#4"}, "up": {"uv": [3, 8, 2, 8.5], "texture": "#4"}, "down": {"uv": [3, 8, 2, 9], "texture": "#4"} } }, { "from": [1.5, 3, -0.5], "to": [2, 4.5, 1], "rotation": {"angle": 0, "axis": "y", "origin": [16, 0, 0]}, "faces": { "north": {"uv": [2, 7.5, 1.5, 9], "texture": "#4"}, "east": {"uv": [2, 7.5, 2, 9], "texture": "#4"}, "south": {"uv": [2, 7.5, 1.5, 9], "texture": "#4"}, "west": {"uv": [2, 7.5, 1.5, 9], "texture": "#4"}, "up": {"uv": [2, 7.5, 1.5, 8], "texture": "#4"}, "down": {"uv": [2, 7.5, 1.5, 9], "texture": "#4"} } }, { "from": [0, 3, -0.5], "to": [1, 6, 1], "rotation": {"angle": 0, "axis": "y", "origin": [16, 0, 0]}, "faces": { "north": {"uv": [1, 6, 0, 9], "texture": "#4"}, "east": {"uv": [1, 6, 0.5, 9], "texture": "#4"}, "south": {"uv": [1, 6, 0, 9], "texture": "#4"}, "west": {"uv": [1, 6, 0, 9], "texture": "#4"}, "up": {"uv": [1, 6, 0, 9], "texture": "#4"}, "down": {"uv": [1, 6, 0, 9], "texture": "#4"} } }, { "from": [1, 3, -0.5], "to": [1.5, 5.5, 1], "rotation": {"angle": 0, "axis": "y", "origin": [16, 0, 0]}, "faces": { "north": {"uv": [1.5, 6.5, 1, 9], "texture": "#4"}, "east": {"uv": [1.5, 6.5, 1, 9], "texture": "#4"}, "south": {"uv": [1.5, 6.5, 1, 9], "texture": "#4"}, "west": {"uv": [1.5, 6.5, 1, 9], "texture": "#4"}, "up": {"uv": [1.5, 6.5, 1, 7], "texture": "#4"}, "down": {"uv": [1.5, 6.5, 1, 9], "texture": "#4"} } }, { "from": [6.5, 3, -0.5], "to": [9.5, 3.5, 1], "rotation": {"angle": 0, "axis": "y", "origin": [-2, 0, 0]}, "faces": { "north": {"uv": [6.5, 8.5, 9.5, 9], "texture": "#4"}, "east": {"uv": [6.5, 8.5, 7, 9], "texture": "#4"}, "south": {"uv": [6.5, 8.5, 9.5, 9], "texture": "#4"}, "west": {"uv": [6.5, 8.5, 9.5, 9], "texture": "#4"}, "up": {"uv": [6.5, 8.5, 9.5, 9], "texture": "#4"}, "down": {"uv": [6.5, 8.5, 9.5, 9], "texture": "#4"} } }, { "from": [7, 3.5, -0.5], "to": [9, 4.5, 1], "rotation": {"angle": 0, "axis": "y", "origin": [-2, 0, 0]}, "faces": { "north": {"uv": [7, 7.5, 9, 8.5], "texture": "#4"}, "east": {"uv": [7, 7.5, 9, 8.5], "texture": "#4"}, "south": {"uv": [7, 7.5, 9, 8.5], "texture": "#4"}, "west": {"uv": [7, 7.5, 9, 8.5], "texture": "#4"}, "up": {"uv": [7, 7.5, 9, 8.5], "texture": "#4"}, "down": {"uv": [7, 7.5, 9, 8.5], "texture": "#4"} } }, { "from": [6.5, 4.5, -0.5], "to": [9.5, 5, 1], "rotation": {"angle": 0, "axis": "y", "origin": [-2, 0, 0]}, "faces": { "north": {"uv": [6.5, 7, 9.5, 7.5], "texture": "#4"}, "east": {"uv": [6.5, 7, 7, 7.5], "texture": "#4"}, "south": {"uv": [6.5, 7, 9.5, 7.5], "texture": "#4"}, "west": {"uv": [6.5, 7, 9.5, 7.5], "texture": "#4"}, "up": {"uv": [6.5, 7, 9.5, 7.5], "texture": "#4"}, "down": {"uv": [6.5, 7, 9.5, 7.5], "texture": "#4"} } }, { "from": [5.5, 5, -0.5], "to": [10.5, 5.5, 1], "rotation": {"angle": 0, "axis": "y", "origin": [-2, 0, 0]}, "faces": { "north": {"uv": [5.5, 6.5, 10.5, 7], "texture": "#4"}, "east": {"uv": [5.5, 6.5, 6, 7], "texture": "#4"}, "south": {"uv": [5.5, 6.5, 10.5, 7], "texture": "#4"}, "west": {"uv": [5.5, 6.5, 10.5, 7], "texture": "#4"}, "up": {"uv": [5.5, 6.5, 10.5, 7], "texture": "#4"}, "down": {"uv": [5.5, 6.5, 10.5, 7], "texture": "#4"} } }, { "from": [4, 5.5, -0.5], "to": [12, 6, 1], "rotation": {"angle": 0, "axis": "y", "origin": [-2, 0, 0]}, "faces": { "north": {"uv": [4, 6, 12, 6.5], "texture": "#4"}, "east": {"uv": [4, 6, 4.5, 6.5], "texture": "#4"}, "south": {"uv": [4, 6, 12, 6.5], "texture": "#4"}, "west": {"uv": [4, 6, 12, 6.5], "texture": "#4"}, "up": {"uv": [4, 6, 12, 6.5], "texture": "#4"}, "down": {"uv": [12, 6, 4, 6.5], "texture": "#4"} } }, { "from": [0.5, 10.5, -0.5], "to": [15.5, 11.5, 1], "faces": { "north": {"uv": [0.5, 0.5, 15.5, 1.5], "texture": "#4"}, "east": {"uv": [0.5, 0.5, 1, 1.5], "texture": "#4"}, "south": {"uv": [0.5, 0.5, 15.5, 1.5], "texture": "#4"}, "west": {"uv": [15, 0.5, 15.5, 1.5], "texture": "#4"}, "up": {"uv": [15.5, 0.5, 0.5, 1], "texture": "#4"}, "down": {"uv": [0.5, 0.5, 15.5, 1.5], "texture": "#4"} } }, { "from": [3, 12, -0.5], "to": [13, 12.5, 1], "rotation": {"angle": 0, "axis": "y", "origin": [0, 16, 0]}, "faces": { "north": {"uv": [3, 0, 13, 0.5], "texture": "#4"}, "east": {"uv": [3, 0, 3.5, 0.5], "texture": "#4"}, "south": {"uv": [3, 0, 13, 0.5], "texture": "#4"}, "west": {"uv": [12.5, 0, 13, 0.5], "texture": "#4"}, "up": {"uv": [3, 0, 13, 0.5], "texture": "#4"}, "down": {"uv": [3, 0, 13, 0.5], "texture": "#4"} } }, { "from": [1.5, 11.5, -0.5], "to": [14.5, 12, 1], "rotation": {"angle": 0, "axis": "y", "origin": [0, 16, 0]}, "faces": { "north": {"uv": [1.5, 0, 14.5, 0.5], "texture": "#4"}, "east": {"uv": [1.5, 0, 2, 0.5], "texture": "#4"}, "south": {"uv": [1.5, 0, 14.5, 0.5], "texture": "#4"}, "west": {"uv": [14, 0, 14.5, 0.5], "texture": "#4"}, "up": {"uv": [1.5, 0, 14.5, 0.5], "texture": "#4"}, "down": {"uv": [1.5, 0, 14.5, 0.5], "texture": "#4"} } }, { "from": [3, -5, 0], "to": [13, -3.5, 1], "faces": { "north": {"uv": [9.5, 6, 10, 6.5], "texture": "#4"}, "east": {"uv": [9.5, 6, 10, 6.5], "texture": "#4"}, "south": {"uv": [9.5, 6, 10, 6.5], "texture": "#4"}, "west": {"uv": [9.5, 6, 10, 6.5], "texture": "#4"}, "up": {"uv": [9.5, 6, 10, 6.5], "texture": "#4"}, "down": {"uv": [9.5, 6, 10, 6.5], "texture": "#4"} } }, { "from": [3, 10.5, 0], "to": [13, 13, 1], "rotation": {"angle": 0, "axis": "y", "origin": [0, 16, 0]}, "faces": { "north": {"uv": [9.5, 6, 10, 6.5], "texture": "#4"}, "east": {"uv": [9.5, 6, 10, 6.5], "texture": "#4"}, "south": {"uv": [9.5, 6, 10, 6.5], "texture": "#4"}, "west": {"uv": [9.5, 6, 10, 6.5], "texture": "#4"}, "up": {"uv": [9.5, 6, 10, 6.5], "texture": "#4"}, "down": {"uv": [9.5, 6, 10, 6.5], "texture": "#4"} } }, { "from": [1.5, -4.5, 0], "to": [14.5, 12.5, 1], "rotation": {"angle": 0, "axis": "y", "origin": [0, 16, 0]}, "faces": { "north": {"uv": [12, 10, 12.5, 9], "texture": "#4"}, "east": {"uv": [12, 10, 12.5, 9], "texture": "#4"}, "south": {"uv": [9.5, 6, 10, 6.5], "texture": "#4"}, "west": {"uv": [4.5, 9.5, 5, 10], "texture": "#4"}, "up": {"uv": [11.5, 10, 12, 9.5], "texture": "#4"}, "down": {"uv": [9.5, 6, 10, 6.5], "texture": "#4"} } }, { "from": [0.5, -4, 0], "to": [15.5, 12, 1], "faces": { "north": {"uv": [9.5, 6, 10, 6.5], "texture": "#4"}, "east": {"uv": [9.5, 6, 10, 6.5], "texture": "#4"}, "south": {"uv": [9.5, 6, 10, 6.5], "texture": "#4"}, "west": {"uv": [9.5, 6, 10, 6.5], "texture": "#4"}, "up": {"uv": [9.5, 6, 10, 6.5], "texture": "#4"}, "down": {"uv": [9.5, 6, 10, 6.5], "texture": "#4"} } }, { "from": [0, -3.5, 0], "to": [16, 11.5, 1], "faces": { "north": {"uv": [9.5, 6, 10, 6.5], "texture": "#4"}, "east": {"uv": [9.5, 6, 10, 6.5], "texture": "#4"}, "south": {"uv": [9.5, 6, 10, 6.5], "texture": "#4"}, "west": {"uv": [9.5, 6, 10, 6.5], "texture": "#4"}, "up": {"uv": [9.5, 6, 10, 6.5], "texture": "#4"}, "down": {"uv": [9.5, 6, 10, 6.5], "texture": "#4"} } }, { "from": [-0.5, -2.5, 0], "to": [16.5, 10.5, 1], "faces": { "north": {"uv": [9.5, 6, 10, 6.5], "texture": "#4"}, "east": {"uv": [9.5, 6, 10, 6.5], "texture": "#4"}, "south": {"uv": [9.5, 6, 10, 6.5], "texture": "#4"}, "west": {"uv": [9.5, 6, 10, 6.5], "texture": "#4"}, "up": {"uv": [9.5, 6, 10, 6.5], "texture": "#4"}, "down": {"uv": [9.5, 6, 10, 6.5], "texture": "#4"} } }, { "from": [-0.5, -3, 1], "to": [16.5, 11, 2], "faces": { "north": {"uv": [12.5, 8.5, 13, 9], "texture": "#4"}, "east": {"uv": [12.5, 8.5, 13, 9], "texture": "#4"}, "south": {"uv": [12.5, 8.5, 13, 9], "texture": "#4"}, "west": {"uv": [12.5, 8.5, 13, 9], "texture": "#4"}, "up": {"uv": [12.5, 8.5, 13, 9], "texture": "#4"}, "down": {"uv": [12.5, 8.5, 13, 9], "texture": "#4"} } }, { "from": [4, 10, 0.5], "to": [12, 13.5, 2], "rotation": {"angle": 0, "axis": "y", "origin": [0, 16, 0]}, "faces": { "north": {"uv": [12.5, 8.5, 13, 9], "texture": "#4"}, "east": {"uv": [12.5, 8.5, 13, 9], "texture": "#4"}, "south": {"uv": [12.5, 8.5, 13, 9], "texture": "#4"}, "west": {"uv": [12.5, 8.5, 13, 9], "texture": "#4"}, "up": {"uv": [12.5, 8.5, 13, 9], "texture": "#4"}, "down": {"uv": [12.5, 8.5, 13, 9], "texture": "#4"} } }, { "from": [1.5, 9.5, 1], "to": [14.5, 13, 2], "rotation": {"angle": 0, "axis": "y", "origin": [0, 16, 0]}, "faces": { "north": {"uv": [12, 10, 12.5, 9], "texture": "#4"}, "east": {"uv": [4.5, 9.5, 5, 10], "texture": "#4"}, "south": {"uv": [12.5, 8.5, 13, 9], "texture": "#4"}, "west": {"uv": [4.5, 9.5, 5, 10], "texture": "#4"}, "up": {"uv": [4.5, 10, 11.5, 9.5], "texture": "#4"}, "down": {"uv": [12.5, 8.5, 13, 9], "texture": "#4"} } }, { "from": [0.5, 9, 1], "to": [15.5, 12.5, 2], "rotation": {"angle": 0, "axis": "y", "origin": [0, 16, 0]}, "faces": { "north": {"uv": [12.5, 8.5, 13, 9], "texture": "#4"}, "east": {"uv": [12.5, 8.5, 13, 9], "texture": "#4"}, "south": {"uv": [12.5, 8.5, 13, 9], "texture": "#4"}, "west": {"uv": [12.5, 8.5, 13, 9], "texture": "#4"}, "up": {"uv": [12.5, 8.5, 13, 9], "texture": "#4"}, "down": {"uv": [12.5, 8.5, 13, 9], "texture": "#4"} } }, { "from": [0.5, -4.5, 1], "to": [15.5, -2, 2], "faces": { "north": {"uv": [12.5, 8.5, 13, 9], "texture": "#4"}, "east": {"uv": [12.5, 8.5, 13, 9], "texture": "#4"}, "south": {"uv": [12.5, 8.5, 13, 9], "texture": "#4"}, "west": {"uv": [12.5, 8.5, 13, 9], "texture": "#4"}, "up": {"uv": [12.5, 8.5, 13, 9], "texture": "#4"}, "down": {"uv": [12.5, 8.5, 13, 9], "texture": "#4"} } }, { "from": [0, -4, 1], "to": [16, 12, 2], "faces": { "north": {"uv": [12.5, 8.5, 13, 9], "texture": "#4"}, "east": {"uv": [12.5, 8.5, 13, 9], "texture": "#4"}, "south": {"uv": [12.5, 8.5, 13, 9], "texture": "#4"}, "west": {"uv": [12.5, 8.5, 13, 9], "texture": "#4"}, "up": {"uv": [12.5, 8.5, 13, 9], "texture": "#4"}, "down": {"uv": [12.5, 8.5, 13, 9], "texture": "#4"} } }, { "from": [1.5, -5, 1], "to": [14.5, -2.5, 2], "faces": { "north": {"uv": [12.5, 8.5, 13, 9], "texture": "#4"}, "east": {"uv": [12.5, 8.5, 13, 9], "texture": "#4"}, "south": {"uv": [12.5, 8.5, 13, 9], "texture": "#4"}, "west": {"uv": [12.5, 8.5, 13, 9], "texture": "#4"}, "up": {"uv": [12.5, 8.5, 13, 9], "texture": "#4"}, "down": {"uv": [12.5, 8.5, 13, 9], "texture": "#4"} } }, { "from": [3, -5.5, 1], "to": [13, -3, 2], "faces": { "north": {"uv": [12.5, 8.5, 13, 9], "texture": "#4"}, "east": {"uv": [12.5, 8.5, 13, 9], "texture": "#4"}, "south": {"uv": [12.5, 8.5, 13, 9], "texture": "#4"}, "west": {"uv": [12.5, 8.5, 13, 9], "texture": "#4"}, "up": {"uv": [12.5, 8.5, 13, 9], "texture": "#4"}, "down": {"uv": [12.5, 8.5, 13, 9], "texture": "#4"} } }, { "from": [-1, 1, 0.75], "to": [17, 7, 1.75], "faces": { "north": {"uv": [11.5, 7.5, 12, 8], "texture": "#4"}, "east": {"uv": [11.5, 7.5, 12, 8], "texture": "#4"}, "south": {"uv": [11.5, 7.5, 12, 8], "texture": "#4"}, "west": {"uv": [11.5, 7.5, 12, 8], "texture": "#4"}, "up": {"uv": [11.5, 7.5, 12, 8], "texture": "#4"}, "down": {"uv": [11.5, 7.5, 12, 8], "texture": "#4"} } }, { "from": [-0.75, 4.5, 0.5], "to": [-0.25, 6, 19.25], "rotation": {"angle": 0, "axis": "y", "origin": [16, 0, 0]}, "faces": { "north": {"uv": [8.5, 12.5, 8, 13], "texture": "#4"}, "east": {"uv": [8.5, 12.5, 8, 13], "texture": "#4"}, "south": {"uv": [8.5, 12.5, 8, 13], "texture": "#4"}, "west": {"uv": [8.5, 12.5, 8, 13], "texture": "#4"}, "up": {"uv": [8.5, 12.5, 8, 13], "texture": "#4"}, "down": {"uv": [8.5, 12.5, 8, 13], "texture": "#4"} } }, { "from": [-0.75, 2, 0.5], "to": [-0.25, 3.5, 19.25], "rotation": {"angle": 0, "axis": "y", "origin": [16, 0, 0]}, "faces": { "north": {"uv": [8.5, 12.5, 8, 13], "texture": "#4"}, "east": {"uv": [8.5, 12.5, 8, 13], "texture": "#4"}, "south": {"uv": [8.5, 12.5, 8, 13], "texture": "#4"}, "west": {"uv": [8.5, 12.5, 8, 13], "texture": "#4"}, "up": {"uv": [8.5, 12.5, 8, 13], "texture": "#4"}, "down": {"uv": [8.5, 12.5, 8, 13], "texture": "#4"} } }, { "from": [-0.75, 4.5, 18.75], "to": [16.25, 6, 19.25], "rotation": {"angle": 0, "axis": "y", "origin": [-0.5, 0.5, 0]}, "faces": { "north": {"uv": [8, 12.5, 8.5, 13], "texture": "#4"}, "east": {"uv": [8, 12.5, 8.5, 13], "texture": "#4"}, "south": {"uv": [8, 12.5, 8.5, 13], "texture": "#4"}, "west": {"uv": [8, 12.5, 8.5, 13], "texture": "#4"}, "up": {"uv": [8, 12.5, 8.5, 13], "texture": "#4"}, "down": {"uv": [8, 12.5, 8.5, 13], "texture": "#4"} } }, { "from": [-0.5, 2, 18.75], "to": [16.5, 3.5, 19.25], "rotation": {"angle": 0, "axis": "y", "origin": [-0.25, 0, 0]}, "faces": { "north": {"uv": [8, 12.5, 8.5, 13], "texture": "#4"}, "east": {"uv": [8, 12.5, 8.5, 13], "texture": "#4"}, "south": {"uv": [8, 12.5, 8.5, 13], "texture": "#4"}, "west": {"uv": [8, 12.5, 8.5, 13], "texture": "#4"}, "up": {"uv": [8, 12.5, 8.5, 13], "texture": "#4"}, "down": {"uv": [8, 12.5, 8.5, 13], "texture": "#4"} } }, { "from": [4.5, 1.5, 18.5], "to": [11.5, 6.5, 19.5], "rotation": {"angle": 0, "axis": "y", "origin": [0.5, 0, 0]}, "faces": { "north": {"uv": [11.5, 7.5, 12, 8], "texture": "#4"}, "east": {"uv": [11.5, 7.5, 12, 8], "texture": "#4"}, "south": {"uv": [11.5, 7.5, 12, 8], "texture": "#4"}, "west": {"uv": [11.5, 7.5, 12, 8], "texture": "#4"}, "up": {"uv": [11.5, 7.5, 12, 8], "texture": "#4"}, "down": {"uv": [11.5, 7.5, 12, 8], "texture": "#4"} } }, { "from": [16.25, 2, 0.5], "to": [16.75, 3.5, 19.25], "faces": { "north": {"uv": [8, 12.5, 8.5, 13], "texture": "#4"}, "east": {"uv": [8, 12.5, 8.5, 13], "texture": "#4"}, "south": {"uv": [8, 12.5, 8.5, 13], "texture": "#4"}, "west": {"uv": [8, 12.5, 8.5, 13], "texture": "#4"}, "up": {"uv": [8, 12.5, 8.5, 13], "texture": "#4"}, "down": {"uv": [8, 12.5, 8.5, 13], "texture": "#4"} } }, { "from": [16.25, 4.5, 0.5], "to": [16.75, 6, 19.25], "faces": { "north": {"uv": [8, 12.5, 8.5, 13], "texture": "#4"}, "east": {"uv": [8, 12.5, 8.5, 13], "texture": "#4"}, "south": {"uv": [8, 12.5, 8.5, 13], "texture": "#4"}, "west": {"uv": [8, 12.5, 8.5, 13], "texture": "#4"}, "up": {"uv": [8, 12.5, 8.5, 13], "texture": "#4"}, "down": {"uv": [8, 12.5, 8.5, 13], "texture": "#4"} } }, { "from": [1, 3, -0.25], "to": [15, 6, 0], "faces": { "north": {"uv": [11.5, 7.5, 12, 8], "texture": "#4"}, "east": {"uv": [11, 5, 12, 6], "texture": "#4"}, "south": {"uv": [11, 5, 12, 6], "texture": "#4"}, "west": {"uv": [11, 5, 12, 6], "texture": "#4"}, "up": {"uv": [11, 5, 12, 6], "texture": "#4"}, "down": {"uv": [11, 5, 12, 6], "texture": "#4"} } } ], "display": { "thirdperson_righthand": { "rotation": [89, 0, 0], "translation": [0, -1.5, 1.75], "scale": [0.23, 0.27, 0.23] }, "thirdperson_lefthand": { "rotation": [89, 0, 0], "translation": [0, -1.5, 1.75], "scale": [0.23, 0.27, 0.23] }, "firstperson_righthand": { "rotation": [0, 139, 0], "translation": [-5.5, 7.25, 7], "scale": [0.15, 0.15, 0.15] }, "firstperson_lefthand": { "rotation": [0, 139, 0], "translation": [-5.5, 7.25, 7], "scale": [0.15, 0.15, 0.15] }, "ground": { "rotation": [33, 0, 0], "translation": [0, 0.75, 0], "scale": [0.44, 0.48, 0.44] }, "gui": { "rotation": [-27, 165, 29], "translation": [1.75, 1, 0], "scale": [0.62, 0.66, 0.62] }, "head": { "translation": [0, 3, -1.75], "scale": [0.77, 0.83, 0.77] }, "fixed": { "translation": [0, 5.25, 9.5], "scale": [1.32, 1.32, 1.32] } }, "groups": [ { "name": "group", "origin": [8, 8, 8], "color": 0, "children": [0, 1, 2, 3, 4, 5, 6, 7, 8, 9, 10, 11, 12, 13, 14, 15, 16, 17, 18, 19, 20, 21, 22] }, { "name": "group", "origin": [0, 0, 0], "color": 0, "children": [23, 24, 25, 26, 27, 28] }, { "name": "group", "origin": [8, 8, 8], "color": 0, "children": [29, 30, 31, 32, 33, 34, 35, 36] }, { "name": "group", "origin": [0, 0, 0], "color": 0, "children": [37, 38, 39, 40, 41, 42, 43, 44] }, 45 ] }