{ "credit": "Made with Blockbench", "textures": { "0": "block/elfhat" }, "elements": [ { "from": [2, -0.2, 2.3], "to": [14, 1.8, 14], "faces": { "north": {"uv": [1, 7, 3.7, 10.1], "texture": "#0"}, "east": {"uv": [1, 7, 3.7, 10.1], "texture": "#0"}, "south": {"uv": [1, 7, 3.7, 10.1], "texture": "#0"}, "west": {"uv": [1, 7, 3.7, 10.1], "texture": "#0"}, "up": {"uv": [1, 7, 3.7, 10.1], "texture": "#0"}, "down": {"uv": [1, 7, 3.7, 10.1], "texture": "#0"} } }, { "from": [1.6, 0.1, 2.1], "to": [14.2, 1.4, 14.3], "faces": { "north": {"uv": [1, 7, 3.7, 10.1], "texture": "#0"}, "east": {"uv": [1, 7, 3.7, 10.1], "texture": "#0"}, "south": {"uv": [1, 7, 3.7, 10.1], "texture": "#0"}, "west": {"uv": [1, 7, 3.7, 10.1], "texture": "#0"}, "up": {"uv": [1, 7, 3.7, 10.1], "texture": "#0"}, "down": {"uv": [1, 7, 3.7, 10.1], "texture": "#0"} } }, { "from": [6.86, -1.632, -0.848], "to": [9.34, 0.352, 1.88], "rotation": {"angle": 45, "axis": "y", "origin": [8.1, -0.64, 0.516]}, "faces": { "north": {"uv": [1, 7, 3.7, 10.1], "texture": "#0"}, "east": {"uv": [1, 7, 3.7, 10.1], "texture": "#0"}, "south": {"uv": [1, 7, 3.7, 10.1], "texture": "#0"}, "west": {"uv": [1, 7, 3.7, 10.1], "texture": "#0"}, "up": {"uv": [1, 7, 3.7, 10.1], "texture": "#0"}, "down": {"uv": [1, 7, 3.7, 10.1], "texture": "#0"} } }, { "from": [6.86, -1.632, -0.848], "to": [9.34, 0.352, 1.88], "faces": { "north": {"uv": [1, 7, 3.7, 10.1], "texture": "#0"}, "east": {"uv": [1, 7, 3.7, 10.1], "texture": "#0"}, "south": {"uv": [1, 7, 3.7, 10.1], "texture": "#0"}, "west": {"uv": [1, 7, 3.7, 10.1], "texture": "#0"}, "up": {"uv": [1, 7, 3.7, 10.1], "texture": "#0"}, "down": {"uv": [1, 7, 3.7, 10.1], "texture": "#0"} } }, { "from": [6.86, -1.632, -0.848], "to": [9.34, 0.352, 1.88], "rotation": {"angle": -22.5, "axis": "z", "origin": [8.1, -0.64, 0.516]}, "faces": { "north": {"uv": [1, 7, 3.7, 10.1], "texture": "#0"}, "east": {"uv": [1, 7, 3.7, 10.1], "texture": "#0"}, "south": {"uv": [1, 7, 3.7, 10.1], "texture": "#0"}, "west": {"uv": [1, 7, 3.7, 10.1], "texture": "#0"}, "up": {"uv": [1, 7, 3.7, 10.1], "texture": "#0"}, "down": {"uv": [1, 7, 3.7, 10.1], "texture": "#0"} } }, { "from": [7.108, -1.88, -0.848], "to": [9.092, 0.6, 1.88], "rotation": {"angle": 22.5, "axis": "z", "origin": [8.1, -0.64, 0.516]}, "faces": { "north": {"uv": [1, 7, 3.7, 10.1], "rotation": 90, "texture": "#0"}, "east": {"uv": [1, 7, 3.7, 10.1], "rotation": 90, "texture": "#0"}, "south": {"uv": [1, 7, 3.7, 10.1], "rotation": 90, "texture": "#0"}, "west": {"uv": [1, 7, 3.7, 10.1], "rotation": 90, "texture": "#0"}, "up": {"uv": [1, 7, 3.7, 10.1], "rotation": 90, "texture": "#0"}, "down": {"uv": [1, 7, 3.7, 10.1], "rotation": 90, "texture": "#0"} } }, { "from": [6.86, -1.632, -0.848], "to": [9.34, 0.352, 1.88], "rotation": {"angle": 22.5, "axis": "y", "origin": [8.1, -0.64, 0.516]}, "faces": { "north": {"uv": [1, 7, 3.7, 10.1], "texture": "#0"}, "east": {"uv": [1, 7, 3.7, 10.1], "texture": "#0"}, "south": {"uv": [1, 7, 3.7, 10.1], "texture": "#0"}, "west": {"uv": [1, 7, 3.7, 10.1], "texture": "#0"}, "up": {"uv": [1, 7, 3.7, 10.1], "texture": "#0"}, "down": {"uv": [1, 7, 3.7, 10.1], "texture": "#0"} } }, { "from": [2.5, 0.9, 2.5], "to": [13.7, 3.4, 13.5], "faces": { "north": {"uv": [0, 0, 4.2, 4.1], "texture": "#0"}, "east": {"uv": [0, 0, 4.2, 4.1], "texture": "#0"}, "south": {"uv": [0, 0, 4.2, 4.1], "texture": "#0"}, "west": {"uv": [0, 0, 4.2, 4.1], "texture": "#0"}, "up": {"uv": [0, 0, 4.2, 4.1], "texture": "#0"}, "down": {"uv": [0, 0, 4.2, 4.1], "texture": "#0"} } }, { "from": [3.2, 2.17513, 9.83162], "to": [13, 4.77513, 14.13162], "rotation": {"angle": -45, "axis": "x", "origin": [9.35, 0.92513, 9.68162]}, "faces": { "north": {"uv": [0, 0, 4.2, 4.1], "texture": "#0"}, "east": {"uv": [0, 0, 4.2, 4.1], "texture": "#0"}, "south": {"uv": [0, 0, 4.2, 4.1], "texture": "#0"}, "west": {"uv": [0, 0, 4.2, 4.1], "texture": "#0"}, "up": {"uv": [0, 0, 4.2, 4.1], "texture": "#0"}, "down": {"uv": [0, 0, 4.2, 4.1], "texture": "#0"} } }, { "from": [3.2, 2.16563, 8.52582], "to": [13, 4.36563, 12.92582], "rotation": {"angle": -22.5, "axis": "x", "origin": [7.85, 3.16563, 10.67582]}, "faces": { "north": {"uv": [0, 0, 4.2, 4.1], "texture": "#0"}, "east": {"uv": [0, 0, 4.2, 4.1], "texture": "#0"}, "south": {"uv": [0, 0, 4.2, 4.1], "texture": "#0"}, "west": {"uv": [0, 0, 4.2, 4.1], "texture": "#0"}, "up": {"uv": [0, 0, 4.2, 4.1], "texture": "#0"}, "down": {"uv": [0, 0, 4.2, 4.1], "texture": "#0"} } }, { "from": [2.9, 1.96563, 3.52582], "to": [13.3, 4.36563, 13.02582], "faces": { "north": {"uv": [0, 0, 4.2, 4.1], "texture": "#0"}, "east": {"uv": [0, 0, 4.2, 4.1], "texture": "#0"}, "south": {"uv": [0, 0, 4.2, 4.1], "texture": "#0"}, "west": {"uv": [0, 0, 4.2, 4.1], "texture": "#0"}, "up": {"uv": [0, 0, 4.2, 4.1], "texture": "#0"}, "down": {"uv": [0, 0, 4.2, 4.1], "texture": "#0"} } }, { "from": [3.2, 3.37621, 5.66581], "to": [13, 7.67621, 9.46581], "rotation": {"angle": 22.5, "axis": "x", "origin": [9.35, 5.52621, 7.06581]}, "faces": { "north": {"uv": [0, 0, 4.2, 4.1], "rotation": 90, "texture": "#0"}, "east": {"uv": [0, 0, 4.2, 4.1], "rotation": 90, "texture": "#0"}, "south": {"uv": [0, 0, 4.2, 4.1], "rotation": 90, "texture": "#0"}, "west": {"uv": [0, 0, 4.2, 4.1], "rotation": 90, "texture": "#0"}, "up": {"uv": [0, 0, 4.2, 4.1], "rotation": 90, "texture": "#0"}, "down": {"uv": [0, 0, 4.2, 4.1], "rotation": 90, "texture": "#0"} } }, { "from": [4.2, 3.54831, 2.79515], "to": [12, 7.84831, 6.59515], "faces": { "north": {"uv": [0, 0, 4.2, 4.1], "rotation": 90, "texture": "#0"}, "east": {"uv": [0, 0, 4.2, 4.1], "rotation": 90, "texture": "#0"}, "south": {"uv": [0, 0, 4.2, 4.1], "rotation": 90, "texture": "#0"}, "west": {"uv": [0, 0, 4.2, 4.1], "rotation": 90, "texture": "#0"}, "up": {"uv": [0, 0, 4.2, 4.1], "rotation": 90, "texture": "#0"}, "down": {"uv": [0, 0, 4.2, 4.1], "rotation": 90, "texture": "#0"} } }, { "from": [4.3, 2.98487, 1.36254], "to": [11.8, 6.98487, 3.76254], "rotation": {"angle": -22.5, "axis": "x", "origin": [9.15, 5.13487, 1.86254]}, "faces": { "north": {"uv": [0, 0, 4.2, 4.1], "rotation": 90, "texture": "#0"}, "east": {"uv": [0, 0, 4.2, 4.1], "rotation": 90, "texture": "#0"}, "south": {"uv": [0, 0, 4.2, 4.1], "rotation": 90, "texture": "#0"}, "west": {"uv": [0, 0, 4.2, 4.1], "rotation": 90, "texture": "#0"}, "up": {"uv": [0, 0, 4.2, 4.1], "rotation": 90, "texture": "#0"}, "down": {"uv": [0, 0, 4.2, 4.1], "rotation": 90, "texture": "#0"} } }, { "from": [4.7, 2.65173, 0.08708], "to": [11.4, 6.05173, 3.78708], "rotation": {"angle": 22.5, "axis": "x", "origin": [7.65, 4.55173, 1.63708]}, "faces": { "north": {"uv": [0, 0, 4.2, 4.1], "rotation": 180, "texture": "#0"}, "east": {"uv": [0, 0, 4.2, 4.1], "rotation": 180, "texture": "#0"}, "south": {"uv": [0, 0, 4.2, 4.1], "rotation": 180, "texture": "#0"}, "west": {"uv": [0, 0, 4.2, 4.1], "rotation": 180, "texture": "#0"}, "up": {"uv": [0, 0, 4.2, 4.1], "rotation": 180, "texture": "#0"}, "down": {"uv": [0, 0, 4.2, 4.1], "rotation": 180, "texture": "#0"} } }, { "from": [5.7, -0.01048, -0.32203], "to": [10.4, 3.38952, 1.97797], "faces": { "north": {"uv": [0, 0, 4.2, 4.1], "rotation": 180, "texture": "#0"}, "east": {"uv": [0, 0, 4.2, 4.1], "rotation": 180, "texture": "#0"}, "south": {"uv": [0, 0, 4.2, 4.1], "rotation": 180, "texture": "#0"}, "west": {"uv": [0, 0, 4.2, 4.1], "rotation": 180, "texture": "#0"}, "up": {"uv": [0, 0, 4.2, 4.1], "rotation": 180, "texture": "#0"}, "down": {"uv": [0, 0, 4.2, 4.1], "rotation": 180, "texture": "#0"} } } ], "display": { "thirdperson_righthand": { "translation": [0, 1.25, -1.25], "scale": [0.5, 0.5, 0.5] }, "thirdperson_lefthand": { "translation": [0, 1.25, -1.25], "scale": [0.5, 0.5, 0.5] }, "firstperson_righthand": { "rotation": [0, 101, 0], "translation": [0, 5, 0], "scale": [0.5, 0.5, 0.5] }, "firstperson_lefthand": { "rotation": [0, 101, 0], "translation": [0, 5, 0], "scale": [0.5, 0.5, 0.5] }, "gui": { "rotation": [0, -57, 0], "translation": [0, 4.25, 0] }, "head": { "rotation": [0, 180, 0], "translation": [0, 14.75, 0.25], "scale": [1.3, 1.3, 1.3] }, "fixed": { "rotation": [-90, 87, 0], "translation": [2.25, 0, -7.5] } }, "groups": [ 0, 1, { "name": "group", "origin": [8.3, 2.6, -0.3], "color": 0, "children": [2, 3, 4, 5, 6] }, 7, 8, 9, 10, 11, 12, 13, 14, 15 ] }