{ "credit": "Made with Blockbench", "textures": { "0": "block/plushieglasses" }, "elements": [ { "from": [1.3155, 17.06876, -2.9935], "to": [14.6845, 17.35296, -2.6455], "rotation": {"angle": 0, "axis": "y", "origin": [8, 17.18186, -2.341]}, "faces": { "north": {"uv": [2.75, 0.625, 3.24, 1.125], "rotation": 270, "texture": "#0"}, "east": {"uv": [2.75, 0.625, 3.24, 1.125], "rotation": 270, "texture": "#0"}, "south": {"uv": [2.75, 0.625, 3.24, 1.125], "rotation": 270, "texture": "#0"}, "west": {"uv": [2.75, 0.625, 3.24, 1.125], "rotation": 270, "texture": "#0"}, "up": {"uv": [2.75, 0.625, 3.24, 1.125], "texture": "#0"}, "down": {"uv": [2.75, 0.625, 3.24, 1.125], "rotation": 180, "texture": "#0"} } }, { "from": [16.381, 4.089, -2.747], "to": [20.499, 4.727, -1.935], "rotation": {"angle": 0, "axis": "y", "origin": [8, 13.369, 6.475]}, "faces": { "north": {"uv": [1.15, 0.875, 0.5, 1.525], "texture": "#0"}, "east": {"uv": [1.15, 0.875, 0.5, 1.525], "texture": "#0"}, "south": {"uv": [1.15, 0.875, 0.5, 1.525], "texture": "#0"}, "west": {"uv": [1.15, 0.875, 0.5, 1.525], "texture": "#0"}, "up": {"uv": [1.15, 0.875, 0.5, 1.525], "rotation": 90, "texture": "#0"}, "down": {"uv": [1.15, 0.875, 0.5, 1.525], "rotation": 270, "texture": "#0"} } }, { "from": [-4.499, 4.089, -2.747], "to": [-0.381, 4.727, -1.935], "rotation": {"angle": 0, "axis": "y", "origin": [8, 13.369, 6.475]}, "faces": { "north": {"uv": [1.15, 0.875, 0.5, 1.525], "texture": "#0"}, "east": {"uv": [1.15, 0.875, 0.5, 1.525], "texture": "#0"}, "south": {"uv": [1.15, 0.875, 0.5, 1.525], "texture": "#0"}, "west": {"uv": [1.15, 0.875, 0.5, 1.525], "texture": "#0"}, "up": {"uv": [1.15, 0.875, 0.5, 1.525], "rotation": 90, "texture": "#0"}, "down": {"uv": [1.15, 0.875, 0.5, 1.525], "rotation": 270, "texture": "#0"} } }, { "from": [17.58566, 0.17533, -2.747], "to": [21.32666, 0.81333, -1.935], "rotation": {"angle": 22.5, "axis": "z", "origin": [9.20466, 9.45533, 6.475]}, "faces": { "north": {"uv": [1.15, 0.875, 0.5, 1.525], "texture": "#0"}, "east": {"uv": [1.15, 0.875, 0.5, 1.525], "texture": "#0"}, "south": {"uv": [1.15, 0.875, 0.5, 1.525], "texture": "#0"}, "west": {"uv": [1.15, 0.875, 0.5, 1.525], "texture": "#0"}, "up": {"uv": [1.15, 0.875, 0.5, 1.525], "rotation": 90, "texture": "#0"}, "down": {"uv": [1.15, 0.875, 0.5, 1.525], "rotation": 270, "texture": "#0"} } }, { "from": [-5.32666, 0.17533, -2.747], "to": [-1.58566, 0.81333, -1.935], "rotation": {"angle": -22.5, "axis": "z", "origin": [6.79534, 9.45533, 6.475]}, "faces": { "north": {"uv": [1.15, 0.875, 0.5, 1.525], "texture": "#0"}, "east": {"uv": [1.15, 0.875, 0.5, 1.525], "texture": "#0"}, "south": {"uv": [1.15, 0.875, 0.5, 1.525], "texture": "#0"}, "west": {"uv": [1.15, 0.875, 0.5, 1.525], "texture": "#0"}, "up": {"uv": [1.15, 0.875, 0.5, 1.525], "rotation": 90, "texture": "#0"}, "down": {"uv": [1.15, 0.875, 0.5, 1.525], "rotation": 270, "texture": "#0"} } }, { "from": [19.84802, -3.12369, -2.76235], "to": [21.47202, -2.48569, -1.89235], "rotation": {"angle": 45, "axis": "z", "origin": [11.46702, 6.15631, 6.51765]}, "faces": { "north": {"uv": [1.15, 0.875, 0.5, 1.525], "texture": "#0"}, "east": {"uv": [1.15, 0.875, 0.5, 1.525], "texture": "#0"}, "south": {"uv": [1.15, 0.875, 0.5, 1.525], "texture": "#0"}, "west": {"uv": [1.15, 0.875, 0.5, 1.525], "texture": "#0"}, "up": {"uv": [1.15, 0.875, 0.5, 1.525], "rotation": 90, "texture": "#0"}, "down": {"uv": [1.15, 0.875, 0.5, 1.525], "rotation": 270, "texture": "#0"} } }, { "from": [-5.47202, -3.12369, -2.76235], "to": [-3.84802, -2.48569, -1.89235], "rotation": {"angle": -45, "axis": "z", "origin": [4.53298, 6.15631, 6.51765]}, "faces": { "north": {"uv": [1.15, 0.875, 0.5, 1.525], "texture": "#0"}, "east": {"uv": [1.15, 0.875, 0.5, 1.525], "texture": "#0"}, "south": {"uv": [1.15, 0.875, 0.5, 1.525], "texture": "#0"}, "west": {"uv": [1.15, 0.875, 0.5, 1.525], "texture": "#0"}, "up": {"uv": [1.15, 0.875, 0.5, 1.525], "rotation": 90, "texture": "#0"}, "down": {"uv": [1.15, 0.875, 0.5, 1.525], "rotation": 270, "texture": "#0"} } }, { "from": [21.9647, 10.85823, -2.76235], "to": [22.6027, 14.16423, -1.89235], "rotation": {"angle": -22.5, "axis": "z", "origin": [13.3227, 2.47723, 6.51765]}, "faces": { "north": {"uv": [1.15, 0.875, 0.5, 1.525], "rotation": 90, "texture": "#0"}, "east": {"uv": [1.15, 0.875, 0.5, 1.525], "rotation": 90, "texture": "#0"}, "south": {"uv": [1.15, 0.875, 0.5, 1.525], "rotation": 90, "texture": "#0"}, "west": {"uv": [1.15, 0.875, 0.5, 1.525], "rotation": 90, "texture": "#0"}, "up": {"uv": [1.15, 0.875, 0.5, 1.525], "rotation": 180, "texture": "#0"}, "down": {"uv": [1.15, 0.875, 0.5, 1.525], "texture": "#0"} } }, { "from": [-6.6027, 10.85823, -2.76235], "to": [-5.9647, 14.16423, -1.89235], "rotation": {"angle": 22.5, "axis": "z", "origin": [2.6773, 2.47723, 6.51765]}, "faces": { "north": {"uv": [1.15, 0.875, 0.5, 1.525], "rotation": 90, "texture": "#0"}, "east": {"uv": [1.15, 0.875, 0.5, 1.525], "rotation": 90, "texture": "#0"}, "south": {"uv": [1.15, 0.875, 0.5, 1.525], "rotation": 90, "texture": "#0"}, "west": {"uv": [1.15, 0.875, 0.5, 1.525], "rotation": 90, "texture": "#0"}, "up": {"uv": [1.15, 0.875, 0.5, 1.525], "rotation": 180, "texture": "#0"}, "down": {"uv": [1.15, 0.875, 0.5, 1.525], "texture": "#0"} } }, { "from": [25.73073, 9.72331, -2.76235], "to": [26.36873, 14.13131, -1.89235], "rotation": {"angle": 0, "axis": "y", "origin": [17.08873, 2.47331, 6.51765]}, "faces": { "north": {"uv": [1.15, 0.875, 0.5, 1.525], "rotation": 90, "texture": "#0"}, "east": {"uv": [0.5, 0.5, 3.5, 1.5], "rotation": 180, "texture": "#0"}, "south": {"uv": [3.15, 1, 2.5, 1.65], "rotation": 270, "texture": "#0"}, "west": {"uv": [1.15, 0.875, 0.5, 1.525], "rotation": 90, "texture": "#0"}, "up": {"uv": [1.15, 0.875, 0.5, 1.525], "rotation": 180, "texture": "#0"}, "down": {"uv": [1.15, 0.875, 0.5, 1.525], "texture": "#0"} } }, { "from": [-10.36873, 9.72331, -2.76235], "to": [-9.73073, 14.13131, -1.89235], "rotation": {"angle": 0, "axis": "y", "origin": [-1.08873, 2.47331, 6.51765]}, "faces": { "north": {"uv": [1.15, 1.525, 0.5, 0.875], "rotation": 90, "texture": "#0"}, "east": {"uv": [1.15, 1.525, 0.5, 0.875], "rotation": 90, "texture": "#0"}, "south": {"uv": [3.15, 1.65, 2.5, 1], "rotation": 270, "texture": "#0"}, "west": {"uv": [3.5, 0.5, 0.5, 1.5], "rotation": 180, "texture": "#0"}, "up": {"uv": [0.5, 0.875, 1.15, 1.525], "rotation": 180, "texture": "#0"}, "down": {"uv": [0.5, 0.875, 1.15, 1.525], "texture": "#0"} } }, { "from": [13.51682, 4.41645, -2.747], "to": [16.50382, 5.05445, -1.935], "rotation": {"angle": -22.5, "axis": "z", "origin": [15.61932, 4.56145, -2.225]}, "faces": { "north": {"uv": [1.15, 0.875, 0.5, 1.525], "texture": "#0"}, "east": {"uv": [1.15, 0.875, 0.5, 1.525], "texture": "#0"}, "south": {"uv": [1.15, 0.875, 0.5, 1.525], "texture": "#0"}, "west": {"uv": [1.15, 0.875, 0.5, 1.525], "texture": "#0"}, "up": {"uv": [1.15, 0.875, 0.5, 1.525], "rotation": 90, "texture": "#0"}, "down": {"uv": [1.15, 0.875, 0.5, 1.525], "rotation": 270, "texture": "#0"} } }, { "from": [-0.50382, 4.41645, -2.747], "to": [2.48318, 5.05445, -1.935], "rotation": {"angle": 22.5, "axis": "z", "origin": [0.38068, 4.56145, -2.225]}, "faces": { "north": {"uv": [1.15, 0.875, 0.5, 1.525], "texture": "#0"}, "east": {"uv": [1.15, 0.875, 0.5, 1.525], "texture": "#0"}, "south": {"uv": [1.15, 0.875, 0.5, 1.525], "texture": "#0"}, "west": {"uv": [1.15, 0.875, 0.5, 1.525], "texture": "#0"}, "up": {"uv": [1.15, 0.875, 0.5, 1.525], "rotation": 90, "texture": "#0"}, "down": {"uv": [1.15, 0.875, 0.5, 1.525], "rotation": 270, "texture": "#0"} } }, { "from": [11.57382, 6.18545, -2.76235], "to": [14.09682, 6.82345, -1.89235], "rotation": {"angle": -45, "axis": "z", "origin": [12.71932, 6.27245, -2.18235]}, "faces": { "north": {"uv": [1.15, 0.875, 0.5, 1.525], "texture": "#0"}, "east": {"uv": [1.15, 0.875, 0.5, 1.525], "texture": "#0"}, "south": {"uv": [1.15, 0.875, 0.5, 1.525], "texture": "#0"}, "west": {"uv": [1.15, 0.875, 0.5, 1.525], "texture": "#0"}, "up": {"uv": [1.15, 0.875, 0.5, 1.525], "rotation": 90, "texture": "#0"}, "down": {"uv": [1.15, 0.875, 0.5, 1.525], "rotation": 270, "texture": "#0"} } }, { "from": [1.90318, 6.18545, -2.76235], "to": [4.42618, 6.82345, -1.89235], "rotation": {"angle": 45, "axis": "z", "origin": [3.28068, 6.27245, -2.18235]}, "faces": { "north": {"uv": [1.15, 0.875, 0.5, 1.525], "texture": "#0"}, "east": {"uv": [1.15, 0.875, 0.5, 1.525], "texture": "#0"}, "south": {"uv": [1.15, 0.875, 0.5, 1.525], "texture": "#0"}, "west": {"uv": [1.15, 0.875, 0.5, 1.525], "texture": "#0"}, "up": {"uv": [1.15, 0.875, 0.5, 1.525], "rotation": 90, "texture": "#0"}, "down": {"uv": [1.15, 0.875, 0.5, 1.525], "rotation": 270, "texture": "#0"} } }, { "from": [11.51528, 6.96807, -2.76235], "to": [12.15328, 12.21707, -1.89235], "rotation": {"angle": 22.5, "axis": "z", "origin": [11.60228, 7.85257, -2.18235]}, "faces": { "north": {"uv": [1.15, 0.875, 0.5, 1.525], "rotation": 270, "texture": "#0"}, "east": {"uv": [1.15, 0.875, 0.5, 1.525], "rotation": 270, "texture": "#0"}, "south": {"uv": [1.15, 0.875, 0.5, 1.525], "rotation": 270, "texture": "#0"}, "west": {"uv": [1.15, 0.875, 0.5, 1.525], "rotation": 270, "texture": "#0"}, "up": {"uv": [1.15, 0.875, 0.5, 1.525], "texture": "#0"}, "down": {"uv": [1.15, 0.875, 0.5, 1.525], "rotation": 180, "texture": "#0"} } }, { "from": [3.84672, 6.96807, -2.76235], "to": [4.48472, 12.21707, -1.89235], "rotation": {"angle": -22.5, "axis": "z", "origin": [4.39772, 7.85257, -2.18235]}, "faces": { "north": {"uv": [1.15, 0.875, 0.5, 1.525], "rotation": 270, "texture": "#0"}, "east": {"uv": [1.15, 0.875, 0.5, 1.525], "rotation": 270, "texture": "#0"}, "south": {"uv": [1.15, 0.875, 0.5, 1.525], "rotation": 270, "texture": "#0"}, "west": {"uv": [1.15, 0.875, 0.5, 1.525], "rotation": 270, "texture": "#0"}, "up": {"uv": [1.15, 0.875, 0.5, 1.525], "texture": "#0"}, "down": {"uv": [1.15, 0.875, 0.5, 1.525], "rotation": 180, "texture": "#0"} } }, { "from": [9.85609, 11.82935, -2.76235], "to": [10.49409, 14.14935, -1.89235], "rotation": {"angle": 0, "axis": "y", "origin": [9.94309, 12.71385, -2.18235]}, "faces": { "north": {"uv": [1.15, 0.875, 0.5, 1.525], "rotation": 270, "texture": "#0"}, "east": {"uv": [1.15, 0.875, 0.5, 1.525], "rotation": 270, "texture": "#0"}, "south": {"uv": [3.15, 1, 2.5, 1.65], "rotation": 270, "texture": "#0"}, "west": {"uv": [0.5, 0.5, 3.5, 1.5], "texture": "#0"}, "up": {"uv": [1.15, 0.875, 0.5, 1.525], "texture": "#0"}, "down": {"uv": [1.15, 0.875, 0.5, 1.525], "rotation": 180, "texture": "#0"} } }, { "from": [5.50591, 11.82935, -2.76235], "to": [6.14391, 14.14935, -1.89235], "rotation": {"angle": 0, "axis": "y", "origin": [6.05691, 12.71385, -2.18235]}, "faces": { "north": {"uv": [1.15, 1.525, 0.5, 0.875], "rotation": 270, "texture": "#0"}, "east": {"uv": [3.5, 0.5, 0.5, 1.5], "texture": "#0"}, "south": {"uv": [3.15, 1.65, 2.5, 1], "rotation": 270, "texture": "#0"}, "west": {"uv": [1.15, 1.525, 0.5, 0.875], "rotation": 270, "texture": "#0"}, "up": {"uv": [0.5, 0.875, 1.15, 1.525], "texture": "#0"}, "down": {"uv": [0.5, 0.875, 1.15, 1.525], "rotation": 180, "texture": "#0"} } }, { "from": [10.18354, 14.02653, -2.76235], "to": [10.82154, 15.30253, -1.89235], "rotation": {"angle": -22.5, "axis": "z", "origin": [10.27054, 14.91103, -2.18235]}, "faces": { "north": {"uv": [1.15, 0.875, 0.5, 1.525], "rotation": 270, "texture": "#0"}, "east": {"uv": [1.15, 0.875, 0.5, 1.525], "rotation": 270, "texture": "#0"}, "south": {"uv": [3.15, 1, 2.5, 1.65], "rotation": 270, "texture": "#0"}, "west": {"uv": [0.5, 0.5, 3.5, 1.5], "texture": "#0"}, "up": {"uv": [1.15, 0.875, 0.5, 1.525], "texture": "#0"}, "down": {"uv": [1.15, 0.875, 0.5, 1.525], "rotation": 180, "texture": "#0"} } }, { "from": [5.17846, 14.02653, -2.76235], "to": [5.81646, 15.30253, -1.89235], "rotation": {"angle": 22.5, "axis": "z", "origin": [5.72946, 14.91103, -2.18235]}, "faces": { "north": {"uv": [1.15, 1.525, 0.5, 0.875], "rotation": 270, "texture": "#0"}, "east": {"uv": [3.5, 0.5, 0.5, 1.5], "texture": "#0"}, "south": {"uv": [3.15, 1.65, 2.5, 1], "rotation": 270, "texture": "#0"}, "west": {"uv": [1.15, 1.525, 0.5, 0.875], "rotation": 270, "texture": "#0"}, "up": {"uv": [0.5, 0.875, 1.15, 1.525], "texture": "#0"}, "down": {"uv": [0.5, 0.875, 1.15, 1.525], "rotation": 180, "texture": "#0"} } }, { "from": [25.39056, 14.02653, -2.76235], "to": [26.02856, 15.30253, -1.89235], "rotation": {"angle": 22.5, "axis": "z", "origin": [25.94156, 14.91103, -2.18235]}, "faces": { "north": {"uv": [1.15, 0.875, 0.5, 1.525], "rotation": 270, "texture": "#0"}, "east": {"uv": [0.5, 0.5, 3.5, 1.5], "rotation": 180, "texture": "#0"}, "south": {"uv": [3.15, 1, 2.5, 1.65], "rotation": 270, "texture": "#0"}, "west": {"uv": [1.15, 0.875, 0.5, 1.525], "rotation": 270, "texture": "#0"}, "up": {"uv": [1.15, 0.875, 0.5, 1.525], "texture": "#0"}, "down": {"uv": [1.15, 0.875, 0.5, 1.525], "rotation": 180, "texture": "#0"} } }, { "from": [-10.02856, 14.02653, -2.76235], "to": [-9.39056, 15.30253, -1.89235], "rotation": {"angle": -22.5, "axis": "z", "origin": [-9.94156, 14.91103, -2.18235]}, "faces": { "north": {"uv": [1.15, 1.525, 0.5, 0.875], "rotation": 270, "texture": "#0"}, "east": {"uv": [1.15, 1.525, 0.5, 0.875], "rotation": 270, "texture": "#0"}, "south": {"uv": [3.15, 1.65, 2.5, 1], "rotation": 270, "texture": "#0"}, "west": {"uv": [3.5, 0.5, 0.5, 1.5], "rotation": 180, "texture": "#0"}, "up": {"uv": [0.5, 0.875, 1.15, 1.525], "texture": "#0"}, "down": {"uv": [0.5, 0.875, 1.15, 1.525], "rotation": 180, "texture": "#0"} } }, { "from": [10.92736, 14.96663, -2.76235], "to": [11.56536, 16.24263, -1.89235], "rotation": {"angle": -45, "axis": "z", "origin": [11.01436, 15.85113, -2.18235]}, "faces": { "north": {"uv": [1.15, 0.875, 0.5, 1.525], "rotation": 270, "texture": "#0"}, "east": {"uv": [1.15, 0.875, 0.5, 1.525], "rotation": 270, "texture": "#0"}, "south": {"uv": [3.15, 1, 2.5, 1.65], "rotation": 270, "texture": "#0"}, "west": {"uv": [0.5, 0.5, 3.5, 1.5], "texture": "#0"}, "up": {"uv": [1.15, 0.875, 0.5, 1.525], "texture": "#0"}, "down": {"uv": [1.15, 0.875, 0.5, 1.525], "rotation": 180, "texture": "#0"} } }, { "from": [4.43464, 14.96663, -2.76235], "to": [5.07264, 16.24263, -1.89235], "rotation": {"angle": 45, "axis": "z", "origin": [4.98564, 15.85113, -2.18235]}, "faces": { "north": {"uv": [1.15, 1.525, 0.5, 0.875], "rotation": 270, "texture": "#0"}, "east": {"uv": [3.5, 0.5, 0.5, 1.5], "texture": "#0"}, "south": {"uv": [3.15, 1.65, 2.5, 1], "rotation": 270, "texture": "#0"}, "west": {"uv": [1.15, 1.525, 0.5, 0.875], "rotation": 270, "texture": "#0"}, "up": {"uv": [0.5, 0.875, 1.15, 1.525], "texture": "#0"}, "down": {"uv": [0.5, 0.875, 1.15, 1.525], "rotation": 180, "texture": "#0"} } }, { "from": [24.64674, 14.96663, -2.76235], "to": [25.28474, 16.24263, -1.89235], "rotation": {"angle": 45, "axis": "z", "origin": [25.19774, 15.85113, -2.18235]}, "faces": { "north": {"uv": [1.15, 0.875, 0.5, 1.525], "rotation": 270, "texture": "#0"}, "east": {"uv": [0.5, 0.5, 3.5, 1.5], "rotation": 180, "texture": "#0"}, "south": {"uv": [3.15, 1, 2.5, 1.65], "rotation": 270, "texture": "#0"}, "west": {"uv": [1.15, 0.875, 0.5, 1.525], "rotation": 270, "texture": "#0"}, "up": {"uv": [1.15, 0.875, 0.5, 1.525], "texture": "#0"}, "down": {"uv": [1.15, 0.875, 0.5, 1.525], "rotation": 180, "texture": "#0"} } }, { "from": [-9.28474, 14.96663, -2.76235], "to": [-8.64674, 16.24263, -1.89235], "rotation": {"angle": -45, "axis": "z", "origin": [-9.19774, 15.85113, -2.18235]}, "faces": { "north": {"uv": [1.15, 1.525, 0.5, 0.875], "rotation": 270, "texture": "#0"}, "east": {"uv": [1.15, 1.525, 0.5, 0.875], "rotation": 270, "texture": "#0"}, "south": {"uv": [3.15, 1.65, 2.5, 1], "rotation": 270, "texture": "#0"}, "west": {"uv": [3.5, 0.5, 0.5, 1.5], "rotation": 180, "texture": "#0"}, "up": {"uv": [0.5, 0.875, 1.15, 1.525], "texture": "#0"}, "down": {"uv": [0.5, 0.875, 1.15, 1.525], "rotation": 180, "texture": "#0"} } }, { "from": [11.19564, 15.89658, -2.76235], "to": [14.00864, 16.53458, -1.89235], "rotation": {"angle": 22.5, "axis": "z", "origin": [12.08014, 16.44758, -2.18235]}, "faces": { "north": {"uv": [1.15, 0.875, 0.5, 1.525], "rotation": 180, "texture": "#0"}, "east": {"uv": [1.15, 0.875, 0.5, 1.525], "rotation": 180, "texture": "#0"}, "south": {"uv": [3.15, 1, 2.5, 1.65], "rotation": 270, "texture": "#0"}, "west": {"uv": [1.15, 0.875, 0.5, 1.525], "rotation": 180, "texture": "#0"}, "up": {"uv": [0.5, 0.5, 3.5, 1.5], "rotation": 90, "texture": "#0"}, "down": {"uv": [1.15, 0.875, 0.5, 1.525], "rotation": 90, "texture": "#0"} } }, { "from": [1.99136, 15.89658, -2.76235], "to": [4.80436, 16.53458, -1.89235], "rotation": {"angle": -22.5, "axis": "z", "origin": [3.91986, 16.44758, -2.18235]}, "faces": { "north": {"uv": [0.5, 0.875, 1.15, 1.525], "rotation": 180, "texture": "#0"}, "east": {"uv": [0.5, 0.875, 1.15, 1.525], "rotation": 180, "texture": "#0"}, "south": {"uv": [3.15, 1.65, 2.5, 1], "rotation": 270, "texture": "#0"}, "west": {"uv": [0.5, 0.875, 1.15, 1.525], "rotation": 180, "texture": "#0"}, "up": {"uv": [0.5, 1.5, 3.5, 0.5], "rotation": 90, "texture": "#0"}, "down": {"uv": [1.15, 1.525, 0.5, 0.875], "rotation": 90, "texture": "#0"} } }, { "from": [22.20346, 15.89658, -2.76235], "to": [25.01646, 16.53458, -1.89235], "rotation": {"angle": -22.5, "axis": "z", "origin": [24.13196, 16.44758, -2.18235]}, "faces": { "north": {"uv": [1.15, 0.875, 0.5, 1.525], "rotation": 180, "texture": "#0"}, "east": {"uv": [1.15, 0.875, 0.5, 1.525], "rotation": 180, "texture": "#0"}, "south": {"uv": [3.15, 1, 2.5, 1.65], "rotation": 270, "texture": "#0"}, "west": {"uv": [1.15, 0.875, 0.5, 1.525], "rotation": 180, "texture": "#0"}, "up": {"uv": [0.5, 0.5, 3.5, 1.5], "rotation": 90, "texture": "#0"}, "down": {"uv": [1.15, 0.875, 0.5, 1.525], "rotation": 90, "texture": "#0"} } }, { "from": [-9.01646, 15.89658, -2.76235], "to": [-6.20346, 16.53458, -1.89235], "rotation": {"angle": 22.5, "axis": "z", "origin": [-8.13196, 16.44758, -2.18235]}, "faces": { "north": {"uv": [0.5, 0.875, 1.15, 1.525], "rotation": 180, "texture": "#0"}, "east": {"uv": [0.5, 0.875, 1.15, 1.525], "rotation": 180, "texture": "#0"}, "south": {"uv": [3.15, 1.65, 2.5, 1], "rotation": 270, "texture": "#0"}, "west": {"uv": [0.5, 0.875, 1.15, 1.525], "rotation": 180, "texture": "#0"}, "up": {"uv": [0.5, 1.5, 3.5, 0.5], "rotation": 90, "texture": "#0"}, "down": {"uv": [1.15, 1.525, 0.5, 0.875], "rotation": 90, "texture": "#0"} } }, { "from": [13.82855, 16.62796, -2.76235], "to": [22.38355, 17.26596, -1.89235], "rotation": {"angle": 0, "axis": "y", "origin": [14.71305, 17.17896, -2.18235]}, "faces": { "north": {"uv": [1.15, 0.875, 0.5, 1.525], "rotation": 180, "texture": "#0"}, "east": {"uv": [1.15, 0.875, 0.5, 1.525], "rotation": 180, "texture": "#0"}, "south": {"uv": [3.15, 1, 2.5, 1.65], "rotation": 270, "texture": "#0"}, "west": {"uv": [1.15, 0.875, 0.5, 1.525], "rotation": 180, "texture": "#0"}, "up": {"uv": [0.5, 0.5, 3.5, 1.5], "rotation": 90, "texture": "#0"}, "down": {"uv": [1.15, 0.875, 0.5, 1.525], "rotation": 90, "texture": "#0"} } }, { "from": [-6.38355, 16.62796, -2.76235], "to": [2.17145, 17.26596, -1.89235], "rotation": {"angle": 0, "axis": "y", "origin": [1.28695, 17.17896, -2.18235]}, "faces": { "north": {"uv": [0.5, 0.875, 1.15, 1.525], "rotation": 180, "texture": "#0"}, "east": {"uv": [0.5, 0.875, 1.15, 1.525], "rotation": 180, "texture": "#0"}, "south": {"uv": [3.15, 1.65, 2.5, 1], "rotation": 270, "texture": "#0"}, "west": {"uv": [0.5, 0.875, 1.15, 1.525], "rotation": 180, "texture": "#0"}, "up": {"uv": [0.5, 1.5, 3.5, 0.5], "rotation": 90, "texture": "#0"}, "down": {"uv": [1.15, 1.525, 0.5, 0.875], "rotation": 90, "texture": "#0"} } }, { "from": [5.68, 13.04735, -3.066], "to": [10.32, 13.62735, -2.486], "rotation": {"angle": 0, "axis": "y", "origin": [6.811, 12.71385, -3.066]}, "faces": { "north": {"uv": [2.75, 0.875, 3.125, 1.25], "rotation": 90, "texture": "#0"}, "east": {"uv": [2.75, 0.875, 3.125, 1.25], "rotation": 90, "texture": "#0"}, "south": {"uv": [2.75, 0.875, 3.125, 1.25], "rotation": 90, "texture": "#0"}, "west": {"uv": [2.75, 0.875, 3.125, 1.25], "rotation": 90, "texture": "#0"}, "up": {"uv": [2.75, 0.875, 3.125, 1.25], "rotation": 180, "texture": "#0"}, "down": {"uv": [2.75, 0.875, 3.125, 1.25], "texture": "#0"} } }, { "from": [26.36473, 13.00031, -2.14235], "to": [27.11873, 13.75431, 5.97765], "rotation": {"angle": 0, "axis": "y", "origin": [17.83873, 1.74831, 7.13765]}, "faces": { "north": {"uv": [3.15, 1, 2.5, 1.65], "rotation": 270, "texture": "#0"}, "east": {"uv": [3.15, 1, 2.5, 1.65], "rotation": 270, "texture": "#0"}, "south": {"uv": [3.15, 1, 2.5, 1.65], "rotation": 270, "texture": "#0"}, "west": {"uv": [3.15, 1, 2.5, 1.65], "rotation": 270, "texture": "#0"}, "up": {"uv": [3.15, 1, 2.5, 1.65], "texture": "#0"}, "down": {"uv": [3.15, 1, 2.5, 1.65], "rotation": 180, "texture": "#0"} } }, { "from": [26.30673, 12.94231, 5.97765], "to": [27.17673, 13.81231, 10.18265], "rotation": {"angle": 0, "axis": "y", "origin": [17.83873, 1.74831, 15.25765]}, "faces": { "north": {"uv": [0.625, 0.625, 1.5, 1.475], "rotation": 180, "texture": "#0"}, "east": {"uv": [0.625, 0.625, 1.5, 1.475], "rotation": 180, "texture": "#0"}, "south": {"uv": [0.625, 0.625, 1.5, 1.475], "rotation": 180, "texture": "#0"}, "west": {"uv": [0.625, 0.625, 1.5, 1.475], "rotation": 180, "texture": "#0"}, "up": {"uv": [0.625, 0.625, 1.5, 1.475], "rotation": 270, "texture": "#0"}, "down": {"uv": [0.625, 0.625, 1.5, 1.475], "rotation": 90, "texture": "#0"} } }, { "from": [26.30673, 12.17524, 9.83394], "to": [27.17673, 13.04524, 18.21494], "rotation": {"angle": 22.5, "axis": "x", "origin": [27.00273, 12.55224, 11.93644]}, "faces": { "north": {"uv": [0.625, 0.625, 1.5, 1.475], "rotation": 180, "texture": "#0"}, "east": {"uv": [0.625, 0.625, 1.5, 1.475], "rotation": 180, "texture": "#0"}, "south": {"uv": [0.625, 0.625, 1.5, 1.475], "rotation": 180, "texture": "#0"}, "west": {"uv": [0.625, 0.625, 1.5, 1.475], "rotation": 180, "texture": "#0"}, "up": {"uv": [0.625, 0.625, 1.5, 1.475], "rotation": 270, "texture": "#0"}, "down": {"uv": [0.625, 0.625, 1.5, 1.475], "rotation": 90, "texture": "#0"} } }, { "from": [-11.11873, 13.00031, -2.14235], "to": [-10.36473, 13.75431, 5.97765], "rotation": {"angle": 0, "axis": "y", "origin": [-1.83873, 1.74831, 7.13765]}, "faces": { "north": {"uv": [3.15, 1, 2.5, 1.65], "rotation": 270, "texture": "#0"}, "east": {"uv": [3.15, 1, 2.5, 1.65], "rotation": 270, "texture": "#0"}, "south": {"uv": [3.15, 1, 2.5, 1.65], "rotation": 270, "texture": "#0"}, "west": {"uv": [3.15, 1, 2.5, 1.65], "rotation": 270, "texture": "#0"}, "up": {"uv": [3.15, 1, 2.5, 1.65], "texture": "#0"}, "down": {"uv": [3.15, 1, 2.5, 1.65], "rotation": 180, "texture": "#0"} } }, { "from": [-11.17673, 12.94231, 5.97765], "to": [-10.30673, 13.81231, 10.18265], "rotation": {"angle": 0, "axis": "y", "origin": [-1.83873, 1.74831, 15.25765]}, "faces": { "north": {"uv": [1.5, 0.625, 0.625, 1.475], "rotation": 180, "texture": "#0"}, "east": {"uv": [1.5, 0.625, 0.625, 1.475], "rotation": 180, "texture": "#0"}, "south": {"uv": [1.5, 0.625, 0.625, 1.475], "rotation": 180, "texture": "#0"}, "west": {"uv": [1.5, 0.625, 0.625, 1.475], "rotation": 180, "texture": "#0"}, "up": {"uv": [1.5, 0.625, 0.625, 1.475], "rotation": 270, "texture": "#0"}, "down": {"uv": [1.5, 0.625, 0.625, 1.475], "rotation": 90, "texture": "#0"} } }, { "from": [-11.17673, 12.17524, 9.83394], "to": [-10.30673, 13.04524, 18.21494], "rotation": {"angle": 22.5, "axis": "x", "origin": [-11.00273, 12.55224, 11.93644]}, "faces": { "north": {"uv": [1.5, 0.625, 0.625, 1.475], "rotation": 180, "texture": "#0"}, "east": {"uv": [1.5, 0.625, 0.625, 1.475], "rotation": 180, "texture": "#0"}, "south": {"uv": [1.5, 0.625, 0.625, 1.475], "rotation": 180, "texture": "#0"}, "west": {"uv": [1.5, 0.625, 0.625, 1.475], "rotation": 180, "texture": "#0"}, "up": {"uv": [1.5, 0.625, 0.625, 1.475], "rotation": 270, "texture": "#0"}, "down": {"uv": [1.5, 0.625, 0.625, 1.475], "rotation": 90, "texture": "#0"} } }, { "from": [10.49409, 10.32135, -2.631], "to": [25.74809, 15.36735, -2.051], "rotation": {"angle": 0, "axis": "y", "origin": [10.58109, 12.71385, -2.341]}, "faces": { "north": {"uv": [9.66667, 4.33333, 10.66667, 5.66667], "texture": "#0"}, "south": {"uv": [9.66667, 4.33333, 10.66667, 5.66667], "texture": "#0"} } }, { "from": [11.16109, 8.72635, -2.631], "to": [25.74809, 10.32135, -2.051], "rotation": {"angle": 0, "axis": "y", "origin": [10.58109, 7.66785, -2.341]}, "faces": { "north": {"uv": [9.33333, 6.33333, 10.33333, 7.66667], "texture": "#0"}, "south": {"uv": [9.33333, 6.33333, 10.33333, 7.66667], "texture": "#0"} } }, { "from": [11.82809, 7.10235, -2.631], "to": [25.28409, 8.72635, -2.051], "rotation": {"angle": 0, "axis": "y", "origin": [10.58109, 6.07285, -2.341]}, "faces": { "north": {"uv": [9, 8.33333, 10, 9.66667], "texture": "#0"}, "south": {"uv": [9, 8.33333, 10, 9.66667], "texture": "#0"} } }, { "from": [12.66909, 6.20335, -2.631], "to": [24.58809, 7.10235, -2.051], "rotation": {"angle": 0, "axis": "y", "origin": [10.58109, 4.44885, -2.341]}, "faces": { "north": {"uv": [9, 10.33333, 10, 11.66667], "texture": "#0"}, "south": {"uv": [9, 10.33333, 10, 11.66667], "texture": "#0"} } }, { "from": [13.53909, 5.39135, -2.631], "to": [23.74709, 6.20335, -2.051], "rotation": {"angle": 0, "axis": "y", "origin": [10.58109, 3.54985, -2.341]}, "faces": { "north": {"uv": [9, 12.33333, 10, 13.66667], "texture": "#0"}, "south": {"uv": [9, 12.33333, 10, 13.66667], "texture": "#0"} } }, { "from": [14.93109, 4.69535, -2.631], "to": [21.97809, 5.39135, -2.051], "rotation": {"angle": 0, "axis": "y", "origin": [10.58109, 2.73785, -2.341]}, "faces": { "north": {"uv": [9, 14.33333, 10, 15.66667], "texture": "#0"}, "south": {"uv": [9, 14.33333, 10, 15.66667], "texture": "#0"} } }, { "from": [11.30609, 15.36735, -2.631], "to": [24.90709, 16.17935, -2.051], "rotation": {"angle": 0, "axis": "y", "origin": [10.58109, 17.75985, -2.341]}, "faces": { "north": {"uv": [10, 2.33333, 11, 3.66667], "texture": "#0"}, "south": {"uv": [10, 2.33333, 11, 3.66667], "texture": "#0"} } }, { "from": [12.84309, 16.17935, -2.631], "to": [23.34109, 16.78835, -2.051], "rotation": {"angle": 0, "axis": "y", "origin": [10.58109, 18.57185, -2.341]}, "faces": { "north": {"uv": [9.66667, 0.33333, 10.66667, 1.66667], "texture": "#0"}, "south": {"uv": [9.66667, 0.33333, 10.66667, 1.66667], "texture": "#0"} } }, { "from": [-9.74809, 10.32135, -2.631], "to": [5.50591, 15.36735, -2.051], "rotation": {"angle": 0, "axis": "y", "origin": [5.41891, 12.71385, -2.341]}, "faces": { "north": {"uv": [10.66667, 4.33333, 9.66667, 5.66667], "texture": "#0"}, "south": {"uv": [10.66667, 4.33333, 9.66667, 5.66667], "texture": "#0"} } }, { "from": [-9.74809, 8.72635, -2.631], "to": [4.83891, 10.32135, -2.051], "rotation": {"angle": 0, "axis": "y", "origin": [5.41891, 7.66785, -2.341]}, "faces": { "north": {"uv": [10.33333, 6.33333, 9.33333, 7.66667], "texture": "#0"}, "south": {"uv": [10.33333, 6.33333, 9.33333, 7.66667], "texture": "#0"} } }, { "from": [-9.28409, 7.10235, -2.631], "to": [4.17191, 8.72635, -2.051], "rotation": {"angle": 0, "axis": "y", "origin": [5.41891, 6.07285, -2.341]}, "faces": { "north": {"uv": [10, 8.33333, 9, 9.66667], "texture": "#0"}, "south": {"uv": [10, 8.33333, 9, 9.66667], "texture": "#0"} } }, { "from": [-8.58809, 6.20335, -2.631], "to": [3.33091, 7.10235, -2.051], "rotation": {"angle": 0, "axis": "y", "origin": [5.41891, 4.44885, -2.341]}, "faces": { "north": {"uv": [10, 10.33333, 9, 11.66667], "texture": "#0"}, "south": {"uv": [10, 10.33333, 9, 11.66667], "texture": "#0"} } }, { "from": [-7.74709, 5.39135, -2.631], "to": [2.46091, 6.20335, -2.051], "rotation": {"angle": 0, "axis": "y", "origin": [5.41891, 3.54985, -2.341]}, "faces": { "north": {"uv": [10, 12.33333, 9, 13.66667], "texture": "#0"}, "south": {"uv": [10, 12.33333, 9, 13.66667], "texture": "#0"} } }, { "from": [-5.97809, 4.69535, -2.631], "to": [1.06891, 5.39135, -2.051], "rotation": {"angle": 0, "axis": "y", "origin": [5.41891, 2.73785, -2.341]}, "faces": { "north": {"uv": [10, 14.33333, 9, 15.66667], "texture": "#0"}, "south": {"uv": [10, 14.33333, 9, 15.66667], "texture": "#0"} } }, { "from": [-8.90709, 15.36735, -2.631], "to": [4.69391, 16.17935, -2.051], "rotation": {"angle": 0, "axis": "y", "origin": [5.41891, 17.75985, -2.341]}, "faces": { "north": {"uv": [11, 2.33333, 10, 3.66667], "texture": "#0"}, "south": {"uv": [11, 2.33333, 10, 3.66667], "texture": "#0"} } }, { "from": [-7.34109, 16.17935, -2.631], "to": [3.15691, 16.78835, -2.051], "rotation": {"angle": 0, "axis": "y", "origin": [5.41891, 18.57185, -2.341]}, "faces": { "north": {"uv": [10.66667, 0.33333, 9.66667, 1.66667], "texture": "#0"}, "south": {"uv": [10.66667, 0.33333, 9.66667, 1.66667], "texture": "#0"} } } ], "display": { "thirdperson_righthand": { "rotation": [90, 0, 0], "translation": [0, -1.75, 0.5], "scale": [0.16, 0.16797, 0.16797] }, "thirdperson_lefthand": { "rotation": [90, 0, 0], "translation": [0, -1.75, 0.5], "scale": [0.16797, 0.16797, 0.16797] }, "firstperson_righthand": { "translation": [2.5, 0, -1], "scale": [0.23828, 0.23828, 0.23828] }, "firstperson_lefthand": { "translation": [2.5, 0, -1], "scale": [0.23828, 0.23828, 0.23828] }, "ground": { "rotation": [-30, 56, -11], "scale": [0.17773, 0.17773, 0.17773] }, "gui": { "rotation": [29, 143, 0], "translation": [0, -0.25, 0], "scale": [0.33789, 0.33789, 0.33789] }, "head": { "translation": [0, -4.25, -3.25], "scale": [0.33984, 0.33984, 0.33984] }, "fixed": { "rotation": [-73, 0, 0], "translation": [0, 0, -0.25], "scale": [0.37109, 0.37109, 0.37109] } }, "groups": [ { "name": "group", "origin": [-0.4, 14.35945, 3.73789], "color": 0, "children": [0] }, { "name": "group", "origin": [-0.5, 14.17191, 22.59687], "color": 0, "children": [1, 2, 3, 4, 5, 6, 7, 8, 9, 10, 11, 12, 13, 14, 15, 16, 17, 18, 19, 20, 21, 22, 23, 24, 25, 26, 27, 28, 29, 30, 31, 32] }, { "name": "group", "origin": [8, 8, 8], "color": 0, "children": [33] }, { "name": "group", "origin": [8, 8, 8], "color": 0, "children": [34, 35, 36] }, { "name": "group", "origin": [8, 8, 8], "color": 0, "children": [37, 38, 39] }, { "name": "group", "origin": [8, 10.96022, 5.77492], "color": 0, "children": [40, 41, 42, 43, 44, 45, 46, 47] }, { "name": "group", "origin": [8, 10.96022, 5.77492], "color": 0, "children": [48, 49, 50, 51, 52, 53, 54, 55] } ] }