{ "credit": "Made with Blockbench", "textures": { "0": "block/ballisticmaskhollow", "particle": "block/ballisticmaskhollow" }, "elements": [ { "from": [0.5, -1, -0.5], "to": [15.5, -0.5, 1], "faces": { "north": {"uv": [0.5, 12, 15.5, 12.5], "texture": "#0"}, "east": {"uv": [0.5, 12, 1, 12.5], "texture": "#0"}, "south": {"uv": [0.5, 12, 15.5, 12.5], "texture": "#0"}, "west": {"uv": [0.5, 12, 15.5, 12.5], "texture": "#0"}, "up": {"uv": [0.5, 12, 15.5, 12.5], "texture": "#0"}, "down": {"uv": [0.5, 12, 15.5, 12.5], "texture": "#0"} } }, { "from": [2.5, -1.5, -0.5], "to": [13.5, -1, 1], "faces": { "north": {"uv": [2.5, 12.5, 13.5, 13], "texture": "#0"}, "east": {"uv": [2.5, 12.5, 3, 13], "texture": "#0"}, "south": {"uv": [2.5, 12.5, 13.5, 13], "texture": "#0"}, "west": {"uv": [13, 12.5, 13.5, 13], "texture": "#0"}, "up": {"uv": [2.5, 12.5, 13.5, 13], "texture": "#0"}, "down": {"uv": [2.5, 12.5, 13.5, 13], "texture": "#0"} } }, { "from": [3, -4.5, -0.5], "to": [13, -1.5, 1], "faces": { "north": {"uv": [3, 12.5, 13, 15.5], "texture": "#0"}, "east": {"uv": [3, 12.5, 3.5, 15.5], "texture": "#0"}, "south": {"uv": [3, 12.5, 13, 15.5], "texture": "#0"}, "west": {"uv": [12.5, 12.5, 13, 15.5], "texture": "#0"}, "up": {"uv": [3, 12.5, 13, 15.5], "texture": "#0"}, "down": {"uv": [3, 12.5, 13, 15.5], "texture": "#0"} } }, { "from": [4, -5, -0.5], "to": [12, -4.5, 0], "faces": { "north": {"uv": [4, 15.5, 12, 16], "texture": "#0"}, "east": {"uv": [4, 15.5, 12, 16], "texture": "#0"}, "south": {"uv": [4, 15.5, 12, 16], "texture": "#0"}, "west": {"uv": [4, 15.5, 12, 16], "texture": "#0"}, "up": {"uv": [4, 15.5, 12, 16], "texture": "#0"}, "down": {"uv": [4, 15.5, 12, 16], "texture": "#0"} } }, { "from": [0, 5.5, -0.5], "to": [16, 10.5, 1], "faces": { "north": {"uv": [0, 1, 16, 6], "texture": "#0"}, "east": {"uv": [0.5, 1, 0, 6], "texture": "#0"}, "south": {"uv": [0, 1, 16, 6], "texture": "#0"}, "west": {"uv": [0.5, 1, 0, 6], "texture": "#0"}, "up": {"uv": [0, 1, 16, 1.5], "texture": "#0"}, "down": {"uv": [0, 5.5, 16, 6], "texture": "#0"} } }, { "from": [7, 3.5, -0.5], "to": [9, 4.5, 1], "faces": { "north": {"uv": [7, 7, 9, 8], "texture": "#0"}, "east": {"uv": [5, 6, 11, 6.5], "texture": "#0"}, "south": {"uv": [7, 7, 9, 8], "texture": "#0"}, "west": {"uv": [5, 6, 11, 6.5], "texture": "#0"}, "up": {"uv": [7, 7, 9, 8], "texture": "#0"}, "down": {"uv": [7, 7, 9, 8], "texture": "#0"} } }, { "from": [15, 5, -0.5], "to": [16, 5.5, 1], "faces": { "north": {"uv": [0, 6, 0.5, 6.5], "texture": "#0"}, "east": {"uv": [1, 6, 0, 6.5], "texture": "#0"}, "south": {"uv": [0, 6, 1, 6.5], "texture": "#0"}, "west": {"uv": [0, 6, 1, 6.5], "texture": "#0"}, "up": {"uv": [0, 6, 1, 6.5], "texture": "#0"}, "down": {"uv": [0, 6, 1, 6.5], "texture": "#0"} } }, { "from": [6, 4.5, -0.5], "to": [10, 5, 1], "faces": { "north": {"uv": [6, 6.5, 10, 7], "texture": "#0"}, "east": {"uv": [5, 6, 11, 6.5], "texture": "#0"}, "south": {"uv": [6, 6.5, 10, 7], "texture": "#0"}, "west": {"uv": [5, 6, 11, 6.5], "texture": "#0"}, "up": {"uv": [6, 6.5, 10, 7], "texture": "#0"}, "down": {"uv": [5, 6, 11, 6.5], "texture": "#0"} } }, { "from": [5, 5, -0.5], "to": [11, 5.5, 1], "faces": { "north": {"uv": [5, 6, 11, 6.5], "texture": "#0"}, "east": {"uv": [5, 6, 5.5, 6.5], "texture": "#0"}, "south": {"uv": [5, 6, 11, 6.5], "texture": "#0"}, "west": {"uv": [5, 6, 11, 6.5], "texture": "#0"}, "up": {"uv": [5, 6, 11, 6.5], "texture": "#0"}, "down": {"uv": [5, 6, 11, 6.5], "texture": "#0"} } }, { "from": [13, 3, -0.5], "to": [16, 3.5, 1], "faces": { "north": {"uv": [0, 8, 0.5, 8.5], "texture": "#0"}, "east": {"uv": [3, 8, 0, 8.5], "texture": "#0"}, "south": {"uv": [0, 8, 3, 8.5], "texture": "#0"}, "west": {"uv": [2.5, 8, 3, 8.5], "texture": "#0"}, "up": {"uv": [3, 8, 0, 8.5], "texture": "#0"}, "down": {"uv": [0, 8, 3, 8.5], "texture": "#0"} } }, { "from": [6.5, 3, -0.5], "to": [9.5, 3.5, 1], "faces": { "north": {"uv": [6.5, 8, 9.5, 8.5], "texture": "#0"}, "east": {"uv": [5, 6, 11, 6.5], "texture": "#0"}, "south": {"uv": [6.5, 8, 9.5, 8.5], "texture": "#0"}, "west": {"uv": [5, 6, 11, 6.5], "texture": "#0"}, "up": {"uv": [5, 6, 11, 6.5], "texture": "#0"}, "down": {"uv": [6.5, 8, 9.5, 8.5], "texture": "#0"} } }, { "from": [15, 3.5, -0.5], "to": [16, 4, 1], "faces": { "north": {"uv": [0, 7.5, 0.5, 8], "texture": "#0"}, "east": {"uv": [1, 7.5, 0, 8], "texture": "#0"}, "south": {"uv": [0, 7.5, 1, 8], "texture": "#0"}, "west": {"uv": [0.5, 7.5, 1, 8], "texture": "#0"}, "up": {"uv": [1, 7.5, 0, 8], "texture": "#0"}, "down": {"uv": [0, 7.5, 1, 8], "texture": "#0"} } }, { "from": [15.5, 4, -0.5], "to": [16, 5, 1], "faces": { "north": {"uv": [0, 6.5, 0.5, 7.5], "texture": "#0"}, "east": {"uv": [0.5, 6.5, 0, 7.5], "texture": "#0"}, "south": {"uv": [0, 6.5, 0.5, 7.5], "texture": "#0"}, "west": {"uv": [0, 6.5, 0.5, 7.5], "texture": "#0"}, "up": {"uv": [0, 6.5, 0.5, 7.5], "texture": "#0"}, "down": {"uv": [0, 6.5, 0.5, 7.5], "texture": "#0"} } }, { "from": [0, 3, -0.5], "to": [3, 3.5, 1], "rotation": {"angle": 0, "axis": "y", "origin": [16, 0, 0]}, "faces": { "north": {"uv": [0.5, 8, 0, 8.5], "texture": "#0"}, "east": {"uv": [3, 8, 2.5, 8.5], "texture": "#0"}, "south": {"uv": [3, 8, 0, 8.5], "texture": "#0"}, "west": {"uv": [0, 8, 3, 8.5], "texture": "#0"}, "up": {"uv": [0, 8, 3, 8.5], "texture": "#0"}, "down": {"uv": [3, 8, 0, 8.5], "texture": "#0"} } }, { "from": [0, 3.5, -0.5], "to": [1, 4, 1], "rotation": {"angle": 0, "axis": "y", "origin": [16, 0, 0]}, "faces": { "north": {"uv": [0.5, 7.5, 0, 8], "texture": "#0"}, "east": {"uv": [1, 7.5, 0.5, 8], "texture": "#0"}, "south": {"uv": [1, 7.5, 0, 8], "texture": "#0"}, "west": {"uv": [0, 7.5, 1, 8], "texture": "#0"}, "up": {"uv": [0, 7.5, 1, 8], "texture": "#0"}, "down": {"uv": [1, 7.5, 0, 8], "texture": "#0"} } }, { "from": [0, 4, -0.5], "to": [0.5, 5, 1], "rotation": {"angle": 0, "axis": "y", "origin": [16, 0, 0]}, "faces": { "north": {"uv": [0.5, 6.5, 0, 7.5], "texture": "#0"}, "east": {"uv": [0.5, 6.5, 0, 7.5], "texture": "#0"}, "south": {"uv": [0.5, 6.5, 0, 7.5], "texture": "#0"}, "west": {"uv": [0, 6.5, 0.5, 7.5], "texture": "#0"}, "up": {"uv": [0.5, 6.5, 0, 7.5], "texture": "#0"}, "down": {"uv": [0.5, 6.5, 0, 7.5], "texture": "#0"} } }, { "from": [0, 5, -0.5], "to": [1, 5.5, 1], "rotation": {"angle": 0, "axis": "y", "origin": [16, 0, 0]}, "faces": { "north": {"uv": [0.5, 6, 0, 6.5], "texture": "#0"}, "east": {"uv": [1, 6, 0, 6.5], "texture": "#0"}, "south": {"uv": [1, 6, 0, 6.5], "texture": "#0"}, "west": {"uv": [0, 6, 1, 6.5], "texture": "#0"}, "up": {"uv": [1, 6, 0, 6.5], "texture": "#0"}, "down": {"uv": [1, 6, 0, 6.5], "texture": "#0"} } }, { "from": [0, -0.5, -0.5], "to": [16, 3, 1], "faces": { "north": {"uv": [0, 8.5, 16, 12], "texture": "#0"}, "east": {"uv": [0, 8.5, 0.5, 12], "texture": "#0"}, "south": {"uv": [0, 8.5, 16, 12], "texture": "#0"}, "west": {"uv": [0, 8.5, 0.5, 12], "texture": "#0"}, "up": {"uv": [0, 8.5, 16, 12], "texture": "#0"}, "down": {"uv": [0, 8.5, 16, 12], "texture": "#0"} } }, { "from": [0.5, 10.5, -0.5], "to": [15.5, 11.5, 1], "faces": { "north": {"uv": [0.5, 0, 15.5, 1], "texture": "#0"}, "east": {"uv": [0.5, 0, 1, 1], "texture": "#0"}, "south": {"uv": [0.5, 0, 15.5, 1], "texture": "#0"}, "west": {"uv": [15, 0, 15.5, 1], "texture": "#0"}, "up": {"uv": [0.5, 0, 15.5, 0.5], "texture": "#0"}, "down": {"uv": [0.5, 0, 15.5, 1], "texture": "#0"} } }, { "from": [3, 12, -0.5], "to": [13, 12.5, 1], "rotation": {"angle": 0, "axis": "y", "origin": [0, 16, 0]}, "faces": { "north": {"uv": [3, 0, 13, 0.5], "texture": "#0"}, "east": {"uv": [3, 0, 3.5, 0.5], "texture": "#0"}, "south": {"uv": [3, 0, 13, 0.5], "texture": "#0"}, "west": {"uv": [3, 0, 3.5, 0.5], "texture": "#0"}, "up": {"uv": [3, 0, 13, 0.5], "texture": "#0"}, "down": {"uv": [3, 0, 13, 0.5], "texture": "#0"} } }, { "from": [1.5, 11.5, -0.5], "to": [14.5, 12, 1], "rotation": {"angle": 0, "axis": "y", "origin": [0, 16, 0]}, "faces": { "north": {"uv": [1.5, 0, 14.5, 0.5], "texture": "#0"}, "east": {"uv": [1.5, 0, 2, 0.5], "texture": "#0"}, "south": {"uv": [1.5, 0, 14.5, 0.5], "texture": "#0"}, "west": {"uv": [14, 0, 14.5, 0.5], "texture": "#0"}, "up": {"uv": [1.5, 0, 14.5, 0.5], "texture": "#0"}, "down": {"uv": [1.5, 0, 14.5, 0.5], "texture": "#0"} } }, { "from": [3, -5, 0], "to": [13, -3.5, 1], "faces": { "north": {"uv": [5, 14.5, 5.5, 15], "texture": "#0"}, "east": {"uv": [5, 14.5, 5.5, 15], "texture": "#0"}, "south": {"uv": [5, 14.5, 5.5, 15], "texture": "#0"}, "west": {"uv": [5, 14.5, 5.5, 15], "texture": "#0"}, "up": {"uv": [5, 14.5, 5.5, 15], "texture": "#0"}, "down": {"uv": [5, 14.5, 5.5, 15], "texture": "#0"} } }, { "from": [3, 10.5, 0], "to": [13, 13, 1], "rotation": {"angle": 0, "axis": "y", "origin": [0, 16, 0]}, "faces": { "north": {"uv": [5, 14.5, 5.5, 15], "texture": "#0"}, "east": {"uv": [5, 14.5, 5.5, 15], "texture": "#0"}, "south": {"uv": [5, 14.5, 5.5, 15], "texture": "#0"}, "west": {"uv": [5, 14.5, 5.5, 15], "texture": "#0"}, "up": {"uv": [5, 14.5, 5.5, 15], "texture": "#0"}, "down": {"uv": [5, 14.5, 5.5, 15], "texture": "#0"} } }, { "from": [1.5, -4.5, 0], "to": [14.5, 12.5, 1], "rotation": {"angle": 0, "axis": "y", "origin": [0, 16, 0]}, "faces": { "north": {"uv": [5, 14.5, 5.5, 15], "texture": "#0"}, "east": {"uv": [5, 14.5, 5.5, 15], "texture": "#0"}, "south": {"uv": [5, 14.5, 5.5, 15], "texture": "#0"}, "west": {"uv": [5, 14.5, 5.5, 15], "texture": "#0"}, "up": {"uv": [5, 14.5, 5.5, 15], "texture": "#0"}, "down": {"uv": [5, 14.5, 5.5, 15], "texture": "#0"} } }, { "from": [0.5, -4, 0], "to": [15.5, 12, 1], "faces": { "north": {"uv": [5, 14.5, 5.5, 15], "texture": "#0"}, "east": {"uv": [5, 14.5, 5.5, 15], "texture": "#0"}, "south": {"uv": [5, 14.5, 5.5, 15], "texture": "#0"}, "west": {"uv": [5, 14.5, 5.5, 15], "texture": "#0"}, "up": {"uv": [5, 14.5, 5.5, 15], "texture": "#0"}, "down": {"uv": [5, 14.5, 5.5, 15], "texture": "#0"} } }, { "from": [0, -3.5, 0], "to": [16, 11.5, 1], "faces": { "north": {"uv": [5, 14.5, 5.5, 15], "texture": "#0"}, "east": {"uv": [5, 14.5, 5.5, 15], "texture": "#0"}, "south": {"uv": [5, 14.5, 5.5, 15], "texture": "#0"}, "west": {"uv": [5, 14.5, 5.5, 15], "texture": "#0"}, "up": {"uv": [5, 14.5, 5.5, 15], "texture": "#0"}, "down": {"uv": [5, 14.5, 5.5, 15], "texture": "#0"} } }, { "from": [-0.5, -2.5, 0], "to": [16.5, 10.5, 1], "faces": { "north": {"uv": [5, 14.5, 5.5, 15], "texture": "#0"}, "east": {"uv": [5, 14.5, 5.5, 15], "texture": "#0"}, "south": {"uv": [5, 14.5, 5.5, 15], "texture": "#0"}, "west": {"uv": [5, 14.5, 5.5, 15], "texture": "#0"}, "up": {"uv": [5, 14.5, 5.5, 15], "texture": "#0"}, "down": {"uv": [5, 14.5, 5.5, 15], "texture": "#0"} } }, { "from": [-0.5, -3, 1], "to": [16.5, 11, 2], "faces": { "north": {"uv": [6.5, 4, 7, 4.5], "texture": "#0"}, "east": {"uv": [6.5, 4, 7, 4.5], "texture": "#0"}, "south": {"uv": [6.5, 4, 7, 4.5], "texture": "#0"}, "west": {"uv": [6.5, 4, 7, 4.5], "texture": "#0"}, "up": {"uv": [6.5, 4, 7, 4.5], "texture": "#0"}, "down": {"uv": [6.5, 4, 7, 4.5], "texture": "#0"} } }, { "from": [4, 10, 0.5], "to": [12, 13.5, 2], "rotation": {"angle": 0, "axis": "y", "origin": [0, 16, 0]}, "faces": { "north": {"uv": [6.5, 4, 7, 4.5], "texture": "#0"}, "east": {"uv": [6.5, 4, 7, 4.5], "texture": "#0"}, "south": {"uv": [6.5, 4, 7, 4.5], "texture": "#0"}, "west": {"uv": [6.5, 4, 7, 4.5], "texture": "#0"}, "up": {"uv": [6.5, 4, 7, 4.5], "texture": "#0"}, "down": {"uv": [6.5, 4, 7, 4.5], "texture": "#0"} } }, { "from": [1.5, 9.5, 1], "to": [14.5, 13, 2], "rotation": {"angle": 0, "axis": "y", "origin": [0, 16, 0]}, "faces": { "north": {"uv": [6.5, 4, 7, 4.5], "texture": "#0"}, "east": {"uv": [6.5, 4, 7, 4.5], "texture": "#0"}, "south": {"uv": [6.5, 4, 7, 4.5], "texture": "#0"}, "west": {"uv": [6.5, 4, 7, 4.5], "texture": "#0"}, "up": {"uv": [6.5, 4, 7, 4.5], "texture": "#0"}, "down": {"uv": [6.5, 4, 7, 4.5], "texture": "#0"} } }, { "from": [0.5, 9, 1], "to": [15.5, 12.5, 2], "rotation": {"angle": 0, "axis": "y", "origin": [0, 16, 0]}, "faces": { "north": {"uv": [6.5, 4, 7, 4.5], "texture": "#0"}, "east": {"uv": [6.5, 4, 7, 4.5], "texture": "#0"}, "south": {"uv": [6.5, 4, 7, 4.5], "texture": "#0"}, "west": {"uv": [6.5, 4, 7, 4.5], "texture": "#0"}, "up": {"uv": [6.5, 4, 7, 4.5], "texture": "#0"}, "down": {"uv": [6.5, 4, 7, 4.5], "texture": "#0"} } }, { "from": [0.5, -4.5, 1], "to": [15.5, -2, 2], "faces": { "north": {"uv": [6.5, 4, 7, 4.5], "texture": "#0"}, "east": {"uv": [6.5, 4, 7, 4.5], "texture": "#0"}, "south": {"uv": [6.5, 4, 7, 4.5], "texture": "#0"}, "west": {"uv": [6.5, 4, 7, 4.5], "texture": "#0"}, "up": {"uv": [6.5, 4, 7, 4.5], "texture": "#0"}, "down": {"uv": [6.5, 4, 7, 4.5], "texture": "#0"} } }, { "from": [0, -4, 1], "to": [16, 12, 2], "faces": { "north": {"uv": [6.5, 4, 7, 4.5], "texture": "#0"}, "east": {"uv": [6.5, 4, 7, 4.5], "texture": "#0"}, "south": {"uv": [6.5, 4, 7, 4.5], "texture": "#0"}, "west": {"uv": [6.5, 4, 7, 4.5], "texture": "#0"}, "up": {"uv": [6.5, 4, 7, 4.5], "texture": "#0"}, "down": {"uv": [6.5, 4, 7, 4.5], "texture": "#0"} } }, { "from": [1.5, -5, 1], "to": [14.5, -2.5, 2], "faces": { "north": {"uv": [6.5, 4, 7, 4.5], "texture": "#0"}, "east": {"uv": [6.5, 4, 7, 4.5], "texture": "#0"}, "south": {"uv": [6.5, 4, 7, 4.5], "texture": "#0"}, "west": {"uv": [6.5, 4, 7, 4.5], "texture": "#0"}, "up": {"uv": [6.5, 4, 7, 4.5], "texture": "#0"}, "down": {"uv": [6.5, 4, 7, 4.5], "texture": "#0"} } }, { "from": [3, -5.5, 1], "to": [13, -3, 2], "faces": { "north": {"uv": [6.5, 4, 7, 4.5], "texture": "#0"}, "east": {"uv": [6.5, 4, 7, 4.5], "texture": "#0"}, "south": {"uv": [6.5, 4, 7, 4.5], "texture": "#0"}, "west": {"uv": [6.5, 4, 7, 4.5], "texture": "#0"}, "up": {"uv": [6.5, 4, 7, 4.5], "texture": "#0"}, "down": {"uv": [6.5, 4, 7, 4.5], "texture": "#0"} } }, { "from": [-1, 1, 0.5], "to": [17, 7, 1.5], "faces": { "north": {"uv": [0, 13, 0.5, 13.5], "texture": "#0"}, "east": {"uv": [0, 13, 0.5, 13.5], "texture": "#0"}, "south": {"uv": [0, 13, 0.5, 13.5], "texture": "#0"}, "west": {"uv": [0, 13, 0.5, 13.5], "texture": "#0"}, "up": {"uv": [0, 13, 0.5, 13.5], "texture": "#0"}, "down": {"uv": [0, 13, 0.5, 13.5], "texture": "#0"} } }, { "from": [-0.75, 4.5, 0.25], "to": [-0.25, 6, 19.25], "rotation": {"angle": 0, "axis": "y", "origin": [16, 0, 0]}, "faces": { "north": {"uv": [7.5, 4.5, 7, 5], "texture": "#0"}, "east": {"uv": [7.5, 4.5, 7, 5], "texture": "#0"}, "south": {"uv": [7.5, 4.5, 7, 5], "texture": "#0"}, "west": {"uv": [7.5, 4.5, 7, 5], "texture": "#0"}, "up": {"uv": [7.5, 4.5, 7, 5], "texture": "#0"}, "down": {"uv": [7.5, 4.5, 7, 5], "texture": "#0"} } }, { "from": [-0.75, 2, 0.25], "to": [-0.25, 3.5, 19.25], "rotation": {"angle": 0, "axis": "y", "origin": [16, 0, 0]}, "faces": { "north": {"uv": [7.5, 4.5, 7, 5], "texture": "#0"}, "east": {"uv": [7.5, 4.5, 7, 5], "texture": "#0"}, "south": {"uv": [7.5, 4.5, 7, 5], "texture": "#0"}, "west": {"uv": [7.5, 4.5, 7, 5], "texture": "#0"}, "up": {"uv": [7.5, 4.5, 7, 5], "texture": "#0"}, "down": {"uv": [7.5, 4.5, 7, 5], "texture": "#0"} } }, { "from": [-0.75, 4.5, 18.75], "to": [16.25, 6, 19.25], "rotation": {"angle": 0, "axis": "y", "origin": [-0.5, 0.5, 0]}, "faces": { "north": {"uv": [7, 4.5, 7.5, 5], "texture": "#0"}, "east": {"uv": [7, 4.5, 7.5, 5], "texture": "#0"}, "south": {"uv": [7, 4.5, 7.5, 5], "texture": "#0"}, "west": {"uv": [7, 4.5, 7.5, 5], "texture": "#0"}, "up": {"uv": [7, 4.5, 7.5, 5], "texture": "#0"}, "down": {"uv": [7, 4.5, 7.5, 5], "texture": "#0"} } }, { "from": [-0.5, 2, 18.75], "to": [16.5, 3.5, 19.25], "rotation": {"angle": 0, "axis": "y", "origin": [-0.25, 0, 0]}, "faces": { "north": {"uv": [7, 4.5, 7.5, 5], "texture": "#0"}, "east": {"uv": [7, 4.5, 7.5, 5], "texture": "#0"}, "south": {"uv": [7, 4.5, 7.5, 5], "texture": "#0"}, "west": {"uv": [7, 4.5, 7.5, 5], "texture": "#0"}, "up": {"uv": [7, 4.5, 7.5, 5], "texture": "#0"}, "down": {"uv": [7, 4.5, 7.5, 5], "texture": "#0"} } }, { "from": [4.5, 1.5, 18.5], "to": [11.5, 6.5, 19.5], "rotation": {"angle": 0, "axis": "y", "origin": [0.5, 0, 0]}, "faces": { "north": {"uv": [0, 13, 0.5, 13.5], "texture": "#0"}, "east": {"uv": [0, 13, 0.5, 13.5], "texture": "#0"}, "south": {"uv": [0, 13, 0.5, 13.5], "texture": "#0"}, "west": {"uv": [0, 13, 0.5, 13.5], "texture": "#0"}, "up": {"uv": [0, 13, 0.5, 13.5], "texture": "#0"}, "down": {"uv": [0, 13, 0.5, 13.5], "texture": "#0"} } }, { "from": [16.25, 2, 0.25], "to": [16.75, 3.5, 19.25], "faces": { "north": {"uv": [7, 4.5, 7.5, 5], "texture": "#0"}, "east": {"uv": [7, 4.5, 7.5, 5], "texture": "#0"}, "south": {"uv": [7, 4.5, 7.5, 5], "texture": "#0"}, "west": {"uv": [7, 4.5, 7.5, 5], "texture": "#0"}, "up": {"uv": [7, 4.5, 7.5, 5], "texture": "#0"}, "down": {"uv": [7, 4.5, 7.5, 5], "texture": "#0"} } }, { "from": [16.25, 4.5, 0.25], "to": [16.75, 6, 19.25], "faces": { "north": {"uv": [7, 4.5, 7.5, 5], "texture": "#0"}, "east": {"uv": [7, 4.5, 7.5, 5], "texture": "#0"}, "south": {"uv": [7, 4.5, 7.5, 5], "texture": "#0"}, "west": {"uv": [7, 4.5, 7.5, 5], "texture": "#0"}, "up": {"uv": [7, 4.5, 7.5, 5], "texture": "#0"}, "down": {"uv": [7, 4.5, 7.5, 5], "texture": "#0"} } }, { "from": [12.5, -3.5, -0.75], "to": [13, -1, -0.5], "faces": { "north": {"uv": [0.5, 13.5, 1, 16], "texture": "#0"}, "east": {"uv": [0.5, 13.5, 1, 16], "texture": "#0"}, "south": {"uv": [0.5, 13.5, 1, 16], "texture": "#0"}, "west": {"uv": [0.5, 13.5, 1, 16], "texture": "#0"}, "up": {"uv": [0.5, 13.5, 1, 14], "texture": "#0"}, "down": {"uv": [0.5, 15.5, 1, 16], "texture": "#0"} } }, { "from": [12, -4, -0.75], "to": [12.5, -0.5, -0.5], "faces": { "north": {"uv": [1, 12.5, 1.5, 16], "texture": "#0"}, "east": {"uv": [1, 12.5, 1.5, 16], "texture": "#0"}, "south": {"uv": [1, 12.5, 1.5, 16], "texture": "#0"}, "west": {"uv": [1, 12.5, 1.5, 16], "texture": "#0"}, "up": {"uv": [1, 12.5, 1.5, 13], "texture": "#0"}, "down": {"uv": [1, 15.5, 1.5, 16], "texture": "#0"} } }, { "from": [11.5, -3.5, -0.75], "to": [12, -1, -0.5], "faces": { "north": {"uv": [0.5, 13.5, 1, 16], "texture": "#0"}, "east": {"uv": [0.5, 13.5, 1, 16], "texture": "#0"}, "south": {"uv": [0.5, 13.5, 1, 16], "texture": "#0"}, "west": {"uv": [0.5, 13.5, 1, 16], "texture": "#0"}, "up": {"uv": [0.5, 13.5, 1, 14], "texture": "#0"}, "down": {"uv": [0.5, 15.5, 1, 16], "texture": "#0"} } }, { "from": [11, -4, -0.75], "to": [11.5, -0.5, -0.5], "faces": { "north": {"uv": [1, 12.5, 1.5, 16], "texture": "#0"}, "east": {"uv": [1, 12.5, 1.5, 16], "texture": "#0"}, "south": {"uv": [1, 12.5, 1.5, 16], "texture": "#0"}, "west": {"uv": [1, 12.5, 1.5, 16], "texture": "#0"}, "up": {"uv": [1, 12.5, 1.5, 13], "texture": "#0"}, "down": {"uv": [1, 15.5, 1.5, 16], "texture": "#0"} } }, { "from": [9.5, -3.5, -0.75], "to": [10, -1, -0.5], "faces": { "north": {"uv": [0.5, 13.5, 1, 16], "texture": "#0"}, "east": {"uv": [0.5, 13.5, 1, 16], "texture": "#0"}, "south": {"uv": [0.5, 13.5, 1, 16], "texture": "#0"}, "west": {"uv": [0.5, 13.5, 1, 16], "texture": "#0"}, "up": {"uv": [0.5, 13.5, 1, 14], "texture": "#0"}, "down": {"uv": [0.5, 15.5, 1, 16], "texture": "#0"} } }, { "from": [9, -4, -0.75], "to": [9.5, -0.5, -0.5], "faces": { "north": {"uv": [1, 12.5, 1.5, 16], "texture": "#0"}, "east": {"uv": [1, 12.5, 1.5, 16], "texture": "#0"}, "south": {"uv": [1, 12.5, 1.5, 16], "texture": "#0"}, "west": {"uv": [1, 12.5, 1.5, 16], "texture": "#0"}, "up": {"uv": [1, 12.5, 1.5, 13], "texture": "#0"}, "down": {"uv": [1, 15.5, 1.5, 16], "texture": "#0"} } }, { "from": [8.5, -3.5, -0.75], "to": [9, -1, -0.5], "faces": { "north": {"uv": [0.5, 13.5, 1, 16], "texture": "#0"}, "east": {"uv": [0.5, 13.5, 1, 16], "texture": "#0"}, "south": {"uv": [0.5, 13.5, 1, 16], "texture": "#0"}, "west": {"uv": [0.5, 13.5, 1, 16], "texture": "#0"}, "up": {"uv": [0.5, 13.5, 1, 14], "texture": "#0"}, "down": {"uv": [0.5, 15.5, 1, 16], "texture": "#0"} } }, { "from": [7.5, -4, -0.75], "to": [8.5, -0.5, -0.5], "faces": { "north": {"uv": [1.5, 12.5, 2.5, 16], "texture": "#0"}, "east": {"uv": [1, 12.5, 1.5, 16], "texture": "#0"}, "south": {"uv": [1, 12.5, 1.5, 16], "texture": "#0"}, "west": {"uv": [1, 12.5, 1.5, 16], "texture": "#0"}, "up": {"uv": [1, 12.5, 1.5, 13], "texture": "#0"}, "down": {"uv": [1, 15.5, 1.5, 16], "texture": "#0"} } }, { "from": [10, -4, -0.75], "to": [10.5, -0.5, -0.5], "faces": { "north": {"uv": [1, 12.5, 1.5, 16], "texture": "#0"}, "east": {"uv": [1, 12.5, 1.5, 16], "texture": "#0"}, "south": {"uv": [1, 12.5, 1.5, 16], "texture": "#0"}, "west": {"uv": [1, 12.5, 1.5, 16], "texture": "#0"}, "up": {"uv": [1, 12.5, 1.5, 13], "texture": "#0"}, "down": {"uv": [1, 15.5, 1.5, 16], "texture": "#0"} } }, { "from": [10.5, -3.5, -0.75], "to": [11, -1, -0.5], "faces": { "north": {"uv": [0.5, 13.5, 1, 16], "texture": "#0"}, "east": {"uv": [0.5, 13.5, 1, 16], "texture": "#0"}, "south": {"uv": [0.5, 13.5, 1, 16], "texture": "#0"}, "west": {"uv": [0.5, 13.5, 1, 16], "texture": "#0"}, "up": {"uv": [0.5, 13.5, 1, 14], "texture": "#0"}, "down": {"uv": [0.5, 15.5, 1, 16], "texture": "#0"} } }, { "from": [3, -3.5, -0.75], "to": [3.5, -1, -0.5], "rotation": {"angle": 0, "axis": "y", "origin": [16, 0, 0]}, "faces": { "north": {"uv": [1, 13.5, 0.5, 16], "texture": "#0"}, "east": {"uv": [1, 13.5, 0.5, 16], "texture": "#0"}, "south": {"uv": [1, 13.5, 0.5, 16], "texture": "#0"}, "west": {"uv": [1, 13.5, 0.5, 16], "texture": "#0"}, "up": {"uv": [1, 13.5, 0.5, 14], "texture": "#0"}, "down": {"uv": [1, 15.5, 0.5, 16], "texture": "#0"} } }, { "from": [4, -3.5, -0.75], "to": [4.5, -1, -0.5], "rotation": {"angle": 0, "axis": "y", "origin": [16, 0, 0]}, "faces": { "north": {"uv": [1, 13.5, 0.5, 16], "texture": "#0"}, "east": {"uv": [1, 13.5, 0.5, 16], "texture": "#0"}, "south": {"uv": [1, 13.5, 0.5, 16], "texture": "#0"}, "west": {"uv": [1, 13.5, 0.5, 16], "texture": "#0"}, "up": {"uv": [1, 13.5, 0.5, 14], "texture": "#0"}, "down": {"uv": [1, 15.5, 0.5, 16], "texture": "#0"} } }, { "from": [3.5, -4, -0.75], "to": [4, -0.5, -0.5], "rotation": {"angle": 0, "axis": "y", "origin": [16, 0, 0]}, "faces": { "north": {"uv": [1.5, 12.5, 1, 16], "texture": "#0"}, "east": {"uv": [1.5, 12.5, 1, 16], "texture": "#0"}, "south": {"uv": [1.5, 12.5, 1, 16], "texture": "#0"}, "west": {"uv": [1.5, 12.5, 1, 16], "texture": "#0"}, "up": {"uv": [1.5, 12.5, 1, 13], "texture": "#0"}, "down": {"uv": [1.5, 15.5, 1, 16], "texture": "#0"} } }, { "from": [4.5, -4, -0.75], "to": [5, -0.5, -0.5], "rotation": {"angle": 0, "axis": "y", "origin": [16, 0, 0]}, "faces": { "north": {"uv": [1.5, 12.5, 1, 16], "texture": "#0"}, "east": {"uv": [1.5, 12.5, 1, 16], "texture": "#0"}, "south": {"uv": [1.5, 12.5, 1, 16], "texture": "#0"}, "west": {"uv": [1.5, 12.5, 1, 16], "texture": "#0"}, "up": {"uv": [1.5, 12.5, 1, 13], "texture": "#0"}, "down": {"uv": [1.5, 15.5, 1, 16], "texture": "#0"} } }, { "from": [5, -3.5, -0.75], "to": [5.5, -1, -0.5], "rotation": {"angle": 0, "axis": "y", "origin": [16, 0, 0]}, "faces": { "north": {"uv": [1, 13.5, 0.5, 16], "texture": "#0"}, "east": {"uv": [1, 13.5, 0.5, 16], "texture": "#0"}, "south": {"uv": [1, 13.5, 0.5, 16], "texture": "#0"}, "west": {"uv": [1, 13.5, 0.5, 16], "texture": "#0"}, "up": {"uv": [1, 13.5, 0.5, 14], "texture": "#0"}, "down": {"uv": [1, 15.5, 0.5, 16], "texture": "#0"} } }, { "from": [5.5, -4, -0.75], "to": [6, -0.5, -0.5], "rotation": {"angle": 0, "axis": "y", "origin": [16, 0, 0]}, "faces": { "north": {"uv": [1.5, 12.5, 1, 16], "texture": "#0"}, "east": {"uv": [1.5, 12.5, 1, 16], "texture": "#0"}, "south": {"uv": [1.5, 12.5, 1, 16], "texture": "#0"}, "west": {"uv": [1.5, 12.5, 1, 16], "texture": "#0"}, "up": {"uv": [1.5, 12.5, 1, 13], "texture": "#0"}, "down": {"uv": [1.5, 15.5, 1, 16], "texture": "#0"} } }, { "from": [6, -3.5, -0.75], "to": [6.5, -1, -0.5], "rotation": {"angle": 0, "axis": "y", "origin": [16, 0, 0]}, "faces": { "north": {"uv": [1, 13.5, 0.5, 16], "texture": "#0"}, "east": {"uv": [1, 13.5, 0.5, 16], "texture": "#0"}, "south": {"uv": [1, 13.5, 0.5, 16], "texture": "#0"}, "west": {"uv": [1, 13.5, 0.5, 16], "texture": "#0"}, "up": {"uv": [1, 13.5, 0.5, 14], "texture": "#0"}, "down": {"uv": [1, 15.5, 0.5, 16], "texture": "#0"} } }, { "from": [7, -3.5, -0.75], "to": [7.5, -1, -0.5], "rotation": {"angle": 0, "axis": "y", "origin": [16, 0, 0]}, "faces": { "north": {"uv": [1, 13.5, 0.5, 16], "texture": "#0"}, "east": {"uv": [1, 13.5, 0.5, 16], "texture": "#0"}, "south": {"uv": [1, 13.5, 0.5, 16], "texture": "#0"}, "west": {"uv": [1, 13.5, 0.5, 16], "texture": "#0"}, "up": {"uv": [1, 13.5, 0.5, 14], "texture": "#0"}, "down": {"uv": [1, 15.5, 0.5, 16], "texture": "#0"} } }, { "from": [6.5, -4, -0.75], "to": [7, -0.5, -0.5], "rotation": {"angle": 0, "axis": "y", "origin": [16, 0, 0]}, "faces": { "north": {"uv": [1.5, 12.5, 1, 16], "texture": "#0"}, "east": {"uv": [1.5, 12.5, 1, 16], "texture": "#0"}, "south": {"uv": [1.5, 12.5, 1, 16], "texture": "#0"}, "west": {"uv": [1.5, 12.5, 1, 16], "texture": "#0"}, "up": {"uv": [1.5, 12.5, 1, 13], "texture": "#0"}, "down": {"uv": [1.5, 15.5, 1, 16], "texture": "#0"} } }, { "from": [0.5, 3, -0.25], "to": [15.5, 5.5, 1], "faces": { "north": {"uv": [0, 13, 0.5, 13.5], "texture": "#0"}, "east": {"uv": [0, 13, 0.5, 13.5], "texture": "#0"}, "south": {"uv": [0, 13, 0.5, 13.5], "texture": "#0"}, "west": {"uv": [0, 13, 0.5, 13.5], "texture": "#0"}, "up": {"uv": [0, 13, 0.5, 13.5], "texture": "#0"}, "down": {"uv": [0, 13, 0.5, 13.5], "texture": "#0"} } }, { "from": [0, -4.5, -0.025], "to": [3, -0.5, 0], "faces": { "north": {"uv": [13, 12, 16, 16], "texture": "#0"} } }, { "from": [13, -4.5, -0.025], "to": [16, -0.5, 0], "rotation": {"angle": 0, "axis": "y", "origin": [16, 0, 0]}, "faces": { "north": {"uv": [16, 12, 13, 16], "texture": "#0"} } }, { "from": [13.75, 10.5, 0.75], "to": [16.25, 13, 3.25], "rotation": {"angle": 45, "axis": "z", "origin": [15, 12, 1]}, "faces": { "north": {"uv": [10.5, 7.5, 11, 8], "texture": "#0"}, "east": {"uv": [10.5, 7.5, 11, 8], "texture": "#0"}, "south": {"uv": [10.5, 7.5, 11, 8], "texture": "#0"}, "west": {"uv": [10.5, 7.5, 11, 8], "texture": "#0"}, "up": {"uv": [10.5, 7.5, 11, 8], "texture": "#0"}, "down": {"uv": [10.5, 7.5, 11, 8], "texture": "#0"} } }, { "from": [13.75, 10.75, 1.25], "to": [18.25, 12.75, 2.75], "rotation": {"angle": 45, "axis": "z", "origin": [15, 12, 1]}, "faces": { "north": {"uv": [10.5, 7.5, 11, 8], "texture": "#0"}, "east": {"uv": [10.5, 7.5, 11, 8], "texture": "#0"}, "south": {"uv": [10.5, 7.5, 11, 8], "texture": "#0"}, "west": {"uv": [10.5, 7.5, 11, 8], "texture": "#0"}, "up": {"uv": [10.5, 7.5, 11, 8], "texture": "#0"}, "down": {"uv": [10.5, 7.5, 11, 8], "texture": "#0"} } }, { "from": [-2.25, 10.75, 1.25], "to": [2.25, 12.75, 2.75], "rotation": {"angle": -45, "axis": "z", "origin": [1, 12, 1]}, "faces": { "north": {"uv": [11, 7.5, 10.5, 8], "texture": "#0"}, "east": {"uv": [11, 7.5, 10.5, 8], "texture": "#0"}, "south": {"uv": [11, 7.5, 10.5, 8], "texture": "#0"}, "west": {"uv": [11, 7.5, 10.5, 8], "texture": "#0"}, "up": {"uv": [11, 7.5, 10.5, 8], "texture": "#0"}, "down": {"uv": [11, 7.5, 10.5, 8], "texture": "#0"} } }, { "from": [17.55861, 12.39258, 1.35], "to": [21.05861, 14.39258, 2.65], "rotation": {"angle": 45, "axis": "z", "origin": [17.25682, 12.90067, -2.5]}, "faces": { "north": {"uv": [11, 7.5, 11.5, 8], "texture": "#0"}, "east": {"uv": [11, 7.5, 11.5, 8], "texture": "#0"}, "south": {"uv": [11, 7.5, 11.5, 8], "texture": "#0"}, "west": {"uv": [11, 7.5, 11.5, 8], "texture": "#0"}, "up": {"uv": [11, 7.5, 11.5, 8], "texture": "#0"}, "down": {"uv": [11, 7.5, 11.5, 8], "texture": "#0"} } }, { "from": [20.05861, 12.39258, -1.15], "to": [21.55861, 14.39258, 2.15], "rotation": {"angle": 45, "axis": "z", "origin": [17.25682, 12.90067, -2.5]}, "faces": { "north": {"uv": [11, 7.5, 11.5, 8], "texture": "#0"}, "east": {"uv": [11, 7.5, 11.5, 8], "texture": "#0"}, "south": {"uv": [11, 7.5, 11.5, 8], "texture": "#0"}, "west": {"uv": [11, 7.5, 11.5, 8], "texture": "#0"}, "up": {"uv": [11, 7.5, 11.5, 8], "texture": "#0"}, "down": {"uv": [11, 7.5, 11.5, 8], "texture": "#0"} } }, { "from": [19.05861, 10.39258, -4.4], "to": [22.55861, 12.39258, -3.1], "rotation": {"angle": 45, "axis": "z", "origin": [18.75682, 10.90067, -4]}, "faces": { "north": {"uv": [11.5, 7.5, 12, 8], "texture": "#0"}, "east": {"uv": [11.5, 7.5, 12, 8], "texture": "#0"}, "south": {"uv": [11.5, 7.5, 12, 8], "texture": "#0"}, "west": {"uv": [11.5, 7.5, 12, 8], "texture": "#0"}, "up": {"uv": [11.5, 7.5, 12, 8], "texture": "#0"}, "down": {"uv": [11.5, 7.5, 12, 8], "texture": "#0"} } }, { "from": [20.05861, 11.39258, -2.15], "to": [21.55861, 13.39258, 0.15], "rotation": {"angle": 45, "axis": "z", "origin": [17.25682, 12.90067, -2.5]}, "faces": { "north": {"uv": [11.5, 7.5, 12, 8], "texture": "#0"}, "east": {"uv": [11.5, 7.5, 12, 8], "texture": "#0"}, "south": {"uv": [11.5, 7.5, 12, 8], "texture": "#0"}, "west": {"uv": [11.5, 7.5, 12, 8], "texture": "#0"}, "up": {"uv": [11.5, 7.5, 12, 8], "texture": "#0"}, "down": {"uv": [11.5, 7.5, 12, 8], "texture": "#0"} } }, { "from": [20.05861, 10.39258, -4.375], "to": [21.55861, 12.39258, -1.85], "rotation": {"angle": 45, "axis": "z", "origin": [17.25682, 12.90067, -2.5]}, "faces": { "north": {"uv": [11.5, 7.5, 12, 8], "texture": "#0"}, "east": {"uv": [11.5, 7.5, 12, 8], "texture": "#0"}, "south": {"uv": [11.5, 7.5, 12, 8], "texture": "#0"}, "west": {"uv": [11.5, 7.5, 12, 8], "texture": "#0"}, "up": {"uv": [11.5, 7.5, 12, 8], "texture": "#0"}, "down": {"uv": [11.5, 7.5, 12, 8], "texture": "#0"} } }, { "from": [15.46693, 8.41511, -5.25], "to": [17.46693, 11.91511, -3.75], "rotation": {"angle": -45, "axis": "z", "origin": [17.30027, 8.74844, -6.41667]}, "faces": { "north": {"uv": [12, 7.5, 12.5, 8], "rotation": 270, "texture": "#0"}, "east": {"uv": [12, 7.5, 12.5, 8], "rotation": 270, "texture": "#0"}, "south": {"uv": [12, 7.5, 12.5, 8], "rotation": 270, "texture": "#0"}, "west": {"uv": [12, 7.5, 12.5, 8], "rotation": 270, "texture": "#0"}, "up": {"uv": [12, 7.5, 12.5, 8], "rotation": 270, "texture": "#0"}, "down": {"uv": [12, 7.5, 12.5, 8], "rotation": 270, "texture": "#0"} } }, { "from": [16.46693, 7.41511, -8.25], "to": [17.46693, 9.41511, -3.75], "rotation": {"angle": -45, "axis": "z", "origin": [17.30027, 8.74844, -6.41667]}, "faces": { "north": {"uv": [12, 7.5, 12.5, 8], "rotation": 270, "texture": "#0"}, "east": {"uv": [12, 7.5, 12.5, 8], "rotation": 270, "texture": "#0"}, "south": {"uv": [12, 7.5, 12.5, 8], "rotation": 270, "texture": "#0"}, "west": {"uv": [12, 7.5, 12.5, 8], "rotation": 270, "texture": "#0"}, "up": {"uv": [12, 7.5, 12.5, 8], "rotation": 270, "texture": "#0"}, "down": {"uv": [12, 7.5, 12.5, 8], "rotation": 270, "texture": "#0"} } }, { "from": [15.96693, 7.41511, -10.25], "to": [16.96693, 8.41511, -7.25], "rotation": {"angle": -45, "axis": "z", "origin": [17.30027, 8.74844, -6.41667]}, "faces": { "north": {"uv": [12, 7.5, 12.5, 8], "rotation": 270, "texture": "#0"}, "east": {"uv": [12, 7.5, 12.5, 8], "rotation": 270, "texture": "#0"}, "south": {"uv": [12, 7.5, 12.5, 8], "rotation": 270, "texture": "#0"}, "west": {"uv": [12, 7.5, 12.5, 8], "rotation": 270, "texture": "#0"}, "up": {"uv": [12, 7.5, 12.5, 8], "rotation": 270, "texture": "#0"}, "down": {"uv": [12, 7.5, 12.5, 8], "rotation": 270, "texture": "#0"} } }, { "from": [-0.25, 10.5, 0.75], "to": [2.25, 13, 3.25], "rotation": {"angle": -45, "axis": "z", "origin": [1, 12, 1]}, "faces": { "north": {"uv": [11, 7.5, 10.5, 8], "texture": "#0"}, "east": {"uv": [11, 7.5, 10.5, 8], "texture": "#0"}, "south": {"uv": [11, 7.5, 10.5, 8], "texture": "#0"}, "west": {"uv": [11, 7.5, 10.5, 8], "texture": "#0"}, "up": {"uv": [11, 7.5, 10.5, 8], "texture": "#0"}, "down": {"uv": [11, 7.5, 10.5, 8], "texture": "#0"} } }, { "from": [-5.05861, 12.39258, 1.35], "to": [-1.55861, 14.39258, 2.65], "rotation": {"angle": -45, "axis": "z", "origin": [-1.25682, 12.90067, -2.5]}, "faces": { "north": {"uv": [11.5, 7.5, 11, 8], "texture": "#0"}, "east": {"uv": [11.5, 7.5, 11, 8], "texture": "#0"}, "south": {"uv": [11.5, 7.5, 11, 8], "texture": "#0"}, "west": {"uv": [11.5, 7.5, 11, 8], "texture": "#0"}, "up": {"uv": [11.5, 7.5, 11, 8], "texture": "#0"}, "down": {"uv": [11.5, 7.5, 11, 8], "texture": "#0"} } }, { "from": [-5.55861, 12.39258, -1.15], "to": [-4.05861, 14.39258, 2.15], "rotation": {"angle": -45, "axis": "z", "origin": [-1.25682, 12.90067, -2.5]}, "faces": { "north": {"uv": [11.5, 7.5, 11, 8], "texture": "#0"}, "east": {"uv": [11.5, 7.5, 11, 8], "texture": "#0"}, "south": {"uv": [11.5, 7.5, 11, 8], "texture": "#0"}, "west": {"uv": [11.5, 7.5, 11, 8], "texture": "#0"}, "up": {"uv": [11.5, 7.5, 11, 8], "texture": "#0"}, "down": {"uv": [11.5, 7.5, 11, 8], "texture": "#0"} } }, { "from": [-6.55861, 10.39258, -4.4], "to": [-3.05861, 12.39258, -3.1], "rotation": {"angle": -45, "axis": "z", "origin": [-2.75682, 10.90067, -4]}, "faces": { "north": {"uv": [12, 7.5, 11.5, 8], "texture": "#0"}, "east": {"uv": [12, 7.5, 11.5, 8], "texture": "#0"}, "south": {"uv": [12, 7.5, 11.5, 8], "texture": "#0"}, "west": {"uv": [12, 7.5, 11.5, 8], "texture": "#0"}, "up": {"uv": [12, 7.5, 11.5, 8], "texture": "#0"}, "down": {"uv": [12, 7.5, 11.5, 8], "texture": "#0"} } }, { "from": [-5.55861, 11.39258, -2.15], "to": [-4.05861, 13.39258, 0.15], "rotation": {"angle": -45, "axis": "z", "origin": [-1.25682, 12.90067, -2.5]}, "faces": { "north": {"uv": [12, 7.5, 11.5, 8], "texture": "#0"}, "east": {"uv": [12, 7.5, 11.5, 8], "texture": "#0"}, "south": {"uv": [12, 7.5, 11.5, 8], "texture": "#0"}, "west": {"uv": [12, 7.5, 11.5, 8], "texture": "#0"}, "up": {"uv": [12, 7.5, 11.5, 8], "texture": "#0"}, "down": {"uv": [12, 7.5, 11.5, 8], "texture": "#0"} } }, { "from": [-5.55861, 10.39258, -4.375], "to": [-4.05861, 12.39258, -1.85], "rotation": {"angle": -45, "axis": "z", "origin": [-1.25682, 12.90067, -2.5]}, "faces": { "north": {"uv": [12, 7.5, 11.5, 8], "texture": "#0"}, "east": {"uv": [12, 7.5, 11.5, 8], "texture": "#0"}, "south": {"uv": [12, 7.5, 11.5, 8], "texture": "#0"}, "west": {"uv": [12, 7.5, 11.5, 8], "texture": "#0"}, "up": {"uv": [12, 7.5, 11.5, 8], "texture": "#0"}, "down": {"uv": [12, 7.5, 11.5, 8], "texture": "#0"} } }, { "from": [-1.46693, 8.41511, -5.25], "to": [0.53307, 11.91511, -3.75], "rotation": {"angle": 45, "axis": "z", "origin": [-1.30027, 8.74844, -6.41667]}, "faces": { "north": {"uv": [12, 8, 12.5, 7.5], "rotation": 270, "texture": "#0"}, "east": {"uv": [12, 8, 12.5, 7.5], "rotation": 270, "texture": "#0"}, "south": {"uv": [12, 8, 12.5, 7.5], "rotation": 270, "texture": "#0"}, "west": {"uv": [12, 8, 12.5, 7.5], "rotation": 270, "texture": "#0"}, "up": {"uv": [12, 8, 12.5, 7.5], "rotation": 270, "texture": "#0"}, "down": {"uv": [12, 8, 12.5, 7.5], "rotation": 270, "texture": "#0"} } }, { "from": [-1.46693, 7.41511, -8.25], "to": [-0.46693, 9.41511, -3.75], "rotation": {"angle": 45, "axis": "z", "origin": [-1.30027, 8.74844, -6.41667]}, "faces": { "north": {"uv": [12, 8, 12.5, 7.5], "rotation": 270, "texture": "#0"}, "east": {"uv": [12, 8, 12.5, 7.5], "rotation": 270, "texture": "#0"}, "south": {"uv": [12, 8, 12.5, 7.5], "rotation": 270, "texture": "#0"}, "west": {"uv": [12, 8, 12.5, 7.5], "rotation": 270, "texture": "#0"}, "up": {"uv": [12, 8, 12.5, 7.5], "rotation": 270, "texture": "#0"}, "down": {"uv": [12, 8, 12.5, 7.5], "rotation": 270, "texture": "#0"} } }, { "from": [-0.96693, 7.41511, -10.25], "to": [0.03307, 8.41511, -7.25], "rotation": {"angle": 45, "axis": "z", "origin": [-1.30027, 8.74844, -6.41667]}, "faces": { "north": {"uv": [12, 8, 12.5, 7.5], "rotation": 270, "texture": "#0"}, "east": {"uv": [12, 8, 12.5, 7.5], "rotation": 270, "texture": "#0"}, "south": {"uv": [12, 8, 12.5, 7.5], "rotation": 270, "texture": "#0"}, "west": {"uv": [12, 8, 12.5, 7.5], "rotation": 270, "texture": "#0"}, "up": {"uv": [12, 8, 12.5, 7.5], "rotation": 270, "texture": "#0"}, "down": {"uv": [12, 8, 12.5, 7.5], "rotation": 270, "texture": "#0"} } } ], "display": { "thirdperson_righthand": { "rotation": [89, 0, 0], "translation": [0, -1.5, 2], "scale": [0.23, 0.23, 0.23] }, "thirdperson_lefthand": { "rotation": [89, 0, 0], "translation": [0, -1.5, 2], "scale": [0.23, 0.23, 0.23] }, "firstperson_righthand": { "rotation": [0, 108, 0], "translation": [1.5, 5.5, 0], "scale": [0.38, 0.38, 0.38] }, "firstperson_lefthand": { "rotation": [0, 108, 0], "translation": [1.5, 5.5, 0], "scale": [0.38, 0.38, 0.38] }, "ground": { "rotation": [33, 0, 0], "translation": [0, 0.75, 0], "scale": [0.44, 0.44, 0.44] }, "gui": { "rotation": [-27, 165, 29], "translation": [0.75, -0.75, 0], "scale": [0.53, 0.53, 0.53] }, "head": { "translation": [0, 3, -1.75], "scale": [0.77, 0.77, 0.77] }, "fixed": { "translation": [0.75, 5.25, 10], "scale": [1.47, 1.47, 1.47] } }, "groups": [ { "name": "group", "origin": [8, 8, 8], "color": 0, "children": [0, 1, 2, 3, 4, 5, 6, 7, 8, 9, 10, 11, 12, 13, 14, 15, 16, 17, 18, 19, 20] }, { "name": "group", "origin": [0, 0, 0], "color": 0, "children": [21, 22, 23, 24, 25, 26] }, { "name": "group", "origin": [8, 8, 8], "color": 0, "children": [27, 28, 29, 30, 31, 32, 33, 34] }, { "name": "group", "origin": [0, 0, 0], "color": 0, "children": [35, 36, 37, 38, 39, 40, 41, 42] }, 43, 44, 45, 46, 47, 48, 49, 50, 51, 52, 53, 54, 55, 56, 57, 58, 59, 60, 61, 62, 63, 64, { "name": "group", "origin": [17.30027, 8.74844, -7.41667], "color": 0, "children": [65, 66, 67, 68, 69, 70, 71, 72, 73, 74, 75] }, { "name": "group", "origin": [17.30027, 8.74844, -7.41667], "color": 0, "children": [76, 77, 78, 79, 80, 81, 82, 83, 84] } ] }