{ "credit": "Made with Blockbench", "textures": { "0": "items/jerrycan1", "particle": "items/jerrycan1" }, "elements": [ { "from": [3, 8, 7], "to": [11, 9, 10], "faces": { "north": {"uv": [13, 0.5, 15.999, 2.498], "texture": "#0"}, "east": {"uv": [13, 0.5, 15.999, 2.498], "texture": "#0"}, "south": {"uv": [13, 0.5, 15.999, 2.498], "texture": "#0"}, "west": {"uv": [13, 0.5, 15.999, 2.498], "texture": "#0"} } }, { "from": [3, 0, 7], "to": [11, 8, 10], "rotation": {"angle": 0, "axis": "z", "origin": [10.5, 4, 8.5]}, "faces": { "north": {"uv": [0, 0, 8, 8], "rotation": 90, "texture": "#0"}, "east": {"uv": [3, 11, 11, 13.998], "rotation": 270, "texture": "#0"}, "south": {"uv": [0, 0, 8, 8], "rotation": 270, "texture": "#0"}, "west": {"uv": [1.5, 12, 9.5, 14.999], "rotation": 270, "texture": "#0"}, "down": {"uv": [4.5, 8, 7.499, 16], "rotation": 270, "texture": "#0"} } }, { "from": [7.49628, 8.70529, 7], "to": [9.07128, 9.60529, 10], "rotation": {"angle": 22.5, "axis": "z", "origin": [8.38902, 9.40936, 8.5]}, "faces": { "north": {"uv": [13, 0.5, 15.999, 2.498], "texture": "#0"}, "south": {"uv": [13, 0.5, 15.999, 2.498], "texture": "#0"}, "up": {"uv": [13, 0.5, 15.999, 2.498], "texture": "#0"} } }, { "from": [5.65069, 8.35586, 7], "to": [7.67569, 9.25586, 10], "rotation": {"angle": 0, "axis": "z", "origin": [8.38902, 9.40936, 8.5]}, "faces": { "north": {"uv": [13, 0.5, 15.999, 2.498], "texture": "#0"}, "south": {"uv": [13, 0.5, 15.999, 2.498], "texture": "#0"}, "up": {"uv": [13, 0.5, 15.999, 2.498], "texture": "#0"} } }, { "from": [4.52206, 7.98705, 7], "to": [5.92206, 8.88705, 10], "rotation": {"angle": -22.5, "axis": "z", "origin": [6.73246, 8.81044, 8.5]}, "faces": { "north": {"uv": [13, 0.5, 15.999, 2.498], "texture": "#0"}, "south": {"uv": [13, 0.5, 15.999, 2.498], "texture": "#0"}, "up": {"uv": [13, 0.5, 15.999, 2.498], "texture": "#0"} } }, { "from": [3.2567, 8.38134, 7], "to": [4.6567, 9.28134, 10], "rotation": {"angle": -45, "axis": "z", "origin": [5.19414, 9.04347, 8.5]}, "faces": { "north": {"uv": [13, 0.5, 15.999, 2.498], "texture": "#0"}, "south": {"uv": [13, 0.5, 15.999, 2.498], "texture": "#0"}, "up": {"uv": [13, 0.5, 15.999, 2.498], "texture": "#0"} } }, { "from": [2.99463, 8.9521, 7], "to": [4.71963, 9.7271, 10], "rotation": {"angle": 0, "axis": "y", "origin": [7.91963, 8.0021, 8]}, "faces": { "north": {"uv": [13, 0.5, 15.999, 2.498], "texture": "#0"}, "south": {"uv": [13, 0.5, 15.999, 2.498], "texture": "#0"} } }, { "from": [2.99463, 8.9521, 7], "to": [4.04463, 10.8271, 10], "rotation": {"angle": 0, "axis": "y", "origin": [7.91963, 8.0021, 8]}, "faces": { "north": {"uv": [13, 0.5, 15.999, 2.498], "texture": "#0"}, "east": {"uv": [13, 0.5, 15.999, 2.498], "texture": "#0"}, "south": {"uv": [13, 0.5, 15.999, 2.498], "texture": "#0"}, "west": {"uv": [13, 0.5, 15.999, 2.498], "texture": "#0"}, "up": {"uv": [13, 0.5, 15.999, 2.498], "texture": "#0"}, "down": {"uv": [13, 0.5, 15.999, 2.498], "texture": "#0"} } }, { "from": [7.85531, 9.22193, 7], "to": [10.08031, 10.07193, 10], "rotation": {"angle": -22.5, "axis": "z", "origin": [7.84568, 7.22417, 8]}, "faces": { "north": {"uv": [13, 0.5, 15.999, 2.498], "texture": "#0"}, "south": {"uv": [13, 0.5, 15.999, 2.498], "texture": "#0"}, "up": {"uv": [13, 0.5, 15.999, 2.498], "texture": "#0"} } }, { "from": [8.21947, 9.55485, 7.85], "to": [9.56947, 10.40485, 9.2], "rotation": {"angle": -22.5, "axis": "z", "origin": [7.84568, 7.22417, 8]}, "faces": { "north": {"uv": [14, 8, 14.498, 8.497], "texture": "#0"}, "east": {"uv": [14, 8, 14.498, 8.497], "texture": "#0"}, "south": {"uv": [14, 8, 14.498, 8.497], "texture": "#0"}, "west": {"uv": [14, 8, 14.498, 8.497], "texture": "#0"}, "up": {"uv": [14, 8, 14.498, 8.497], "texture": "#0"} } }, { "from": [8.56947, 9.55485, 8.2], "to": [9.21947, 14.10485, 8.85], "rotation": {"angle": -22.5, "axis": "z", "origin": [7.84568, 7.22417, 8]}, "faces": { "north": {"uv": [14, 8, 14.498, 8.497], "texture": "#0"}, "east": {"uv": [14, 8, 14.498, 8.497], "texture": "#0"}, "south": {"uv": [14, 8, 14.498, 8.497], "texture": "#0"}, "west": {"uv": [14, 8, 14.498, 8.497], "texture": "#0"} } }, { "from": [11.32706, 12.4014, 8.2], "to": [12.12706, 13.0514, 8.85], "rotation": {"angle": 22.5, "axis": "z", "origin": [10.60206, 12.7264, 8.525]}, "faces": { "north": {"uv": [14, 8, 14.498, 8.497], "rotation": 270, "texture": "#0"}, "east": {"uv": [14, 8, 14.498, 8.497], "rotation": 90, "texture": "#0"}, "south": {"uv": [14, 8, 14.498, 8.497], "rotation": 90, "texture": "#0"}, "up": {"uv": [14, 8, 14.498, 8.497], "rotation": 90, "texture": "#0"}, "down": {"uv": [14, 8, 14.498, 8.497], "rotation": 90, "texture": "#0"} } }, { "from": [12.13477, 12.49156, 8.3], "to": [12.93477, 12.94156, 8.75], "rotation": {"angle": 22.5, "axis": "z", "origin": [10.60206, 12.7264, 8.525]}, "faces": { "north": {"uv": [14, 8, 14.498, 8.497], "rotation": 270, "texture": "#0"}, "east": {"uv": [14, 8, 14.498, 8.497], "rotation": 90, "texture": "#0"}, "south": {"uv": [14, 8, 14.498, 8.497], "rotation": 90, "texture": "#0"}, "west": {"uv": [14, 8, 14.498, 8.497], "rotation": 90, "texture": "#0"}, "up": {"uv": [14, 8, 14.498, 8.497], "rotation": 90, "texture": "#0"}, "down": {"uv": [14, 8, 14.498, 8.497], "rotation": 90, "texture": "#0"} } }, { "from": [7.42587, 10.08002, 7], "to": [8.82587, 10.38002, 10], "rotation": {"angle": -45, "axis": "z", "origin": [8.2471, 9.9727, 8.5]}, "faces": { "north": {"uv": [13, 0.5, 15.999, 2.498], "texture": "#0"}, "south": {"uv": [13, 0.5, 15.999, 2.498], "texture": "#0"}, "west": {"uv": [13, 0.5, 15.999, 2.498], "texture": "#0"}, "up": {"uv": [13, 0.5, 15.999, 2.498], "texture": "#0"}, "down": {"uv": [13, 0.5, 15.999, 2.498], "texture": "#0"} } }, { "from": [3.00087, 10.53002, 9.35], "to": [7.95087, 10.83002, 10], "rotation": {"angle": 0, "axis": "z", "origin": [8.2471, 9.9727, 8.5]}, "faces": { "north": {"uv": [13, 0.5, 15.999, 2.498], "texture": "#0"}, "south": {"uv": [13, 0.5, 15.999, 2.498], "texture": "#0"}, "west": {"uv": [13, 0.5, 15.999, 2.498], "texture": "#0"}, "up": {"uv": [13, 0.5, 15.999, 2.498], "texture": "#0"}, "down": {"uv": [13, 0.5, 15.999, 2.498], "texture": "#0"} } }, { "from": [3.00087, 10.53002, 7], "to": [7.95087, 10.83002, 7.675], "rotation": {"angle": 0, "axis": "z", "origin": [8.2471, 9.9727, 8.5]}, "faces": { "north": {"uv": [13, 0.5, 15.999, 2.498], "texture": "#0"}, "south": {"uv": [13, 0.5, 15.999, 2.498], "texture": "#0"}, "west": {"uv": [13, 0.5, 15.999, 2.498], "texture": "#0"}, "up": {"uv": [13, 0.5, 15.999, 2.498], "texture": "#0"}, "down": {"uv": [13, 0.5, 15.999, 2.498], "texture": "#0"} } }, { "from": [3.00087, 10.53002, 8.175], "to": [7.95087, 10.83002, 8.925], "rotation": {"angle": 0, "axis": "z", "origin": [8.2471, 9.9727, 8.5]}, "faces": { "north": {"uv": [13, 0.5, 15.999, 2.498], "texture": "#0"}, "south": {"uv": [13, 0.5, 15.999, 2.498], "texture": "#0"}, "west": {"uv": [13, 0.5, 15.999, 2.498], "texture": "#0"}, "up": {"uv": [13, 0.5, 15.999, 2.498], "texture": "#0"}, "down": {"uv": [13, 0.5, 15.999, 2.498], "texture": "#0"} } } ], "display": { "thirdperson_righthand": { "rotation": [61, 89, 0], "translation": [0, -1.5, -1.25], "scale": [0.83, 0.83, 0.83] }, "thirdperson_lefthand": { "rotation": [61, -90, 0], "translation": [0, -1.5, -1.25], "scale": [0.83, 0.83, 0.83] }, "firstperson_righthand": { "rotation": [0, 91, 0], "translation": [-4.5, 2.5, 2.75], "scale": [0.82, 0.82, 0.8] }, "firstperson_lefthand": { "rotation": [0, -90, 0], "translation": [-4.5, 2.5, 2.75], "scale": [0.82, 0.82, 0.8] }, "ground": { "translation": [0, 4.25, 0] }, "gui": { "translation": [0, 1.75, -0.75] }, "head": { "rotation": [-44, 90, 0], "translation": [0, 7, -10.25] }, "fixed": { "translation": [0, 1.75, -0.75] } } }